{"OntologyName":"http://purl.obolibrary.org/obo/doid.owl#","Prefixes":{"":"http://purl.obolibrary.org/obo/doid.owl#","owl":"http://www.w3.org/2002/07/owl#","rdf":"http://www.w3.org/1999/02/22-rdf-syntax-ns#","oboInOwl":"http://www.geneontology.org/formats/oboInOwl#","xsd":"http://www.w3.org/2001/XMLSchema#","doid":"http://purl.obolibrary.org/obo/doid#","rdfs":"http://www.w3.org/2000/01/rdf-schema#","obo":"http://purl.obolibrary.org/obo/"},"TotalBase Triples":1000,"Axiomatic Triples in Base":0,"rdf:TypeTriples in Base":129,"TotalUniqueSubjects in base":130,"TotalUniquePredicates in base":17,"TotalUniqueObjects in base":726,"TotalInferred Triples":275,"AxiomaticTriples in inferred":100,"rdf:TypeTriples in inferred":175,"TotalUniqueSubjects in inferred":87,"TotalUniquePredicates in inferred":5,"TotalUniqueObjects in inferred":76,"TotalInvalid Triples":275,"AxiomaticTriples in invalid":67,"rdf:TypeTriples in invalid":39,"fullRandomTriples in invalid":0,"trickyTriplesInInvalid in invalid":275,"TotalUniqueSubjects in invalid":83,"TotalUniquePredicates in invalid":5,"TotalUniqueObjects in invalid":74,"Inference_time (miliseconds)":6,"Invalid triples generation time (miliseconds)":35,"Output (json_format) writing time (miliseconds)":0,"OriginalAxioms":["dcbeb2d6-4ff4-44bc-82c4-54e3bc560ee2 oboInOwl:hasDbXref SNOMEDCT_2005_07_31:394515001","obo:DOID_5557 rdf:type owl:Class","obo:DOID_1909 oboInOwl:hasDbXref SNOMEDCT_US_2015_03_01:269503007","obo:DOID_8651 oboInOwl:hasDbXref ICD10CM:C81.3","obo:DOID_14400 oboInOwl:hasDbXref MSH:D019559","obo:DOID_13790 oboInOwl:hasOBONamespace disease_ontology","afa08ff1-a153-49ef-b984-387832167da2 rdf:type owl:Axiom","a51ee7c0-9469-420a-9929-19a17bdcb216 owl:annotatedTarget An upper respiratory tract disease which involves inflammation of the epiglottis due to infection. Haemophilus influenzae type B is the most common bacterial causative agent, although some cases are attributable to Streptococcus pneumoniae or Streptococcus pyogenes. The infection can cause the epiglottis to either obstruct or completely close off the windpipe. Epiglottitis typically affects children, and is associated with fever, difficulty in swallowing, drooling, hoarseness of voice, and stridor.","c051f5a0-e550-4d7f-9bfd-e8fe6d119e61 oboInOwl:hasDbXref SNOMEDCT_2005_07_31:27618009","f1b219a0-2e18-4067-b7c7-d1d3b13dd9a3 owl:annotatedSource obo:DOID_332","obo:DOID_5469 oboInOwl:id DOID:5469","obo:DOID_3315 oboInOwl:hasAlternativeId DOID:3154","obo:DOID_326 oboInOwl:hasDbXref MSH:D007511","obo:DOID_0060356 oboInOwl:hasDbXref UMLS_CUI:C1855772","obo:DOID_363 oboInOwl:hasOBONamespace disease_ontology","4a3a0456-fa92-4068-9113-c6cb78a4601b rdf:type owl:Axiom","obo:DOID_3403 oboInOwl:id DOID:3403","39c1e5bd-4336-40fc-85b3-e1b43a319c96 oboInOwl:hasDbXref MTHICD9_2006:148.9","obo:DOID_0060393 rdf:type owl:Class","obo:DOID_8651 oboInOwl:hasDbXref ICD9CM:201.4","b5ee524e-50d6-473d-9d2d-a4a632250127 oboInOwl:hasDbXref CSP2005:0725-0467","obo:DOID_0050790 oboInOwl:hasDbXref KEGG:H00467","79dcd698-add5-4002-9ce7-be19921a0091 owl:annotatedProperty obo:IAO_0000115","obo:DOID_3315 oboInOwl:hasExactSynonym benign tumor of Adipose tissue","e329f6ac-a9ed-447d-9502-2095288b29ae owl:annotatedTarget Apical granuloma disorder","obo:DOID_5557 oboInOwl:hasDbXref UMLS_CUI:C1336708","f6caccd0-e4dc-4c3d-8efc-367b6123cd68 owl:annotatedProperty oboInOwl:hasExactSynonym","b5ee524e-50d6-473d-9d2d-a4a632250127 owl:annotatedProperty oboInOwl:hasExactSynonym","obo:DOID_2668 oboInOwl:hasDbXref SNOMEDCT_US_2015_03_01:44524009","7d51257d-1c94-4d01-a770-b627d3ccddcd oboInOwl:hasDbXref SNOMEDCT_2005_07_31:367537006","obo:DOID_3315 oboInOwl:hasDbXref NCI:C4502","obo:DOID_363 oboInOwl:hasExactSynonym uterus neoplasm","e3f696b0-942c-4cb2-a637-43897baa4c5b oboInOwl:hasDbXref ICD9CM_2006:078.5","obo:DOID_8651 oboInOwl:hasDbXref ICD10CM:C81.4","obo:DOID_3403 rdfs:label hypergammaglobulinemia","b832debe-361d-4e99-92df-16ccf6359630 oboInOwl:hasDbXref SNOMEDCT_2005_07_31:49429000","224c5526-54d0-4d4d-9d58-5c2027ed76da owl:annotatedProperty oboInOwl:hasExactSynonym","224c5526-54d0-4d4d-9d58-5c2027ed76da owl:annotatedTarget Charcots syndrome","obo:DOID_0050489 obo:IAO_0000115 A goiter characterized by a multinodular enlargement of the thyroid gland.","d3c96c39-ab4c-45b5-b7d4-6affc0e632a9 owl:annotatedSource obo:DOID_0060205","e329f6ac-a9ed-447d-9502-2095288b29ae oboInOwl:hasDbXref SNOMEDCT_2005_07_31:81407003","obo:DOID_363 oboInOwl:hasDbXref SNOMEDCT_US_2015_03_01:269613007","obo:DOID_3315 oboInOwl:hasDbXref UMLS_CUI:C0206631","obo:DOID_5469 rdf:type owl:Class","obo:DOID_275 oboInOwl:hasDbXref NCI:C5481","obo:DOID_12270 oboInOwl:hasDbXref SNOMEDCT_US_2015_03_01:93390002","29b0f109-6157-4737-9ad3-42a9e4b6120d oboInOwl:hasDbXref SNOMEDCT_2005_07_31:7484005","obo:DOID_11335 oboInOwl:hasDbXref ICD10CM:D80-D89","obo:DOID_0050790 oboInOwl:creation_date 2013-11-12T12:21:56Z","obo:DOID_8651 oboInOwl:hasDbXref SNOMEDCT_US_2015_03_01:59668005","6056241c-ffd4-40f1-8796-b96fc09a3044 owl:annotatedTarget Lymphatic edema morphologic abnormality","obo:DOID_13577 oboInOwl:hasOBONamespace disease_ontology","obo:DOID_0060393 oboInOwl:id DOID:0060393","obo:DOID_0060393 oboInOwl:creation_date 2015-09-28T16:21:07Z","obo:DOID_1909 rdf:type owl:Class","obo:DOID_363 oboInOwl:hasExactSynonym Ca uterus NOS","obo:DOID_8651 oboInOwl:hasDbXref SNOMEDCT_US_2015_03_01:112687003","f916e9ba-9cd9-4035-9bb8-62898c00e8d7 rdf:type owl:Axiom","8dee3074-3bab-4ff6-8597-171f91e142cb oboInOwl:hasDbXref SNOMEDCT_2005_07_31:193090007","43cf6f20-41c7-4d58-ae1c-a274db141aa7 owl:annotatedSource obo:DOID_0060037","obo:DOID_9958 rdf:type owl:Class","obo:DOID_9958 rdfs:subClassOf obo:DOID_345","eaef1752-14ab-4944-8141-26f467704035 oboInOwl:hasDbXref url:http://rarediseases.info.nih.gov/gard/936/borjeson-forssman-lehmann-syndrome/resources/1","30800085-f079-47da-a172-0491af3232d2 oboInOwl:hasDbXref url:http://www.ncbi.nlm.nih.gov/sites/entrez/10333324","obo:DOID_5770 rdf:type owl:Class","4a3a0456-fa92-4068-9113-c6cb78a4601b oboInOwl:hasDbXref url:http://www.cdc.gov/mmwr/preview/mmwrhtml/mm5232a1.htm","obo:DOID_8651 oboInOwl:hasDbXref SNOMEDCT_US_2015_03_01:46923007","261ef39e-1d95-4e01-bac5-dd259795f8d2 rdf:type owl:Axiom","obo:DOID_8651 oboInOwl:hasDbXref SNOMEDCT_US_2015_03_01:188522003","obo:DOID_0050489 rdfs:label multinodular goiter","7d51257d-1c94-4d01-a770-b627d3ccddcd owl:annotatedTarget Toxic epidermal necrolysis, subcorneal type disorder","2759502a-ad10-4a21-933c-642eaea1e30a owl:annotatedSource obo:DOID_7475","obo:DOID_12270 oboInOwl:hasDbXref OMIM:120200","obo:DOID_8651 oboInOwl:hasDbXref NCI:C9357","39c1e5bd-4336-40fc-85b3-e1b43a319c96 owl:annotatedSource obo:DOID_8533","obo:DOID_4250 oboInOwl:hasDbXref ICD9CM:372.81","2759502a-ad10-4a21-933c-642eaea1e30a owl:annotatedProperty oboInOwl:hasExactSynonym","f1b219a0-2e18-4067-b7c7-d1d3b13dd9a3 rdf:type owl:Axiom","obo:DOID_13790 oboInOwl:id DOID:13790","obo:DOID_5557 oboInOwl:hasDbXref OMIM:273300","obo:DOID_5557 oboInOwl:id DOID:5557","obo:DOID_5733 rdf:type owl:Class","obo:DOID_8651 oboInOwl:hasDbXref ICD9CM:201.2","obo:DOID_11335 rdfs:label sarcoidosis","264eaa7d-5ec5-4cad-be12-ef2832176f43 owl:annotatedProperty oboInOwl:hasExactSynonym","9a92f2af-0cf2-48ce-8ca9-3a2209dfe581 rdf:type owl:Axiom","obo:DOID_13577 oboInOwl:hasExactSynonym deficiency of vitamin C","obo:DOID_8651 oboInOwl:hasDbXref SNOMEDCT_US_2015_03_01:269509006","obo:DOID_12270 rdf:type owl:Class","obo:DOID_326 obo:IAO_0000115 A vascular disease that is characterized by a restriction in blood supply to tissues.","obo:DOID_5733 oboInOwl:hasDbXref UMLS_CUI:C0036130","82043b04-5394-4688-860c-319404e93440 rdf:type owl:Axiom","55b27755-07b1-43e6-a1f8-a1316f1b221a owl:annotatedProperty oboInOwl:hasExactSynonym","obo:DOID_275 oboInOwl:hasOBONamespace disease_ontology","obo:DOID_8651 oboInOwl:hasDbXref SNOMEDCT_US_2015_03_01:188594009","obo:DOID_5557 obo:IAO_0000115 A testicular cancer that has_material_basis_in germ cells.","obo:DOID_3315 oboInOwl:hasDbXref SNOMEDCT_US_2015_03_01:254830006","obo:DOID_4074 rdfs:label pancreas adenocarcinoma","79dcd698-add5-4002-9ce7-be19921a0091 owl:annotatedTarget A personality disorder that is characterized by a pervasive pattern of preoccupation with orderliness, perfectionism, and mental and interpersonal control at the expense of flexibility, openness, and efficiency.","obo:DOID_0080060 rdfs:subClassOf obo:DOID_0050950","obo:DOID_10688 oboInOwl:hasDbXref UMLS_CUI:C0020565","obo:DOID_238 oboInOwl:hasDbXref UMLS_CUI:C0034124","obo:DOID_11335 oboInOwl:hasExactSynonym Boeck sarcoid","obo:DOID_363 oboInOwl:hasAlternativeId DOID:4363","bd4345a2-4add-4308-8099-89221bf48e89 owl:annotatedTarget hypercholesterinaemic xanthomatosis","obo:DOID_363 oboInOwl:hasDbXref NCI:C3552","obo:DOID_11335 oboInOwl:hasDbXref MSH:D012507","29b0f109-6157-4737-9ad3-42a9e4b6120d rdf:type owl:Axiom","d7c44295-6fdc-49bd-9ca2-1f07fc81375e owl:annotatedSource obo:DOID_12753","obo:DOID_0060356 oboInOwl:hasDbXref OMIM:242840","5b728053-910b-4095-848d-3d3d76113ec7 rdf:type owl:Axiom","4a23f2a7-f2af-4436-968e-523359e27eda oboInOwl:hasDbXref SNOMEDCT_2005_07_31:267683005","4d2a388f-dfa8-4163-8a7a-9b5b291edb44 owl:annotatedProperty oboInOwl:hasExactSynonym","6d825a08-7439-4435-a980-6b537f2fb26f owl:annotatedProperty oboInOwl:hasExactSynonym","82043b04-5394-4688-860c-319404e93440 oboInOwl:hasDbXref MTH:U001388","00e64494-b6eb-4012-847c-19ed5fa1d76b owl:annotatedSource obo:DOID_13328","obo:DOID_8651 oboInOwl:hasDbXref SNOMEDCT_US_2015_03_01:188543002","obo:DOID_2668 oboInOwl:hasDbXref SNOMEDCT_US_2015_03_01:189809007","4a3a0456-fa92-4068-9113-c6cb78a4601b owl:annotatedSource obo:DOID_10910","obo:DOID_13753 oboInOwl:hasOBONamespace disease_ontology","obo:DOID_326 rdfs:label ischemia","obo:DOID_3315 oboInOwl:hasExactSynonym Lipomatous tumor","36b182b5-49cf-4449-bd9f-224e0b5cfc5e oboInOwl:hasDbXref NCI2004_11_17:C9296","obo:DOID_11335 obo:IAO_0000115 A hypersensitivity reaction type IV disease characterized by the growth of collections of inflammatory cells granulomas in multiple organs.","55b27755-07b1-43e6-a1f8-a1316f1b221a owl:annotatedSource obo:DOID_9346","2759502a-ad10-4a21-933c-642eaea1e30a rdf:type owl:Axiom","f1b219a0-2e18-4067-b7c7-d1d3b13dd9a3 owl:annotatedProperty oboInOwl:hasExactSynonym","obo:DOID_5733 rdfs:subClassOf obo:DOID_1962","obo:DOID_3227 oboInOwl:hasOBONamespace disease_ontology","261ef39e-1d95-4e01-bac5-dd259795f8d2 oboInOwl:hasDbXref ICD9CM_2006:374.44","obo:DOID_5733 oboInOwl:hasDbXref NCI:C26880","obo:DOID_11335 oboInOwl:hasDbXref SNOMEDCT_US_2015_03_01:31541009","obo:DOID_8651 oboInOwl:hasDbXref SNOMEDCT_US_2015_03_01:118610003","74f70f76-d703-4387-80d4-4e37c81ec56b oboInOwl:hasDbXref NCI2004_11_17:C6596","06369a4f-11f9-4154-b672-9fc7d0c98357 owl:annotatedTarget hypergammaglobulinemia, NOS","obo:DOID_8651 oboInOwl:hasDbXref NCI:C7702","8050eea5-9ff2-4c6f-984b-0b0886732feb owl:annotatedProperty obo:IAO_0000115","obo:DOID_363 oboInOwl:hasExactSynonym Tumour of uterus","eaef1752-14ab-4944-8141-26f467704035 rdf:type owl:Axiom","59519f74-9284-4f7b-b3de-5b7ce1cd1c60 owl:annotatedSource obo:DOID_5378","obo:DOID_5733 oboInOwl:hasDbXref SNOMEDCT_US_2015_03_01:266648001","obo:DOID_0050790 rdfs:subClassOf obo:DOID_0050737","obo:DOID_1909 oboInOwl:hasExactSynonym malignant melanoma","bd4345a2-4add-4308-8099-89221bf48e89 oboInOwl:hasDbXref SNOMEDCT_2005_07_31:275598004","obo:DOID_0080060 oboInOwl:hasOBONamespace disease_ontology","9a92f2af-0cf2-48ce-8ca9-3a2209dfe581 owl:annotatedProperty oboInOwl:hasExactSynonym","obo:DOID_13790 oboInOwl:hasExactSynonym acute myringitis NOS disorder","264eaa7d-5ec5-4cad-be12-ef2832176f43 rdf:type owl:Axiom","cc9d9c42-77fc-4663-b4b2-03cf0ea0400f oboInOwl:hasDbXref SNOMEDCT_2005_07_31:155981006","obo:DOID_2668 oboInOwl:hasDbXref NCI:C3233","obo:DOID_4074 oboInOwl:hasRelatedSynonym adenocarcinoma of the pancreas","obo:DOID_13577 oboInOwl:hasExactSynonym deficiency of ascorbic acid disorder","obo:DOID_0060268 oboInOwl:hasDbXref OMIM:612389","5e552885-1000-44cd-aba8-1998f155f23b owl:annotatedSource obo:DOID_5536","29b0f109-6157-4737-9ad3-42a9e4b6120d owl:annotatedProperty oboInOwl:hasExactSynonym","cf1c7317-95be-4d18-8e4b-d8f9bdb58693 owl:annotatedSource obo:DOID_6726","obo:DOID_0060356 oboInOwl:hasDbXref ORDO:1493","obo:DOID_13577 oboInOwl:hasExactSynonym Ascorbic acid defic.","411b64a6-fc08-4626-bea0-70dff2227afc owl:annotatedProperty obo:IAO_0000115","obo:DOID_10688 oboInOwl:hasOBONamespace disease_ontology","obo:DOID_13790 oboInOwl:hasExactSynonym acute myringitis, unspecified","obo:DOID_363 oboInOwl:hasExactSynonym neoplasm of uterus disorder","obo:DOID_12270 oboInOwl:hasDbXref OMIM:120300","eaef1752-14ab-4944-8141-26f467704035 oboInOwl:hasDbXref url:http://www.nature.com/ejhg/journal/v14/n12/full/5201639a.html","a32a60b8-ef36-4bbc-9a75-01ce60c9c3dc owl:annotatedTarget Metatypical carcinoma morphologic abnormality","obo:DOID_363 oboInOwl:hasDbXref UMLS_CUI:C0042138","obo:DOID_1909 oboInOwl:hasDbXref SNOMEDCT_US_2015_03_01:154501005","obo:DOID_3227 rdfs:subClassOf obo:DOID_3225","obo:DOID_9958 oboInOwl:hasDbXref SNOMEDCT_US_2015_03_01:38280009","obo:DOID_14312 rdf:type owl:Class","obo:DOID_3315 oboInOwl:hasOBONamespace disease_ontology","obo:DOID_5733 rdfs:label salpingitis","55b27755-07b1-43e6-a1f8-a1316f1b221a rdf:type owl:Axiom","obo:DOID_8651 oboInOwl:hasDbXref SNOMEDCT_US_2015_03_01:52337003","82043b04-5394-4688-860c-319404e93440 owl:annotatedProperty oboInOwl:hasExactSynonym","obo:DOID_1909 oboInOwl:hasDbXref OMIM:155600","d3c96c39-ab4c-45b5-b7d4-6affc0e632a9 rdf:type owl:Axiom","obo:DOID_0080060 rdfs:label autosomal recessive spinocerebellar ataxia 12","obo:DOID_14400 rdf:type owl:Class","30800085-f079-47da-a172-0491af3232d2 owl:annotatedSource obo:DOID_13723","72396b1e-6706-4407-b595-7e4fb5c91729 oboInOwl:hasDbXref url:http://emedicine.medscape.com/article/211587-overview","obo:DOID_1909 obo:IAO_0000115 A cell type cancer that has_material_basis_in abnormally proliferating cells derived_from melanocytes which are found in skin, the bowel and the eye.","4d2a388f-dfa8-4163-8a7a-9b5b291edb44 rdf:type owl:Axiom","obo:DOID_11335 oboInOwl:hasDbXref OMIM:181000","6d825a08-7439-4435-a980-6b537f2fb26f rdf:type owl:Axiom","8518bea2-af08-4853-925f-81467780f41c rdf:type owl:Axiom","obo:DOID_4923 oboInOwl:hasExactSynonym adenocarcinoma of the Thymus","obo:DOID_8651 oboInOwl:hasDbXref ICD9CM:201.9","obo:DOID_5557 oboInOwl:hasDbXref OMIM:300228","obo:DOID_12270 rdfs:label coloboma","obo:DOID_13577 owl:deprecated true^^http://www.w3.org/2001/XMLSchema#boolean","obo:DOID_0060268 oboInOwl:hasDbXref UMLS_CUI:C2676466","59519f74-9284-4f7b-b3de-5b7ce1cd1c60 owl:annotatedTarget Hb-D disease","obo:DOID_8651 oboInOwl:hasDbXref SNOMEDCT_US_2015_03_01:14537002","obo:DOID_0050577 rdfs:subClassOf obo:DOID_0050737","obo:DOID_238 oboInOwl:hasDbXref MSH:D011681","5b728053-910b-4095-848d-3d3d76113ec7 owl:annotatedProperty oboInOwl:hasExactSynonym","4b88aa47-02a8-40a7-845e-9ad48dc0131b owl:annotatedSource obo:DOID_4007","obo:DOID_0060393 oboInOwl:hasExactSynonym 15q11.2 microdeletion syndrome","obo:DOID_8651 oboInOwl:hasDbXref ICD10CM:C81.9","9e58863c-6a1c-42f7-9809-235dd421af49 oboInOwl:hasDbXref url:http://en.wikipedia.org/wiki/Lung_cancer","obo:DOID_11335 oboInOwl:hasExactSynonym lymphogranulomatosis","obo:DOID_3403 oboInOwl:hasExactSynonym hypergammaglobulinemia [dup] finding","85376ad7-a894-476f-ac98-689578ac42a0 owl:annotatedSource obo:DOID_14374","obo:DOID_10688 oboInOwl:hasDbXref SNOMEDCT_US_2015_03_01:372281005","afa08ff1-a153-49ef-b984-387832167da2 owl:annotatedProperty oboInOwl:hasExactSynonym","8b60c370-fa46-4e7e-bb70-d1c1623d1e41 oboInOwl:hasDbXref url:http://www.mayoclinic.org/diseases-conditions/mesothelioma/basics/definition/con-20026157?_ga\u003d1.105809091.1500897651.1410548817","obo:DOID_238 oboInOwl:hasOBONamespace disease_ontology","3162d86a-aff6-4e49-a0ef-99ecdfd6a658 owl:annotatedSource obo:DOID_14360","00e64494-b6eb-4012-847c-19ed5fa1d76b owl:annotatedTarget Cataract - diabetic","ff860c14-00a9-4b33-93a9-1d748bb05f75 oboInOwl:hasDbXref ICD9CM_2006:732.0","obo:DOID_14400 oboInOwl:hasExactSynonym Capillary leak syndrome disorder","obo:DOID_326 oboInOwl:hasOBONamespace disease_ontology","obo:DOID_0060356 rdfs:label Vici syndrome","obo:DOID_8651 oboInOwl:hasDbXref SNOMEDCT_US_2015_03_01:154582001","obo:DOID_0050790 oboInOwl:hasDbXref OMIM:228900","b5ee524e-50d6-473d-9d2d-a4a632250127 rdf:type owl:Axiom","264eaa7d-5ec5-4cad-be12-ef2832176f43 oboInOwl:hasDbXref ICD9CM_2006:461.2","obo:DOID_3227 oboInOwl:hasExactSynonym Stenosis of trachea disorder","f6caccd0-e4dc-4c3d-8efc-367b6123cd68 rdf:type owl:Axiom","obo:DOID_13790 rdfs:subClassOf obo:DOID_5782","obo:DOID_8651 oboInOwl:hasExactSynonym Hodgkins granuloma, unspecified site, extranodal and solid organ sites","obo:DOID_3315 oboInOwl:hasDbXref SNOMEDCT_US_2015_03_01:46720004","obo:DOID_8651 oboInOwl:hasDbXref ICD9CM:201.6","3162d86a-aff6-4e49-a0ef-99ecdfd6a658 owl:annotatedTarget Opisthorchis Viverrini Infection","43cf6f20-41c7-4d58-ae1c-a274db141aa7 owl:annotatedProperty obo:IAO_0000115","obo:DOID_5733 oboInOwl:hasDbXref SNOMEDCT_US_2015_03_01:155968004","264eaa7d-5ec5-4cad-be12-ef2832176f43 owl:annotatedTarget acute ethmoidal sinusitis","obo:DOID_363 oboInOwl:hasDbXref ICD10CM:C55","obo:DOID_0060393 oboInOwl:created_by elvira","obo:DOID_5469 oboInOwl:hasDbXref NCI:C37215","a51ee7c0-9469-420a-9929-19a17bdcb216 owl:annotatedSource obo:DOID_9398","obo:DOID_4923 rdfs:subClassOf obo:DOID_3284","obo:DOID_0050790 rdfs:label fibular hypoplasia and complex brachydactyly","obo:DOID_8651 oboInOwl:hasDbXref NCI:C3517","obo:DOID_5594 rdf:type owl:Class","obo:DOID_4923 oboInOwl:hasDbXref NCI:C6459","obo:DOID_13753 owl:deprecated true^^http://www.w3.org/2001/XMLSchema#boolean","224c5526-54d0-4d4d-9d58-5c2027ed76da rdf:type owl:Axiom","obo:DOID_363 oboInOwl:hasDbXref SNOMEDCT_US_2015_03_01:188173004","72396b1e-6706-4407-b595-7e4fb5c91729 owl:annotatedSource obo:DOID_12633","obo:DOID_3315 oboInOwl:hasDbXref SNOMEDCT_US_2015_03_01:254827004","5ca1b798-9259-4efb-957a-21c447318e51 oboInOwl:hasDbXref url:http://en.wikipedia.org/wiki/Sporotrichosis","afa08ff1-a153-49ef-b984-387832167da2 oboInOwl:hasDbXref ICD9CM_2006:531.2","obo:DOID_363 oboInOwl:hasDbXref NCI:C3435","obo:DOID_0080060 oboInOwl:created_by lschriml","obo:DOID_8651 oboInOwl:id DOID:8651","obo:DOID_0060268 rdfs:label pontocerebellar hypoplasia type 2B","261ef39e-1d95-4e01-bac5-dd259795f8d2 owl:annotatedProperty oboInOwl:hasExactSynonym","f0ddb3e8-d54b-43e8-ace1-41695db74759 oboInOwl:hasDbXref CSP2005:0427-5330","b5876d40-bef7-437d-9603-453a9d6f9503 owl:annotatedSource obo:DOID_5521","obo:DOID_4923 rdf:type owl:Class","obo:DOID_13577 oboInOwl:hasExactSynonym Ascorbic acid deficiency","obo:DOID_12270 oboInOwl:hasExactSynonym coloboma of macula","obo:DOID_238 oboInOwl:id DOID:238","24a5f82a-7f1f-4b75-9d43-5b03ad0df808 owl:annotatedSource obo:DOID_11734","obo:DOID_11335 rdf:type owl:Class","obo:DOID_8651 oboInOwl:hasDbXref ICD9CM:201.7","obo:DOID_8651 oboInOwl:hasDbXref SNOMEDCT_US_2015_03_01:118602004","00e64494-b6eb-4012-847c-19ed5fa1d76b oboInOwl:hasDbXref SNOMEDCT_2005_07_31:154678005","06369a4f-11f9-4154-b672-9fc7d0c98357 oboInOwl:hasDbXref SNOMEDCT_2005_07_31:58034007","obo:DOID_8651 oboInOwl:hasDbXref SNOMEDCT_US_2015_03_01:309831004","obo:DOID_0050665 rdf:type owl:Class","obo:DOID_10688 rdfs:subClassOf obo:DOID_3463","obo:DOID_13577 oboInOwl:hasExactSynonym Ascorbic acid vitamin C deficiency","79dcd698-add5-4002-9ce7-be19921a0091 owl:annotatedSource obo:DOID_10932","411b64a6-fc08-4626-bea0-70dff2227afc rdf:type owl:Axiom","11682486-4bf6-4047-8734-7d63d8c0df46 owl:annotatedTarget Rhabdomyosarcoma of mediastinum","obo:DOID_326 oboInOwl:id DOID:326","206ccb89-94fc-428b-b48a-6f8a51bc3444 owl:annotatedProperty oboInOwl:hasExactSynonym","a8abc10c-f151-444f-ba15-30fbf0c87936 owl:annotatedSource obo:DOID_12922","37efad98-f535-437c-b589-658bfb40c557 owl:annotatedTarget Multiple synostosis syndrome disorder","obo:DOID_13577 oboInOwl:id DOID:13577","37efad98-f535-437c-b589-658bfb40c557 owl:annotatedProperty oboInOwl:hasExactSynonym","obo:DOID_4250 oboInOwl:hasOBONamespace disease_ontology","d3c96c39-ab4c-45b5-b7d4-6affc0e632a9 owl:annotatedProperty obo:IAO_0000115","17cc876f-1911-4551-aa8a-c814c76c3d14 owl:annotatedProperty oboInOwl:hasExactSynonym","12e6fdfb-2a14-4eb4-8cd7-fc30bc4b6048 rdf:type owl:Axiom","6fd24cba-0bd4-423f-9b06-e09a17708050 oboInOwl:hasDbXref url:http://www.ncbi.nlm.nih.gov/books/NBK1327/","ca736964-8837-451f-adaa-8a155e1fe4ff rdf:type owl:Axiom","7d51257d-1c94-4d01-a770-b627d3ccddcd rdf:type owl:Axiom","eafd4610-d908-4666-8fb9-39fa55a36f88 owl:annotatedTarget E Coli Infection","obo:DOID_8651 oboInOwl:hasDbXref SNOMEDCT_US_2015_03_01:188563009","d57103b2-0d0e-40fa-a112-bb50fc24003a owl:annotatedSource obo:DOID_3947","obo:DOID_8651 oboInOwl:hasOBONamespace disease_ontology","obo:DOID_13577 rdfs:label ascorbic acid deficiency","8518bea2-af08-4853-925f-81467780f41c owl:annotatedProperty obo:IAO_0000115","d7c44295-6fdc-49bd-9ca2-1f07fc81375e oboInOwl:hasDbXref SNOMEDCT_2005_07_31:52476003","obo:DOID_8651 oboInOwl:hasDbXref UMLS_CUI:C1266194","obo:DOID_3227 oboInOwl:id DOID:3227","ca736964-8837-451f-adaa-8a155e1fe4ff owl:annotatedSource obo:DOID_14313","6ce6f5ba-28d1-4320-97c8-3280c2e45f2d owl:annotatedProperty oboInOwl:hasExactSynonym","obo:DOID_1909 oboInOwl:hasDbXref NCI:C3224","4a23f2a7-f2af-4436-968e-523359e27eda rdf:type owl:Axiom","obo:DOID_10688 oboInOwl:hasDbXref SNOMEDCT_US_2015_03_01:198114003","f0ddb3e8-d54b-43e8-ace1-41695db74759 owl:annotatedProperty oboInOwl:hasExactSynonym","a51ee7c0-9469-420a-9929-19a17bdcb216 oboInOwl:hasDbXref url:http://en.wikipedia.org/wiki/Epiglottitis","9e58863c-6a1c-42f7-9809-235dd421af49 owl:annotatedSource obo:DOID_11920","obo:DOID_8651 oboInOwl:hasDbXref NCI:C26956","obo:DOID_0060356 oboInOwl:id DOID:0060356","obo:DOID_12270 oboInOwl:hasDbXref NCI:C98877","8050eea5-9ff2-4c6f-984b-0b0886732feb rdf:type owl:Axiom","obo:DOID_4074 oboInOwl:inSubset doid:DO_cancer_slim","4d2a388f-dfa8-4163-8a7a-9b5b291edb44 owl:annotatedTarget Dermoid tumour","obo:DOID_6108 oboInOwl:id DOID:6108","0ef62910-4087-44fb-a471-aada3dded933 owl:annotatedProperty oboInOwl:hasExactSynonym","obo:DOID_9958 rdfs:label hemometra","obo:DOID_1097 oboInOwl:hasOBONamespace disease_ontology","obo:DOID_8651 oboInOwl:hasDbXref NCI:C7258","eaef1752-14ab-4944-8141-26f467704035 owl:annotatedProperty obo:IAO_0000115","obo:DOID_1097 rdfs:label hydrops fetalis","obo:DOID_0050489 oboInOwl:hasDbXref OMIM:606082","obo:DOID_10688 rdfs:label hypertrophy of breast","6fd24cba-0bd4-423f-9b06-e09a17708050 oboInOwl:hasDbXref url:http://www.ncbi.nlm.nih.gov/books/NBK1523/","obo:DOID_3315 oboInOwl:hasDbXref SNOMEDCT_US_2015_03_01:254831005","c19c65c2-860b-4777-b672-05376e584125 oboInOwl:hasDbXref SNOMEDCT_2005_07_31:195297003","85a636fb-d6ac-487f-aa64-da0d213b284e oboInOwl:hasDbXref NCI2004_11_17:C6507","obo:DOID_1909 oboInOwl:hasDbXref MSH:D008545","obo:DOID_363 oboInOwl:inSubset doid:TopNodes_DOcancerslim","obo:DOID_6108 rdf:type owl:Class","obo:DOID_11335 oboInOwl:hasDbXref ORDO:797","d57103b2-0d0e-40fa-a112-bb50fc24003a rdf:type owl:Axiom","obo:DOID_3315 oboInOwl:hasDbXref SNOMEDCT_US_2015_03_01:154612003","obo:DOID_10688 oboInOwl:hasDbXref SNOMEDCT_US_2015_03_01:266646002","obo:DOID_13790 oboInOwl:hasExactSynonym acute myringitis disorder","obo:DOID_3315 oboInOwl:hasDbXref NCI:C3192","obo:DOID_0060356 oboInOwl:hasOBONamespace disease_ontology","obo:DOID_5733 oboInOwl:hasDbXref SNOMEDCT_US_2015_03_01:198151009","obo:DOID_0050790 rdf:type owl:Class","obo:DOID_13577 oboInOwl:hasExactSynonym vitamin C deficiency","fead165b-a6fa-4c62-a3e6-ca9f86708f14 rdf:type owl:Axiom","17cc876f-1911-4551-aa8a-c814c76c3d14 owl:annotatedSource obo:DOID_12287","obo:DOID_11335 oboInOwl:hasDbXref SNOMEDCT_US_2015_03_01:154425004","obo:DOID_8438 oboInOwl:hasOBONamespace disease_ontology","8518bea2-af08-4853-925f-81467780f41c owl:annotatedTarget A neuromuscular junction disease that results from an abnormality of acetylcholine ACh release at the neuromuscular junction. It results from an autoimmune attack against voltage-gated calcium channels VGCC on the presynaptic motor nerve terminal.","f500fb03-18d8-4403-becd-70ae1162887a owl:annotatedTarget A suppurative otitis media which is persistent and long-lasting.","d055582f-4ac4-421b-82f3-6723f47c4434 owl:annotatedProperty oboInOwl:hasExactSynonym","obo:DOID_7043 rdf:type owl:Class","obo:DOID_0080060 oboInOwl:hasDbXref OMIM:614322","c19c65c2-860b-4777-b672-05376e584125 owl:annotatedProperty oboInOwl:hasExactSynonym","obo:DOID_1909 oboInOwl:hasDbXref SNOMEDCT_US_2015_03_01:372244006","obo:DOID_12270 oboInOwl:id DOID:12270","obo:DOID_3315 oboInOwl:id DOID:3315","obo:DOID_0050489 rdf:type owl:Class","obo:DOID_3403 oboInOwl:hasOBONamespace disease_ontology","30800085-f079-47da-a172-0491af3232d2 owl:annotatedTarget A schistosomiasis that involves parasitic infection of domestic animals caused by a trematode fluke Schistosoma bovis.","cf1c7317-95be-4d18-8e4b-d8f9bdb58693 oboInOwl:hasDbXref url:http://www.braintumour.ca/4877/diffuse-astrocytoma-/-fibrillary-astrocytoma","obo:DOID_8651 oboInOwl:hasExactSynonym Hodgkins Granuloma","obo:DOID_3227 oboInOwl:hasDbXref NCI:C78646","obo:DOID_4250 oboInOwl:id DOID:4250","obo:DOID_3315 oboInOwl:hasDbXref MSH:D008067","obo:DOID_0060268 oboInOwl:hasOBONamespace disease_ontology","a8abc10c-f151-444f-ba15-30fbf0c87936 oboInOwl:hasDbXref SNOMEDCT_2005_07_31:191558000","85a636fb-d6ac-487f-aa64-da0d213b284e owl:annotatedSource obo:DOID_5704","8dee3074-3bab-4ff6-8597-171f91e142cb rdf:type owl:Axiom","ff860c14-00a9-4b33-93a9-1d748bb05f75 owl:annotatedTarget Juvenile osteochondrosis of spine","obo:DOID_8651 oboInOwl:hasDbXref SNOMEDCT_US_2015_03_01:188552006","obo:DOID_8651 oboInOwl:hasDbXref SNOMEDCT_US_2015_03_01:188584004","obo:DOID_1909 rdfs:label melanoma","05493c07-bee7-47bc-a272-ded4005ec531 owl:annotatedProperty oboInOwl:hasRelatedSynonym","obo:DOID_3315 oboInOwl:hasDbXref OMIM:151900","00e64494-b6eb-4012-847c-19ed5fa1d76b rdf:type owl:Axiom","obo:DOID_363 oboInOwl:hasExactSynonym malignant neoplasm of uterus disorder","obo:DOID_8651 oboInOwl:hasDbXref SNOMEDCT_US_2015_03_01:118605002","obo:DOID_4074 obo:IAO_0000115 A pancreatic carcinoma that derives_from epithelial cells of glandular origin.","obo:DOID_11335 oboInOwl:hasDbXref ICD9CM:135","f6caccd0-e4dc-4c3d-8efc-367b6123cd68 oboInOwl:hasDbXref SNOMEDCT_2005_07_31:27052006","obo:DOID_0060268 oboInOwl:inSubset doid:DO_MGI_slim","f1b219a0-2e18-4067-b7c7-d1d3b13dd9a3 owl:annotatedTarget ALS","obo:DOID_0050577 rdf:type owl:Class","8518bea2-af08-4853-925f-81467780f41c oboInOwl:hasDbXref url:http://emedicine.medscape.com/article/1170810-overview","obo:DOID_3227 rdfs:label tracheal stenosis","obo:DOID_5557 rdfs:subClassOf obo:DOID_2998","obo:DOID_0060393 rdfs:subClassOf obo:DOID_0060388","6fd24cba-0bd4-423f-9b06-e09a17708050 owl:annotatedSource obo:DOID_0050780","e7fbdc21-b382-447e-ba4a-ee53a319e3c2 oboInOwl:hasDbXref MTHICD9_2006:397.0","85a636fb-d6ac-487f-aa64-da0d213b284e rdf:type owl:Axiom","obo:DOID_0060268 oboInOwl:hasDbXref MSH:C567325","obo:DOID_13753 oboInOwl:hasExactSynonym Histoplasma duboisii with meningitis disorder","59519f74-9284-4f7b-b3de-5b7ce1cd1c60 rdf:type owl:Axiom","345d0de2-7da9-437d-a9f8-31d32114946b owl:annotatedTarget malignant Infratentorial tumors","1da693e1-657d-4422-b76f-00166ed89868 oboInOwl:hasDbXref NCI2004_11_17:C7575","obo:DOID_0080060 oboInOwl:creation_date 2015-10-07T14:55:44Z","39c1e5bd-4336-40fc-85b3-e1b43a319c96 rdf:type owl:Axiom","obo:DOID_7043 oboInOwl:hasExactSynonym metastatic Vulvar carcinoma","264eaa7d-5ec5-4cad-be12-ef2832176f43 owl:annotatedSource obo:DOID_9506","a32a60b8-ef36-4bbc-9a75-01ce60c9c3dc oboInOwl:hasDbXref SNOMEDCT_2005_07_31:6641007","obo:DOID_4074 oboInOwl:hasOBONamespace disease_ontology","obo:DOID_5733 oboInOwl:hasDbXref SNOMEDCT_US_2015_03_01:88157006","obo:DOID_10688 oboInOwl:hasDbXref ICD9CM:611.1","43cf6f20-41c7-4d58-ae1c-a274db141aa7 rdf:type owl:Axiom","obo:DOID_0060268 oboInOwl:created_by emitraka","224c5526-54d0-4d4d-9d58-5c2027ed76da owl:annotatedSource obo:DOID_3669","obo:DOID_5594 rdfs:label intraductal papillary adenocarcinoma with invasion","afa08ff1-a153-49ef-b984-387832167da2 owl:annotatedSource obo:DOID_10808","fead165b-a6fa-4c62-a3e6-ca9f86708f14 owl:annotatedProperty oboInOwl:hasExactSynonym","obo:DOID_8651 oboInOwl:hasDbXref UMLS_CUI:C0220597","obo:DOID_4074 oboInOwl:hasDbXref SNOMEDCT_US_2015_03_01:700423003","79dcd698-add5-4002-9ce7-be19921a0091 oboInOwl:hasDbXref url:http://en.wikipedia.org/wiki/Obsessive%E2%80%93compulsive_personality_disorder","obo:DOID_3315 rdfs:label lipoma","8dee3074-3bab-4ff6-8597-171f91e142cb owl:annotatedProperty oboInOwl:hasExactSynonym","obo:DOID_8651 oboInOwl:hasDbXref SNOMEDCT_US_2015_03_01:189988001","f916e9ba-9cd9-4035-9bb8-62898c00e8d7 owl:annotatedProperty obo:IAO_0000115","36b182b5-49cf-4449-bd9f-224e0b5cfc5e owl:annotatedTarget adenocarcinoma of Cardioesophageal junction","obo:DOID_8651 oboInOwl:hasDbXref ICD9CM:201.0","obo:DOID_8651 oboInOwl:hasDbXref MSH:D006689","obo:DOID_0060356 oboInOwl:hasDbXref MSH:C535566","f1b219a0-2e18-4067-b7c7-d1d3b13dd9a3 oboInOwl:hasDbXref NCI2004_11_17:C34373","obo:DOID_5469 rdfs:subClassOf obo:DOID_0050625","obo:DOID_8651 oboInOwl:hasDbXref NCI:C6913","b1bc9bb6-acf4-449c-a838-70556bae2242 owl:annotatedSource obo:DOID_4404","obo:DOID_13753 obo:IAO_0000115 An African histoplasmosis that results_in inflammation located_in meninges, has_material_basis_in Histoplasma capsulatum var duboisii, transmitted_by airborne spores and results_in_formation_of focal mass lesions, has_symptom headache, has_symptom confusion, has_symptom decreased level of consciousness, has_symptom cranial nerve deficits, and has_symptom seizures.","c19c65c2-860b-4777-b672-05376e584125 rdf:type owl:Axiom","d055582f-4ac4-421b-82f3-6723f47c4434 rdf:type owl:Axiom","obo:DOID_13753 oboInOwl:id DOID:13753","obo:DOID_1909 oboInOwl:hasExactSynonym Naevocarcinoma","37efad98-f535-437c-b589-658bfb40c557 owl:annotatedSource obo:DOID_14762","85376ad7-a894-476f-ac98-689578ac42a0 owl:annotatedTarget Crusted scabies disorder","4a23f2a7-f2af-4436-968e-523359e27eda owl:annotatedTarget Postinfective encephalitis","obo:DOID_11335 oboInOwl:hasDbXref OMIM:609464","37efad98-f535-437c-b589-658bfb40c557 oboInOwl:hasDbXref SNOMEDCT_2005_07_31:62628008","00e64494-b6eb-4012-847c-19ed5fa1d76b owl:annotatedProperty oboInOwl:hasExactSynonym","obo:DOID_3315 oboInOwl:hasDbXref SNOMEDCT_US_2015_03_01:115227001","obo:DOID_3315 oboInOwl:hasDbXref UMLS_CUI:C0023798","4a3a0456-fa92-4068-9113-c6cb78a4601b owl:annotatedProperty obo:IAO_0000115","obo:DOID_1909 oboInOwl:hasDbXref EFO:0000756","85a636fb-d6ac-487f-aa64-da0d213b284e owl:annotatedTarget Sclerosing Liposarcoma","obo:DOID_3315 oboInOwl:hasDbXref UMLS_CUI:C0346118","6ce6f5ba-28d1-4320-97c8-3280c2e45f2d oboInOwl:hasDbXref SNOMEDCT_2005_07_31:130197005","obo:DOID_8651 oboInOwl:hasDbXref ICD9CM:201.1","79dcd698-add5-4002-9ce7-be19921a0091 rdf:type owl:Axiom","eaef1752-14ab-4944-8141-26f467704035 owl:annotatedTarget An X-linked disease that is characterized by intellectual disability, truncal obesity, seizures, hypogonadism, developmental delay, distinctive facial features, tapered fingers and short toes and has_material_basis_in X-linked recessive inheritance of mutations in the PHF6 gene.","obo:DOID_4250 oboInOwl:hasDbXref ICD10CM:H11.82","29b0f109-6157-4737-9ad3-42a9e4b6120d owl:annotatedTarget Double outlet right ventricle disorder","5004b1b2-e805-46ae-b9e1-8fecd884ee39 owl:annotatedTarget mixed Yolk Sac tumor and teratoma with Seminoma of testis","39c1e5bd-4336-40fc-85b3-e1b43a319c96 owl:annotatedProperty oboInOwl:hasExactSynonym","8050eea5-9ff2-4c6f-984b-0b0886732feb owl:annotatedSource obo:DOID_1983","60a9295c-9c79-4435-97dc-21a6a14e4579 oboInOwl:hasDbXref NCI2004_11_17:C6337","59519f74-9284-4f7b-b3de-5b7ce1cd1c60 owl:annotatedProperty oboInOwl:hasExactSynonym","obo:DOID_8651 oboInOwl:hasDbXref NCI:C6914","05493c07-bee7-47bc-a272-ded4005ec531 rdf:type owl:Axiom","5ca1b798-9259-4efb-957a-21c447318e51 owl:annotatedSource obo:DOID_0050093","85a636fb-d6ac-487f-aa64-da0d213b284e owl:annotatedProperty oboInOwl:hasExactSynonym","9a92f2af-0cf2-48ce-8ca9-3a2209dfe581 owl:annotatedTarget Delay in sexual development and/or puberty","b832debe-361d-4e99-92df-16ccf6359630 owl:annotatedTarget Posterior scleritis disorder [Ambiguous]","obo:DOID_1097 owl:deprecated true^^http://www.w3.org/2001/XMLSchema#boolean","4b88aa47-02a8-40a7-845e-9ad48dc0131b owl:annotatedTarget carcinoma of bladder disorder","17cc876f-1911-4551-aa8a-c814c76c3d14 rdf:type owl:Axiom","obo:DOID_5557 oboInOwl:hasDbXref MSH:C563236","afa08ff1-a153-49ef-b984-387832167da2 owl:annotatedTarget acute gastric ulcer with hemorrhage and perforation","37efad98-f535-437c-b589-658bfb40c557 rdf:type owl:Axiom","206ccb89-94fc-428b-b48a-6f8a51bc3444 owl:annotatedSource obo:DOID_5294","6d825a08-7439-4435-a980-6b537f2fb26f owl:annotatedSource obo:DOID_4839","obo:DOID_3403 owl:deprecated true^^http://www.w3.org/2001/XMLSchema#boolean","206ccb89-94fc-428b-b48a-6f8a51bc3444 rdf:type owl:Axiom","0ef62910-4087-44fb-a471-aada3dded933 oboInOwl:hasDbXref SNOMEDCT_2005_07_31:253064000","obo:DOID_2668 rdfs:subClassOf obo:DOID_201","261ef39e-1d95-4e01-bac5-dd259795f8d2 owl:annotatedTarget Sensory disorder of eyelid","obo:DOID_363 oboInOwl:hasDbXref SNOMEDCT_US_2015_03_01:94127009","obo:DOID_0050489 oboInOwl:hasDbXref ORDO:276399","obo:DOID_5770 oboInOwl:hasExactSynonym MAI lymphadenitis","obo:DOID_5770 oboInOwl:id DOID:5770","6ce6f5ba-28d1-4320-97c8-3280c2e45f2d rdf:type owl:Axiom","72396b1e-6706-4407-b595-7e4fb5c91729 oboInOwl:hasDbXref url:http://www.scipub.org/fulltext/ajid/ajid43204-208.pdf","24a5f82a-7f1f-4b75-9d43-5b03ad0df808 owl:annotatedTarget Syphilitic pericarditis disorder","obo:DOID_13790 oboInOwl:hasDbXref SNOMEDCT_US_2015_03_01:297009","obo:DOID_8651 rdfs:label Hodgkins granuloma","obo:DOID_3315 oboInOwl:hasDbXref ICD10CM:D17.9","obo:DOID_9958 oboInOwl:id DOID:9958","dcbeb2d6-4ff4-44bc-82c4-54e3bc560ee2 owl:annotatedTarget Ulnar neuropathy","1da693e1-657d-4422-b76f-00166ed89868 owl:annotatedSource obo:DOID_3016","4d2a388f-dfa8-4163-8a7a-9b5b291edb44 owl:annotatedSource obo:DOID_2658","7d51257d-1c94-4d01-a770-b627d3ccddcd owl:annotatedProperty oboInOwl:hasExactSynonym","ca736964-8837-451f-adaa-8a155e1fe4ff owl:annotatedProperty oboInOwl:hasExactSynonym","obo:DOID_5594 oboInOwl:id DOID:5594","eafd4610-d908-4666-8fb9-39fa55a36f88 owl:annotatedSource obo:DOID_2905","12e6fdfb-2a14-4eb4-8cd7-fc30bc4b6048 owl:annotatedProperty oboInOwl:hasExactSynonym","obo:DOID_9958 oboInOwl:hasDbXref UMLS_CUI:C0018948","0ef62910-4087-44fb-a471-aada3dded933 rdf:type owl:Axiom","obo:DOID_326 oboInOwl:hasDbXref UMLS_CUI:C0022116","obo:DOID_3315 rdfs:subClassOf obo:DOID_0060084","dc8d8da3-83e1-4641-aed8-11e7d64d60d6 owl:annotatedSource obo:DOID_13757","obo:DOID_275 oboInOwl:hasDbXref UMLS_CUI:C1333770","obo:DOID_4074 oboInOwl:id DOID:4074","obo:DOID_10688 oboInOwl:hasDbXref ICD10CM:N62","obo:DOID_14312 oboInOwl:hasExactSynonym Non-toxic uninodular goitre","obo:DOID_2668 rdf:type owl:Class","obo:DOID_0050577 oboInOwl:hasDbXref OMIM:613610","obo:DOID_0050790 oboInOwl:hasExactSynonym Du Pan syndrome","obo:DOID_0050665 oboInOwl:id DOID:0050665","f0ddb3e8-d54b-43e8-ace1-41695db74759 rdf:type owl:Axiom","dccdcdec-b494-4d1c-b80e-dff11c546867 oboInOwl:hasDbXref SNOMEDCT_2005_07_31:57130002","obo:DOID_8651 oboInOwl:hasDbXref SNOMEDCT_US_2015_03_01:188521005","obo:DOID_4923 obo:IAO_0000115 A thymic carcinoma that derives_from epithelial cells of glandular origin.","4a23f2a7-f2af-4436-968e-523359e27eda owl:annotatedProperty oboInOwl:hasExactSynonym","obo:DOID_5557 rdfs:label testicular germ cell cancer","d57103b2-0d0e-40fa-a112-bb50fc24003a owl:annotatedProperty oboInOwl:hasExactSynonym","obo:DOID_0060356 oboInOwl:hasExactSynonym immunodeficiency with cleft lip/palate, cataract, hypopigmentation, and absent corpus callosum","4a3a0456-fa92-4068-9113-c6cb78a4601b oboInOwl:hasDbXref url:http://www.ncbi.nlm.nih.gov/pmc/articles/PMC2563715/pdf/60.pdf","obo:DOID_4074 oboInOwl:hasExactSynonym pancreatic adenocarcinoma","345d0de2-7da9-437d-a9f8-31d32114946b oboInOwl:hasDbXref NCI2004_11_17:C4966","obo:DOID_238 rdfs:subClassOf obo:DOID_5614","obo:DOID_3315 oboInOwl:hasAlternativeId DOID:9291","obo:DOID_8438 oboInOwl:hasExactSynonym Afferent loop syndrome disorder","59519f74-9284-4f7b-b3de-5b7ce1cd1c60 oboInOwl:hasDbXref MTHICD9_2006:282.7","obo:DOID_0060356 rdfs:subClassOf obo:DOID_0050737","60a9295c-9c79-4435-97dc-21a6a14e4579 owl:annotatedTarget adenofibroma of Corpus Uteri","0ef62910-4087-44fb-a471-aada3dded933 owl:annotatedSource obo:DOID_4851","obo:DOID_0050577 oboInOwl:hasDbXref OMIM:218330","obo:DOID_0080060 rdf:type owl:Class","36b182b5-49cf-4449-bd9f-224e0b5cfc5e owl:annotatedProperty oboInOwl:hasExactSynonym","24a5f82a-7f1f-4b75-9d43-5b03ad0df808 oboInOwl:hasDbXref SNOMEDCT_2005_07_31:3589003","obo:DOID_11335 oboInOwl:hasDbXref UMLS_CUI:C0036202","966f3b60-a9b1-4103-972a-cdd7d83ee1e1 oboInOwl:hasDbXref MTHICD9_2006:301.4","obo:DOID_14312 oboInOwl:hasExactSynonym Non-toxic uninodular goiter disorder [Ambiguous]","dcbeb2d6-4ff4-44bc-82c4-54e3bc560ee2 rdf:type owl:Axiom","obo:DOID_3403 oboInOwl:hasExactSynonym hypergammaglobulinaemia","obo:DOID_0050489 oboInOwl:hasDbXref OMIM:138800","obo:DOID_10688 oboInOwl:hasExactSynonym large breast","bd4345a2-4add-4308-8099-89221bf48e89 owl:annotatedSource obo:DOID_14118","e7fbdc21-b382-447e-ba4a-ee53a319e3c2 owl:annotatedSource obo:DOID_4078","obo:DOID_363 oboInOwl:hasDbXref UMLS_CUI:C0153567","obo:DOID_8651 oboInOwl:hasDbXref UMLS_CUI:C0019829","obo:DOID_8651 oboInOwl:hasDbXref SNOMEDCT_US_2015_03_01:118607005","obo:DOID_13790 oboInOwl:hasDbXref ICD9CM:384.00","9a92f2af-0cf2-48ce-8ca9-3a2209dfe581 owl:annotatedSource obo:DOID_5575","obo:DOID_2668 rdfs:label mesenchymoma","obo:DOID_10688 oboInOwl:id DOID:10688","3162d86a-aff6-4e49-a0ef-99ecdfd6a658 oboInOwl:hasDbXref NCI2004_11_17:C39295","obo:DOID_5770 oboInOwl:inSubset doid:gram-positive_bacterial_infectious_disease","obo:DOID_3227 rdf:type owl:Class","d7c44295-6fdc-49bd-9ca2-1f07fc81375e owl:annotatedProperty oboInOwl:hasExactSynonym","d055582f-4ac4-421b-82f3-6723f47c4434 owl:annotatedSource obo:DOID_2394","b1bc9bb6-acf4-449c-a838-70556bae2242 rdf:type owl:Axiom","a8abc10c-f151-444f-ba15-30fbf0c87936 rdf:type owl:Axiom","obo:DOID_0060268 oboInOwl:creation_date 2015-02-04T14:28:28Z","b5ee524e-50d6-473d-9d2d-a4a632250127 owl:annotatedTarget septal defect","obo:DOID_5733 oboInOwl:hasDbXref MSH:D012488","obo:DOID_8438 oboInOwl:hasDbXref SNOMEDCT_US_2015_03_01:20813000","bd4345a2-4add-4308-8099-89221bf48e89 rdf:type owl:Axiom","obo:DOID_14400 oboInOwl:hasOBONamespace disease_ontology","obo:DOID_326 oboInOwl:hasDbXref SNOMEDCT_US_2015_03_01:52674009","57aab44a-d482-4019-be86-6042981fec28 owl:annotatedTarget malignant tumor of retained testis disorder","obo:DOID_0050577 oboInOwl:id DOID:0050577","5004b1b2-e805-46ae-b9e1-8fecd884ee39 rdf:type owl:Axiom","obo:DOID_12270 oboInOwl:hasDbXref SNOMEDCT_US_2015_03_01:92828000","obo:DOID_8438 rdfs:subClassOf obo:DOID_8439","36b182b5-49cf-4449-bd9f-224e0b5cfc5e owl:annotatedSource obo:DOID_4944","obo:DOID_4074 oboInOwl:hasDbXref UMLS_CUI:C0281361","85a268b4-af8e-4631-8d81-bfb6eb1cf158 rdf:type owl:Axiom","obo:DOID_12270 oboInOwl:hasDbXref OMIM:216820","obo:DOID_1097 oboInOwl:id DOID:1097","e8adebd0-21a5-454a-abdf-27aa63e72fc2 rdf:type owl:Axiom","obo:DOID_1909 oboInOwl:hasDbXref SNOMEDCT_US_2015_03_01:189749008","f500fb03-18d8-4403-becd-70ae1162887a owl:annotatedSource obo:DOID_14247","c3c48d4e-e01d-4ee3-8f57-9f749e9bb0d9 rdf:type owl:Axiom","9a92f2af-0cf2-48ce-8ca9-3a2209dfe581 oboInOwl:hasDbXref SNOMEDCT_2005_07_31:123526007","obo:DOID_6108 rdfs:label mesenchymal hamartoma of the liver","obo:DOID_0060393 oboInOwl:hasDbXref ORDO:261183","obo:DOID_0050790 obo:IAO_0000115 An autosomal recessive disease that is characterised by severe reduction or absence of the fibula and complex brachydactyly.","obo:DOID_10688 rdf:type owl:Class","obo:DOID_8651 oboInOwl:hasDbXref SNOMEDCT_US_2015_03_01:188553001","966f3b60-a9b1-4103-972a-cdd7d83ee1e1 owl:annotatedSource obo:DOID_10932","obo:DOID_14312 oboInOwl:hasOBONamespace disease_ontology","72396b1e-6706-4407-b595-7e4fb5c91729 rdf:type owl:Axiom","06369a4f-11f9-4154-b672-9fc7d0c98357 owl:annotatedSource obo:DOID_3403","obo:DOID_0050489 rdfs:subClassOf obo:DOID_12176","obo:DOID_5770 owl:deprecated true^^http://www.w3.org/2001/XMLSchema#boolean","obo:DOID_14400 oboInOwl:hasDbXref UMLS_CUI:C0343084","obo:DOID_0080060 oboInOwl:id DOID:0080060","obo:DOID_3315 rdf:type owl:Class","obo:DOID_275 rdfs:subClassOf obo:DOID_254","obo:DOID_326 rdf:type owl:Class","obo:DOID_8651 oboInOwl:hasDbXref SNOMEDCT_US_2015_03_01:74189002","obo:DOID_5733 oboInOwl:hasDbXref ICD10CM:N70.91","cc9d9c42-77fc-4663-b4b2-03cf0ea0400f owl:annotatedProperty oboInOwl:hasExactSynonym","dccdcdec-b494-4d1c-b80e-dff11c546867 owl:annotatedSource obo:DOID_929","30800085-f079-47da-a172-0491af3232d2 rdf:type owl:Axiom","obo:DOID_8438 rdfs:label afferent loop syndrome","obo:DOID_12270 oboInOwl:hasDbXref UMLS_CUI:C0009363","8b60c370-fa46-4e7e-bb70-d1c1623d1e41 owl:annotatedProperty obo:IAO_0000115","cf1c7317-95be-4d18-8e4b-d8f9bdb58693 owl:annotatedTarget An astrocytoma that is characterized as a low grade astrocytoma and has_material_basis_in neoplastic astrocytes.","55b27755-07b1-43e6-a1f8-a1316f1b221a owl:annotatedTarget Congestion-fibrosis syndrome","obo:DOID_4923 oboInOwl:hasDbXref UMLS_CUI:C1336743","obo:DOID_8651 oboInOwl:hasAlternativeId DOID:9102","5ca1b798-9259-4efb-957a-21c447318e51 owl:annotatedProperty obo:IAO_0000115","43cf6f20-41c7-4d58-ae1c-a274db141aa7 oboInOwl:hasDbXref url:http://en.wikipedia.org/wiki/Developmental_disorders","5b728053-910b-4095-848d-3d3d76113ec7 oboInOwl:hasDbXref NCI2004_11_17:C36529","obo:DOID_238 rdfs:label pupil disease","obo:DOID_0050577 rdfs:label Sensenbrenner syndrome","obo:DOID_238 rdf:type owl:Class","966f3b60-a9b1-4103-972a-cdd7d83ee1e1 owl:annotatedProperty oboInOwl:hasRelatedSynonym","obo:DOID_4074 rdfs:subClassOf obo:DOID_4905","74f70f76-d703-4387-80d4-4e37c81ec56b owl:annotatedSource obo:DOID_3812","obo:DOID_0050665 obo:IAO_0000115 A fetal alcohol spectrum disorder that results in severe mental and physical defects which can develop in a child when the mother drinks alcohol during pregnancy. The presenting features include craniofacial dysmorphology microcephaly, smooth philtrum, thin upper lip, small eye openings, pre- and postnatal growth deficiency, and central nervous system dysfunction.","obo:DOID_8651 oboInOwl:hasDbXref SNOMEDCT_US_2015_03_01:118609008","6ce6f5ba-28d1-4320-97c8-3280c2e45f2d oboInOwl:hasDbXref SNOMEDCT_2005_07_31:124449003","obo:DOID_11335 oboInOwl:inSubset doid:DO_MGI_slim","obo:DOID_8438 oboInOwl:hasDbXref UMLS_CUI:C0001727","obo:DOID_4923 oboInOwl:hasOBONamespace disease_ontology","1da693e1-657d-4422-b76f-00166ed89868 owl:annotatedProperty oboInOwl:hasExactSynonym","74f70f76-d703-4387-80d4-4e37c81ec56b owl:annotatedProperty oboInOwl:hasExactSynonym","9e58863c-6a1c-42f7-9809-235dd421af49 rdf:type owl:Axiom","d3c96c39-ab4c-45b5-b7d4-6affc0e632a9 oboInOwl:hasDbXref url:http://en.wikipedia.org/wiki/Amyotrophic_lateral_sclerosis","obo:DOID_4923 oboInOwl:id DOID:4923","ca736964-8837-451f-adaa-8a155e1fe4ff oboInOwl:hasDbXref NCI2004_11_17:C3415","c051f5a0-e550-4d7f-9bfd-e8fe6d119e61 owl:annotatedTarget Quartan malaria disorder","f6caccd0-e4dc-4c3d-8efc-367b6123cd68 owl:annotatedTarget Vivax malaria disorder","dcbeb2d6-4ff4-44bc-82c4-54e3bc560ee2 owl:annotatedSource obo:DOID_4613","e3f696b0-942c-4cb2-a637-43897baa4c5b owl:annotatedProperty oboInOwl:hasExactSynonym","obo:DOID_13790 oboInOwl:hasDbXref ICD10CM:H73.009","obo:DOID_11335 oboInOwl:hasOBONamespace disease_ontology","e7fbdc21-b382-447e-ba4a-ee53a319e3c2 owl:annotatedProperty oboInOwl:hasExactSynonym","obo:DOID_11335 oboInOwl:hasDbXref NCI:C34995","obo:DOID_8651 oboInOwl:hasDbXref SNOMEDCT_US_2015_03_01:134177009","eafd4610-d908-4666-8fb9-39fa55a36f88 owl:annotatedProperty oboInOwl:hasExactSynonym","e7fbdc21-b382-447e-ba4a-ee53a319e3c2 owl:annotatedTarget Tricuspid stenosis","f916e9ba-9cd9-4035-9bb8-62898c00e8d7 owl:annotatedSource obo:DOID_0050744","a51ee7c0-9469-420a-9929-19a17bdcb216 owl:annotatedProperty obo:IAO_0000115","obo:DOID_3315 oboInOwl:hasDbXref ICD9CM:214.9","345d0de2-7da9-437d-a9f8-31d32114946b owl:annotatedProperty oboInOwl:hasExactSynonym","b5876d40-bef7-437d-9603-453a9d6f9503 rdf:type owl:Axiom","f916e9ba-9cd9-4035-9bb8-62898c00e8d7 owl:annotatedTarget A non-Hodgkin lymphoma involving aberrant T-cells.","obo:DOID_3315 oboInOwl:hasDbXref SNOMEDCT_US_2015_03_01:189776008","obo:DOID_5594 oboInOwl:hasOBONamespace disease_ontology","17cc876f-1911-4551-aa8a-c814c76c3d14 owl:annotatedTarget Crimean hemorrhagic fever [CHF Congo virus]","obo:DOID_4250 oboInOwl:hasDbXref UMLS_CUI:C0878693","obo:DOID_14400 oboInOwl:hasDbXref SNOMEDCT_US_2015_03_01:87730004","obo:DOID_0050489 oboInOwl:id DOID:0050489","12e6fdfb-2a14-4eb4-8cd7-fc30bc4b6048 owl:annotatedTarget hypertrichosis NOS disorder","obo:DOID_1909 oboInOwl:hasDbXref SNOMEDCT_US_2015_03_01:269577007","ff860c14-00a9-4b33-93a9-1d748bb05f75 rdf:type owl:Axiom","dccdcdec-b494-4d1c-b80e-dff11c546867 owl:annotatedProperty oboInOwl:hasExactSynonym","966f3b60-a9b1-4103-972a-cdd7d83ee1e1 rdf:type owl:Axiom","obo:DOID_8651 oboInOwl:hasDbXref SNOMEDCT_US_2015_03_01:189992008","6d825a08-7439-4435-a980-6b537f2fb26f owl:annotatedTarget adenocarcinoma of the Sebaceous gland","fead165b-a6fa-4c62-a3e6-ca9f86708f14 owl:annotatedTarget ALS7","1da693e1-657d-4422-b76f-00166ed89868 owl:annotatedTarget Phyllodes breast neoplasm","cc9d9c42-77fc-4663-b4b2-03cf0ea0400f rdf:type owl:Axiom","obo:DOID_14312 rdfs:label nontoxic uninodular goiter","obo:DOID_363 oboInOwl:hasDbXref ICD9CM:179","obo:DOID_13790 oboInOwl:hasDbXref ICD10CM:H73.0","05493c07-bee7-47bc-a272-ded4005ec531 oboInOwl:hasDbXref SNOMEDCT_2005_07_31:156514009","obo:DOID_8651 oboInOwl:hasDbXref SNOMEDCT_US_2015_03_01:188605006","obo:DOID_3315 oboInOwl:hasExactSynonym multiple lipomatosis","obo:DOID_0050790 oboInOwl:id DOID:0050790","obo:DOID_0060268 oboInOwl:hasDbXref ORDO:2524","48f2f998-a305-4f2e-aa1f-502f7b15fa47 owl:annotatedSource obo:DOID_8742","obo:DOID_5557 oboInOwl:hasOBONamespace disease_ontology","82043b04-5394-4688-860c-319404e93440 owl:annotatedSource obo:DOID_1243","obo:DOID_8651 oboInOwl:hasDbXref SNOMEDCT_US_2015_03_01:128799007","72396b1e-6706-4407-b595-7e4fb5c91729 owl:annotatedTarget An actinomycosis that involves invasion and infiltration located_in head and located_in neck, has_material_basis_in Actinomyces israelii. The infection results_in_formation_of abscesses following oral surgery or in patients with poor dental hygiene.","c3c48d4e-e01d-4ee3-8f57-9f749e9bb0d9 owl:annotatedSource obo:DOID_12385","obo:DOID_13790 rdf:type owl:Class","obo:DOID_3227 oboInOwl:hasDbXref SNOMEDCT_US_2015_03_01:11296007","obo:DOID_11335 oboInOwl:hasDbXref ICD10CM:D86.9","obo:DOID_363 rdf:type owl:Class","obo:DOID_12270 oboInOwl:hasDbXref ORDO:98945","f500fb03-18d8-4403-becd-70ae1162887a rdf:type owl:Axiom","obo:DOID_0060393 oboInOwl:hasOBONamespace disease_ontology","obo:DOID_275 oboInOwl:hasExactSynonym hemangioma of stomach","60a9295c-9c79-4435-97dc-21a6a14e4579 owl:annotatedSource obo:DOID_5475","6056241c-ffd4-40f1-8796-b96fc09a3044 oboInOwl:hasDbXref SNOMEDCT_2005_07_31:30213001","obo:DOID_9958 oboInOwl:hasDbXref ICD10CM:N85.7","eafd4610-d908-4666-8fb9-39fa55a36f88 rdf:type owl:Axiom","obo:DOID_1909 oboInOwl:hasOBONamespace disease_ontology","obo:DOID_5557 oboInOwl:inSubset doid:DO_MGI_slim","e7fbdc21-b382-447e-ba4a-ee53a319e3c2 rdf:type owl:Axiom","e3f696b0-942c-4cb2-a637-43897baa4c5b rdf:type owl:Axiom","obo:DOID_10688 oboInOwl:hasExactSynonym breasts enlarged","obo:DOID_5594 oboInOwl:hasExactSynonym Intraductal papillary adenocarcinoma with invasion morphologic abnormality","obo:DOID_5770 oboInOwl:hasOBONamespace disease_ontology","obo:DOID_14312 owl:deprecated true^^http://www.w3.org/2001/XMLSchema#boolean","obo:DOID_0060393 oboInOwl:inSubset doid:DO_MGI_slim","obo:DOID_9958 oboInOwl:hasOBONamespace disease_ontology","obo:DOID_14312 oboInOwl:id DOID:14312","obo:DOID_8651 oboInOwl:hasDbXref SNOMEDCT_US_2015_03_01:188574000","74f70f76-d703-4387-80d4-4e37c81ec56b rdf:type owl:Axiom","obo:DOID_0060393 oboInOwl:hasDbXref ICD10CM:Q93.5","1da693e1-657d-4422-b76f-00166ed89868 rdf:type owl:Axiom","ff860c14-00a9-4b33-93a9-1d748bb05f75 owl:annotatedProperty oboInOwl:hasExactSynonym","dccdcdec-b494-4d1c-b80e-dff11c546867 rdf:type owl:Axiom","obo:DOID_0060393 rdfs:label chromosome 15q11.2 deletion syndrome","224c5526-54d0-4d4d-9d58-5c2027ed76da oboInOwl:hasDbXref CSP2005:4000-0117","6fd24cba-0bd4-423f-9b06-e09a17708050 rdf:type owl:Axiom","5b728053-910b-4095-848d-3d3d76113ec7 owl:annotatedSource obo:DOID_11665","obo:DOID_5469 oboInOwl:hasOBONamespace disease_ontology","b1bc9bb6-acf4-449c-a838-70556bae2242 owl:annotatedTarget Occupational Dermatitis","obo:DOID_8651 oboInOwl:hasDbXref SNOMEDCT_US_2015_03_01:189987006","b5876d40-bef7-437d-9603-453a9d6f9503 owl:annotatedProperty oboInOwl:hasExactSynonym","345d0de2-7da9-437d-a9f8-31d32114946b rdf:type owl:Axiom","966f3b60-a9b1-4103-972a-cdd7d83ee1e1 owl:annotatedTarget Obsessional personality","obo:DOID_13577 rdf:type owl:Class","6ce6f5ba-28d1-4320-97c8-3280c2e45f2d owl:annotatedSource obo:DOID_12804","obo:DOID_8651 oboInOwl:hasDbXref UMLS_CUI:C0152267","obo:DOID_5733 oboInOwl:hasOBONamespace disease_ontology","obo:DOID_8651 oboInOwl:hasDbXref SNOMEDCT_US_2015_03_01:188532005","f500fb03-18d8-4403-becd-70ae1162887a oboInOwl:hasDbXref url:http://books.google.com/books?id\u003dzyvJKxRd-0EC\u0026pg\u003dPA128\u0026lpg#v\u003donepage\u0026q\u003d\u0026f\u003dfalse","dcbeb2d6-4ff4-44bc-82c4-54e3bc560ee2 owl:annotatedProperty oboInOwl:hasExactSynonym","obo:DOID_5557 oboInOwl:inSubset doid:DO_cancer_slim","obo:DOID_3315 oboInOwl:hasDbXref SNOMEDCT_US_2015_03_01:189018005","obo:DOID_12270 oboInOwl:hasOBONamespace disease_ontology","e8adebd0-21a5-454a-abdf-27aa63e72fc2 oboInOwl:hasDbXref SNOMEDCT_2005_07_31:298121002","36b182b5-49cf-4449-bd9f-224e0b5cfc5e rdf:type owl:Axiom","cf1c7317-95be-4d18-8e4b-d8f9bdb58693 oboInOwl:hasDbXref url:http://www.cancer.gov/dictionary?CdrID\u003d45602","d7c44295-6fdc-49bd-9ca2-1f07fc81375e owl:annotatedTarget Corneal staphyloma disorder","obo:DOID_1909 oboInOwl:hasDbXref SNOMEDCT_US_2015_03_01:2092003","obo:DOID_0050665 rdfs:subClassOf obo:DOID_0050696","obo:DOID_0060268 oboInOwl:id DOID:0060268","obo:DOID_0060268 rdfs:subClassOf obo:DOID_0060264","a8abc10c-f151-444f-ba15-30fbf0c87936 owl:annotatedProperty oboInOwl:hasExactSynonym","d055582f-4ac4-421b-82f3-6723f47c4434 oboInOwl:hasDbXref CSP2005:2016-1387","b1bc9bb6-acf4-449c-a838-70556bae2242 owl:annotatedProperty oboInOwl:hasExactSynonym","d7c44295-6fdc-49bd-9ca2-1f07fc81375e rdf:type owl:Axiom","obo:DOID_8651 oboInOwl:hasDbXref SNOMEDCT_US_2015_03_01:189991001","5004b1b2-e805-46ae-b9e1-8fecd884ee39 oboInOwl:hasDbXref NCI2004_11_17:C8003","obo:DOID_8651 oboInOwl:hasDbXref UMLS_CUI:C0152266","d3c96c39-ab4c-45b5-b7d4-6affc0e632a9 oboInOwl:hasDbXref url:http://omim.org/entry/613954","obo:DOID_8651 rdfs:subClassOf obo:DOID_8567","e8adebd0-21a5-454a-abdf-27aa63e72fc2 owl:annotatedProperty oboInOwl:hasExactSynonym","obo:DOID_1909 oboInOwl:hasDbXref KEGG:05218","obo:DOID_0050577 oboInOwl:hasExactSynonym cranioectodermal dysplasia","obo:DOID_363 oboInOwl:hasExactSynonym CA - cancer of uterus","206ccb89-94fc-428b-b48a-6f8a51bc3444 owl:annotatedTarget leiomyosarcoma of Vessels","e8adebd0-21a5-454a-abdf-27aa63e72fc2 owl:annotatedSource obo:DOID_12168","b5ee524e-50d6-473d-9d2d-a4a632250127 owl:annotatedSource obo:DOID_1681","obo:DOID_5594 owl:deprecated true^^http://www.w3.org/2001/XMLSchema#boolean","obo:DOID_5557 oboInOwl:hasRelatedSynonym testicular germ cell neoplasm","obo:DOID_5770 rdfs:label Mycobacterium avium-intracellulare lymphadenitis","6fd24cba-0bd4-423f-9b06-e09a17708050 owl:annotatedTarget A monogenic disease that is characterized by hypertelorism, hypospadias, and additional midline defects resulting from mutations to the MID1 gene in the X-linked form or from a deletion on chromosome 22q11.2 in the autosomal dominant form.","5004b1b2-e805-46ae-b9e1-8fecd884ee39 owl:annotatedProperty oboInOwl:hasExactSynonym","obo:DOID_13753 rdfs:label Histoplasma duboisii meningitis","8b60c370-fa46-4e7e-bb70-d1c1623d1e41 owl:annotatedSource obo:DOID_2645","obo:DOID_13753 rdf:type owl:Class","55b27755-07b1-43e6-a1f8-a1316f1b221a oboInOwl:hasDbXref MTHICD9_2006:625.5","bd4345a2-4add-4308-8099-89221bf48e89 owl:annotatedProperty oboInOwl:hasExactSynonym","9e58863c-6a1c-42f7-9809-235dd421af49 owl:annotatedTarget A respiratory system cancer that is located_in the trachea.","obo:DOID_8651 oboInOwl:hasDbXref SNOMEDCT_US_2015_03_01:188583005","obo:DOID_0060356 oboInOwl:creation_date 2015-08-19T16:22:27Z","obo:DOID_275 rdf:type owl:Class","obo:DOID_0060356 obo:IAO_0000115 An autosomal recessive disease characterized by callosal agenesis, cataracts, cardiomyopathy, combined\nimmunodeficiency and hypopigmentation. It is caused by mutation in the EPG5 gene located in chromosome 18q12.3.","b832debe-361d-4e99-92df-16ccf6359630 owl:annotatedSource obo:DOID_13676","obo:DOID_363 oboInOwl:hasDbXref SNOMEDCT_US_2015_03_01:126908007","obo:DOID_13790 oboInOwl:hasDbXref ICD10CM:H73.00","obo:DOID_12270 oboInOwl:hasDbXref ORDO:194","obo:DOID_8651 oboInOwl:hasDbXref ICD9CM:201","obo:DOID_8651 oboInOwl:hasDbXref SNOMEDCT_US_2015_03_01:70600005","obo:DOID_3315 oboInOwl:hasDbXref MSH:D018205","obo:DOID_13790 oboInOwl:hasExactSynonym Unspecified acute tympanitis disorder","8dee3074-3bab-4ff6-8597-171f91e142cb owl:annotatedSource obo:DOID_12098","b1bc9bb6-acf4-449c-a838-70556bae2242 oboInOwl:hasDbXref NCI2004_11_17:C34859","12e6fdfb-2a14-4eb4-8cd7-fc30bc4b6048 owl:annotatedSource obo:DOID_420","cc9d9c42-77fc-4663-b4b2-03cf0ea0400f owl:annotatedSource obo:DOID_3901","cf1c7317-95be-4d18-8e4b-d8f9bdb58693 owl:annotatedProperty obo:IAO_0000115","c3c48d4e-e01d-4ee3-8f57-9f749e9bb0d9 owl:annotatedProperty oboInOwl:hasExactSynonym","obo:DOID_12270 oboInOwl:inSubset doid:DO_MGI_slim","obo:DOID_8651 oboInOwl:hasDbXref SNOMEDCT_US_2015_03_01:118606001","c3c48d4e-e01d-4ee3-8f57-9f749e9bb0d9 oboInOwl:hasDbXref SNOMEDCT_2005_07_31:36188001","57aab44a-d482-4019-be86-6042981fec28 owl:annotatedSource obo:DOID_12276","11682486-4bf6-4047-8734-7d63d8c0df46 rdf:type owl:Axiom","obo:DOID_363 oboInOwl:id DOID:363","e3f696b0-942c-4cb2-a637-43897baa4c5b owl:annotatedTarget Cytomegaloviral disease","5e552885-1000-44cd-aba8-1998f155f23b owl:annotatedProperty oboInOwl:hasExactSynonym","eaef1752-14ab-4944-8141-26f467704035 owl:annotatedSource obo:DOID_0050681","d57103b2-0d0e-40fa-a112-bb50fc24003a owl:annotatedTarget Adrenocortical hyperfunction","obo:DOID_275 oboInOwl:id DOID:275","obo:DOID_0060393 oboInOwl:hasDbXref UMLS_CUI:C3180937","obo:DOID_3315 oboInOwl:hasExactSynonym tumor of adipose tissue disorder","obo:DOID_8438 oboInOwl:id DOID:8438","e329f6ac-a9ed-447d-9502-2095288b29ae rdf:type owl:Axiom","obo:DOID_4250 oboInOwl:hasDbXref SNOMEDCT_US_2015_03_01:408663001","8050eea5-9ff2-4c6f-984b-0b0886732feb owl:annotatedTarget A -ssRNA virus infectious disease that results_in infection in humans, has_material_basis_in Mononegavirales viruses.","12e6fdfb-2a14-4eb4-8cd7-fc30bc4b6048 oboInOwl:hasDbXref SNOMEDCT_2005_07_31:201165000","obo:DOID_0050577 oboInOwl:hasExactSynonym Levin syndrome","5004b1b2-e805-46ae-b9e1-8fecd884ee39 owl:annotatedSource obo:DOID_6792","6fd24cba-0bd4-423f-9b06-e09a17708050 owl:annotatedProperty obo:IAO_0000115","4b88aa47-02a8-40a7-845e-9ad48dc0131b owl:annotatedProperty oboInOwl:hasExactSynonym","obo:DOID_14400 oboInOwl:id DOID:14400","obo:DOID_12270 oboInOwl:hasExactSynonym congenital ocular coloboma","c3c48d4e-e01d-4ee3-8f57-9f749e9bb0d9 owl:annotatedTarget Shigella gastroenteritis","obo:DOID_238 oboInOwl:hasDbXref SNOMEDCT_US_2015_03_01:68633000","5e552885-1000-44cd-aba8-1998f155f23b owl:annotatedTarget spindle cell sarcomatoid squamous cell skin carcinoma","obo:DOID_3315 oboInOwl:hasExactSynonym benign lipomatous tumor","eafd4610-d908-4666-8fb9-39fa55a36f88 oboInOwl:hasDbXref NCI2004_11_17:C34594","obo:DOID_326 rdfs:subClassOf obo:DOID_178","obo:DOID_5557 oboInOwl:hasExactSynonym germ cell tumor of testis","obo:DOID_3227 oboInOwl:hasDbXref UMLS_CUI:C0040583","obo:DOID_1909 oboInOwl:hasDbXref UMLS_CUI:C0025202","ca736964-8837-451f-adaa-8a155e1fe4ff owl:annotatedTarget Nodule of the Thyroid gland","85376ad7-a894-476f-ac98-689578ac42a0 rdf:type owl:Axiom","48f2f998-a305-4f2e-aa1f-502f7b15fa47 owl:annotatedTarget Hodgkins granuloma of lymph nodes of head, face and neck disorder","a32a60b8-ef36-4bbc-9a75-01ce60c9c3dc rdf:type owl:Axiom","6056241c-ffd4-40f1-8796-b96fc09a3044 rdf:type owl:Axiom","6056241c-ffd4-40f1-8796-b96fc09a3044 owl:annotatedSource obo:DOID_4977","obo:DOID_0060393 oboInOwl:hasDbXref OMIM:615656","2759502a-ad10-4a21-933c-642eaea1e30a oboInOwl:hasDbXref SNOMEDCT_2005_07_31:307496006","57aab44a-d482-4019-be86-6042981fec28 oboInOwl:hasDbXref SNOMEDCT_2005_07_31:188221009","obo:DOID_8651 oboInOwl:hasDbXref ICD10CM:C81","4a23f2a7-f2af-4436-968e-523359e27eda owl:annotatedSource obo:DOID_10993","29b0f109-6157-4737-9ad3-42a9e4b6120d owl:annotatedSource obo:DOID_6406","b5876d40-bef7-437d-9603-453a9d6f9503 owl:annotatedTarget Keratinizing squamous cell carcinoma","obo:DOID_14400 rdfs:label capillary leak syndrome","24a5f82a-7f1f-4b75-9d43-5b03ad0df808 rdf:type owl:Axiom","f500fb03-18d8-4403-becd-70ae1162887a owl:annotatedProperty obo:IAO_0000115","obo:DOID_6108 owl:deprecated true^^http://www.w3.org/2001/XMLSchema#boolean","obo:DOID_0060356 oboInOwl:created_by elvira","obo:DOID_8651 oboInOwl:hasExactSynonym Hodgkins granuloma of unspecified site disorder","d3c96c39-ab4c-45b5-b7d4-6affc0e632a9 owl:annotatedTarget A type of ALS caused_by mutation located_in VCP gene located_in chromosome 9.","obo:DOID_11335 oboInOwl:hasDbXref ICD10CM:D86","4a3a0456-fa92-4068-9113-c6cb78a4601b owl:annotatedTarget A coxsackie meningitis that results_in inflammation located_in meningeal cluster, has_material_basis_in Human echovirus 30, or has_material_basis_in Human echovirus 9, which is transmitted_by ingestion of food contaminated with feces, transmitted_by droplet spread of oronasal secretions from infected person, or transmitted_by contaminated fomites. The infection has_symptom fever, has_symptom chills, has_symptom nausea, has_symptom headache, has_symptom photophobia and has_symptom neck stiffness.","obo:DOID_3403 oboInOwl:hasExactSynonym hypergammaglobulinemia finding","obo:DOID_8438 oboInOwl:hasDbXref MSH:D000343","48f2f998-a305-4f2e-aa1f-502f7b15fa47 rdf:type owl:Axiom","f0ddb3e8-d54b-43e8-ace1-41695db74759 owl:annotatedSource obo:DOID_2571","7d51257d-1c94-4d01-a770-b627d3ccddcd owl:annotatedSource obo:DOID_9063","fe339251-321d-46cd-8084-50fbc37480b2 owl:annotatedTarget malignant tumor of abdominal esophagus","obo:DOID_1909 rdfs:subClassOf obo:DOID_0050687","obo:DOID_12270 oboInOwl:hasExactSynonym coloboma of eye","6fd24cba-0bd4-423f-9b06-e09a17708050 oboInOwl:hasDbXref url:http://www.omim.org/entry/145410?search\u003dOpitz-GBBB%20syndrome\u0026highlight\u003dsyndromic%20syndrome%20opitzgbbb","a32a60b8-ef36-4bbc-9a75-01ce60c9c3dc owl:annotatedSource obo:DOID_5063","f6caccd0-e4dc-4c3d-8efc-367b6123cd68 owl:annotatedSource obo:DOID_12978","261ef39e-1d95-4e01-bac5-dd259795f8d2 owl:annotatedSource obo:DOID_13157","b832debe-361d-4e99-92df-16ccf6359630 rdf:type owl:Axiom","obo:DOID_6108 oboInOwl:hasExactSynonym mesenchymal hamartoma of Liver","c051f5a0-e550-4d7f-9bfd-e8fe6d119e61 owl:annotatedSource obo:DOID_14324","obo:DOID_8651 oboInOwl:hasDbXref SNOMEDCT_US_2015_03_01:118599009","obo:DOID_9958 oboInOwl:hasDbXref ICD9CM:621.4","fe339251-321d-46cd-8084-50fbc37480b2 owl:annotatedProperty oboInOwl:hasExactSynonym","obo:DOID_7043 owl:deprecated true^^http://www.w3.org/2001/XMLSchema#boolean","obo:DOID_5557 oboInOwl:hasDbXref NCI:C8591","d055582f-4ac4-421b-82f3-6723f47c4434 owl:annotatedTarget ovary neoplasm","dc8d8da3-83e1-4641-aed8-11e7d64d60d6 oboInOwl:hasDbXref ICD9CM_2006:375.20","11682486-4bf6-4047-8734-7d63d8c0df46 owl:annotatedSource obo:DOID_4049","dc8d8da3-83e1-4641-aed8-11e7d64d60d6 rdf:type owl:Axiom","cf1c7317-95be-4d18-8e4b-d8f9bdb58693 rdf:type owl:Axiom","obo:DOID_5733 oboInOwl:id DOID:5733","obo:DOID_12270 oboInOwl:hasDbXref MSH:D003103","obo:DOID_275 rdfs:label gastric hemangioma","obo:DOID_4923 rdfs:label thymus adenocarcinoma","obo:DOID_2668 oboInOwl:hasDbXref UMLS_CUI:C0025464","obo:DOID_14400 rdfs:subClassOf obo:DOID_1271","obo:DOID_4250 oboInOwl:hasExactSynonym Conjunctivochalasis disorder","obo:DOID_363 rdfs:label uterine cancer","obo:DOID_4250 rdfs:subClassOf obo:DOID_4251","c051f5a0-e550-4d7f-9bfd-e8fe6d119e61 rdf:type owl:Axiom","06369a4f-11f9-4154-b672-9fc7d0c98357 owl:annotatedProperty oboInOwl:hasExactSynonym","obo:DOID_10688 oboInOwl:hasDbXref NCI:C3125","57aab44a-d482-4019-be86-6042981fec28 owl:annotatedProperty oboInOwl:hasExactSynonym","obo:DOID_363 oboInOwl:hasDbXref SNOMEDCT_US_2015_03_01:156169001","obo:DOID_3315 oboInOwl:hasDbXref ICD9CM:214","3162d86a-aff6-4e49-a0ef-99ecdfd6a658 rdf:type owl:Axiom","obo:DOID_14400 oboInOwl:hasDbXref NCI:C62578","6ce6f5ba-28d1-4320-97c8-3280c2e45f2d owl:annotatedTarget deficiency of chondroitinsulphatase","obo:DOID_14312 oboInOwl:hasExactSynonym Non-toxic uninodular goiter disorder","obo:DOID_1909 oboInOwl:id DOID:1909","obo:DOID_3403 oboInOwl:hasExactSynonym hypergammaglobulinemia, NOS","411b64a6-fc08-4626-bea0-70dff2227afc owl:annotatedSource obo:DOID_1562","obo:DOID_9958 oboInOwl:hasDbXref MSH:D006409","obo:DOID_8651 oboInOwl:hasDbXref UMLS_CUI:C1334968","obo:DOID_2668 oboInOwl:hasOBONamespace disease_ontology","obo:DOID_3227 oboInOwl:hasDbXref MSH:D014135","obo:DOID_4074 oboInOwl:hasDbXref NCI:C8294","4d2a388f-dfa8-4163-8a7a-9b5b291edb44 oboInOwl:hasDbXref SNOMEDCT_2005_07_31:417609007","obo:DOID_8651 oboInOwl:hasDbXref SNOMEDCT_US_2015_03_01:188595005","obo:DOID_8651 oboInOwl:hasExactSynonym Hodgkin granuloma","6fd24cba-0bd4-423f-9b06-e09a17708050 oboInOwl:hasDbXref url:http://www.genome.jp/dbget-bin/www_bget?ds:H00583","b832debe-361d-4e99-92df-16ccf6359630 owl:annotatedProperty oboInOwl:hasExactSynonym","obo:DOID_5469 rdfs:label biliary tract intraductal papillary mucinous neoplasm","obo:DOID_10688 oboInOwl:hasDbXref SNOMEDCT_US_2015_03_01:155963008","05493c07-bee7-47bc-a272-ded4005ec531 owl:annotatedTarget Charcots joint","obo:DOID_8651 rdf:type owl:Class","8518bea2-af08-4853-925f-81467780f41c owl:annotatedSource obo:DOID_0050214","411b64a6-fc08-4626-bea0-70dff2227afc owl:annotatedTarget A subcutaneous mycosis that is a chronic subcutaneous fungal infection, which presents as nodular or verrucoid, ulcerated, or crusted skin lesions on exposed areas of skin caused by Fonsecaea pedrosoi, Fonsecaea compacta, Cladophialophora carrionii or Phialophora verrucosa. Histological examination reveals muriform cells with perpendicular septations or thick walled, dark-colored, rounded forms copper pennies that are characteristic of this infection.","obo:DOID_2668 oboInOwl:hasDbXref MSH:D008637","obo:DOID_11335 oboInOwl:hasDbXref OMIM:612388","48f2f998-a305-4f2e-aa1f-502f7b15fa47 owl:annotatedProperty oboInOwl:hasExactSynonym","dc8d8da3-83e1-4641-aed8-11e7d64d60d6 owl:annotatedTarget Epiphora, unspecified as to cause","obo:DOID_1909 oboInOwl:inSubset doid:TopNodes_DOcancerslim","411b64a6-fc08-4626-bea0-70dff2227afc oboInOwl:hasDbXref url:http://www.ncbi.nlm.nih.gov/bookshelf/br.fcgi?book\u003dmmed\u0026part\u003dA4005","obo:DOID_8651 oboInOwl:hasDbXref SNOMEDCT_US_2015_03_01:188542007","8050eea5-9ff2-4c6f-984b-0b0886732feb oboInOwl:hasDbXref url:http://en.wikipedia.org/wiki/Mononegavirales","obo:DOID_3315 obo:IAO_0000115 A cell type benign neoplasm that is composed of lipocytes.","dc8d8da3-83e1-4641-aed8-11e7d64d60d6 owl:annotatedProperty oboInOwl:hasExactSynonym","obo:DOID_363 oboInOwl:hasExactSynonym malignant uterine tumor","85376ad7-a894-476f-ac98-689578ac42a0 oboInOwl:hasDbXref SNOMEDCT_2005_07_31:128870005","f0ddb3e8-d54b-43e8-ace1-41695db74759 owl:annotatedTarget Langerhans cell granulomatosis","obo:DOID_11335 oboInOwl:id DOID:11335","obo:DOID_13790 oboInOwl:hasDbXref SNOMEDCT_US_2015_03_01:194312004","obo:DOID_0050665 oboInOwl:hasOBONamespace disease_ontology","72396b1e-6706-4407-b595-7e4fb5c91729 owl:annotatedProperty obo:IAO_0000115","obo:DOID_13577 oboInOwl:hasExactSynonym Ascorbic acid deficiency disorder","2759502a-ad10-4a21-933c-642eaea1e30a owl:annotatedTarget Diverticulitis disorder","obo:DOID_363 oboInOwl:hasExactSynonym uterine tumor","39c1e5bd-4336-40fc-85b3-e1b43a319c96 owl:annotatedTarget malignant neoplasm of hypopharynx NOS","fe339251-321d-46cd-8084-50fbc37480b2 rdf:type owl:Axiom","obo:DOID_4250 rdf:type owl:Class","11682486-4bf6-4047-8734-7d63d8c0df46 oboInOwl:hasDbXref NCI2004_11_17:C6617","obo:DOID_4250 rdfs:label conjunctivochalasis","3162d86a-aff6-4e49-a0ef-99ecdfd6a658 owl:annotatedProperty oboInOwl:hasExactSynonym","e3f696b0-942c-4cb2-a637-43897baa4c5b owl:annotatedSource obo:DOID_11259","57aab44a-d482-4019-be86-6042981fec28 rdf:type owl:Axiom","d57103b2-0d0e-40fa-a112-bb50fc24003a oboInOwl:hasDbXref SNOMEDCT_2005_07_31:190520005","obo:DOID_0050790 oboInOwl:created_by lschriml","fead165b-a6fa-4c62-a3e6-ca9f86708f14 oboInOwl:hasDbXref OMIM:608031","06369a4f-11f9-4154-b672-9fc7d0c98357 rdf:type owl:Axiom","c051f5a0-e550-4d7f-9bfd-e8fe6d119e61 owl:annotatedProperty oboInOwl:hasExactSynonym","obo:DOID_8651 oboInOwl:hasDbXref ICD10CM:C81.0","obo:DOID_5557 oboInOwl:hasDbXref ORDO:3636504","obo:DOID_6108 oboInOwl:hasOBONamespace disease_ontology","5b728053-910b-4095-848d-3d3d76113ec7 owl:annotatedTarget D1 Trisomy ","cc9d9c42-77fc-4663-b4b2-03cf0ea0400f owl:annotatedTarget Vulvitis - non sp.","obo:DOID_238 oboInOwl:hasExactSynonym Pupillary disorder","f916e9ba-9cd9-4035-9bb8-62898c00e8d7 oboInOwl:hasDbXref url:http://en.wikipedia.org/wiki/Anaplastic_large-cell_lymphoma#Epidemiology","e8adebd0-21a5-454a-abdf-27aa63e72fc2 owl:annotatedTarget Ulnar nerve lesion [Ambiguous]","obo:DOID_363 rdfs:subClassOf obo:DOID_120","60a9295c-9c79-4435-97dc-21a6a14e4579 owl:annotatedProperty oboInOwl:hasExactSynonym","obo:DOID_13790 oboInOwl:hasDbXref SNOMEDCT_US_2015_03_01:194313009","obo:DOID_13790 oboInOwl:hasDbXref UMLS_CUI:C0155460","fe339251-321d-46cd-8084-50fbc37480b2 owl:annotatedSource obo:DOID_5041","obo:DOID_1097 rdf:type owl:Class","obo:DOID_326 oboInOwl:hasDbXref NCI:C34738","obo:DOID_3315 oboInOwl:hasDbXref NCI:C4248","c19c65c2-860b-4777-b672-05376e584125 owl:annotatedTarget Raynauds syndrome NOS disorder","9e58863c-6a1c-42f7-9809-235dd421af49 owl:annotatedProperty obo:IAO_0000115","obo:DOID_7043 oboInOwl:hasOBONamespace disease_ontology","e329f6ac-a9ed-447d-9502-2095288b29ae owl:annotatedProperty oboInOwl:hasExactSynonym","obo:DOID_5594 oboInOwl:hasExactSynonym Intraductal Papillary adenocarcinoma with Invasion","obo:DOID_0050489 oboInOwl:hasDbXref OMIM:300273","obo:DOID_2668 oboInOwl:id DOID:2668","345d0de2-7da9-437d-a9f8-31d32114946b owl:annotatedSource obo:DOID_4706","obo:DOID_8651 oboInOwl:hasDbXref SNOMEDCT_US_2015_03_01:188533000","8b60c370-fa46-4e7e-bb70-d1c1623d1e41 owl:annotatedTarget A cell type benign neoplasm that has_material_basis in mesothelium.","obo:DOID_363 oboInOwl:hasDbXref SNOMEDCT_US_2015_03_01:371973000","obo:DOID_0050665 rdfs:label fetal alcohol syndrome","obo:DOID_0050489 oboInOwl:hasOBONamespace disease_ontology","obo:DOID_3403 rdf:type owl:Class","obo:DOID_0060268 rdf:type owl:Class","5e552885-1000-44cd-aba8-1998f155f23b rdf:type owl:Axiom","obo:DOID_7043 oboInOwl:id DOID:7043","11682486-4bf6-4047-8734-7d63d8c0df46 owl:annotatedProperty oboInOwl:hasExactSynonym","obo:DOID_12270 oboInOwl:hasDbXref ICD10CM:Q13.0","obo:DOID_11335 rdfs:subClassOf obo:DOID_2916","a51ee7c0-9469-420a-9929-19a17bdcb216 rdf:type owl:Axiom","obo:DOID_0060356 rdf:type owl:Class","obo:DOID_0050790 oboInOwl:hasOBONamespace disease_ontology","obo:DOID_8651 oboInOwl:hasDbXref SNOMEDCT_US_2015_03_01:188596006","fe339251-321d-46cd-8084-50fbc37480b2 oboInOwl:hasDbXref NCI2004_11_17:C4764","obo:DOID_363 oboInOwl:hasDbXref MSH:D014594","obo:DOID_7043 rdfs:label metastatic vulvar cancer","b5876d40-bef7-437d-9603-453a9d6f9503 oboInOwl:hasDbXref NCI2004_11_17:C4105","4b88aa47-02a8-40a7-845e-9ad48dc0131b rdf:type owl:Axiom","obo:DOID_1097 obo:IAO_0000115 Hydrops fetalis is a alpha thalassemia characterized by an abnormal accumulation of serous fluid in the fetal tissues, as in erythroblastosis fetalis.","obo:DOID_3315 oboInOwl:hasExactSynonym LIPOMATOSIS, FAMILIAL MULTIPLE","obo:DOID_10688 oboInOwl:hasDbXref SNOMEDCT_US_2015_03_01:43336006","obo:DOID_8438 rdf:type owl:Class","48f2f998-a305-4f2e-aa1f-502f7b15fa47 oboInOwl:hasDbXref SNOMEDCT_2005_07_31:188534006","obo:DOID_3315 oboInOwl:hasDbXref ICD10CM:D17","obo:DOID_12270 obo:IAO_0000115 An eye disease characterized by missing pieces of tissue in structures that form the eye, such as the iris, retina, choroid or optic disc.","obo:DOID_9958 oboInOwl:hasExactSynonym Hematometra","obo:DOID_8651 oboInOwl:hasDbXref NCI:C9283","5e552885-1000-44cd-aba8-1998f155f23b oboInOwl:hasDbXref NCI2004_11_17:C4666","obo:DOID_13790 rdfs:label acute tympanitis","74f70f76-d703-4387-80d4-4e37c81ec56b owl:annotatedTarget Chondroma of mediastinum","obo:DOID_8651 oboInOwl:hasDbXref ICD10CM:C81.2","a32a60b8-ef36-4bbc-9a75-01ce60c9c3dc owl:annotatedProperty oboInOwl:hasExactSynonym","6056241c-ffd4-40f1-8796-b96fc09a3044 owl:annotatedProperty oboInOwl:hasExactSynonym","obo:DOID_363 oboInOwl:hasDbXref SNOMEDCT_US_2015_03_01:93718007","85376ad7-a894-476f-ac98-689578ac42a0 owl:annotatedProperty oboInOwl:hasExactSynonym","dccdcdec-b494-4d1c-b80e-dff11c546867 owl:annotatedTarget Myopathy of extraocular muscles disorder","30800085-f079-47da-a172-0491af3232d2 owl:annotatedProperty obo:IAO_0000115","43cf6f20-41c7-4d58-ae1c-a274db141aa7 owl:annotatedTarget A disease of mental health that occur during a childs developmental period between birth and age 18 resulting in retarding of the childs psychological or physical development.","c19c65c2-860b-4777-b672-05376e584125 owl:annotatedSource obo:DOID_10300","obo:DOID_11335 oboInOwl:hasDbXref OMIM:612387","0ef62910-4087-44fb-a471-aada3dded933 owl:annotatedTarget Piloid astrocytoma","8b60c370-fa46-4e7e-bb70-d1c1623d1e41 rdf:type owl:Axiom","ff860c14-00a9-4b33-93a9-1d748bb05f75 owl:annotatedSource obo:DOID_13300","5ca1b798-9259-4efb-957a-21c447318e51 owl:annotatedTarget A primary systemic mycosis that results_in systemic fungal infection through hematogenous spread, has_material_basis_in Sporothrix schenckii, a dimorphic fungus.","obo:DOID_3315 oboInOwl:hasExactSynonym Lipomatous neoplasm morphologic abnormality","8dee3074-3bab-4ff6-8597-171f91e142cb owl:annotatedTarget Trigeminal neuralgia NOS disorder","6d825a08-7439-4435-a980-6b537f2fb26f oboInOwl:hasDbXref NCI2004_11_17:C3767","obo:DOID_4074 rdf:type owl:Class","5ca1b798-9259-4efb-957a-21c447318e51 rdf:type owl:Axiom","8518bea2-af08-4853-925f-81467780f41c oboInOwl:hasDbXref url:http://en.wikipedia.org/wiki/Lambert%E2%80%93Eaton_myasthenic_syndrome","obo:DOID_0050489 oboInOwl:inSubset doid:DO_MGI_slim","e329f6ac-a9ed-447d-9502-2095288b29ae owl:annotatedSource obo:DOID_4617","obo:DOID_3315 oboInOwl:hasDbXref SNOMEDCT_US_2015_03_01:93163002","17cc876f-1911-4551-aa8a-c814c76c3d14 oboInOwl:hasDbXref ICD9CM_2006:065.0","fead165b-a6fa-4c62-a3e6-ca9f86708f14 owl:annotatedSource obo:DOID_0060199","24a5f82a-7f1f-4b75-9d43-5b03ad0df808 owl:annotatedProperty oboInOwl:hasExactSynonym","a8abc10c-f151-444f-ba15-30fbf0c87936 owl:annotatedTarget acute schizophrenic episode","cf1c7317-95be-4d18-8e4b-d8f9bdb58693 oboInOwl:hasDbXref url:http://en.wikipedia.org/wiki/Fibrillary_astrocytoma","4b88aa47-02a8-40a7-845e-9ad48dc0131b oboInOwl:hasDbXref SNOMEDCT_2005_07_31:255108000","obo:DOID_363 obo:IAO_0000115 A female reproductive organ cancer that is located_in the uterus.","obo:DOID_8651 oboInOwl:hasDbXref SNOMEDCT_US_2015_03_01:41529000","82043b04-5394-4688-860c-319404e93440 owl:annotatedTarget malignant neoplasm of labium minus","206ccb89-94fc-428b-b48a-6f8a51bc3444 oboInOwl:hasDbXref NCI2004_11_17:C5387","05493c07-bee7-47bc-a272-ded4005ec531 owl:annotatedSource obo:DOID_14286","obo:DOID_12270 rdfs:subClassOf obo:DOID_5614","obo:DOID_3315 oboInOwl:hasDbXref SNOMEDCT_US_2015_03_01:189785008","obo:DOID_0050577 oboInOwl:hasOBONamespace disease_ontology"],"InferredAxioms":["obo:DOID_0050687 rdfs:subClassOf obo:DOID_0050687","rdf:object rdfs:domain rdf:Statement","rdf:Bag rdfs:subClassOf rdf:Bag","obo:DOID_3227 rdf:type rdfs:Class","obo:DOID_4905 rdf:type rdfs:Resource","obo:DOID_0050625 rdf:type rdfs:Resource","obo:DOID_8438 rdfs:subClassOf obo:DOID_8438","obo:DOID_0060268 rdf:type rdfs:Resource","obo:DOID_0050737 rdfs:subClassOf obo:DOID_0050737","rdfs:Resource rdf:type rdfs:Class","obo:DOID_5557 rdf:type rdfs:Class","rdf:XMLLiteral rdf:type rdfs:Datatype","rdf:XMLLiteral rdf:type rdfs:Class","obo:DOID_0060356 rdf:type rdfs:Resource","obo:DOID_0080060 rdf:type rdfs:Class","rdfs:domain rdfs:domain rdf:Property","rdf:first rdfs:domain rdf:List","obo:DOID_0050665 rdf:type rdfs:Class","obo:DOID_8439 rdf:type rdfs:Resource","obo:DOID_3225 rdf:type rdfs:Class","rdf:predicate rdfs:domain rdf:Statement","obo:DOID_0060393 rdf:type rdfs:Class","obo:DOID_8438 rdf:type rdfs:Resource","obo:DOID_12176 rdfs:subClassOf obo:DOID_12176","obo:DOID_0050737 rdf:type rdfs:Resource","rdfs:domain rdf:type rdfs:Resource","obo:DOID_8439 rdfs:subClassOf obo:DOID_8439","obo:DOID_120 rdf:type rdfs:Resource","obo:DOID_1909 rdf:type rdfs:Class","rdfs:subPropertyOf rdfs:range rdf:Property","obo:DOID_0050950 rdf:type rdfs:Class","rdf:Seq rdf:type rdfs:Class","rdf:predicate rdfs:subPropertyOf rdf:predicate","obo:DOID_10688 rdf:type rdfs:Class","obo:DOID_2668 rdf:type rdfs:Resource","obo:DOID_9958 rdf:type rdfs:Class","rdf:Alt rdfs:subClassOf rdf:Alt","obo:DOID_5782 rdf:type rdfs:Class","obo:DOID_5469 rdfs:subClassOf obo:DOID_5469","obo:DOID_0060264 rdf:type rdfs:Resource","owl:Class rdf:type rdfs:Resource","obo:DOID_4074 rdf:type rdfs:Resource","rdfs:domain rdf:type rdf:Property","obo:DOID_3315 rdf:type rdfs:Class","obo:DOID_275 rdf:type rdfs:Resource","obo:DOID_2998 rdf:type rdfs:Resource","obo:DOID_0060356 rdfs:subClassOf obo:DOID_0060356","obo:DOID_4923 rdf:type rdfs:Resource","rdfs:subClassOf rdf:type rdfs:Resource","obo:DOID_178 rdf:type rdfs:Resource","obo:DOID_0060388 rdf:type rdfs:Resource","rdf:rest rdfs:range rdf:List","rdf:first rdfs:subPropertyOf rdf:first","obo:DOID_11335 rdf:type rdfs:Resource","rdf:Alt rdf:type rdfs:Class","obo:DOID_5469 rdf:type rdfs:Class","obo:DOID_8651 rdfs:subClassOf obo:DOID_8651","rdf:List rdf:type rdfs:Class","rdfs:subClassOf rdf:type rdf:Property","obo:DOID_8567 rdf:type rdfs:Resource","rdf:Bag rdfs:subClassOf rdfs:Container","rdf:Property rdfs:subClassOf rdfs:Resource","obo:DOID_5733 rdf:type rdfs:Class","rdf:predicate rdf:type rdf:Property","obo:DOID_8651 rdf:type rdfs:Resource","obo:DOID_0050489 rdf:type rdfs:Class","obo:DOID_4250 rdfs:subClassOf obo:DOID_4250","rdf:Statement rdf:type rdfs:Resource","obo:DOID_10688 rdfs:subClassOf obo:DOID_10688","rdf:Bag rdf:type rdfs:Resource","obo:DOID_0060268 rdfs:subClassOf obo:DOID_0060268","obo:DOID_238 rdf:type rdfs:Class","rdf:object rdfs:subPropertyOf rdf:object","rdf:nil rdf:type rdf:List","obo:DOID_12270 rdf:type rdfs:Class","obo:DOID_0050696 rdf:type rdfs:Class","rdfs:comment rdfs:range rdfs:Literal","obo:DOID_1271 rdf:type rdfs:Class","owl:Axiom rdf:type rdfs:Class","rdf:predicate rdf:type rdfs:Resource","rdf:Property rdfs:subClassOf rdf:Property","obo:DOID_0060084 rdf:type rdfs:Class","obo:DOID_1962 rdfs:subClassOf obo:DOID_1962","obo:DOID_2916 rdfs:subClassOf obo:DOID_2916","obo:DOID_5614 rdf:type rdfs:Class","obo:DOID_326 rdf:type rdfs:Class","rdf:object rdf:type rdfs:Resource","obo:DOID_0050790 rdf:type rdfs:Class","rdfs:Container rdf:type rdfs:Class","obo:DOID_4251 rdf:type rdfs:Resource","obo:DOID_13790 rdf:type rdfs:Resource","obo:DOID_363 rdfs:subClassOf obo:DOID_363","obo:DOID_1909 rdfs:subClassOf obo:DOID_1909","obo:DOID_254 rdfs:subClassOf obo:DOID_254","obo:DOID_3463 rdfs:subClassOf obo:DOID_3463","rdf:Statement rdfs:subClassOf rdfs:Resource","obo:DOID_254 rdf:type rdfs:Resource","obo:DOID_363 rdf:type rdfs:Resource","rdfs:isDefinedBy rdfs:subPropertyOf rdfs:seeAlso","rdf:Seq rdfs:subClassOf rdf:Seq","obo:DOID_4250 rdf:type rdfs:Resource","obo:DOID_0050950 rdfs:subClassOf obo:DOID_0050950","rdf:object rdf:type rdf:Property","rdf:Property rdf:type rdfs:Resource","obo:DOID_1962 rdf:type rdfs:Resource","rdfs:Literal rdf:type rdfs:Class","obo:DOID_12176 rdf:type rdfs:Class","obo:DOID_201 rdf:type rdfs:Resource","obo:DOID_3315 rdfs:subClassOf obo:DOID_3315","rdfs:Class rdfs:subClassOf rdfs:Class","obo:DOID_0050687 rdf:type rdfs:Class","rdfs:subClassOf rdfs:range rdfs:Class","rdfs:Datatype rdf:type rdfs:Resource","obo:DOID_345 rdf:type rdfs:Resource","obo:DOID_13790 rdfs:subClassOf obo:DOID_13790","obo:DOID_4251 rdfs:subClassOf obo:DOID_4251","obo:DOID_3284 rdf:type rdfs:Resource","rdfs:ContainerMembershipProperty rdf:type rdfs:Resource","rdf:rest rdf:type rdf:Property","obo:DOID_14400 rdf:type rdfs:Resource","rdfs:seeAlso rdf:type rdfs:Resource","rdfs:comment rdf:type rdfs:Resource","obo:DOID_4905 rdfs:subClassOf obo:DOID_4905","rdfs:domain rdfs:range rdfs:Class","obo:DOID_0050625 rdfs:subClassOf obo:DOID_0050625","obo:DOID_3463 rdf:type rdfs:Class","obo:DOID_2916 rdf:type rdfs:Class","obo:DOID_5782 rdfs:subClassOf obo:DOID_5782","obo:DOID_0050577 rdfs:subClassOf obo:DOID_0050577","rdfs:Class rdf:type rdfs:Class","obo:DOID_9958 rdfs:subClassOf obo:DOID_9958","obo:DOID_0050577 rdf:type rdfs:Class","rdf:rest rdf:type rdfs:Resource","rdfs:seeAlso rdf:type rdf:Property","rdfs:comment rdf:type rdf:Property","rdfs:ContainerMembershipProperty rdfs:subClassOf rdf:Property","obo:DOID_0050790 rdf:type rdfs:Resource","obo:DOID_5614 rdf:type rdfs:Resource","obo:DOID_201 rdfs:subClassOf obo:DOID_201","obo:DOID_326 rdf:type rdfs:Resource","obo:DOID_0060084 rdfs:subClassOf obo:DOID_0060084","rdf:nil rdf:type rdfs:Resource","rdfs:Container rdf:type rdfs:Resource","obo:DOID_4251 rdf:type rdfs:Class","obo:DOID_13790 rdf:type rdfs:Class","rdf:subject rdf:type rdf:Property","rdf:Seq rdfs:subClassOf rdfs:Container","rdf:rest rdfs:domain rdf:List","obo:DOID_0060388 rdfs:subClassOf obo:DOID_0060388","rdf:subject rdf:type rdfs:Resource","obo:DOID_254 rdf:type rdfs:Class","obo:DOID_363 rdf:type rdfs:Class","rdfs:isDefinedBy rdfs:subPropertyOf rdfs:isDefinedBy","rdf:Property rdf:type rdfs:Class","obo:DOID_1962 rdf:type rdfs:Class","obo:DOID_1271 rdfs:subClassOf obo:DOID_1271","obo:DOID_4250 rdf:type rdfs:Class","obo:DOID_0050696 rdfs:subClassOf obo:DOID_0050696","obo:DOID_12270 rdfs:subClassOf obo:DOID_12270","obo:DOID_178 rdfs:subClassOf obo:DOID_178","obo:DOID_5733 rdf:type rdfs:Resource","rdf:Statement rdf:type rdfs:Class","obo:DOID_0050489 rdf:type rdfs:Resource","obo:DOID_0060393 rdfs:subClassOf obo:DOID_0060393","rdfs:label rdf:type rdf:Property","obo:DOID_8651 rdf:type rdfs:Class","rdfs:label rdf:type rdfs:Resource","obo:DOID_4923 rdfs:subClassOf obo:DOID_4923","obo:DOID_12270 rdf:type rdfs:Resource","obo:DOID_0050696 rdf:type rdfs:Resource","obo:DOID_238 rdf:type rdfs:Resource","rdf:Bag rdf:type rdfs:Class","obo:DOID_2998 rdfs:subClassOf obo:DOID_2998","rdf:Alt rdfs:subClassOf rdfs:Container","obo:DOID_0060084 rdf:type rdfs:Resource","rdfs:subPropertyOf rdfs:domain rdf:Property","obo:DOID_275 rdfs:subClassOf obo:DOID_275","obo:DOID_238 rdfs:subClassOf obo:DOID_238","obo:DOID_1271 rdf:type rdfs:Resource","owl:Axiom rdf:type rdfs:Resource","obo:DOID_0050489 rdfs:subClassOf obo:DOID_0050489","rdfs:label rdfs:range rdfs:Literal","obo:DOID_5557 rdfs:subClassOf obo:DOID_5557","obo:DOID_14400 rdf:type rdfs:Class","rdfs:Datatype rdfs:subClassOf rdfs:Datatype","rdfs:Datatype rdfs:subClassOf rdfs:Class","rdfs:subPropertyOf rdf:type rdf:Property","obo:DOID_8567 rdfs:subClassOf obo:DOID_8567","obo:DOID_2916 rdf:type rdfs:Resource","obo:DOID_3463 rdf:type rdfs:Resource","rdfs:Class rdf:type rdfs:Resource","obo:DOID_345 rdfs:subClassOf obo:DOID_345","rdfs:range rdfs:range rdfs:Class","rdfs:subPropertyOf rdf:type rdfs:Resource","rdfs:Literal rdfs:subClassOf rdfs:Resource","obo:DOID_0050577 rdf:type rdfs:Resource","obo:DOID_12176 rdf:type rdfs:Resource","obo:DOID_201 rdf:type rdfs:Class","obo:DOID_0050665 rdfs:subClassOf obo:DOID_0050665","obo:DOID_5733 rdfs:subClassOf obo:DOID_5733","rdfs:Literal rdf:type rdfs:Resource","rdf:type rdf:type rdf:Property","obo:DOID_0080060 rdfs:subClassOf obo:DOID_0080060","obo:DOID_0050687 rdf:type rdfs:Resource","obo:DOID_11335 rdfs:subClassOf obo:DOID_11335","rdfs:Class rdfs:subClassOf rdfs:Resource","obo:DOID_3284 rdfs:subClassOf obo:DOID_3284","obo:DOID_345 rdf:type rdfs:Class","rdfs:ContainerMembershipProperty rdfs:subClassOf rdfs:ContainerMembershipProperty","obo:DOID_3225 rdfs:subClassOf obo:DOID_3225","rdfs:Datatype rdf:type rdfs:Class","obo:DOID_3284 rdf:type rdfs:Class","rdfs:ContainerMembershipProperty rdf:type rdfs:Class","rdf:type rdf:type rdfs:Resource","obo:DOID_0060356 rdf:type rdfs:Class","rdf:XMLLiteral rdf:type rdfs:Resource","obo:DOID_5557 rdf:type rdfs:Resource","obo:DOID_3225 rdf:type rdfs:Resource","obo:DOID_8439 rdf:type rdfs:Class","rdfs:isDefinedBy rdf:type rdfs:Resource","obo:DOID_0050665 rdf:type rdfs:Resource","obo:DOID_0080060 rdf:type rdfs:Resource","rdfs:range rdfs:domain rdf:Property","rdfs:isDefinedBy rdf:type rdf:Property","obo:DOID_0050737 rdf:type rdfs:Class","obo:DOID_0060393 rdf:type rdfs:Resource","obo:DOID_120 rdfs:subClassOf obo:DOID_120","obo:DOID_8438 rdf:type rdfs:Class","obo:DOID_0050625 rdf:type rdfs:Class","obo:DOID_4905 rdf:type rdfs:Class","obo:DOID_3227 rdf:type rdfs:Resource","obo:DOID_0060268 rdf:type rdfs:Class","rdf:rest rdfs:subPropertyOf rdf:rest","rdfs:subClassOf rdfs:domain rdfs:Class","rdfs:Resource rdf:type rdfs:Resource","rdf:subject rdfs:domain rdf:Statement","obo:DOID_14400 rdfs:subClassOf obo:DOID_14400","obo:DOID_178 rdf:type rdfs:Class","rdf:first rdf:type rdfs:Resource","obo:DOID_4923 rdf:type rdfs:Class","obo:DOID_275 rdf:type rdfs:Class","obo:DOID_2998 rdf:type rdfs:Class","obo:DOID_5614 rdfs:subClassOf obo:DOID_5614","obo:DOID_326 rdfs:subClassOf obo:DOID_326","obo:DOID_2668 rdfs:subClassOf obo:DOID_2668","obo:DOID_0060388 rdf:type rdfs:Class","rdfs:seeAlso rdfs:subPropertyOf rdfs:seeAlso","rdf:type rdfs:range rdfs:Class","obo:DOID_11335 rdf:type rdfs:Class","rdf:Alt rdf:type rdfs:Resource","obo:DOID_5469 rdf:type rdfs:Resource","rdf:first rdf:type rdf:Property","obo:DOID_3227 rdfs:subClassOf obo:DOID_3227","obo:DOID_8567 rdf:type rdfs:Class","obo:DOID_0050790 rdfs:subClassOf obo:DOID_0050790","rdf:List rdf:type rdfs:Resource","rdfs:range rdf:type rdf:Property","obo:DOID_0050950 rdf:type rdfs:Resource","rdf:List rdfs:subClassOf rdfs:Resource","rdf:subject rdfs:subPropertyOf rdf:subject","rdf:Seq rdf:type rdfs:Resource","rdfs:Container rdfs:subClassOf rdfs:Container","obo:DOID_0060264 rdfs:subClassOf obo:DOID_0060264","obo:DOID_1909 rdf:type rdfs:Resource","obo:DOID_120 rdf:type rdfs:Class","obo:DOID_10688 rdf:type rdfs:Resource","obo:DOID_4074 rdfs:subClassOf obo:DOID_4074","obo:DOID_5782 rdf:type rdfs:Resource","obo:DOID_9958 rdf:type rdfs:Resource","obo:DOID_2668 rdf:type rdfs:Class","obo:DOID_3315 rdf:type rdfs:Resource","obo:DOID_4074 rdf:type rdfs:Class","rdfs:range rdf:type rdfs:Resource","obo:DOID_0060264 rdf:type rdfs:Class","owl:Class rdf:type rdfs:Class"],"InvalidAxioms":["rdf:type rdfs:subClassOf obo:DOID_0060388","obo:DOID_4251 rdfs:range rdfs:Class","obo:DOID_238 rdfs:subClassOf obo:DOID_3315","rdfs:isDefinedBy rdfs:subClassOf obo:DOID_345","obo:DOID_8567 rdfs:domain rdf:Property","obo:DOID_3463 rdfs:subClassOf obo:DOID_0050950","rdfs:range rdfs:domain rdf:List","obo:DOID_4250 rdfs:range rdfs:Class","obo:DOID_178 rdfs:subClassOf obo:DOID_3227","obo:DOID_3225 rdfs:subClassOf obo:DOID_2668","obo:DOID_3315 rdfs:subClassOf obo:DOID_3463","rdfs:ContainerMembershipProperty rdfs:subClassOf obo:DOID_5557","obo:DOID_5782 rdfs:domain rdf:List","rdf:subject rdfs:subClassOf obo:DOID_3315","obo:DOID_2668 rdfs:range rdfs:Literal","obo:DOID_0060393 rdfs:subClassOf obo:DOID_0060264","rdfs:isDefinedBy rdf:type rdfs:Class","rdfs:Datatype rdfs:subClassOf obo:DOID_3225","obo:DOID_0050625 rdfs:subClassOf rdfs:Resource","rdf:predicate rdfs:range rdfs:Class","obo:DOID_0050790 rdfs:subPropertyOf rdfs:seeAlso","rdfs:comment rdfs:subPropertyOf rdf:predicate","rdfs:seeAlso rdfs:subPropertyOf rdf:predicate","rdfs:Literal rdfs:subClassOf obo:DOID_12176","obo:DOID_0060356 rdf:type rdf:Property","rdfs:subClassOf rdfs:subClassOf obo:DOID_1271","rdf:first rdfs:subClassOf obo:DOID_345","obo:DOID_2998 rdfs:subClassOf obo:DOID_1271","rdfs:ContainerMembershipProperty rdfs:subClassOf rdf:Bag","rdfs:subClassOf rdfs:subClassOf obo:DOID_0050737","rdf:object rdfs:subClassOf rdfs:Container","obo:DOID_4251 rdfs:subClassOf obo:DOID_0080060","obo:DOID_1962 rdfs:subClassOf rdfs:Container","obo:DOID_8438 rdfs:subClassOf obo:DOID_0050489","obo:DOID_3463 rdfs:subClassOf obo:DOID_11335","obo:DOID_0060356 rdfs:range rdfs:Literal","rdf:Alt rdfs:subClassOf obo:DOID_345","obo:DOID_4250 rdfs:subClassOf obo:DOID_4905","obo:DOID_0080060 rdfs:subClassOf obo:DOID_120","rdf:rest rdfs:domain rdf:Statement","rdfs:range rdf:type rdfs:Class","rdf:List rdfs:subClassOf rdf:Alt","rdf:first rdfs:subClassOf rdfs:Class","rdf:first rdf:type rdfs:Class","obo:DOID_0060388 rdfs:subClassOf obo:DOID_238","rdfs:isDefinedBy rdfs:domain rdf:List","obo:DOID_4074 rdfs:subClassOf rdfs:Resource","obo:DOID_8567 rdf:type rdf:Property","obo:DOID_5614 rdfs:subClassOf obo:DOID_0050687","obo:DOID_1271 rdfs:subClassOf obo:DOID_4923","obo:DOID_120 rdfs:subClassOf obo:DOID_0060084","obo:DOID_1271 rdfs:subClassOf obo:DOID_1909","obo:DOID_178 rdfs:subClassOf obo:DOID_254","obo:DOID_5733 rdfs:subClassOf obo:DOID_275","obo:DOID_254 rdfs:subClassOf obo:DOID_326","obo:DOID_275 rdf:type rdf:Property","obo:DOID_5614 rdfs:subClassOf obo:DOID_10688","obo:DOID_4923 rdf:type rdf:Property","obo:DOID_0050790 rdfs:subClassOf rdf:Alt","obo:DOID_0060264 rdfs:subPropertyOf rdf:predicate","rdf:subject rdf:type rdf:List","obo:DOID_8438 rdfs:subClassOf obo:DOID_0060393","obo:DOID_2916 rdfs:subClassOf obo:DOID_201","obo:DOID_238 rdf:type rdfs:Datatype","obo:DOID_0050665 rdfs:subClassOf obo:DOID_5782","obo:DOID_8567 rdfs:subClassOf obo:DOID_0050665","obo:DOID_0050737 rdfs:domain rdf:Statement","rdf:nil rdfs:subClassOf rdfs:Datatype","rdf:rest rdfs:domain rdf:Property","rdfs:label rdf:type rdfs:Class","obo:DOID_4250 rdfs:subClassOf rdf:Property","obo:DOID_3225 rdfs:range rdf:Property","rdf:List rdfs:subClassOf obo:DOID_178","obo:DOID_3315 rdfs:subClassOf obo:DOID_2998","rdf:Property rdf:type rdf:Property","rdfs:Literal rdfs:subClassOf obo:DOID_201","owl:Class rdfs:subClassOf obo:DOID_8651","rdf:nil rdf:type rdfs:Class","obo:DOID_8651 rdfs:subClassOf obo:DOID_0050737","obo:DOID_363 rdf:type rdf:Property","obo:DOID_4250 rdfs:subClassOf obo:DOID_12270","rdfs:domain rdfs:subClassOf rdfs:Container","obo:DOID_8438 rdfs:subPropertyOf rdfs:isDefinedBy","rdf:Statement rdfs:subClassOf obo:DOID_1962","obo:DOID_0050577 rdfs:subClassOf obo:DOID_2916","obo:DOID_4923 rdfs:subPropertyOf rdf:predicate","rdf:subject rdf:type rdfs:Class","rdfs:subClassOf rdfs:subPropertyOf rdf:predicate","obo:DOID_13790 rdf:type rdf:Property","obo:DOID_275 rdfs:subClassOf obo:DOID_0050790","obo:DOID_0060268 rdfs:range rdfs:Class","obo:DOID_1271 rdfs:subClassOf obo:DOID_5469","rdfs:ContainerMembershipProperty rdf:type rdf:Property","obo:DOID_14400 rdfs:subClassOf obo:DOID_1962","rdfs:comment rdfs:subClassOf rdf:Property","obo:DOID_254 rdfs:subClassOf obo:DOID_3227","rdfs:isDefinedBy rdfs:subPropertyOf rdf:rest","obo:DOID_14400 rdfs:subClassOf obo:DOID_1271","obo:DOID_0050625 rdfs:subClassOf obo:DOID_326","rdf:first rdfs:subClassOf obo:DOID_9958","obo:DOID_0050687 rdf:type rdfs:Datatype","obo:DOID_178 rdfs:range rdfs:Class","obo:DOID_1271 rdfs:domain rdf:List","obo:DOID_8567 rdfs:domain rdf:Statement","obo:DOID_12270 rdfs:subClassOf obo:DOID_3463","obo:DOID_0050665 rdfs:subClassOf obo:DOID_14400","rdf:Property rdfs:subClassOf obo:DOID_0050489","obo:DOID_0080060 rdfs:subClassOf obo:DOID_275","obo:DOID_0050665 rdfs:subClassOf obo:DOID_0050950","obo:DOID_4923 rdfs:subClassOf obo:DOID_0060393","obo:DOID_1909 rdfs:subPropertyOf rdfs:seeAlso","obo:DOID_5557 rdfs:subClassOf obo:DOID_14400","obo:DOID_201 rdf:type rdf:Property","rdf:type rdf:type rdfs:Class","obo:DOID_4251 rdfs:range rdfs:Literal","obo:DOID_5469 rdfs:subClassOf obo:DOID_8567","obo:DOID_0060393 rdfs:subClassOf obo:DOID_0060388","rdf:nil rdfs:domain rdf:List","rdfs:range rdfs:subClassOf obo:DOID_5782","obo:DOID_201 rdfs:subClassOf obo:DOID_1271","obo:DOID_201 rdfs:subClassOf rdf:Property","rdfs:domain rdfs:domain rdf:Statement","obo:DOID_0050489 rdfs:subClassOf obo:DOID_201","owl:Axiom rdfs:domain rdfs:Class","rdf:predicate rdfs:range rdfs:Literal","rdf:predicate rdfs:domain rdf:Property","rdfs:subPropertyOf rdf:type rdfs:Class","rdfs:subClassOf rdfs:range rdf:List","obo:DOID_254 rdfs:subClassOf obo:DOID_5733","obo:DOID_3227 rdfs:subClassOf obo:DOID_275","rdf:rest rdfs:subClassOf obo:DOID_238","obo:DOID_201 rdfs:subClassOf rdfs:Resource","rdfs:subPropertyOf rdfs:subClassOf obo:DOID_0050577","rdf:Statement rdfs:subClassOf obo:DOID_3227","rdfs:comment rdfs:subClassOf obo:DOID_363","rdf:type rdfs:subClassOf obo:DOID_345","rdf:object rdf:type rdfs:Class","rdf:object rdfs:subPropertyOf rdf:first","rdfs:Literal rdfs:subClassOf obo:DOID_0050489","rdfs:seeAlso rdfs:domain rdf:List","obo:DOID_4250 rdfs:subClassOf obo:DOID_4074","obo:DOID_0050737 rdfs:subPropertyOf rdfs:seeAlso","rdf:nil rdf:type rdf:Property","rdf:Statement rdfs:subClassOf obo:DOID_2668","obo:DOID_0080060 rdfs:subClassOf rdf:Bag","obo:DOID_5733 rdfs:subClassOf rdfs:Resource","rdfs:domain rdfs:subClassOf obo:DOID_2998","obo:DOID_5782 rdfs:subClassOf obo:DOID_4905","rdf:predicate rdfs:subClassOf rdf:Alt","obo:DOID_9958 rdfs:subClassOf rdfs:Container","obo:DOID_9958 rdfs:subClassOf obo:DOID_4905","rdf:List rdfs:subClassOf obo:DOID_5557","obo:DOID_0050790 rdfs:subClassOf obo:DOID_1962","obo:DOID_10688 rdfs:subClassOf obo:DOID_326","obo:DOID_0080060 rdfs:range rdfs:Class","rdf:rest rdfs:subClassOf obo:DOID_120","rdf:subject rdfs:subClassOf obo:DOID_4250","obo:DOID_0060084 rdf:type rdf:Property","obo:DOID_2668 rdfs:subClassOf obo:DOID_10688","obo:DOID_238 rdf:type rdf:Property","rdf:first rdfs:subClassOf rdfs:Container","obo:DOID_12270 rdf:type rdf:Property","obo:DOID_0050489 rdf:type rdf:Property","obo:DOID_0050625 rdfs:subClassOf obo:DOID_8567","obo:DOID_8567 rdfs:subClassOf obo:DOID_178","obo:DOID_5733 rdf:type rdf:Property","rdf:predicate rdf:type rdfs:Class","rdf:type rdfs:subClassOf obo:DOID_0060356","obo:DOID_3284 rdfs:subClassOf obo:DOID_2668","rdfs:seeAlso rdf:type rdfs:Class","rdfs:comment rdf:type rdfs:Class","rdf:Alt rdfs:subPropertyOf rdfs:isDefinedBy","rdfs:ContainerMembershipProperty rdfs:subClassOf rdfs:Class","obo:DOID_5469 rdfs:subPropertyOf rdfs:isDefinedBy","obo:DOID_0060393 rdfs:subClassOf obo:DOID_0050790","rdf:Seq rdfs:range rdfs:Class","rdf:object rdfs:domain rdf:List","rdfs:Literal rdfs:subClassOf obo:DOID_8438","rdfs:comment rdfs:subClassOf rdfs:ContainerMembershipProperty","obo:DOID_0050577 rdfs:subClassOf obo:DOID_0050696","rdfs:Class rdfs:subClassOf obo:DOID_254","rdfs:Class rdfs:subClassOf obo:DOID_363","obo:DOID_3463 rdf:type rdf:Property","obo:DOID_2998 rdfs:subPropertyOf rdfs:seeAlso","rdfs:Literal rdfs:subClassOf obo:DOID_0060084","rdfs:range rdfs:domain rdf:Statement","rdf:rest rdf:type rdfs:Class","rdf:subject rdfs:subClassOf obo:DOID_4251","obo:DOID_3315 rdfs:subClassOf rdf:Bag","rdfs:isDefinedBy rdfs:subClassOf rdfs:Container","rdfs:subPropertyOf rdfs:subClassOf rdfs:Resource","obo:DOID_0060264 rdfs:subPropertyOf rdfs:seeAlso","rdf:first rdfs:range rdfs:Class","obo:DOID_3225 rdfs:subClassOf obo:DOID_0050625","rdf:List rdfs:range rdfs:Class","obo:DOID_8438 rdfs:subClassOf obo:DOID_1909","rdf:rest rdfs:subClassOf obo:DOID_345","obo:DOID_12176 rdf:type rdf:Property","rdf:Bag rdfs:subClassOf obo:DOID_2916","rdfs:Container rdfs:subClassOf obo:DOID_13790","obo:DOID_0050577 rdfs:subClassOf obo:DOID_0050737","obo:DOID_8439 rdfs:subClassOf obo:DOID_3284","rdfs:ContainerMembershipProperty rdfs:subClassOf obo:DOID_0050950","obo:DOID_0050489 rdfs:range rdfs:Class","obo:DOID_0060393 rdfs:subClassOf obo:DOID_363","rdf:predicate rdfs:range rdf:Property","obo:DOID_4250 rdfs:subPropertyOf rdfs:seeAlso","rdfs:Literal rdfs:subClassOf rdfs:Container","rdfs:subPropertyOf rdfs:subClassOf obo:DOID_0050790","obo:DOID_5733 rdfs:domain rdf:Statement","rdf:rest rdfs:subClassOf obo:DOID_0050687","obo:DOID_8438 rdfs:subClassOf rdfs:ContainerMembershipProperty","rdf:Seq rdfs:range rdfs:Literal","obo:DOID_8651 rdfs:subClassOf obo:DOID_11335","rdfs:Container rdfs:subClassOf rdf:Bag","rdfs:label rdfs:range rdfs:Class","obo:DOID_13790 rdfs:subPropertyOf rdfs:seeAlso","obo:DOID_0050790 rdfs:subClassOf rdf:Bag","obo:DOID_12270 rdfs:range rdfs:Class","obo:DOID_238 rdfs:range rdfs:Class","obo:DOID_5614 rdfs:subClassOf rdf:Bag","obo:DOID_3227 rdfs:subClassOf obo:DOID_238","obo:DOID_120 rdfs:subClassOf obo:DOID_3463","obo:DOID_2998 rdfs:subClassOf obo:DOID_201","obo:DOID_5469 rdfs:subClassOf obo:DOID_4251","rdfs:Literal rdfs:subClassOf obo:DOID_5557","rdf:predicate rdfs:subPropertyOf rdfs:seeAlso","rdfs:seeAlso rdfs:subPropertyOf rdf:rest","rdf:List rdfs:subClassOf obo:DOID_3227","rdf:first rdfs:domain rdf:Property","rdfs:Resource rdfs:subClassOf obo:DOID_12270","obo:DOID_363 rdfs:subClassOf obo:DOID_5782","obo:DOID_14400 rdfs:subClassOf obo:DOID_4923","obo:DOID_0060393 rdfs:subClassOf obo:DOID_8438","obo:DOID_3227 rdf:type rdf:Property","rdf:subject rdfs:range rdfs:Class","obo:DOID_0050665 rdfs:subPropertyOf rdf:object","obo:DOID_0060264 rdfs:subClassOf rdfs:Class","rdfs:subClassOf rdf:type rdfs:Class","rdf:List rdf:type rdf:Property","obo:DOID_3227 rdfs:subClassOf obo:DOID_0050489","obo:DOID_2668 rdfs:subClassOf rdfs:Datatype","obo:DOID_254 rdfs:subClassOf obo:DOID_0060388","obo:DOID_2998 rdfs:subClassOf rdfs:ContainerMembershipProperty","rdf:predicate rdfs:subClassOf obo:DOID_1909","obo:DOID_2668 rdfs:subClassOf rdf:Alt","rdf:Statement rdfs:subClassOf rdf:Seq","obo:DOID_8651 rdfs:subClassOf obo:DOID_4923","obo:DOID_238 rdfs:subClassOf rdfs:Container","rdfs:range rdfs:subClassOf obo:DOID_1962","rdfs:isDefinedBy rdfs:domain rdf:Property","rdfs:label rdfs:subPropertyOf rdf:predicate","obo:DOID_254 rdfs:subClassOf obo:DOID_4923","rdfs:range rdfs:subClassOf obo:DOID_363","owl:Axiom rdfs:subClassOf obo:DOID_0050790","obo:DOID_326 rdfs:subClassOf obo:DOID_0050625","rdfs:domain rdf:type rdfs:Class","obo:DOID_9958 rdfs:subClassOf obo:DOID_0050696","obo:DOID_0050665 rdfs:domain rdf:Property","rdfs:range rdfs:subClassOf obo:DOID_12270","obo:DOID_0050625 rdfs:subClassOf obo:DOID_3463","rdfs:seeAlso rdfs:subClassOf obo:DOID_9958","owl:Axiom rdfs:subClassOf obo:DOID_5614","obo:DOID_4251 rdfs:subClassOf rdf:Seq","obo:DOID_11335 rdfs:subClassOf rdf:Alt","rdf:Statement rdfs:subClassOf obo:DOID_0060388","obo:DOID_326 rdfs:subPropertyOf rdf:subject","obo:DOID_4251 rdfs:subClassOf obo:DOID_275","obo:DOID_10688 rdfs:subClassOf obo:DOID_363","obo:DOID_0050577 rdfs:domain rdf:Statement","obo:DOID_1909 rdf:type rdf:Property","obo:DOID_13790 rdfs:subClassOf obo:DOID_4923","obo:DOID_0050950 rdf:type rdf:Property","rdf:Seq rdfs:subClassOf obo:DOID_254","obo:DOID_9958 rdfs:subClassOf obo:DOID_238"]}