{"OntologyName":"http://purl.obolibrary.org/obo/doid.owl#","Prefixes":{"":"http://purl.obolibrary.org/obo/doid.owl#","owl":"http://www.w3.org/2002/07/owl#","rdf":"http://www.w3.org/1999/02/22-rdf-syntax-ns#","oboInOwl":"http://www.geneontology.org/formats/oboInOwl#","xsd":"http://www.w3.org/2001/XMLSchema#","doid":"http://purl.obolibrary.org/obo/doid#","rdfs":"http://www.w3.org/2000/01/rdf-schema#","obo":"http://purl.obolibrary.org/obo/"},"TotalBase Triples":1000,"Axiomatic Triples in Base":0,"rdf:TypeTriples in Base":143,"TotalUniqueSubjects in base":145,"TotalUniquePredicates in base":15,"TotalUniqueObjects in base":693,"TotalInferred Triples":281,"AxiomaticTriples in inferred":100,"rdf:TypeTriples in inferred":179,"TotalUniqueSubjects in inferred":89,"TotalUniquePredicates in inferred":5,"TotalUniqueObjects in inferred":78,"TotalInvalid Triples":281,"AxiomaticTriples in invalid":64,"rdf:TypeTriples in invalid":39,"fullRandomTriples in invalid":0,"trickyTriplesInInvalid in invalid":281,"TotalUniqueSubjects in invalid":85,"TotalUniquePredicates in invalid":5,"TotalUniqueObjects in invalid":72,"Inference_time (miliseconds)":5,"Invalid triples generation time (miliseconds)":34,"Output (json_format) writing time (miliseconds)":0,"OriginalAxioms":["obo:DOID_11907 oboInOwl:hasDbXref SNOMEDCT_US_2015_03_01:85791004","obo:DOID_2228 rdfs:subClassOf obo:DOID_2218","f05d6d6c-bafd-475e-b92d-e1d627fc8a64 owl:annotatedSource obo:DOID_7380","obo:DOID_10600 oboInOwl:hasDbXref ICD10CM:F95.1","obo:DOID_7615 oboInOwl:hasExactSynonym sarcomatosis NOS morphologic abnormality","e58a74a0-0e74-4b13-af67-cea4df4ce1bd owl:annotatedSource obo:DOID_14172","937e8811-697c-43bb-bfc8-fd957dd9ee0b owl:annotatedSource obo:DOID_4998","d99d0aee-d896-422d-a357-ecebc7f42900 owl:annotatedSource obo:DOID_12376","356f1bfe-0323-4b80-8eff-a7f301a4f960 rdf:type owl:Axiom","obo:DOID_3836 oboInOwl:hasOBONamespace disease_ontology","602695a5-c350-47c9-a6bf-bd40d4998ddb owl:annotatedProperty oboInOwl:hasExactSynonym","da3400af-b887-4b23-be14-78ffa2af9e65 owl:annotatedProperty oboInOwl:hasExactSynonym","obo:DOID_5117 oboInOwl:hasExactSynonym Dermoid cyst of ovary","obo:DOID_14072 owl:deprecated true^^http://www.w3.org/2001/XMLSchema#boolean","46d04f48-7c5f-4974-a2d9-bd915d07f6ed rdf:type owl:Axiom","d99d0aee-d896-422d-a357-ecebc7f42900 rdf:type owl:Axiom","obo:DOID_13137 oboInOwl:hasOBONamespace disease_ontology","obo:DOID_9021 oboInOwl:hasDbXref NCI:C3953","obo:DOID_2441 rdf:type owl:Class","obo:DOID_2228 obo:IAO_0000115 A myeloma and blood platelet disease that is characterized by the presence of high platelet counts in the blood.","obo:DOID_2228 oboInOwl:hasDbXref SNOMEDCT_US_2015_03_01:6631009","obo:DOID_11944 oboInOwl:hasExactSynonym Trichomonal prostatitis disorder","e59f4f67-5ab4-49e7-9c2a-30d84dfbbed8 owl:annotatedProperty obo:IAO_0000115","obo:DOID_3924 oboInOwl:hasDbXref SNOMEDCT_US_2015_03_01:154487009","obo:DOID_0050262 oboInOwl:hasOBONamespace disease_ontology","obo:DOID_5205 rdf:type owl:Class","obo:DOID_7527 rdfs:label acute gonococcal endometritis","obo:DOID_3924 oboInOwl:hasDbXref SNOMEDCT_US_2015_03_01:372065009","c8d8385d-5bdc-47eb-9b57-446cc5214687 owl:annotatedProperty oboInOwl:hasExactSynonym","62ae96b6-9949-4ee8-b68b-1f27bda0ff0d rdf:type owl:Axiom","obo:DOID_3748 oboInOwl:hasDbXref MSH:C562729","fa461bf1-7b4e-4fdd-bffb-412161326d04 owl:annotatedSource obo:DOID_783","03e0c8bc-3c81-439a-ac34-a5c4ea37ae53 owl:annotatedSource obo:DOID_12765","9a6fe07b-4bbe-46d8-a7e7-9804cf125d23 rdf:type owl:Axiom","c35bdbce-39b8-47d6-af3d-688bcb2e3df9 owl:annotatedSource obo:DOID_12995","obo:DOID_5117 rdf:type owl:Class","1395e7c9-2e8e-45b3-be86-3f1cfc6b5eb2 rdf:type owl:Axiom","obo:DOID_5117 oboInOwl:hasDbXref SNOMEDCT_US_2015_03_01:119424003","0689960f-40b7-46ba-a8ce-8c3ce7bd2fe6 oboInOwl:hasDbXref url:http://en.wikipedia.org/wiki/Tic_disorder","efb6550f-100a-4c3b-94c1-7849744f4bab owl:annotatedProperty oboInOwl:hasExactSynonym","obo:DOID_11944 oboInOwl:id DOID:11944","obo:DOID_7615 oboInOwl:hasDbXref UMLS_CUI:C0334451","0436054c-d6bf-4d46-9722-e5105bec81e2 owl:annotatedTarget disorder of nasopharynx disorder","a3c45f61-1206-4a3d-aa33-95c7e7a845df owl:annotatedTarget Hodgkins disease, nodular sclerosis of lymph nodes of multiple sites disorder","obo:DOID_2265 oboInOwl:hasExactSynonym Treponema infection","041b7be8-af54-4465-8c86-a74ec43f9bfe owl:annotatedTarget A phobic disorder involving the specific anxiety about being in a place or situation where escape is difficult or embarrassing or where help may be unavailable.","obo:DOID_11183 oboInOwl:hasExactSynonym Hemophilus influenzae septicemia disorder","obo:DOID_7388 rdfs:subClassOf obo:DOID_175","f76e4d53-17ce-4415-bc4b-758a5da85902 owl:annotatedProperty obo:IAO_0000115","obo:DOID_5117 oboInOwl:hasDbXref UMLS_CUI:C0237020","obo:DOID_4595 owl:deprecated true^^http://www.w3.org/2001/XMLSchema#boolean","obo:DOID_0050350 oboInOwl:hasOBONamespace disease_ontology","obo:DOID_3924 oboInOwl:hasOBONamespace disease_ontology","obo:DOID_884 obo:IAO_0000115 A parasitic helminthiasis infectious disease that involves parasitic infection of the intestine by Metagonimus yokogawai. The symptoms are diarrhea and colicky abdominal pain. The heart and brain can also be infected.","obo:DOID_5330 oboInOwl:hasDbXref MSH:D003788","599a6822-4102-439b-a9eb-ee648ec6556a owl:annotatedSource obo:DOID_4866","obo:DOID_3748 oboInOwl:inSubset doid:DO_cancer_slim","a23ade66-ba48-4917-a4db-0116fe58ed31 owl:annotatedSource obo:DOID_11668","obo:DOID_0060041 oboInOwl:id DOID:0060041","obo:DOID_5330 rdfs:subClassOf obo:DOID_1091","obo:DOID_884 oboInOwl:hasExactSynonym Infection by Metagonimus yokogawai","obo:DOID_3924 oboInOwl:hasDbXref UMLS_CUI:C0153490","8cfb3432-b6a5-4f71-a5b0-641c6bd3d800 rdf:type owl:Axiom","obo:DOID_8211 oboInOwl:hasDbXref NCI:C40114","obo:DOID_0060041 rdf:type owl:Class","obo:DOID_2265 oboInOwl:id DOID:2265","obo:DOID_11944 rdfs:label Trichomonas prostatitis","0b712cf8-2804-4d62-a41c-ce40a35ba6e0 oboInOwl:hasDbXref SNOMEDCT_2005_07_31:203323007","obo:DOID_4734 oboInOwl:id DOID:4734","obo:DOID_7615 oboInOwl:id DOID:7615","obo:DOID_4595 rdfs:label adult meningioma","a3c45f61-1206-4a3d-aa33-95c7e7a845df rdf:type owl:Axiom","obo:DOID_11944 oboInOwl:hasExactSynonym Trichomonal prostatitis","f597c397-c14e-4e8e-a960-91a8a2fdab82 rdf:type owl:Axiom","obo:DOID_1882 oboInOwl:hasDbXref OMIM:611363","a4f99c58-efa6-4a43-9b01-e9faa5c49e0e rdf:type owl:Axiom","356f1bfe-0323-4b80-8eff-a7f301a4f960 owl:annotatedSource obo:DOID_4987","obo:DOID_8211 oboInOwl:id DOID:8211","3f6e474a-350b-4939-a9bf-ed1d3bf87cf5 owl:annotatedTarget Hodgkins granuloma of spleen disorder","5a96becc-27e6-4a8c-9388-05157f2f609f owl:annotatedSource obo:DOID_8094","b2dba5a2-05b6-48ed-8bf2-d1fe1a4dc6d7 oboInOwl:hasDbXref CSP2005:2119-8616","2eba3dd4-5324-42fc-adc2-c285f0b33b91 owl:annotatedProperty oboInOwl:hasExactSynonym","obo:DOID_2316 oboInOwl:hasDbXref UMLS_CUI:C0007786","356f1bfe-0323-4b80-8eff-a7f301a4f960 owl:annotatedTarget relapsed Ewings sarcoma","ca8720ae-44a4-4039-903a-4a300c312c33 owl:annotatedProperty oboInOwl:hasExactSynonym","4ba0af12-9e84-42a7-92c0-a4619b4a0c77 owl:annotatedSource obo:DOID_2365","obo:DOID_13137 oboInOwl:hasDbXref MSH:D014897","0436054c-d6bf-4d46-9722-e5105bec81e2 rdf:type owl:Axiom","obo:DOID_3748 oboInOwl:hasDbXref UMLS_CUI:C0279626","ab0b381f-47bb-4458-bcf4-c103e63362e5 owl:annotatedTarget A sinusitis which involves infection of ethmoid sinuses that causes pain or pressure behind and between the eyes, tearing, and headache over the forehead.","obo:DOID_3924 oboInOwl:hasDbXref SNOMEDCT_US_2015_03_01:269563009","obo:DOID_3748 rdfs:label esophagus squamous cell carcinoma","obo:DOID_13137 oboInOwl:hasRelatedSynonym Werdnig-Hoffman disease","obo:DOID_10600 oboInOwl:hasExactSynonym chronic motor or vocal tic disorder","obo:DOID_0050401 rdfs:label Pseudomonas endocarditis","8cfb3432-b6a5-4f71-a5b0-641c6bd3d800 owl:annotatedSource obo:DOID_14798","obo:DOID_13313 oboInOwl:hasOBONamespace disease_ontology","obo:DOID_7388 oboInOwl:hasExactSynonym leiomyosarcoma of the pulmonary Vein","obo:DOID_2265 rdf:type owl:Class","obo:DOID_6629 oboInOwl:hasDbXref UMLS_CUI:C1334966","948350cc-cc2f-405a-bc2b-420ca5a570dc owl:annotatedProperty oboInOwl:hasExactSynonym","obo:DOID_3748 oboInOwl:hasOBONamespace disease_ontology","e68726bb-7010-44dc-9aaf-2fb4dce1fa1e owl:annotatedSource obo:DOID_8381","006acf65-182f-4531-bda3-31c646324fd7 owl:annotatedSource obo:DOID_12958","obo:DOID_8286 oboInOwl:id DOID:8286","obo:DOID_5117 rdfs:label dermoid cyst of ovary","obo:DOID_13401 rdfs:subClassOf obo:DOID_5679","obo:DOID_14072 rdfs:label neoplastic pregnancy complications","44fdece8-b7e1-4108-97d9-c62d9a8ce88e owl:annotatedProperty oboInOwl:hasExactSynonym","obo:DOID_11183 owl:deprecated true^^http://www.w3.org/2001/XMLSchema#boolean","3f6e474a-350b-4939-a9bf-ed1d3bf87cf5 oboInOwl:hasDbXref SNOMEDCT_2005_07_31:93536009","obo:DOID_1882 oboInOwl:hasExactSynonym congenital atrial septal defect","obo:DOID_10461 oboInOwl:hasOBONamespace disease_ontology","1933e26c-c7f7-4d78-a79c-aac34b133b40 owl:annotatedTarget A B cell deficiency that is caused by a mutation in the Brutons tyrosine kinase BTK gene on the X chromosome resulting in X-linked agammaglobulinemia type 1, which is an immunodeficiency characterized by the failure to produce mature B lymphocytes, and associated with a failure of Ig heavy chain rearrangement.","599a6822-4102-439b-a9eb-ee648ec6556a rdf:type owl:Axiom","obo:DOID_5205 oboInOwl:id DOID:5205","0667a912-d16d-4367-b196-401424ab225c owl:annotatedTarget Angiolipoma, infiltrating morphologic abnormality","00212a97-f0c6-4855-b216-5987ac275e20 owl:annotatedTarget Pneumococcal meningitis disorder","obo:DOID_3748 oboInOwl:id DOID:3748","obo:DOID_13401 oboInOwl:hasOBONamespace disease_ontology","ca8720ae-44a4-4039-903a-4a300c312c33 oboInOwl:hasDbXref SNOMEDCT_2005_07_31:154727008","eb475072-e02d-47b6-821b-5fbfa2b7ba73 owl:annotatedProperty obo:IAO_0000115","139cbb34-ae5e-4f3e-a474-1d817ca128eb oboInOwl:hasDbXref url:http://books.google.com/books?id\u003dZ_z1R9SO8iMC\u0026pg\u003dPA258#v\u003donepage\u0026q\u003d\u0026f\u003dfalse","obo:DOID_8959 owl:deprecated true^^http://www.w3.org/2001/XMLSchema#boolean","obo:DOID_1882 oboInOwl:hasDbXref SNOMEDCT_US_2015_03_01:69524004","obo:DOID_3836 oboInOwl:id DOID:3836","aae6ee97-baa7-4195-81ae-1d1eac712854 rdf:type owl:Axiom","6a1ece74-4db0-4eb0-a5f9-5f6f3654edb6 owl:annotatedProperty obo:IAO_0000115","obo:DOID_2441 oboInOwl:hasDbXref UMLS_CUI:C1333646","obo:DOID_11856 oboInOwl:hasExactSynonym Monocular exotropia with V pattern disorder","obo:DOID_11819 oboInOwl:hasDbXref SNOMEDCT_US_2015_03_01:363458004","2eba3dd4-5324-42fc-adc2-c285f0b33b91 rdf:type owl:Axiom","0586e22b-38e6-4969-9925-43ef6ac93427 rdf:type owl:Axiom","obo:DOID_13313 oboInOwl:hasDbXref NCI:C5717","8b8c9c7b-cafc-4bb6-b31f-b8a05297884b owl:annotatedSource obo:DOID_14245","obo:DOID_11183 oboInOwl:hasExactSynonym Septicemia due to hemophilus influenzae [H. influenzae]","da3400af-b887-4b23-be14-78ffa2af9e65 oboInOwl:hasDbXref SNOMEDCT_2005_07_31:5257006","f597c397-c14e-4e8e-a960-91a8a2fdab82 owl:annotatedProperty oboInOwl:hasExactSynonym","a3c45f61-1206-4a3d-aa33-95c7e7a845df owl:annotatedProperty oboInOwl:hasExactSynonym","obo:DOID_0050262 owl:deprecated true^^http://www.w3.org/2001/XMLSchema#boolean","obo:DOID_0050350 oboInOwl:inSubset doid:gram-positive_bacterial_infectious_disease","obo:DOID_7439 oboInOwl:hasDbXref SNOMEDCT_US_2015_03_01:267766007","34c066e8-e84a-4a3d-a7ef-f82406d0a083 owl:annotatedTarget Infantile nephropathic cystinosis disorder","obo:DOID_3836 owl:deprecated true^^http://www.w3.org/2001/XMLSchema#boolean","obo:DOID_9021 oboInOwl:hasDbXref ICD9CM:530.83","0436054c-d6bf-4d46-9722-e5105bec81e2 owl:annotatedProperty oboInOwl:hasExactSynonym","obo:DOID_14072 oboInOwl:hasOBONamespace disease_ontology","602695a5-c350-47c9-a6bf-bd40d4998ddb oboInOwl:hasDbXref SNOMEDCT_2005_07_31:203367009","ca8720ae-44a4-4039-903a-4a300c312c33 rdf:type owl:Axiom","obo:DOID_3163 oboInOwl:id DOID:3163","obo:DOID_4595 oboInOwl:hasOBONamespace disease_ontology","obo:DOID_0050350 owl:deprecated true^^http://www.w3.org/2001/XMLSchema#boolean","f3dd771c-acc5-4d8d-8076-17308982b8e0 owl:annotatedProperty obo:IAO_0000115","44fdece8-b7e1-4108-97d9-c62d9a8ce88e rdf:type owl:Axiom","obo:DOID_9021 rdfs:subClassOf obo:DOID_6050","obo:DOID_13137 rdfs:subClassOf obo:DOID_0060160","obo:DOID_13137 oboInOwl:id DOID:13137","4ba0af12-9e84-42a7-92c0-a4619b4a0c77 owl:annotatedTarget A viral infectious disease that results_in inflammation located_in brain, has_material_basis_in West Nile virus, which is transmitted_by Culex, transmitted_by Aedes, and transmitted_by Anopheles species of mosquitoes. The infection has_symptom high fever, has_symptom headache, has_symptom neck stiffness, has_symptom stupor, has_symptom disorientation, has_symptom coma, has_symptom tremors, has_symptom convulsions, has_symptom muscle weakness, has_symptom vision loss, has_symptom numbness, and has_symptom paralysis.","8b8c9c7b-cafc-4bb6-b31f-b8a05297884b oboInOwl:hasDbXref SNOMEDCT_2005_07_31:14046000","obo:DOID_10600 oboInOwl:hasDbXref MSH:D013981","948350cc-cc2f-405a-bc2b-420ca5a570dc rdf:type owl:Axiom","d599e132-3ab9-4d6e-b5f7-aa12a3fc3302 oboInOwl:hasDbXref NCI2004_11_17:C5567","obo:DOID_11856 oboInOwl:id DOID:11856","obo:DOID_11271 oboInOwl:hasAlternativeId DOID:11270","obo:DOID_1882 oboInOwl:hasDbXref SNOMEDCT_US_2015_03_01:405752007","aae6ee97-baa7-4195-81ae-1d1eac712854 owl:annotatedProperty oboInOwl:hasExactSynonym","a3c45f61-1206-4a3d-aa33-95c7e7a845df oboInOwl:hasDbXref SNOMEDCT_2005_07_31:188572001","b79bdcba-d9cf-4585-b047-ff5d4e4cc155 owl:annotatedProperty obo:IAO_0000115","7b71d011-f6ca-4523-8a69-08b07a571054 owl:annotatedTarget Borderline leprosy disorder","obo:DOID_11819 rdf:type owl:Class","obo:DOID_10600 oboInOwl:hasDbXref ICD9CM:307.22","0586e22b-38e6-4969-9925-43ef6ac93427 owl:annotatedSource obo:DOID_12583","599a6822-4102-439b-a9eb-ee648ec6556a oboInOwl:hasDbXref SNOMEDCT_2005_07_31:302827006","obo:DOID_9021 oboInOwl:hasExactSynonym esophageal Leukoplakia","obo:DOID_4683 oboInOwl:hasOBONamespace disease_ontology","obo:DOID_10600 oboInOwl:hasDbXref UMLS_CUI:C0008701","obo:DOID_7388 oboInOwl:hasDbXref NCI:C5374","599a6822-4102-439b-a9eb-ee648ec6556a owl:annotatedProperty oboInOwl:hasExactSynonym","obo:DOID_8211 oboInOwl:hasDbXref UMLS_CUI:C1517111","obo:DOID_7615 obo:IAO_0000115 A sarcoma that results_in the formation of numerous sarcomas or located_in various parts of the body.","obo:DOID_13313 oboInOwl:hasDbXref UMLS_CUI:C1335310","obo:DOID_13137 oboInOwl:hasDbXref OMIM:253300","obo:DOID_7615 rdfs:subClassOf obo:DOID_1115","62ad0632-9f4e-4bf3-875e-c6c17370b2ee oboInOwl:hasDbXref SNOMEDCT_2005_07_31:157098009","obo:DOID_6132 oboInOwl:hasDbXref ICD10CM:J40","obo:DOID_0050262 oboInOwl:id DOID:0050262","6295af75-4974-4abe-b6c0-332432a6d168 owl:annotatedSource obo:DOID_11976","obo:DOID_6132 oboInOwl:hasDbXref SNOMEDCT_US_2015_03_01:155512004","d99d0aee-d896-422d-a357-ecebc7f42900 owl:annotatedProperty oboInOwl:hasExactSynonym","46d04f48-7c5f-4974-a2d9-bd915d07f6ed owl:annotatedProperty oboInOwl:hasExactSynonym","obo:DOID_7439 oboInOwl:hasExactSynonym polyp of the middle ear","obo:DOID_10461 oboInOwl:hasExactSynonym Dental caries extending into dentine","602695a5-c350-47c9-a6bf-bd40d4998ddb rdf:type owl:Axiom","da3400af-b887-4b23-be14-78ffa2af9e65 rdf:type owl:Axiom","356f1bfe-0323-4b80-8eff-a7f301a4f960 owl:annotatedProperty oboInOwl:hasExactSynonym","05043109-5241-49f8-b684-7cb90f3bab53 owl:annotatedSource obo:DOID_2870","obo:DOID_1882 oboInOwl:hasDbXref SNOMEDCT_US_2015_03_01:204316004","obo:DOID_8286 oboInOwl:hasExactSynonym metastatic epithelioid cell sarcoma","obo:DOID_11819 oboInOwl:hasDbXref SNOMEDCT_US_2015_03_01:94121005","602695a5-c350-47c9-a6bf-bd40d4998ddb owl:annotatedTarget Calve - Perthes disease","obo:DOID_11907 rdf:type owl:Class","obo:DOID_3163 rdfs:label spindle cell cancer","c8d8385d-5bdc-47eb-9b57-446cc5214687 rdf:type owl:Axiom","62ae96b6-9949-4ee8-b68b-1f27bda0ff0d owl:annotatedProperty oboInOwl:hasExactSynonym","e58a74a0-0e74-4b13-af67-cea4df4ce1bd owl:annotatedTarget Rheumatic heart failure","obo:DOID_0050262 rdfs:label Acoelomata infectious disease","f05d6d6c-bafd-475e-b92d-e1d627fc8a64 oboInOwl:hasDbXref SNOMEDCT_2005_07_31:254661000","08b41c5c-b9f4-4958-8cda-8669fa210f2d owl:annotatedTarget PAGETS BONE DISEASE","obo:DOID_7439 oboInOwl:hasDbXref SNOMEDCT_US_2015_03_01:73103007","ab0b381f-47bb-4458-bcf4-c103e63362e5 oboInOwl:hasDbXref url:http://www.merck.com/mmhe/sec19/ch221/ch221i.html","e83605d1-61ff-42c8-b7de-ad7f2cf25fee rdf:type owl:Axiom","obo:DOID_13350 rdfs:label gender identity disorder in children","obo:DOID_5330 rdf:type owl:Class","4ba0af12-9e84-42a7-92c0-a4619b4a0c77 oboInOwl:hasDbXref url:http://www.cdc.gov/ncidod/dvbid/westnile/wnv_factsheet.htm","obo:DOID_0060004 rdfs:subClassOf obo:DOID_438","obo:DOID_5117 oboInOwl:hasDbXref SNOMEDCT_US_2015_03_01:269641006","15c39a15-b091-415c-97d5-12fb60c9e778 owl:annotatedTarget disorder of optic nerve disorder","obo:DOID_7527 oboInOwl:hasExactSynonym Gonococcal endometritis acute","obo:DOID_10600 oboInOwl:hasOBONamespace disease_ontology","ca8720ae-44a4-4039-903a-4a300c312c33 owl:annotatedSource obo:DOID_13577","03e0c8bc-3c81-439a-ac34-a5c4ea37ae53 oboInOwl:hasDbXref url:http://en.wikipedia.org/wiki/Peritonsillar_abscess","efb6550f-100a-4c3b-94c1-7849744f4bab rdf:type owl:Axiom","obo:DOID_3924 oboInOwl:hasDbXref SNOMEDCT_US_2015_03_01:187856002","948350cc-cc2f-405a-bc2b-420ca5a570dc owl:annotatedTarget Articular cartilage disorder involving forearm","eb475072-e02d-47b6-821b-5fbfa2b7ba73 owl:annotatedSource obo:DOID_0060046","obo:DOID_7439 oboInOwl:hasExactSynonym polyp of middle ear disorder","1395e7c9-2e8e-45b3-be86-3f1cfc6b5eb2 owl:annotatedProperty oboInOwl:hasExactSynonym","530a78a6-7231-4f60-97db-dc4b8d5a63d8 owl:annotatedTarget Papillary cystic neoplasm","obo:DOID_8959 oboInOwl:hasOBONamespace disease_ontology","9a6fe07b-4bbe-46d8-a7e7-9804cf125d23 owl:annotatedProperty oboInOwl:hasExactSynonym","obo:DOID_1882 oboInOwl:hasExactSynonym atrial septal defect","obo:DOID_0050313 rdfs:label primary Brucellaceae infectious disease","obo:DOID_13137 oboInOwl:hasDbXref UMLS_CUI:C0043116","530a78a6-7231-4f60-97db-dc4b8d5a63d8 oboInOwl:hasDbXref NCI2004_11_17:C4179","d4ef986c-9298-4443-ad15-87f3f0cd10c5 owl:annotatedSource obo:DOID_734","e9622981-d507-4cbc-a746-03f44f3a1083 rdf:type owl:Axiom","obo:DOID_1882 oboInOwl:hasDbXref OMIM:614433","0689960f-40b7-46ba-a8ce-8c3ce7bd2fe6 owl:annotatedSource obo:DOID_11119","obo:DOID_6132 oboInOwl:hasDbXref UMLS_CUI:C0008677","obo:DOID_0050350 oboInOwl:id DOID:0050350","obo:DOID_884 oboInOwl:hasDbXref MSH:D014201","2eba3dd4-5324-42fc-adc2-c285f0b33b91 oboInOwl:hasDbXref OMIM:614696","obo:DOID_3748 oboInOwl:hasRelatedSynonym squamous cell carcinoma of esophagus","obo:DOID_4558 oboInOwl:hasOBONamespace disease_ontology","obo:DOID_7527 oboInOwl:id DOID:7527","00212a97-f0c6-4855-b216-5987ac275e20 owl:annotatedSource obo:DOID_11575","obo:DOID_11183 oboInOwl:hasOBONamespace disease_ontology","obo:DOID_13137 oboInOwl:hasDbXref SNOMEDCT_US_2015_03_01:155016008","obo:DOID_7439 rdfs:subClassOf obo:DOID_5100","obo:DOID_7615 rdf:type owl:Class","85f636dc-1ea9-4e14-8866-1b894b944286 owl:annotatedTarget Keratoderma - acquired","obo:DOID_0060004 oboInOwl:id DOID:0060004","obo:DOID_13137 oboInOwl:hasDbXref NCI:C98670","9bfec2ad-5475-4604-92cc-e03ca25b262a owl:annotatedTarget African endomyocardial fibrosis","obo:DOID_3748 oboInOwl:hasDbXref OMIM:133239","ccb05433-effe-4724-9417-2f11a7cb621a oboInOwl:hasDbXref MTHICD9_2006:022.1","obo:DOID_10461 rdfs:label dentin caries","25d8bac0-4c02-4dd6-a122-cdf6218298de owl:annotatedTarget hypertrophy of bone disorder","f62f8ef4-327c-41f1-be48-b9e035a8beb2 owl:annotatedTarget Congo-Crimean Hemorrhagic Fever","937e8811-697c-43bb-bfc8-fd957dd9ee0b oboInOwl:hasDbXref url:http://www.healthline.com/galecontent/langer-giedion-syndrome","fa461bf1-7b4e-4fdd-bffb-412161326d04 oboInOwl:hasDbXref CSP2005:1682-2922","f3dd771c-acc5-4d8d-8076-17308982b8e0 rdf:type owl:Axiom","obo:DOID_7439 oboInOwl:hasDbXref SNOMEDCT_US_2015_03_01:155244001","obo:DOID_11819 rdfs:subClassOf obo:DOID_3996","07f6a64b-dcc2-47e9-9e84-ff1537691284 owl:annotatedTarget malignant tumor of tonsil disorder","efb6550f-100a-4c3b-94c1-7849744f4bab oboInOwl:hasDbXref NCI2004_11_17:C8884","62ad0632-9f4e-4bf3-875e-c6c17370b2ee owl:annotatedTarget Asphyxia - birth","00212a97-f0c6-4855-b216-5987ac275e20 owl:annotatedProperty oboInOwl:hasExactSynonym","948350cc-cc2f-405a-bc2b-420ca5a570dc owl:annotatedSource obo:DOID_6227","obo:DOID_3924 oboInOwl:hasExactSynonym malignant neoplasm of main bronchus NOS disorder","obo:DOID_0050225 rdfs:label Histoplasma capsulatum gastritis","0689960f-40b7-46ba-a8ce-8c3ce7bd2fe6 oboInOwl:hasDbXref url:http://emedicine.medscape.com/article/1182258-overview","f76e4d53-17ce-4415-bc4b-758a5da85902 owl:annotatedSource obo:DOID_4618","a23ade66-ba48-4917-a4db-0116fe58ed31 oboInOwl:hasDbXref SNOMEDCT_2005_07_31:68210006","bf1ba7e6-f328-4b75-934f-e3ff05415d5f oboInOwl:hasDbXref SNOMEDCT_2005_07_31:387705004","obo:DOID_0050401 rdf:type owl:Class","obo:DOID_3924 oboInOwl:hasDbXref SNOMEDCT_US_2015_03_01:187859009","da3400af-b887-4b23-be14-78ffa2af9e65 owl:annotatedSource obo:DOID_3962","b79bdcba-d9cf-4585-b047-ff5d4e4cc155 rdf:type owl:Axiom","03e0c8bc-3c81-439a-ac34-a5c4ea37ae53 owl:annotatedTarget A tonsillitis which involves collection of pus beside the tonsil peritonsillar space. It is caused by both aerobic and anaerobic bacteria. Commonly involved species include streptococci, staphylococci and hemophilus. Progressively worsening unilateral sore throat and pain during swallowing usually are the earliest symptoms. As the abscess develops, persistent pain in the peritonsillar area, fever, malaise, headache and a distortion of vowels informally known as \"hot potato voice\" may appear. Neck pain associated with tender, swollen lymph nodes, referred ear pain and halitosis are also common.","obo:DOID_7527 rdf:type owl:Class","62ae96b6-9949-4ee8-b68b-1f27bda0ff0d oboInOwl:hasDbXref ICD9CM_2006:077.4","ca8720ae-44a4-4039-903a-4a300c312c33 owl:annotatedTarget Ascorbic acid defic.","obo:DOID_7527 oboInOwl:hasExactSynonym Uterus - acute gonorrhoea","obo:DOID_759 oboInOwl:id DOID:759","34c066e8-e84a-4a3d-a7ef-f82406d0a083 owl:annotatedProperty oboInOwl:hasExactSynonym","b851e5bc-0e99-4857-8f23-323948d26cf4 owl:annotatedProperty oboInOwl:hasExactSynonym","d599e132-3ab9-4d6e-b5f7-aa12a3fc3302 owl:annotatedProperty oboInOwl:hasExactSynonym","0586e22b-38e6-4969-9925-43ef6ac93427 owl:annotatedProperty obo:IAO_0000115","7b71d011-f6ca-4523-8a69-08b07a571054 oboInOwl:hasDbXref SNOMEDCT_2005_07_31:400008009","obo:DOID_7652 oboInOwl:id DOID:7652","08b41c5c-b9f4-4958-8cda-8669fa210f2d owl:annotatedProperty oboInOwl:hasExactSynonym","937e8811-697c-43bb-bfc8-fd957dd9ee0b oboInOwl:hasDbXref url:http://en.wikipedia.org/wiki/Langer-Giedion_syndrome","obo:DOID_7615 oboInOwl:hasDbXref NCI:C4243","obo:DOID_4734 oboInOwl:hasOBONamespace disease_ontology","obo:DOID_6132 oboInOwl:hasRelatedSynonym acute bronchitis and bronchiolitis","3acb22a8-efff-459b-96a4-8c2ac05a9c0a rdf:type owl:Axiom","602695a5-c350-47c9-a6bf-bd40d4998ddb owl:annotatedSource obo:DOID_14415","obo:DOID_11907 oboInOwl:hasDbXref UMLS_CUI:C0013568","fcb1a1c9-ed3a-4dee-948e-4ebc5c2da1c3 owl:annotatedTarget Holoprosencephaly sequence disorder","7a0cbb94-bf7d-4695-866b-60d6dc91a19d owl:annotatedProperty oboInOwl:hasExactSynonym","6d5c0c19-57e2-46a4-8291-744a47a28ebc owl:annotatedSource obo:DOID_2571","obo:DOID_7439 rdf:type owl:Class","obo:DOID_11819 obo:IAO_0000115 A urinary system cancer that is located_in the ureter.","obo:DOID_7439 oboInOwl:id DOID:7439","obo:DOID_6081 rdfs:label childhood testicular endodermal sinus neoplasm","a4f99c58-efa6-4a43-9b01-e9faa5c49e0e oboInOwl:hasDbXref url:http://en.wikipedia.org/wiki/Picornaviridae","obo:DOID_1882 oboInOwl:hasDbXref OMIM:614475","f597c397-c14e-4e8e-a960-91a8a2fdab82 owl:annotatedTarget Trachea carcinoma or Pancoasts tumor or Ca trachea","9bfec2ad-5475-4604-92cc-e03ca25b262a rdf:type owl:Axiom","obo:DOID_10461 oboInOwl:hasDbXref SNOMEDCT_US_2015_03_01:50047001","obo:DOID_7388 rdfs:label pulmonary vein leiomyosarcoma","0689960f-40b7-46ba-a8ce-8c3ce7bd2fe6 oboInOwl:hasDbXref url:http://en.wikipedia.org/wiki/Tourette%27s_disorder","obo:DOID_3163 oboInOwl:hasExactSynonym malignant spindle cell tumor","obo:DOID_8211 oboInOwl:hasOBONamespace disease_ontology","obo:DOID_4558 rdfs:subClassOf obo:DOID_3488","obo:DOID_13313 oboInOwl:id DOID:13313","obo:DOID_4558 oboInOwl:hasDbXref UMLS_CUI:C0024081","obo:DOID_0050401 oboInOwl:id DOID:0050401","8ac44874-a32a-4548-8bb0-1ac6c351257b owl:annotatedProperty oboInOwl:hasExactSynonym","8ac44874-a32a-4548-8bb0-1ac6c351257b owl:annotatedTarget malignant neoplasm of endocardium","d599e132-3ab9-4d6e-b5f7-aa12a3fc3302 owl:annotatedTarget tumor of Temporal Lobe","fcb1a1c9-ed3a-4dee-948e-4ebc5c2da1c3 rdf:type owl:Axiom","obo:DOID_3748 oboInOwl:hasDbXref SNOMEDCT_US_2015_03_01:276804009","obo:DOID_8286 rdfs:label metastatic epithelioid sarcoma","obo:DOID_759 rdf:type owl:Class","08ef2615-69f0-44dc-9cee-063ba842fb52 owl:annotatedSource obo:DOID_0050514","bfe96b39-fb4d-45b5-bee5-8f76696d7354 owl:annotatedSource obo:DOID_2348","obo:DOID_1882 oboInOwl:inSubset doid:DO_MGI_slim","obo:DOID_1882 oboInOwl:hasExactSynonym interatrial septal defect","obo:DOID_2228 oboInOwl:hasDbXref SNOMEDCT_US_2015_03_01:415115007","obo:DOID_10461 oboInOwl:hasDbXref SNOMEDCT_US_2015_03_01:44828002","86399cb9-99c2-4a7c-818c-88bf1bdd91aa rdf:type owl:Axiom","25d8bac0-4c02-4dd6-a122-cdf6218298de oboInOwl:hasDbXref SNOMEDCT_2005_07_31:203514008","3acb22a8-efff-459b-96a4-8c2ac05a9c0a owl:annotatedSource obo:DOID_4504","obo:DOID_0060004 rdfs:label autoimmune disease of central nervous system","obo:DOID_0060004 oboInOwl:hasOBONamespace disease_ontology","obo:DOID_2316 oboInOwl:hasExactSynonym Ischaemic encephalopathy","obo:DOID_11819 rdfs:label ureter cancer","obo:DOID_4558 oboInOwl:id DOID:4558","b851e5bc-0e99-4857-8f23-323948d26cf4 oboInOwl:hasDbXref MTHICD9_2006:141.1","e9622981-d507-4cbc-a746-03f44f3a1083 owl:annotatedProperty obo:IAO_0000115","obo:DOID_1882 oboInOwl:hasDbXref SNOMEDCT_US_2015_03_01:268178001","e9622981-d507-4cbc-a746-03f44f3a1083 oboInOwl:hasDbXref url:http://www.cancer.gov/dictionary/?CdrID\u003d482347","13dd4c7b-7828-4e57-8bc7-8860b22b6608 owl:annotatedProperty oboInOwl:hasExactSynonym","obo:DOID_11271 oboInOwl:hasExactSynonym hypertension secondary to renal disease, postpartum","7b71d011-f6ca-4523-8a69-08b07a571054 owl:annotatedSource obo:DOID_1023","obo:DOID_11907 oboInOwl:hasDbXref ICD10CM:L01.09","obo:DOID_11856 rdf:type owl:Class","ab0b381f-47bb-4458-bcf4-c103e63362e5 owl:annotatedSource obo:DOID_9507","8cfb3432-b6a5-4f71-a5b0-641c6bd3d800 oboInOwl:hasDbXref url:http://www.wheelessonline.com/ortho/blounts_disease","obo:DOID_972 rdf:type owl:Class","b79bdcba-d9cf-4585-b047-ff5d4e4cc155 owl:annotatedTarget An extrapulmonary tuberculosis that is located_in urogenital system.","obo:DOID_13401 oboInOwl:hasDbXref UMLS_CUI:C0002982","25d8bac0-4c02-4dd6-a122-cdf6218298de owl:annotatedProperty oboInOwl:hasExactSynonym","07f6a64b-dcc2-47e9-9e84-ff1537691284 owl:annotatedSource obo:DOID_8858","obo:DOID_0050225 rdf:type owl:Class","bf1ba7e6-f328-4b75-934f-e3ff05415d5f owl:annotatedProperty oboInOwl:hasExactSynonym","obo:DOID_4683 oboInOwl:hasDbXref UMLS_CUI:C0346019","obo:DOID_1882 oboInOwl:hasDbXref SNOMEDCT_US_2015_03_01:253366007","85f636dc-1ea9-4e14-8866-1b894b944286 oboInOwl:hasDbXref SNOMEDCT_2005_07_31:201053002","obo:DOID_2316 oboInOwl:hasDbXref MSH:D002545","obo:DOID_2228 oboInOwl:hasDbXref MSH:D013922","05043109-5241-49f8-b684-7cb90f3bab53 rdf:type owl:Axiom","obo:DOID_1882 oboInOwl:hasDbXref NCI:C84473","obo:DOID_2228 oboInOwl:hasExactSynonym Platelet count above reference range","obo:DOID_1882 oboInOwl:hasDbXref SNOMEDCT_US_2015_03_01:253368008","obo:DOID_5117 rdfs:subClassOf obo:DOID_2658","316f4996-f14e-4c04-8089-d7fc168aad37 rdf:type owl:Axiom","obo:DOID_8286 rdf:type owl:Class","5a96becc-27e6-4a8c-9388-05157f2f609f owl:annotatedTarget A human papilloma virus related cervical squamous cell carcinoma that results_in infection located_in cervix, has_material_basis_in human papillomavirus types 16 or 18, which cause warty malignant tumors in squamous epithelium of cervix.","obo:DOID_7439 oboInOwl:hasDbXref UMLS_CUI:C0271466","13dd4c7b-7828-4e57-8bc7-8860b22b6608 owl:annotatedSource obo:DOID_2856","obo:DOID_1882 rdfs:label atrial heart septal defect","obo:DOID_6081 owl:deprecated true^^http://www.w3.org/2001/XMLSchema#boolean","obo:DOID_11944 rdf:type owl:Class","obo:DOID_5330 oboInOwl:hasDbXref SNOMEDCT_US_2015_03_01:57203004","86399cb9-99c2-4a7c-818c-88bf1bdd91aa oboInOwl:hasDbXref SNOMEDCT_2005_07_31:258300000","obo:DOID_13137 oboInOwl:hasDbXref ICD10CM:G12.0","obo:DOID_1882 oboInOwl:hasOBONamespace disease_ontology","obo:DOID_13350 owl:deprecated true^^http://www.w3.org/2001/XMLSchema#boolean","obo:DOID_7 obo:IAO_0000115 A disease that manifests in a defined anatomical structure.","e83605d1-61ff-42c8-b7de-ad7f2cf25fee owl:annotatedProperty obo:IAO_0000115","obo:DOID_884 rdf:type owl:Class","6a1ece74-4db0-4eb0-a5f9-5f6f3654edb6 owl:annotatedTarget A cerebrum cancer that is located_in the cerebral ventricles.","18104e0f-6cf6-4b5a-be51-4b7d64c559b6 rdf:type owl:Axiom","obo:DOID_10461 rdfs:subClassOf obo:DOID_216","obo:DOID_0050313 rdf:type owl:Class","obo:DOID_11856 rdfs:label monocular exotropia with V pattern","9a6fe07b-4bbe-46d8-a7e7-9804cf125d23 oboInOwl:hasDbXref NCI2004_11_17:C3472","obo:DOID_11271 rdf:type owl:Class","18104e0f-6cf6-4b5a-be51-4b7d64c559b6 owl:annotatedTarget Cartilage Development disorder","obo:DOID_7527 oboInOwl:hasExactSynonym acute gonococcal endometritis disorder","44fdece8-b7e1-4108-97d9-c62d9a8ce88e oboInOwl:hasDbXref SNOMEDCT_2005_07_31:36689008","obo:DOID_11907 oboInOwl:hasExactSynonym Ecthyma disorder","obo:DOID_4683 oboInOwl:hasExactSynonym Mucoepidermoid skin carcinoma","86399cb9-99c2-4a7c-818c-88bf1bdd91aa owl:annotatedProperty oboInOwl:hasExactSynonym","obo:DOID_10461 oboInOwl:hasExactSynonym Dentin caries, NOS","c35bdbce-39b8-47d6-af3d-688bcb2e3df9 oboInOwl:hasDbXref url:http://en.wikipedia.org/wiki/Conduct_disorder","f76e4d53-17ce-4415-bc4b-758a5da85902 rdf:type owl:Axiom","obo:DOID_11183 oboInOwl:inSubset doid:gram-negative_bacterial_infectious_disease","obo:DOID_759 rdfs:label congenital disorder","obo:DOID_9021 oboInOwl:hasDbXref SNOMEDCT_US_2015_03_01:89057003","obo:DOID_884 oboInOwl:hasExactSynonym Infection by Metagonimus yokogawai disorder","obo:DOID_3748 oboInOwl:hasExactSynonym SCC of esophagus","8cfb3432-b6a5-4f71-a5b0-641c6bd3d800 owl:annotatedProperty obo:IAO_0000115","13dd4c7b-7828-4e57-8bc7-8860b22b6608 rdf:type owl:Axiom","1933e26c-c7f7-4d78-a79c-aac34b133b40 oboInOwl:hasDbXref url:http://www.ncbi.nlm.nih.gov/entrez/dispomim.cgi?id\u003d300300","6295af75-4974-4abe-b6c0-332432a6d168 oboInOwl:hasDbXref SNOMEDCT_2005_07_31:398523009","0b712cf8-2804-4d62-a41c-ce40a35ba6e0 owl:annotatedSource obo:DOID_14021","7354b110-8b9e-44fc-b118-fdc4ae43f1a1 owl:annotatedTarget Diffuse cystic mastopathy","8429b864-8cbe-4c5b-852f-d7bcd69d87ff owl:annotatedTarget Stenosis of lacrimal canaliculi","b8a655ec-82ac-410f-be57-aa91e97c268c owl:annotatedSource obo:DOID_0060196","316f4996-f14e-4c04-8089-d7fc168aad37 owl:annotatedProperty oboInOwl:hasExactSynonym","obo:DOID_7388 rdf:type owl:Class","6d5c0c19-57e2-46a4-8291-744a47a28ebc owl:annotatedTarget Letterer-Siwe disease involving intrapelvic lymph nodes","05043109-5241-49f8-b684-7cb90f3bab53 owl:annotatedProperty oboInOwl:hasExactSynonym","0436054c-d6bf-4d46-9722-e5105bec81e2 oboInOwl:hasDbXref SNOMEDCT_2005_07_31:123952009","a4f99c58-efa6-4a43-9b01-e9faa5c49e0e owl:annotatedTarget A +ssRNA virus infectious disease that results_in infection in animals and humans, has_material_basis_in Picornaviridae viruses.","obo:DOID_7 rdf:type owl:Class","bf1ba7e6-f328-4b75-934f-e3ff05415d5f rdf:type owl:Axiom","obo:DOID_3163 rdf:type owl:Class","25d8bac0-4c02-4dd6-a122-cdf6218298de rdf:type owl:Axiom","obo:DOID_5330 oboInOwl:id DOID:5330","1933e26c-c7f7-4d78-a79c-aac34b133b40 owl:annotatedSource obo:DOID_14179","obo:DOID_10600 obo:IAO_0000115 A tic disorder that is characterized by single or multiple motor or phonic tics, but not both, which are present for more than a year.","obo:DOID_7439 oboInOwl:hasExactSynonym polyp - middle ear","obo:DOID_1882 oboInOwl:hasDbXref ORDO:1478","e59f4f67-5ab4-49e7-9c2a-30d84dfbbed8 rdf:type owl:Axiom","obo:DOID_4734 rdfs:label calciphylaxis","18104e0f-6cf6-4b5a-be51-4b7d64c559b6 owl:annotatedProperty oboInOwl:hasExactSynonym","bfe96b39-fb4d-45b5-bee5-8f76696d7354 owl:annotatedTarget Atherosclerotic Cardiovascular disease","73849f18-2625-425d-b7ab-e1e3c8193800 owl:annotatedSource obo:DOID_10873","82a7a5ea-d989-4404-80c1-eb6dde7dfa30 owl:annotatedSource obo:DOID_5070","obo:DOID_3163 obo:IAO_0000115 A sarcoma that is located_in the skin or located_in tissues that line or cover internal organs and that contains long spindle-shaped cells.","obo:DOID_3924 oboInOwl:hasExactSynonym Ca main bronchus disorder","46d04f48-7c5f-4974-a2d9-bd915d07f6ed owl:annotatedSource obo:DOID_801","obo:DOID_4558 oboInOwl:hasExactSynonym Ludwig angina","obo:DOID_8211 rdfs:subClassOf obo:DOID_5478","obo:DOID_10461 oboInOwl:id DOID:10461","obo:DOID_2228 rdf:type owl:Class","c404413f-7308-45c6-bfa9-154c6253b6c8 owl:annotatedSource obo:DOID_14271","obo:DOID_0060041 obo:IAO_0000115 A pervasive developmental disorder that is a spectrum of psychological conditions. The disease has_symptom widespread abnormalities of social interactions and communication, has_symptom severely restricted interests and has_symptom highly repetitive behavior.","obo:DOID_884 rdfs:label metagonimiasis","6295af75-4974-4abe-b6c0-332432a6d168 owl:annotatedTarget Foodborne botulism","d599e132-3ab9-4d6e-b5f7-aa12a3fc3302 rdf:type owl:Axiom","obo:DOID_4734 rdfs:subClassOf obo:DOID_182","b851e5bc-0e99-4857-8f23-323948d26cf4 rdf:type owl:Axiom","obo:DOID_1882 oboInOwl:id DOID:1882","34c066e8-e84a-4a3d-a7ef-f82406d0a083 rdf:type owl:Axiom","obo:DOID_0060004 obo:IAO_0000115 An autoimmune disease of the central nervous system.","obo:DOID_7 oboInOwl:id DOID:7","obo:DOID_2316 rdf:type owl:Class","e9622981-d507-4cbc-a746-03f44f3a1083 owl:annotatedTarget A bone cancer and neoplasm of chest wall and sternal disorder that is located_in the sternum.","85f636dc-1ea9-4e14-8866-1b894b944286 owl:annotatedSource obo:DOID_13072","855c0ef6-1d1c-4663-8d3e-0728c9cbcc39 owl:annotatedTarget pancreatic Endocrine neoplasm","0586e22b-38e6-4969-9925-43ef6ac93427 owl:annotatedTarget A chromosomal disease that has_material_basis_in deletion polymorphisms at chromosome location 22q11 and is characterized by variable developmental problems and schizoid features.","obo:DOID_8959 rdfs:label Hodgkins lymphoma, mixed cellularity, involving lymph nodes of inguinal region and lower limb","eb475072-e02d-47b6-821b-5fbfa2b7ba73 rdf:type owl:Axiom","obo:DOID_7652 rdf:type owl:Class","08ef2615-69f0-44dc-9cee-063ba842fb52 oboInOwl:hasDbXref url:http://www.mayoclinic.com/health/polio/DS00572/DSECTION\u003dsymptoms","6a1ece74-4db0-4eb0-a5f9-5f6f3654edb6 rdf:type owl:Axiom","316f4996-f14e-4c04-8089-d7fc168aad37 owl:annotatedSource obo:DOID_4151","00212a97-f0c6-4855-b216-5987ac275e20 rdf:type owl:Axiom","obo:DOID_11819 oboInOwl:hasDbXref NCI:C7543","7a0cbb94-bf7d-4695-866b-60d6dc91a19d rdf:type owl:Axiom","obo:DOID_6132 oboInOwl:hasDbXref CSP:2596-1500","8ac44874-a32a-4548-8bb0-1ac6c351257b oboInOwl:hasDbXref SNOMEDCT_2005_07_31:93778001","obo:DOID_6081 oboInOwl:hasOBONamespace disease_ontology","b2dba5a2-05b6-48ed-8bf2-d1fe1a4dc6d7 owl:annotatedTarget laboratory infection","obo:DOID_13350 oboInOwl:hasOBONamespace disease_ontology","3acb22a8-efff-459b-96a4-8c2ac05a9c0a owl:annotatedProperty oboInOwl:hasExactSynonym","62ad0632-9f4e-4bf3-875e-c6c17370b2ee owl:annotatedSource obo:DOID_11088","316f4996-f14e-4c04-8089-d7fc168aad37 owl:annotatedTarget Chordoma of the Skull Base","1933e26c-c7f7-4d78-a79c-aac34b133b40 oboInOwl:hasDbXref url:http://www.nlm.nih.gov/medlineplus/ency/article/001307.htm","a4f99c58-efa6-4a43-9b01-e9faa5c49e0e owl:annotatedProperty obo:IAO_0000115","8b8c9c7b-cafc-4bb6-b31f-b8a05297884b owl:annotatedTarget Cystoid macular retinal degeneration disorder","08b41c5c-b9f4-4958-8cda-8669fa210f2d rdf:type owl:Axiom","obo:DOID_5117 oboInOwl:id DOID:5117","obo:DOID_13401 oboInOwl:id DOID:13401","obo:DOID_1882 rdfs:subClassOf obo:DOID_1681","obo:DOID_7439 oboInOwl:hasDbXref ICD10CM:H74.4","fcb1a1c9-ed3a-4dee-948e-4ebc5c2da1c3 owl:annotatedProperty oboInOwl:hasExactSynonym","obo:DOID_0050313 oboInOwl:id DOID:0050313","1933e26c-c7f7-4d78-a79c-aac34b133b40 oboInOwl:hasDbXref url:http://en.wikipedia.org/wiki/X-linked_agammaglobulinemia","8ac44874-a32a-4548-8bb0-1ac6c351257b rdf:type owl:Axiom","obo:DOID_9021 oboInOwl:hasOBONamespace disease_ontology","obo:DOID_5117 oboInOwl:hasExactSynonym Ovarian Dermoid Cyst","obo:DOID_13313 rdfs:subClassOf obo:DOID_26","8ac44874-a32a-4548-8bb0-1ac6c351257b oboInOwl:hasDbXref MTHICD9_2006:164.1","a4f99c58-efa6-4a43-9b01-e9faa5c49e0e owl:annotatedSource obo:DOID_3668","obo:DOID_759 oboInOwl:hasExactSynonym congenital abnormality","9bfec2ad-5475-4604-92cc-e03ca25b262a owl:annotatedProperty oboInOwl:hasExactSynonym","obo:DOID_2265 oboInOwl:hasExactSynonym Treponemal disease","obo:DOID_9021 rdfs:label esophageal leukoplakia","b79bdcba-d9cf-4585-b047-ff5d4e4cc155 oboInOwl:hasDbXref url:http://en.wikipedia.org/wiki/Urogenital_tuberculosis","b2dba5a2-05b6-48ed-8bf2-d1fe1a4dc6d7 owl:annotatedSource obo:DOID_3653","ab0b381f-47bb-4458-bcf4-c103e63362e5 oboInOwl:hasDbXref url:http://en.wikipedia.org/wiki/sinusitis","obo:DOID_6132 oboInOwl:hasAlternativeId DOID:5049","041b7be8-af54-4465-8c86-a74ec43f9bfe rdf:type owl:Axiom","c35bdbce-39b8-47d6-af3d-688bcb2e3df9 owl:annotatedTarget A specific developmental disorder marked by a pattern of repetitive behavior wherein the rights of others or social norms are violated.","obo:DOID_4734 oboInOwl:hasDbXref NCI:C84607","229d8ea8-9134-44a9-9b9b-8657ed6449fc owl:annotatedSource obo:DOID_1468","obo:DOID_0050225 obo:IAO_0000115 An American histoplasmosis that results_in inflammation, located_in stomach lining in immunocompromised patients, has_material_basis_in Histoplasma capsulatum var capsulatum, transmitted_by airborne spores and results_in_formation_of gastric mass with ulceration, and results_in_formation_of hypertrophic gastric folds.","obo:DOID_2441 oboInOwl:hasDbXref NCI:C6067","obo:DOID_11271 oboInOwl:hasExactSynonym hypertension secondary to renal disease, antepartum","ccb05433-effe-4724-9417-2f11a7cb621a owl:annotatedTarget respiratory anthrax","obo:DOID_7 oboInOwl:hasAlternativeId DOID:8","937e8811-697c-43bb-bfc8-fd957dd9ee0b owl:annotatedProperty obo:IAO_0000115","5a96becc-27e6-4a8c-9388-05157f2f609f rdf:type owl:Axiom","82a7a5ea-d989-4404-80c1-eb6dde7dfa30 owl:annotatedTarget neoplasm of body of uterus disorder","obo:DOID_0050225 oboInOwl:id DOID:0050225","obo:DOID_1882 oboInOwl:hasExactSynonym auricular septal defect","obo:DOID_14072 rdf:type owl:Class","obo:DOID_3924 oboInOwl:hasDbXref ICD9CM:162.2","e58a74a0-0e74-4b13-af67-cea4df4ce1bd owl:annotatedProperty oboInOwl:hasExactSynonym","8429b864-8cbe-4c5b-852f-d7bcd69d87ff owl:annotatedProperty oboInOwl:hasExactSynonym","bee579e5-021a-4953-91b0-e5e2c2222a11 owl:annotatedTarget A nervous system disease which is located in a part of the nervous system responsible for processing sensory information that consists of sensory receptors, neural pathways, and parts of the brain involved in sensory perception. Commonly recognized sensory systems are those for vision, hearing, somatic sensation touch, taste and olfaction smell.","e59f4f67-5ab4-49e7-9c2a-30d84dfbbed8 oboInOwl:hasDbXref url:http://en.wikipedia.org/wiki/Black_piedra","937e8811-697c-43bb-bfc8-fd957dd9ee0b oboInOwl:hasDbXref url:http://www.orpha.net/consor/cgi-bin/OC_Exp.php?Lng\u003dEN\u0026Expert\u003d502","obo:DOID_10461 oboInOwl:hasDbXref ICD9CM:521.02","obo:DOID_4683 oboInOwl:id DOID:4683","a23ade66-ba48-4917-a4db-0116fe58ed31 rdf:type owl:Axiom","obo:DOID_11819 oboInOwl:hasDbXref UMLS_CUI:C0153619","obo:DOID_5330 oboInOwl:hasExactSynonym pulp disorder","f62f8ef4-327c-41f1-be48-b9e035a8beb2 owl:annotatedSource obo:DOID_12287","obo:DOID_5205 owl:deprecated true^^http://www.w3.org/2001/XMLSchema#boolean","1395e7c9-2e8e-45b3-be86-3f1cfc6b5eb2 owl:annotatedSource obo:DOID_14040","obo:DOID_6081 oboInOwl:hasExactSynonym pediatric testicular Yolk Sac tumor","obo:DOID_5205 rdfs:label inborn errors fructose metabolism","obo:DOID_4558 oboInOwl:hasDbXref SNOMEDCT_US_2015_03_01:196542004","7354b110-8b9e-44fc-b118-fdc4ae43f1a1 owl:annotatedProperty oboInOwl:hasExactSynonym","obo:DOID_11183 oboInOwl:hasExactSynonym Septicemia due to H. influenzae","0667a912-d16d-4367-b196-401424ab225c rdf:type owl:Axiom","bee579e5-021a-4953-91b0-e5e2c2222a11 oboInOwl:hasDbXref url:http://en.wikipedia.org/wiki/Sensory_system","obo:DOID_9021 oboInOwl:id DOID:9021","c854e45d-920b-4d74-ad70-99123cb01c14 oboInOwl:hasDbXref url:http://en.wikipedia.org/wiki/Ehrlichiosis","44fdece8-b7e1-4108-97d9-c62d9a8ce88e owl:annotatedTarget acute pyelonephritis disorder","25d8bac0-4c02-4dd6-a122-cdf6218298de owl:annotatedSource obo:DOID_205","obo:DOID_11819 oboInOwl:hasOBONamespace disease_ontology","obo:DOID_4683 rdf:type owl:Class","bfe96b39-fb4d-45b5-bee5-8f76696d7354 oboInOwl:hasDbXref NCI2004_11_17:C35771","obo:DOID_13350 oboInOwl:id DOID:13350","f3dd771c-acc5-4d8d-8076-17308982b8e0 owl:annotatedTarget An alveolar soft part sarcoma that has spread to other parts of the body.","obo:DOID_2316 rdfs:label brain ischemia","46d04f48-7c5f-4974-a2d9-bd915d07f6ed owl:annotatedTarget Hemarthrosis involving hand","1933e26c-c7f7-4d78-a79c-aac34b133b40 rdf:type owl:Axiom","obo:DOID_2316 oboInOwl:hasDbXref SNOMEDCT_US_2015_03_01:11890005","obo:DOID_11271 oboInOwl:hasExactSynonym hypertension secondary to renal disease, with delivery","obo:DOID_4595 rdf:type owl:Class","obo:DOID_6081 oboInOwl:id DOID:6081","obo:DOID_6132 oboInOwl:hasDbXref NCI:C26932","obo:DOID_11907 oboInOwl:hasDbXref MSH:D004473","0b712cf8-2804-4d62-a41c-ce40a35ba6e0 owl:annotatedTarget Costochondritis NOS","bf1ba7e6-f328-4b75-934f-e3ff05415d5f owl:annotatedSource obo:DOID_1098","obo:DOID_8211 rdfs:label fallopian tube cystadenofibroma","obo:DOID_3924 oboInOwl:hasExactSynonym malignant neoplasm of main bronchus","86399cb9-99c2-4a7c-818c-88bf1bdd91aa owl:annotatedSource obo:DOID_2929","8cfb3432-b6a5-4f71-a5b0-641c6bd3d800 oboInOwl:hasDbXref url:http://www.e-radiography.net/radpath/b/blountsdisease.htm","0b712cf8-2804-4d62-a41c-ce40a35ba6e0 rdf:type owl:Axiom","obo:DOID_11819 oboInOwl:hasDbXref ICD9CM:189.2","obo:DOID_7 rdfs:subClassOf obo:DOID_4","obo:DOID_5330 oboInOwl:hasExactSynonym disorder of pulp of tooth disorder","obo:DOID_13401 rdfs:label angioid streaks","d99d0aee-d896-422d-a357-ecebc7f42900 owl:annotatedTarget Kugelberg-Welander disease","5a96becc-27e6-4a8c-9388-05157f2f609f oboInOwl:hasDbXref url:http://books.google.com/books?id\u003d73QOP6Xqh6EC\u0026pg\u003dPA135\u0026lpg#v\u003donepage\u0026q\u0026f\u003dfalse","obo:DOID_2228 oboInOwl:hasDbXref SNOMEDCT_US_2015_03_01:142970009","62ad0632-9f4e-4bf3-875e-c6c17370b2ee owl:annotatedProperty oboInOwl:hasExactSynonym","3f6e474a-350b-4939-a9bf-ed1d3bf87cf5 rdf:type owl:Axiom","82a7a5ea-d989-4404-80c1-eb6dde7dfa30 rdf:type owl:Axiom","obo:DOID_11907 rdfs:label ecthyma","34c066e8-e84a-4a3d-a7ef-f82406d0a083 owl:annotatedSource obo:DOID_1062","f3dd771c-acc5-4d8d-8076-17308982b8e0 owl:annotatedSource obo:DOID_5317","obo:DOID_5330 oboInOwl:hasOBONamespace disease_ontology","73849f18-2625-425d-b7ab-e1e3c8193800 rdf:type owl:Axiom","obo:DOID_2265 oboInOwl:hasExactSynonym Treponemal infection","obo:DOID_4734 oboInOwl:hasExactSynonym Calciphylaxis disorder","f62f8ef4-327c-41f1-be48-b9e035a8beb2 owl:annotatedProperty oboInOwl:hasExactSynonym","obo:DOID_884 oboInOwl:hasDbXref UMLS_CUI:C0025530","530a78a6-7231-4f60-97db-dc4b8d5a63d8 owl:annotatedProperty oboInOwl:hasExactSynonym","d38509e9-3700-4ab8-9447-4c4af2ac5998 rdf:type owl:Axiom","0689960f-40b7-46ba-a8ce-8c3ce7bd2fe6 rdf:type owl:Axiom","obo:DOID_2265 rdfs:label Treponema infectious disease","f597c397-c14e-4e8e-a960-91a8a2fdab82 oboInOwl:hasDbXref SNOMEDCT_2005_07_31:269562004","obo:DOID_2441 oboInOwl:hasExactSynonym Epidermoid carcinoma of the Frontal sinus","7a0cbb94-bf7d-4695-866b-60d6dc91a19d oboInOwl:hasDbXref NCI2004_11_17:C8287","obo:DOID_11944 obo:IAO_0000115 A Trichomonas vaginalis trichomoniasis that involves inflammation of the prostate gland caused by Trichomonas vaginalis.","obo:DOID_3748 obo:IAO_0000115 An esophageal carcinoma that derives_from epithelial squamous cells located_in the esophagus.","15c39a15-b091-415c-97d5-12fb60c9e778 rdf:type owl:Axiom","obo:DOID_6132 oboInOwl:hasDbXref SNOMEDCT_US_2015_03_01:32398004","obo:DOID_11907 oboInOwl:hasOBONamespace disease_ontology","obo:DOID_1882 oboInOwl:hasDbXref OMIM:613087","obo:DOID_2265 owl:deprecated true^^http://www.w3.org/2001/XMLSchema#boolean","obo:DOID_884 oboInOwl:id DOID:884","73849f18-2625-425d-b7ab-e1e3c8193800 oboInOwl:hasDbXref MTHICD9_2006:362.52","obo:DOID_4683 oboInOwl:hasDbXref NCI:C4472","08b41c5c-b9f4-4958-8cda-8669fa210f2d owl:annotatedSource obo:DOID_5408","obo:DOID_5117 oboInOwl:hasDbXref OMIM:166950","obo:DOID_6629 rdfs:subClassOf obo:DOID_3459","f3dd771c-acc5-4d8d-8076-17308982b8e0 oboInOwl:hasDbXref url:http://www.childrenshospital.org/az/Site564/mainpageS564P0.html","obo:DOID_11183 rdf:type owl:Class","bee579e5-021a-4953-91b0-e5e2c2222a11 rdf:type owl:Axiom","obo:DOID_4558 oboInOwl:hasExactSynonym cellulitis of floor of mouth","obo:DOID_4558 rdf:type owl:Class","obo:DOID_0060041 rdfs:subClassOf obo:DOID_0060040","obo:DOID_2228 oboInOwl:hasDbXref NCI:C35530","obo:DOID_884 oboInOwl:hasDbXref ICD10CM:B66.8","obo:DOID_5117 oboInOwl:hasDbXref SNOMEDCT_US_2015_03_01:154618004","7354b110-8b9e-44fc-b118-fdc4ae43f1a1 oboInOwl:hasDbXref ICD9CM_2006:610.1","9a6fe07b-4bbe-46d8-a7e7-9804cf125d23 owl:annotatedSource obo:DOID_627","855c0ef6-1d1c-4663-8d3e-0728c9cbcc39 oboInOwl:hasDbXref NCI2004_11_17:C27031","obo:DOID_11271 rdfs:label hypertension secondary to renal disease, complicating pregnancy, childbirth and the puerperium","obo:DOID_2316 rdfs:subClassOf obo:DOID_326","c404413f-7308-45c6-bfa9-154c6253b6c8 owl:annotatedTarget acute Cholangitis","obo:DOID_10600 rdf:type owl:Class","obo:DOID_2228 oboInOwl:hasDbXref SNOMEDCT_US_2015_03_01:165557006","229d8ea8-9134-44a9-9b9b-8657ed6449fc owl:annotatedProperty obo:IAO_0000115","b851e5bc-0e99-4857-8f23-323948d26cf4 owl:annotatedTarget malignant neoplasm of dorsal tongue NOS","obo:DOID_7388 oboInOwl:id DOID:7388","855c0ef6-1d1c-4663-8d3e-0728c9cbcc39 owl:annotatedProperty oboInOwl:hasExactSynonym","e83605d1-61ff-42c8-b7de-ad7f2cf25fee oboInOwl:hasDbXref url:http://www.ncbi.nlm.nih.gov/books/NBK9549/","obo:DOID_4683 rdfs:subClassOf obo:DOID_3165","d4ef986c-9298-4443-ad15-87f3f0cd10c5 rdf:type owl:Axiom","obo:DOID_2228 oboInOwl:id DOID:2228","obo:DOID_8959 rdf:type owl:Class","8cfb3432-b6a5-4f71-a5b0-641c6bd3d800 oboInOwl:hasDbXref url:http://www.columbiaortho.org/children/blountsdisease.html","34c066e8-e84a-4a3d-a7ef-f82406d0a083 oboInOwl:hasDbXref SNOMEDCT_2005_07_31:62332007","obo:DOID_7527 oboInOwl:hasDbXref ICD9CM:098.16","obo:DOID_2441 oboInOwl:hasOBONamespace disease_ontology","006acf65-182f-4531-bda3-31c646324fd7 oboInOwl:hasDbXref SNOMEDCT_2005_07_31:59890007","obo:DOID_0050313 oboInOwl:inSubset doid:gram-negative_bacterial_infectious_disease","73849f18-2625-425d-b7ab-e1e3c8193800 owl:annotatedProperty oboInOwl:hasExactSynonym","obo:DOID_4558 oboInOwl:hasDbXref SNOMEDCT_US_2015_03_01:54572003","obo:DOID_13137 rdfs:label Werdnig-Hoffmann disease","obo:DOID_5330 rdfs:label dental pulp disease","obo:DOID_0050262 rdf:type owl:Class","82a7a5ea-d989-4404-80c1-eb6dde7dfa30 owl:annotatedProperty oboInOwl:hasExactSynonym","obo:DOID_5205 oboInOwl:hasOBONamespace disease_ontology","bee579e5-021a-4953-91b0-e5e2c2222a11 owl:annotatedSource obo:DOID_0050155","2eba3dd4-5324-42fc-adc2-c285f0b33b91 owl:annotatedTarget amyotrophic lateral sclerosis 17","3f6e474a-350b-4939-a9bf-ed1d3bf87cf5 owl:annotatedProperty oboInOwl:hasExactSynonym","62ad0632-9f4e-4bf3-875e-c6c17370b2ee rdf:type owl:Axiom","obo:DOID_0050350 rdfs:label primary Clostridiaceae infectious disease","obo:DOID_7439 oboInOwl:hasDbXref NCI:C6933","937e8811-697c-43bb-bfc8-fd957dd9ee0b owl:annotatedTarget An autosomal dominant disease that has_material_basis_in mutation of the EXT1 and TRPS1 gene which results_in multiple exostosis along with short stature and cone-shaped ends located_in epiphysis. The disease has_symptom sparse scalp hair, has_symptom thin upper lip, has_symptom rounded nose.","eb475072-e02d-47b6-821b-5fbfa2b7ba73 oboInOwl:hasDbXref url:http://en.wikipedia.org/wiki/Aphasia","599a6822-4102-439b-a9eb-ee648ec6556a owl:annotatedTarget Cylindroma morphologic abnormality","15c39a15-b091-415c-97d5-12fb60c9e778 owl:annotatedProperty oboInOwl:hasExactSynonym","46d04f48-7c5f-4974-a2d9-bd915d07f6ed oboInOwl:hasDbXref ICD9CM_2006:719.14","8cfb3432-b6a5-4f71-a5b0-641c6bd3d800 owl:annotatedTarget An osteochondrodysplasia that results_in inward turning of lower leg, located_in tibia, which fails to develop normally.","c35bdbce-39b8-47d6-af3d-688bcb2e3df9 rdf:type owl:Axiom","obo:DOID_3836 rdf:type owl:Class","13dd4c7b-7828-4e57-8bc7-8860b22b6608 owl:annotatedTarget Sick-euthyroid syndrome disorder","530a78a6-7231-4f60-97db-dc4b8d5a63d8 rdf:type owl:Axiom","d38509e9-3700-4ab8-9447-4c4af2ac5998 owl:annotatedProperty oboInOwl:hasExactSynonym","a3c45f61-1206-4a3d-aa33-95c7e7a845df owl:annotatedSource obo:DOID_8847","c404413f-7308-45c6-bfa9-154c6253b6c8 oboInOwl:hasDbXref NCI2004_11_17:C35334","obo:DOID_13137 rdf:type owl:Class","f62f8ef4-327c-41f1-be48-b9e035a8beb2 rdf:type owl:Axiom","08ef2615-69f0-44dc-9cee-063ba842fb52 owl:annotatedTarget A paralytic poliomyelitis that results_in destruction located_in motor neurons of brainstem or located_in motor neurons of spinal cord, has_material_basis_in Human poliovirus 1, has_material_basis_in Human poliovirus 2, or has_material_basis_in Human poliovirus 3, which are transmitted_by ingestion of food or water contaminated with feces, or transmitted_by direct contact with the oral secretions. The infection has_symptom difficulty breathing, has_symptom difficulty swallowing, and has_symptom paralysis of arms and legs.","62ae96b6-9949-4ee8-b68b-1f27bda0ff0d owl:annotatedSource obo:DOID_11227","obo:DOID_3924 rdf:type owl:Class","1933e26c-c7f7-4d78-a79c-aac34b133b40 oboInOwl:hasDbXref url:ttp://www.ncbi.nlm.nih.gov/entrez/dispomim.cgi?id\u003d300755","obo:DOID_0050350 rdf:type owl:Class","obo:DOID_0060041 oboInOwl:hasOBONamespace disease_ontology","obo:DOID_7527 oboInOwl:hasDbXref SNOMEDCT_US_2015_03_01:186913003","obo:DOID_7 oboInOwl:hasAlternativeId DOID:5","d38509e9-3700-4ab8-9447-4c4af2ac5998 owl:annotatedSource obo:DOID_13670","6d5c0c19-57e2-46a4-8291-744a47a28ebc oboInOwl:hasDbXref ICD9CM_2006:202.56","obo:DOID_14072 oboInOwl:id DOID:14072","d38509e9-3700-4ab8-9447-4c4af2ac5998 owl:annotatedTarget Hypocalcemia and/or hypomagnesemia of newborn disorder","f76e4d53-17ce-4415-bc4b-758a5da85902 oboInOwl:hasDbXref url:http://www.vitals.com/disorders/ny-new_york-musculoskeletal_diseases-c05-upper_jaw_bone_cancer_maxillary_neoplasm-8094.html","03e0c8bc-3c81-439a-ac34-a5c4ea37ae53 rdf:type owl:Axiom","efb6550f-100a-4c3b-94c1-7849744f4bab owl:annotatedSource obo:DOID_5563","obo:DOID_884 oboInOwl:hasDbXref SNOMEDCT_US_2015_03_01:37832003","139cbb34-ae5e-4f3e-a474-1d817ca128eb rdf:type owl:Axiom","8429b864-8cbe-4c5b-852f-d7bcd69d87ff oboInOwl:hasDbXref ICD9CM_2006:375.53","obo:DOID_1882 oboInOwl:hasDbXref MSH:D006344","obo:DOID_5117 oboInOwl:hasOBONamespace disease_ontology","d4ef986c-9298-4443-ad15-87f3f0cd10c5 owl:annotatedProperty oboInOwl:hasExactSynonym","obo:DOID_3748 oboInOwl:hasDbXref NCI:C4024","e68726bb-7010-44dc-9aaf-2fb4dce1fa1e oboInOwl:hasDbXref SNOMEDCT_2005_07_31:95836003","855c0ef6-1d1c-4663-8d3e-0728c9cbcc39 rdf:type owl:Axiom","139cbb34-ae5e-4f3e-a474-1d817ca128eb owl:annotatedSource obo:DOID_1999","obo:DOID_972 rdfs:label malignant neoplasm of cerebrum except lobes and ventricles","obo:DOID_11907 rdfs:subClassOf obo:DOID_8504","obo:DOID_13137 oboInOwl:hasExactSynonym progressive muscular atrophy of infancy","obo:DOID_3924 oboInOwl:hasDbXref ICD10CM:C34.0","530a78a6-7231-4f60-97db-dc4b8d5a63d8 owl:annotatedSource obo:DOID_7145","obo:DOID_2316 oboInOwl:hasDbXref SNOMEDCT_US_2015_03_01:389100007","ccb05433-effe-4724-9417-2f11a7cb621a owl:annotatedSource obo:DOID_0050160","08b41c5c-b9f4-4958-8cda-8669fa210f2d oboInOwl:hasDbXref MTH:547","08ef2615-69f0-44dc-9cee-063ba842fb52 owl:annotatedProperty obo:IAO_0000115","8ac44874-a32a-4548-8bb0-1ac6c351257b owl:annotatedSource obo:DOID_5877","c35bdbce-39b8-47d6-af3d-688bcb2e3df9 oboInOwl:hasDbXref url:http://www.nmha.org/go/conduct-disorder","obo:DOID_7615 oboInOwl:hasExactSynonym sarcomatosis morphologic abnormality","obo:DOID_3924 rdfs:label main bronchus cancer","obo:DOID_13313 rdf:type owl:Class","07f6a64b-dcc2-47e9-9e84-ff1537691284 oboInOwl:hasDbXref SNOMEDCT_2005_07_31:363393007","86399cb9-99c2-4a7c-818c-88bf1bdd91aa owl:annotatedTarget Newcastle disease disorder","obo:DOID_4558 oboInOwl:hasDbXref MSH:D008158","obo:DOID_6629 oboInOwl:id DOID:6629","f05d6d6c-bafd-475e-b92d-e1d627fc8a64 owl:annotatedTarget squamous cell papilloma of skin disorder","obo:DOID_6629 oboInOwl:hasOBONamespace disease_ontology","7354b110-8b9e-44fc-b118-fdc4ae43f1a1 rdf:type owl:Axiom","0667a912-d16d-4367-b196-401424ab225c owl:annotatedProperty oboInOwl:hasExactSynonym","c854e45d-920b-4d74-ad70-99123cb01c14 owl:annotatedProperty obo:IAO_0000115","obo:DOID_4734 oboInOwl:hasDbXref UMLS_CUI:C0006666","obo:DOID_10461 oboInOwl:hasExactSynonym Compound dental caries disorder","a23ade66-ba48-4917-a4db-0116fe58ed31 owl:annotatedProperty oboInOwl:hasExactSynonym","obo:DOID_7 oboInOwl:hasAlternativeId DOID:1","obo:DOID_972 oboInOwl:id DOID:972","obo:DOID_884 rdfs:subClassOf obo:DOID_883","fcb1a1c9-ed3a-4dee-948e-4ebc5c2da1c3 owl:annotatedSource obo:DOID_4621","c854e45d-920b-4d74-ad70-99123cb01c14 oboInOwl:hasDbXref url:http://emedicine.medscape.com/article/235839-overview","e58a74a0-0e74-4b13-af67-cea4df4ce1bd rdf:type owl:Axiom","8429b864-8cbe-4c5b-852f-d7bcd69d87ff rdf:type owl:Axiom","4ba0af12-9e84-42a7-92c0-a4619b4a0c77 oboInOwl:hasDbXref url:http://www.cdc.gov/ncidod/dvbid/arbor/arbdet.htm","obo:DOID_11907 oboInOwl:inSubset doid:gram-positive_bacterial_infectious_disease","9bfec2ad-5475-4604-92cc-e03ca25b262a owl:annotatedSource obo:DOID_12932","obo:DOID_1882 oboInOwl:hasExactSynonym interauricular septal defect","obo:DOID_10600 rdfs:subClassOf obo:DOID_2769","e68726bb-7010-44dc-9aaf-2fb4dce1fa1e owl:annotatedTarget Ectopic calcitonin production finding","obo:DOID_13401 rdf:type owl:Class","c8d8385d-5bdc-47eb-9b57-446cc5214687 owl:annotatedTarget Mucoepidermoid carcinoma of the breast","obo:DOID_7527 oboInOwl:hasDbXref SNOMEDCT_US_2015_03_01:65295003","041b7be8-af54-4465-8c86-a74ec43f9bfe owl:annotatedSource obo:DOID_593","obo:DOID_10600 oboInOwl:hasDbXref SNOMEDCT_US_2015_03_01:192623005","c854e45d-920b-4d74-ad70-99123cb01c14 owl:annotatedSource obo:DOID_10242","obo:DOID_11819 oboInOwl:hasDbXref ICD10CM:C66","obo:DOID_0050401 oboInOwl:inSubset doid:gram-negative_bacterial_infectious_disease","obo:DOID_1882 oboInOwl:hasDbXref OMIM:614089","obo:DOID_11819 oboInOwl:id DOID:11819","obo:DOID_3748 rdf:type owl:Class","obo:DOID_2265 oboInOwl:hasOBONamespace disease_ontology","9debf246-aebe-4de4-836f-0db796580ed0 oboInOwl:hasDbXref ICD9CM_2006:368.42","0b712cf8-2804-4d62-a41c-ce40a35ba6e0 owl:annotatedProperty oboInOwl:hasExactSynonym","3f6e474a-350b-4939-a9bf-ed1d3bf87cf5 owl:annotatedSource obo:DOID_8795","4ba0af12-9e84-42a7-92c0-a4619b4a0c77 rdf:type owl:Axiom","fa461bf1-7b4e-4fdd-bffb-412161326d04 owl:annotatedTarget end stage renal disease","obo:DOID_7 oboInOwl:hasAlternativeId DOID:2","15c39a15-b091-415c-97d5-12fb60c9e778 oboInOwl:hasDbXref SNOMEDCT_2005_07_31:77157004","1933e26c-c7f7-4d78-a79c-aac34b133b40 oboInOwl:hasDbXref url:http://www.ncbi.nlm.nih.gov/gene/695?","ab0b381f-47bb-4458-bcf4-c103e63362e5 owl:annotatedProperty obo:IAO_0000115","obo:DOID_10461 rdf:type owl:Class","139cbb34-ae5e-4f3e-a474-1d817ca128eb owl:annotatedTarget A otosalpingitis which is persistent and long-lasting.","d4ef986c-9298-4443-ad15-87f3f0cd10c5 owl:annotatedTarget malignant tumour of urethra","1395e7c9-2e8e-45b3-be86-3f1cfc6b5eb2 oboInOwl:hasDbXref SNOMEDCT_2005_07_31:190567009","obo:DOID_1882 oboInOwl:hasDbXref UMLS_CUI:C0018817","bfe96b39-fb4d-45b5-bee5-8f76696d7354 rdf:type owl:Axiom","obo:DOID_2228 rdfs:label thrombocytosis","6a1ece74-4db0-4eb0-a5f9-5f6f3654edb6 oboInOwl:hasDbXref url:http://en.wikipedia.org/wiki/Ventricular_system","3acb22a8-efff-459b-96a4-8c2ac05a9c0a owl:annotatedTarget hemangiosarcoma of the CNS","obo:DOID_2316 oboInOwl:hasExactSynonym Ischemic encephalopathy disorder","03e0c8bc-3c81-439a-ac34-a5c4ea37ae53 owl:annotatedProperty obo:IAO_0000115","c8d8385d-5bdc-47eb-9b57-446cc5214687 oboInOwl:hasDbXref NCI2004_11_17:C5166","obo:DOID_7652 rdfs:label rare cancer-associated syndrome","eb475072-e02d-47b6-821b-5fbfa2b7ba73 owl:annotatedTarget A language disorder that involves an acquired impairment of any laguage modality such as producting or comprehending spoken or written language.","obo:DOID_2441 oboInOwl:id DOID:2441","obo:DOID_0060041 rdfs:label autism spectrum disorder","obo:DOID_1882 oboInOwl:hasDbXref OMIM:108900","9debf246-aebe-4de4-836f-0db796580ed0 owl:annotatedTarget Scotoma of blind spot area","05043109-5241-49f8-b684-7cb90f3bab53 owl:annotatedTarget adenocarcinoma of the Endometrium","139cbb34-ae5e-4f3e-a474-1d817ca128eb owl:annotatedProperty obo:IAO_0000115","obo:DOID_2265 oboInOwl:hasExactSynonym Treponemal infectious disease","obo:DOID_11271 oboInOwl:hasOBONamespace disease_ontology","obo:DOID_11819 oboInOwl:inSubset doid:TopNodes_DOcancerslim","obo:DOID_0050401 owl:deprecated true^^http://www.w3.org/2001/XMLSchema#boolean","obo:DOID_5117 oboInOwl:hasDbXref MSH:C562731","85f636dc-1ea9-4e14-8866-1b894b944286 owl:annotatedProperty oboInOwl:hasExactSynonym","obo:DOID_6132 oboInOwl:hasDbXref SNOMEDCT_US_2015_03_01:266395007","obo:DOID_11271 oboInOwl:hasAlternativeId DOID:14012","aae6ee97-baa7-4195-81ae-1d1eac712854 owl:annotatedTarget Alternating exotropia with V pattern disorder","obo:DOID_7615 oboInOwl:hasDbXref SNOMEDCT_US_2015_03_01:9395006","c404413f-7308-45c6-bfa9-154c6253b6c8 owl:annotatedProperty oboInOwl:hasExactSynonym","obo:DOID_10461 oboInOwl:hasDbXref UMLS_CUI:C0266846","356f1bfe-0323-4b80-8eff-a7f301a4f960 oboInOwl:hasDbXref NCI2004_11_17:C7808","1395e7c9-2e8e-45b3-be86-3f1cfc6b5eb2 owl:annotatedTarget Lloyds syndrome","229d8ea8-9134-44a9-9b9b-8657ed6449fc owl:annotatedTarget A inner ear infectious disease which involves inflammation of the labyrinths.","obo:DOID_8959 oboInOwl:id DOID:8959","aae6ee97-baa7-4195-81ae-1d1eac712854 owl:annotatedSource obo:DOID_1141","9a6fe07b-4bbe-46d8-a7e7-9804cf125d23 owl:annotatedTarget SCID","obo:DOID_2316 oboInOwl:hasDbXref SNOMEDCT_US_2015_03_01:193049009","b2dba5a2-05b6-48ed-8bf2-d1fe1a4dc6d7 owl:annotatedProperty oboInOwl:hasExactSynonym","7b71d011-f6ca-4523-8a69-08b07a571054 owl:annotatedProperty oboInOwl:hasExactSynonym","obo:DOID_7439 rdfs:label polyp of middle ear","8429b864-8cbe-4c5b-852f-d7bcd69d87ff owl:annotatedSource obo:DOID_13654","6a1ece74-4db0-4eb0-a5f9-5f6f3654edb6 owl:annotatedSource obo:DOID_3541","9debf246-aebe-4de4-836f-0db796580ed0 rdf:type owl:Axiom","obo:DOID_5330 oboInOwl:hasExactSynonym Dental pulp disorder","e68726bb-7010-44dc-9aaf-2fb4dce1fa1e rdf:type owl:Axiom","8b8c9c7b-cafc-4bb6-b31f-b8a05297884b owl:annotatedProperty oboInOwl:hasExactSynonym","006acf65-182f-4531-bda3-31c646324fd7 owl:annotatedTarget Paralytic lagophthalmos finding","0586e22b-38e6-4969-9925-43ef6ac93427 oboInOwl:hasDbXref url:http://www.ncbi.nlm.nih.gov/pubmed/?term\u003dPMID%3A+19243607","obo:DOID_13401 oboInOwl:hasDbXref OMIM:607140","obo:DOID_7388 oboInOwl:hasOBONamespace disease_ontology","obo:DOID_13137 oboInOwl:hasDbXref SNOMEDCT_US_2015_03_01:267694009","obo:DOID_4734 oboInOwl:hasDbXref SNOMEDCT_US_2015_03_01:237900002","73849f18-2625-425d-b7ab-e1e3c8193800 owl:annotatedTarget Senile macular degeneration, wet","obo:DOID_11183 oboInOwl:id DOID:11183","8cfb3432-b6a5-4f71-a5b0-641c6bd3d800 oboInOwl:hasDbXref url:http://en.wikipedia.org/wiki/Blount%27s_disease","f05d6d6c-bafd-475e-b92d-e1d627fc8a64 owl:annotatedProperty oboInOwl:hasExactSynonym","7a0cbb94-bf7d-4695-866b-60d6dc91a19d owl:annotatedSource obo:DOID_6741","bf1ba7e6-f328-4b75-934f-e3ff05415d5f owl:annotatedTarget EF - Erythroblastosis foetalis","c35bdbce-39b8-47d6-af3d-688bcb2e3df9 owl:annotatedProperty obo:IAO_0000115","e58a74a0-0e74-4b13-af67-cea4df4ce1bd oboInOwl:hasDbXref MTHICD9_2006:398.91","fa461bf1-7b4e-4fdd-bffb-412161326d04 owl:annotatedProperty oboInOwl:hasExactSynonym","obo:DOID_7 oboInOwl:hasOBONamespace disease_ontology","e83605d1-61ff-42c8-b7de-ad7f2cf25fee oboInOwl:hasDbXref url:http://en.wikipedia.org/wiki/Mesenchymal_cell","obo:DOID_11271 oboInOwl:id DOID:11271","obo:DOID_759 owl:deprecated true^^http://www.w3.org/2001/XMLSchema#boolean","obo:DOID_3163 oboInOwl:hasOBONamespace disease_ontology","obo:DOID_2316 oboInOwl:hasOBONamespace disease_ontology","e83605d1-61ff-42c8-b7de-ad7f2cf25fee owl:annotatedSource obo:DOID_3350","948350cc-cc2f-405a-bc2b-420ca5a570dc oboInOwl:hasDbXref ICD9CM_2006:718.03","obo:DOID_3924 oboInOwl:hasExactSynonym Ca main bronchus","obo:DOID_2441 rdfs:subClassOf obo:DOID_1360","obo:DOID_7 rdfs:label disease of anatomical entity","obo:DOID_7652 oboInOwl:hasOBONamespace disease_ontology","041b7be8-af54-4465-8c86-a74ec43f9bfe oboInOwl:hasDbXref url:http://en.wikipedia.org/wiki/Anxiety_disorder","c854e45d-920b-4d74-ad70-99123cb01c14 owl:annotatedTarget A primary bacterial infectious disease that results_in infection located_in leukocyte, has_material_basis_in Ehrlichia chaffeensis or Anaplasma phagocytophilum, which are transmitted_by lone start stick and transmitted_by black-legged tick respectively. The infection has_symptom headache, has_symptom muscle aches, has_symptom fatigue and has_symptom rash.","e59f4f67-5ab4-49e7-9c2a-30d84dfbbed8 owl:annotatedTarget A superficial mycosis that is a superficial fungal infection of the hair shaft caused by Piedraia hortae, an ascomycetous fungus forming hard black nodules on the shafts of the scalp, beard, moustache and pubic hair.","obo:DOID_5117 oboInOwl:hasDbXref NCI:C3856","obo:DOID_2228 oboInOwl:hasDbXref UMLS_CUI:C0836924","obo:DOID_2228 oboInOwl:hasExactSynonym Thrombocythaemia","obo:DOID_3748 oboInOwl:hasExactSynonym squamous cell carcinoma of esophagus disorder","0667a912-d16d-4367-b196-401424ab225c owl:annotatedSource obo:DOID_3615","6d5c0c19-57e2-46a4-8291-744a47a28ebc owl:annotatedProperty oboInOwl:hasExactSynonym","obo:DOID_5330 oboInOwl:hasDbXref UMLS_CUI:C0011405","07f6a64b-dcc2-47e9-9e84-ff1537691284 owl:annotatedProperty oboInOwl:hasExactSynonym","9bfec2ad-5475-4604-92cc-e03ca25b262a oboInOwl:hasDbXref SNOMEDCT_2005_07_31:398754006","4ba0af12-9e84-42a7-92c0-a4619b4a0c77 owl:annotatedProperty obo:IAO_0000115","obo:DOID_7 oboInOwl:hasAlternativeId DOID:71","obo:DOID_10600 oboInOwl:id DOID:10600","7a0cbb94-bf7d-4695-866b-60d6dc91a19d owl:annotatedTarget Bilateral breast carcinoma","d99d0aee-d896-422d-a357-ecebc7f42900 oboInOwl:hasDbXref ICD9CM_2006:335.11","obo:DOID_13137 oboInOwl:hasDbXref ICD9CM:335.0","obo:DOID_2228 oboInOwl:hasOBONamespace disease_ontology","ab0b381f-47bb-4458-bcf4-c103e63362e5 rdf:type owl:Axiom","aae6ee97-baa7-4195-81ae-1d1eac712854 oboInOwl:hasDbXref SNOMEDCT_2005_07_31:57805002","obo:DOID_11856 owl:deprecated true^^http://www.w3.org/2001/XMLSchema#boolean","obo:DOID_972 owl:deprecated true^^http://www.w3.org/2001/XMLSchema#boolean","08ef2615-69f0-44dc-9cee-063ba842fb52 rdf:type owl:Axiom","9debf246-aebe-4de4-836f-0db796580ed0 owl:annotatedSource obo:DOID_9335","obo:DOID_0050225 owl:deprecated true^^http://www.w3.org/2001/XMLSchema#boolean","obo:DOID_9021 rdf:type owl:Class","e59f4f67-5ab4-49e7-9c2a-30d84dfbbed8 oboInOwl:hasDbXref url:http://mycology.adelaide.edu.au/Mycoses/Superficial/Black_piedra/","obo:DOID_8286 owl:deprecated true^^http://www.w3.org/2001/XMLSchema#boolean","006acf65-182f-4531-bda3-31c646324fd7 rdf:type owl:Axiom","obo:DOID_6081 rdf:type owl:Class","c854e45d-920b-4d74-ad70-99123cb01c14 rdf:type owl:Axiom","obo:DOID_11944 owl:deprecated true^^http://www.w3.org/2001/XMLSchema#boolean","d599e132-3ab9-4d6e-b5f7-aa12a3fc3302 owl:annotatedSource obo:DOID_2135","obo:DOID_7615 oboInOwl:hasDbXref SNOMEDCT_US_2015_03_01:189765009","obo:DOID_11907 oboInOwl:id DOID:11907","obo:DOID_11819 oboInOwl:hasExactSynonym malignant tumour of ureter","obo:DOID_7 oboInOwl:hasAlternativeId DOID:72","obo:DOID_13350 rdf:type owl:Class","obo:DOID_11819 oboInOwl:hasDbXref OMIM:191600","ccb05433-effe-4724-9417-2f11a7cb621a owl:annotatedProperty oboInOwl:hasExactSynonym","obo:DOID_13137 oboInOwl:hasExactSynonym hereditary motor neuropathy proximal type I","6295af75-4974-4abe-b6c0-332432a6d168 rdf:type owl:Axiom","05043109-5241-49f8-b684-7cb90f3bab53 oboInOwl:hasDbXref NCI2004_11_17:C7359","obo:DOID_11819 oboInOwl:hasExactSynonym malignant ureteral tumor","obo:DOID_0050313 owl:deprecated true^^http://www.w3.org/2001/XMLSchema#boolean","obo:DOID_3924 rdfs:subClassOf obo:DOID_1324","b8a655ec-82ac-410f-be57-aa91e97c268c owl:annotatedProperty oboInOwl:hasExactSynonym","obo:DOID_4558 rdfs:label Ludwigs angina","6d5c0c19-57e2-46a4-8291-744a47a28ebc rdf:type owl:Axiom","obo:DOID_11271 owl:deprecated true^^http://www.w3.org/2001/XMLSchema#boolean","d38509e9-3700-4ab8-9447-4c4af2ac5998 oboInOwl:hasDbXref SNOMEDCT_2005_07_31:77604004","f62f8ef4-327c-41f1-be48-b9e035a8beb2 oboInOwl:hasDbXref NCI2004_11_17:C34682","da3400af-b887-4b23-be14-78ffa2af9e65 owl:annotatedTarget Follicular adenocarcinoma morphologic abnormality","obo:DOID_3163 oboInOwl:hasExactSynonym malignant tumor, fusiform cell type morphologic abnormality","obo:DOID_11183 rdfs:label Haemophilus influenzae septicemia","obo:DOID_0050401 oboInOwl:hasOBONamespace disease_ontology","obo:DOID_7527 oboInOwl:hasOBONamespace disease_ontology","44fdece8-b7e1-4108-97d9-c62d9a8ce88e owl:annotatedSource obo:DOID_559","e9622981-d507-4cbc-a746-03f44f3a1083 owl:annotatedSource obo:DOID_5090","obo:DOID_5117 oboInOwl:hasDbXref SNOMEDCT_US_2015_03_01:189116006","b851e5bc-0e99-4857-8f23-323948d26cf4 owl:annotatedSource obo:DOID_8649","1933e26c-c7f7-4d78-a79c-aac34b133b40 owl:annotatedProperty obo:IAO_0000115","obo:DOID_7527 oboInOwl:hasExactSynonym acute gonorrhea of uterus","obo:DOID_7615 oboInOwl:hasOBONamespace disease_ontology","obo:DOID_884 oboInOwl:hasDbXref ICD9CM:121.5","obo:DOID_4683 rdfs:label cutaneous mucoepidermoid carcinoma","obo:DOID_2265 oboInOwl:inSubset doid:gram-negative_bacterial_infectious_disease","13dd4c7b-7828-4e57-8bc7-8860b22b6608 oboInOwl:hasDbXref SNOMEDCT_2005_07_31:237542005","obo:DOID_2228 oboInOwl:hasExactSynonym THROMBOCYTHEMIA","07f6a64b-dcc2-47e9-9e84-ff1537691284 rdf:type owl:Axiom","obo:DOID_11819 oboInOwl:hasDbXref SNOMEDCT_US_2015_03_01:154543003","obo:DOID_6132 oboInOwl:hasAlternativeId DOID:13503","041b7be8-af54-4465-8c86-a74ec43f9bfe owl:annotatedProperty obo:IAO_0000115","006acf65-182f-4531-bda3-31c646324fd7 owl:annotatedProperty oboInOwl:hasExactSynonym","obo:DOID_1882 oboInOwl:hasDbXref ICD10CM:Q21.1","obo:DOID_13137 oboInOwl:hasExactSynonym HMN Hereditary motor Neuropathy Proximal type I","obo:DOID_11819 oboInOwl:hasDbXref MSH:D014516","obo:DOID_7439 oboInOwl:hasOBONamespace disease_ontology","18104e0f-6cf6-4b5a-be51-4b7d64c559b6 oboInOwl:hasDbXref NCI2004_11_17:C34466","e83605d1-61ff-42c8-b7de-ad7f2cf25fee owl:annotatedTarget A cell type cancer that has_material_basis_in abnormally proliferating cells derived_from embryonic connective tissue that is capable of developing into connective tissue, such as bone, and cartilage, the lymphatic system, and the circulatory system.","0436054c-d6bf-4d46-9722-e5105bec81e2 owl:annotatedSource obo:DOID_9561","82a7a5ea-d989-4404-80c1-eb6dde7dfa30 oboInOwl:hasDbXref SNOMEDCT_2005_07_31:126909004","obo:DOID_8211 rdf:type owl:Class","937e8811-697c-43bb-bfc8-fd957dd9ee0b oboInOwl:hasDbXref url:http://www.rarediseases.org/rare-disease-information/rare-diseases/byID/1074/viewAbstract","obo:DOID_2265 oboInOwl:inSubset doid:zoonotic_infectious_disease","937e8811-697c-43bb-bfc8-fd957dd9ee0b rdf:type owl:Axiom","obo:DOID_3836 rdfs:label posttransplantation lymphoproliferative disease","5a96becc-27e6-4a8c-9388-05157f2f609f owl:annotatedProperty obo:IAO_0000115","5a96becc-27e6-4a8c-9388-05157f2f609f oboInOwl:hasDbXref url:http://www.ncbi.nlm.nih.gov/pubmed/12685182","obo:DOID_1882 oboInOwl:hasDbXref SNOMEDCT_US_2015_03_01:156915002","obo:DOID_6629 oboInOwl:hasDbXref NCI:C28432","obo:DOID_759 oboInOwl:hasOBONamespace disease_ontology","obo:DOID_4595 oboInOwl:id DOID:4595","obo:DOID_4683 oboInOwl:hasDbXref SNOMEDCT_US_2015_03_01:254713002","obo:DOID_3163 owl:deprecated true^^http://www.w3.org/2001/XMLSchema#boolean","2eba3dd4-5324-42fc-adc2-c285f0b33b91 owl:annotatedSource obo:DOID_0060208","f76e4d53-17ce-4415-bc4b-758a5da85902 owl:annotatedTarget A jaw cancer and maxillary disease that effects the maxilla or upper jaw.","3acb22a8-efff-459b-96a4-8c2ac05a9c0a oboInOwl:hasDbXref NCI2004_11_17:C5450","b8a655ec-82ac-410f-be57-aa91e97c268c rdf:type owl:Axiom","obo:DOID_1882 oboInOwl:hasDbXref SNOMEDCT_US_2015_03_01:70142008","b8a655ec-82ac-410f-be57-aa91e97c268c oboInOwl:hasDbXref ORDO:357043","obo:DOID_13137 oboInOwl:hasDbXref SNOMEDCT_US_2015_03_01:64383006","obo:DOID_2228 oboInOwl:hasDbXref SNOMEDCT_US_2015_03_01:79574003","0667a912-d16d-4367-b196-401424ab225c oboInOwl:hasDbXref SNOMEDCT_2005_07_31:189781004","00212a97-f0c6-4855-b216-5987ac275e20 oboInOwl:hasDbXref SNOMEDCT_2005_07_31:51169003","obo:DOID_1882 oboInOwl:hasExactSynonym atrioseptal defect","6295af75-4974-4abe-b6c0-332432a6d168 owl:annotatedProperty oboInOwl:hasExactSynonym","obo:DOID_4683 oboInOwl:hasExactSynonym Mucoepidermoid carcinoma of skin disorder","ccb05433-effe-4724-9417-2f11a7cb621a rdf:type owl:Axiom","316f4996-f14e-4c04-8089-d7fc168aad37 oboInOwl:hasDbXref NCI2004_11_17:C5453","fcb1a1c9-ed3a-4dee-948e-4ebc5c2da1c3 oboInOwl:hasDbXref SNOMEDCT_2005_07_31:30915001","obo:DOID_5117 oboInOwl:hasExactSynonym Dermoid cyst \u0026 [ovarian]","obo:DOID_1882 oboInOwl:hasDbXref OMIM:607941","obo:DOID_13401 oboInOwl:hasDbXref MSH:D000793","0689960f-40b7-46ba-a8ce-8c3ce7bd2fe6 owl:annotatedTarget A tic disorder that is characterized by multiple physical motor tics and at least one vocal phonic tic present for more than a year.","obo:DOID_4734 rdf:type owl:Class","obo:DOID_2441 rdfs:label frontal sinus squamous cell carcinoma","obo:DOID_5117 oboInOwl:hasExactSynonym Dermoid cyst of ovary disorder","e59f4f67-5ab4-49e7-9c2a-30d84dfbbed8 owl:annotatedSource obo:DOID_12711","229d8ea8-9134-44a9-9b9b-8657ed6449fc oboInOwl:hasDbXref url:http://www2.merriam-webster.com/cgi-bin/mwmednlm?book\u003dMedical\u0026va\u003dLABYRINTHITIS","b8a655ec-82ac-410f-be57-aa91e97c268c owl:annotatedTarget distal hereditary motor neuropathy with upper motor neuron signs","obo:DOID_4734 oboInOwl:hasDbXref MSH:D002115","f597c397-c14e-4e8e-a960-91a8a2fdab82 owl:annotatedSource obo:DOID_4876","obo:DOID_2316 oboInOwl:id DOID:2316","obo:DOID_6629 obo:IAO_0000115 A breast carcinoma that is located_in the nipple.","obo:DOID_9021 oboInOwl:hasDbXref UMLS_CUI:C0267095","obo:DOID_10600 rdfs:label chronic tic disorder","bee579e5-021a-4953-91b0-e5e2c2222a11 owl:annotatedProperty obo:IAO_0000115","d4ef986c-9298-4443-ad15-87f3f0cd10c5 oboInOwl:hasDbXref SNOMEDCT_2005_07_31:154544009","obo:DOID_0050262 obo:IAO_0000115 A parasitic helminthiasis infectious disease that involves infection caused by parasitic worms, which are bilaterian, unsegmented, soft-bodied invertebrate animals with no body cavity.","obo:DOID_11856 oboInOwl:hasOBONamespace disease_ontology","obo:DOID_3748 rdfs:subClassOf obo:DOID_1107","bfe96b39-fb4d-45b5-bee5-8f76696d7354 owl:annotatedProperty oboInOwl:hasExactSynonym","obo:DOID_13313 rdfs:label pancreatic mucinous ductal ectasia","c404413f-7308-45c6-bfa9-154c6253b6c8 rdf:type owl:Axiom","obo:DOID_1882 oboInOwl:hasDbXref OMIM:612794","229d8ea8-9134-44a9-9b9b-8657ed6449fc rdf:type owl:Axiom","85f636dc-1ea9-4e14-8866-1b894b944286 rdf:type owl:Axiom","obo:DOID_0060004 rdf:type owl:Class","obo:DOID_7652 owl:deprecated true^^http://www.w3.org/2001/XMLSchema#boolean","obo:DOID_3924 oboInOwl:hasExactSynonym malignant neoplasm of main bronchus disorder","obo:DOID_3924 oboInOwl:id DOID:3924","18104e0f-6cf6-4b5a-be51-4b7d64c559b6 owl:annotatedSource obo:DOID_2256","855c0ef6-1d1c-4663-8d3e-0728c9cbcc39 owl:annotatedSource obo:DOID_1799","obo:DOID_11944 oboInOwl:hasOBONamespace disease_ontology","obo:DOID_9021 oboInOwl:hasExactSynonym Leukoplakia of esophagus disorder","15c39a15-b091-415c-97d5-12fb60c9e778 owl:annotatedSource obo:DOID_1891","e68726bb-7010-44dc-9aaf-2fb4dce1fa1e owl:annotatedProperty oboInOwl:hasExactSynonym","8b8c9c7b-cafc-4bb6-b31f-b8a05297884b rdf:type owl:Axiom","7354b110-8b9e-44fc-b118-fdc4ae43f1a1 owl:annotatedSource obo:DOID_10354","9debf246-aebe-4de4-836f-0db796580ed0 owl:annotatedProperty oboInOwl:hasExactSynonym","obo:DOID_1882 rdf:type owl:Class","obo:DOID_7527 oboInOwl:hasDbXref UMLS_CUI:C0153196","937e8811-697c-43bb-bfc8-fd957dd9ee0b oboInOwl:hasDbXref url:http://ghr.nlm.nih.gov/condition/langer-giedion-syndrome","obo:DOID_884 oboInOwl:hasOBONamespace disease_ontology","obo:DOID_5330 oboInOwl:hasDbXref NCI:C34530","b2dba5a2-05b6-48ed-8bf2-d1fe1a4dc6d7 rdf:type owl:Axiom","7b71d011-f6ca-4523-8a69-08b07a571054 rdf:type owl:Axiom","obo:DOID_0050313 oboInOwl:hasOBONamespace disease_ontology","obo:DOID_13137 oboInOwl:hasExactSynonym infantile muscular atrophy","a23ade66-ba48-4917-a4db-0116fe58ed31 owl:annotatedTarget Hypopigmentation of eyelid disorder","c8d8385d-5bdc-47eb-9b57-446cc5214687 owl:annotatedSource obo:DOID_4679","obo:DOID_7388 oboInOwl:hasDbXref UMLS_CUI:C1335575","obo:DOID_1882 oboInOwl:hasDbXref OMIM:108800","obo:DOID_972 oboInOwl:hasOBONamespace disease_ontology","obo:DOID_13350 oboInOwl:hasExactSynonym Gender identity disorder of childhood disorder","obo:DOID_10461 oboInOwl:hasDbXref SNOMEDCT_US_2015_03_01:442551007","0689960f-40b7-46ba-a8ce-8c3ce7bd2fe6 owl:annotatedProperty obo:IAO_0000115","b79bdcba-d9cf-4585-b047-ff5d4e4cc155 owl:annotatedSource obo:DOID_2149","obo:DOID_2228 rdfs:subClassOf obo:DOID_0070004","fa461bf1-7b4e-4fdd-bffb-412161326d04 rdf:type owl:Axiom","obo:DOID_0050225 oboInOwl:hasOBONamespace disease_ontology","obo:DOID_7615 rdfs:label sarcomatosis","obo:DOID_7527 rdfs:subClassOf obo:DOID_7528","efb6550f-100a-4c3b-94c1-7849744f4bab owl:annotatedTarget malignant Extragonadal teratoma","f05d6d6c-bafd-475e-b92d-e1d627fc8a64 rdf:type owl:Axiom","obo:DOID_11271 oboInOwl:hasAlternativeId DOID:14011","62ae96b6-9949-4ee8-b68b-1f27bda0ff0d owl:annotatedTarget Epidemic hemorrhagic conjunctivitis","obo:DOID_8286 oboInOwl:hasOBONamespace disease_ontology","8cfb3432-b6a5-4f71-a5b0-641c6bd3d800 oboInOwl:hasDbXref url:http://www.nlm.nih.gov/medlineplus/ency/article/001584.htm"],"InferredAxioms":["obo:DOID_5117 rdfs:subClassOf obo:DOID_5117","obo:DOID_7528 rdf:type rdfs:Class","obo:DOID_1324 rdfs:subClassOf obo:DOID_1324","obo:DOID_2441 rdf:type rdfs:Class","rdf:object rdfs:domain rdf:Statement","obo:DOID_1115 rdf:type rdfs:Resource","obo:DOID_3996 rdf:type rdfs:Resource","rdf:Bag rdfs:subClassOf rdf:Bag","obo:DOID_175 rdf:type rdfs:Resource","obo:DOID_10600 rdfs:subClassOf obo:DOID_10600","obo:DOID_7527 rdf:type rdfs:Class","obo:DOID_2228 rdf:type rdfs:Resource","obo:DOID_11907 rdf:type rdfs:Resource","rdfs:Resource rdf:type rdfs:Class","obo:DOID_13313 rdf:type rdfs:Resource","obo:DOID_0060160 rdfs:subClassOf obo:DOID_0060160","rdf:XMLLiteral rdf:type rdfs:Datatype","obo:DOID_2218 rdfs:subClassOf obo:DOID_2218","obo:DOID_7615 rdf:type rdfs:Class","rdf:XMLLiteral rdf:type rdfs:Class","obo:DOID_2316 rdf:type rdfs:Resource","obo:DOID_5330 rdfs:subClassOf obo:DOID_5330","rdfs:domain rdfs:domain rdf:Property","rdf:first rdfs:domain rdf:List","obo:DOID_5100 rdfs:subClassOf obo:DOID_5100","rdf:predicate rdfs:domain rdf:Statement","obo:DOID_5679 rdf:type rdfs:Class","obo:DOID_5100 rdf:type rdfs:Resource","obo:DOID_5330 rdf:type rdfs:Resource","obo:DOID_2218 rdf:type rdfs:Resource","obo:DOID_0060004 rdfs:subClassOf obo:DOID_0060004","obo:DOID_0070004 rdfs:subClassOf obo:DOID_0070004","obo:DOID_0060004 rdf:type rdfs:Resource","obo:DOID_1324 rdf:type rdfs:Resource","obo:DOID_3459 rdfs:subClassOf obo:DOID_3459","obo:DOID_2769 rdfs:subClassOf obo:DOID_2769","obo:DOID_5478 rdf:type rdfs:Class","rdfs:domain rdf:type rdfs:Resource","obo:DOID_7439 rdf:type rdfs:Class","rdfs:subPropertyOf rdfs:range rdf:Property","obo:DOID_182 rdf:type rdfs:Class","obo:DOID_3488 rdfs:subClassOf obo:DOID_3488","rdf:Seq rdf:type rdfs:Class","obo:DOID_1107 rdf:type rdfs:Resource","obo:DOID_1882 rdf:type rdfs:Resource","obo:DOID_8504 rdf:type rdfs:Class","rdf:predicate rdfs:subPropertyOf rdf:predicate","obo:DOID_0060041 rdf:type rdfs:Class","obo:DOID_13401 rdf:type rdfs:Resource","rdf:Alt rdfs:subClassOf rdf:Alt","obo:DOID_1360 rdfs:subClassOf obo:DOID_1360","obo:DOID_4683 rdfs:subClassOf obo:DOID_4683","owl:Class rdf:type rdfs:Resource","rdfs:domain rdf:type rdf:Property","obo:DOID_0060040 rdf:type rdfs:Class","obo:DOID_5117 rdf:type rdfs:Class","rdfs:subClassOf rdf:type rdfs:Resource","obo:DOID_3748 rdf:type rdfs:Resource","rdf:rest rdfs:range rdf:List","obo:DOID_0060160 rdf:type rdfs:Class","obo:DOID_3459 rdf:type rdfs:Class","rdf:first rdfs:subPropertyOf rdf:first","obo:DOID_0070004 rdf:type rdfs:Class","obo:DOID_2316 rdfs:subClassOf obo:DOID_2316","obo:DOID_2658 rdf:type rdfs:Resource","rdf:Alt rdf:type rdfs:Class","obo:DOID_4683 rdf:type rdfs:Class","obo:DOID_884 rdfs:subClassOf obo:DOID_884","obo:DOID_1681 rdfs:subClassOf obo:DOID_1681","rdf:List rdf:type rdfs:Class","rdfs:subClassOf rdf:type rdf:Property","obo:DOID_1681 rdf:type rdfs:Class","obo:DOID_10461 rdf:type rdfs:Resource","rdf:Bag rdfs:subClassOf rdfs:Container","rdf:Property rdfs:subClassOf rdfs:Resource","obo:DOID_2228 rdfs:subClassOf obo:DOID_2228","obo:DOID_4 rdf:type rdfs:Class","obo:DOID_8504 rdfs:subClassOf obo:DOID_8504","rdf:predicate rdf:type rdf:Property","obo:DOID_175 rdfs:subClassOf obo:DOID_175","rdf:Statement rdf:type rdfs:Resource","obo:DOID_6050 rdf:type rdfs:Class","rdf:Bag rdf:type rdfs:Resource","rdf:nil rdf:type rdf:List","rdf:object rdfs:subPropertyOf rdf:object","rdfs:comment rdfs:range rdfs:Literal","owl:Axiom rdf:type rdfs:Class","obo:DOID_6629 rdf:type rdfs:Class","rdf:predicate rdf:type rdfs:Resource","obo:DOID_0060041 rdfs:subClassOf obo:DOID_0060041","rdf:Property rdfs:subClassOf rdf:Property","obo:DOID_13137 rdfs:subClassOf obo:DOID_13137","obo:DOID_2769 rdf:type rdfs:Resource","obo:DOID_883 rdf:type rdfs:Class","obo:DOID_1091 rdf:type rdfs:Resource","obo:DOID_5478 rdfs:subClassOf obo:DOID_5478","obo:DOID_326 rdf:type rdfs:Class","rdf:object rdf:type rdfs:Resource","rdfs:Container rdf:type rdfs:Class","obo:DOID_7439 rdfs:subClassOf obo:DOID_7439","rdf:Statement rdfs:subClassOf rdfs:Resource","obo:DOID_11907 rdfs:subClassOf obo:DOID_11907","obo:DOID_182 rdfs:subClassOf obo:DOID_182","obo:DOID_216 rdf:type rdfs:Class","obo:DOID_9021 rdfs:subClassOf obo:DOID_9021","obo:DOID_26 rdfs:subClassOf obo:DOID_26","rdfs:isDefinedBy rdfs:subPropertyOf rdfs:seeAlso","rdf:Seq rdfs:subClassOf rdf:Seq","obo:DOID_13313 rdfs:subClassOf obo:DOID_13313","rdf:object rdf:type rdf:Property","rdf:Property rdf:type rdfs:Resource","obo:DOID_13137 rdf:type rdfs:Resource","rdfs:Literal rdf:type rdfs:Class","obo:DOID_4558 rdfs:subClassOf obo:DOID_4558","obo:DOID_7388 rdf:type rdfs:Resource","obo:DOID_3924 rdf:type rdfs:Resource","rdfs:Class rdfs:subClassOf rdfs:Class","obo:DOID_0060040 rdfs:subClassOf obo:DOID_0060040","rdfs:subClassOf rdfs:range rdfs:Class","obo:DOID_10600 rdf:type rdfs:Class","obo:DOID_8211 rdf:type rdfs:Resource","obo:DOID_7 rdf:type rdfs:Resource","obo:DOID_884 rdf:type rdfs:Class","rdfs:Datatype rdf:type rdfs:Resource","obo:DOID_438 rdfs:subClassOf obo:DOID_438","obo:DOID_1360 rdf:type rdfs:Class","rdfs:ContainerMembershipProperty rdf:type rdfs:Resource","obo:DOID_3488 rdf:type rdfs:Class","rdf:rest rdf:type rdf:Property","rdfs:seeAlso rdf:type rdfs:Resource","rdfs:comment rdf:type rdfs:Resource","rdfs:domain rdfs:range rdfs:Class","obo:DOID_26 rdf:type rdfs:Class","obo:DOID_9021 rdf:type rdfs:Class","obo:DOID_11819 rdf:type rdfs:Resource","obo:DOID_1115 rdfs:subClassOf obo:DOID_1115","obo:DOID_438 rdf:type rdfs:Class","obo:DOID_4734 rdf:type rdfs:Resource","obo:DOID_4558 rdf:type rdfs:Class","rdfs:Class rdf:type rdfs:Class","rdf:rest rdf:type rdfs:Resource","obo:DOID_3996 rdfs:subClassOf obo:DOID_3996","obo:DOID_1091 rdfs:subClassOf obo:DOID_1091","rdfs:seeAlso rdf:type rdf:Property","rdfs:comment rdf:type rdf:Property","rdfs:ContainerMembershipProperty rdfs:subClassOf rdf:Property","obo:DOID_3165 rdf:type rdfs:Resource","obo:DOID_326 rdf:type rdfs:Resource","obo:DOID_3924 rdfs:subClassOf obo:DOID_3924","obo:DOID_1091 rdf:type rdfs:Class","obo:DOID_883 rdf:type rdfs:Resource","rdf:nil rdf:type rdfs:Resource","rdfs:Container rdf:type rdfs:Resource","rdf:subject rdf:type rdf:Property","rdf:Seq rdfs:subClassOf rdfs:Container","obo:DOID_6629 rdfs:subClassOf obo:DOID_6629","rdf:rest rdfs:domain rdf:List","rdf:subject rdf:type rdfs:Resource","obo:DOID_216 rdf:type rdfs:Resource","obo:DOID_7388 rdfs:subClassOf obo:DOID_7388","obo:DOID_5679 rdfs:subClassOf obo:DOID_5679","rdfs:isDefinedBy rdfs:subPropertyOf rdfs:isDefinedBy","rdf:Property rdf:type rdfs:Class","obo:DOID_13137 rdf:type rdfs:Class","obo:DOID_4 rdf:type rdfs:Resource","rdf:Statement rdf:type rdfs:Class","obo:DOID_3748 rdfs:subClassOf obo:DOID_3748","obo:DOID_8211 rdfs:subClassOf obo:DOID_8211","rdfs:label rdf:type rdf:Property","obo:DOID_6050 rdfs:subClassOf obo:DOID_6050","rdfs:label rdf:type rdfs:Resource","obo:DOID_6050 rdf:type rdfs:Resource","rdf:Bag rdf:type rdfs:Class","rdf:Alt rdfs:subClassOf rdfs:Container","obo:DOID_2769 rdf:type rdfs:Class","obo:DOID_6629 rdf:type rdfs:Resource","rdfs:subPropertyOf rdfs:domain rdf:Property","owl:Axiom rdf:type rdfs:Resource","rdfs:label rdfs:range rdfs:Literal","rdfs:Datatype rdfs:subClassOf rdfs:Datatype","rdfs:Datatype rdfs:subClassOf rdfs:Class","obo:DOID_9021 rdf:type rdfs:Resource","obo:DOID_11819 rdf:type rdfs:Class","rdfs:subPropertyOf rdf:type rdf:Property","obo:DOID_26 rdf:type rdfs:Resource","obo:DOID_7615 rdfs:subClassOf obo:DOID_7615","obo:DOID_7 rdfs:subClassOf obo:DOID_7","obo:DOID_10461 rdfs:subClassOf obo:DOID_10461","rdfs:Class rdf:type rdfs:Resource","obo:DOID_4558 rdf:type rdfs:Resource","rdfs:range rdfs:range rdfs:Class","obo:DOID_438 rdf:type rdfs:Resource","obo:DOID_4734 rdf:type rdfs:Class","rdfs:subPropertyOf rdf:type rdfs:Resource","rdfs:Literal rdfs:subClassOf rdfs:Resource","obo:DOID_3165 rdf:type rdfs:Class","obo:DOID_3924 rdf:type rdfs:Class","obo:DOID_7388 rdf:type rdfs:Class","rdfs:Literal rdf:type rdfs:Resource","rdf:type rdf:type rdf:Property","obo:DOID_8211 rdf:type rdfs:Class","obo:DOID_10600 rdf:type rdfs:Resource","obo:DOID_2658 rdfs:subClassOf obo:DOID_2658","rdfs:Class rdfs:subClassOf rdfs:Resource","obo:DOID_4 rdfs:subClassOf obo:DOID_4","rdfs:ContainerMembershipProperty rdfs:subClassOf rdfs:ContainerMembershipProperty","obo:DOID_7 rdf:type rdfs:Class","rdfs:Datatype rdf:type rdfs:Class","obo:DOID_884 rdf:type rdfs:Resource","obo:DOID_3488 rdf:type rdfs:Resource","rdfs:ContainerMembershipProperty rdf:type rdfs:Class","rdf:type rdf:type rdfs:Resource","obo:DOID_1360 rdf:type rdfs:Resource","obo:DOID_2316 rdf:type rdfs:Class","rdf:XMLLiteral rdf:type rdfs:Resource","obo:DOID_7615 rdf:type rdfs:Resource","rdfs:isDefinedBy rdf:type rdfs:Resource","obo:DOID_11819 rdfs:subClassOf obo:DOID_11819","obo:DOID_0060004 rdf:type rdfs:Class","obo:DOID_5330 rdf:type rdfs:Class","obo:DOID_2218 rdf:type rdfs:Class","rdfs:range rdfs:domain rdf:Property","rdfs:isDefinedBy rdf:type rdf:Property","obo:DOID_5100 rdf:type rdfs:Class","obo:DOID_5679 rdf:type rdfs:Resource","obo:DOID_216 rdfs:subClassOf obo:DOID_216","obo:DOID_1324 rdf:type rdfs:Class","obo:DOID_2441 rdf:type rdfs:Resource","obo:DOID_7528 rdf:type rdfs:Resource","obo:DOID_13401 rdfs:subClassOf obo:DOID_13401","obo:DOID_3996 rdf:type rdfs:Class","obo:DOID_1115 rdf:type rdfs:Class","rdf:rest rdfs:subPropertyOf rdf:rest","rdfs:subClassOf rdfs:domain rdfs:Class","obo:DOID_2228 rdf:type rdfs:Class","obo:DOID_7527 rdf:type rdfs:Resource","obo:DOID_1107 rdfs:subClassOf obo:DOID_1107","obo:DOID_175 rdf:type rdfs:Class","rdfs:Resource rdf:type rdfs:Resource","rdf:subject rdfs:domain rdf:Statement","obo:DOID_13313 rdf:type rdfs:Class","obo:DOID_11907 rdf:type rdfs:Class","obo:DOID_7527 rdfs:subClassOf obo:DOID_7527","obo:DOID_1882 rdfs:subClassOf obo:DOID_1882","obo:DOID_883 rdfs:subClassOf obo:DOID_883","obo:DOID_3748 rdf:type rdfs:Class","rdf:first rdf:type rdfs:Resource","obo:DOID_5117 rdf:type rdfs:Resource","obo:DOID_0070004 rdf:type rdfs:Resource","obo:DOID_3459 rdf:type rdfs:Resource","obo:DOID_0060160 rdf:type rdfs:Resource","obo:DOID_326 rdfs:subClassOf obo:DOID_326","rdfs:seeAlso rdfs:subPropertyOf rdfs:seeAlso","rdf:type rdfs:range rdfs:Class","obo:DOID_2658 rdf:type rdfs:Class","rdf:Alt rdf:type rdfs:Resource","obo:DOID_4683 rdf:type rdfs:Resource","rdf:first rdf:type rdf:Property","obo:DOID_10461 rdf:type rdfs:Class","obo:DOID_3165 rdfs:subClassOf obo:DOID_3165","obo:DOID_1681 rdf:type rdfs:Resource","rdf:List rdf:type rdfs:Resource","obo:DOID_7528 rdfs:subClassOf obo:DOID_7528","obo:DOID_4734 rdfs:subClassOf obo:DOID_4734","rdfs:range rdf:type rdf:Property","rdf:List rdfs:subClassOf rdfs:Resource","rdf:subject rdfs:subPropertyOf rdf:subject","rdf:Seq rdf:type rdfs:Resource","rdfs:Container rdfs:subClassOf rdfs:Container","obo:DOID_182 rdf:type rdfs:Resource","obo:DOID_7439 rdf:type rdfs:Resource","obo:DOID_5478 rdf:type rdfs:Resource","obo:DOID_13401 rdf:type rdfs:Class","obo:DOID_2441 rdfs:subClassOf obo:DOID_2441","obo:DOID_0060041 rdf:type rdfs:Resource","obo:DOID_1882 rdf:type rdfs:Class","obo:DOID_8504 rdf:type rdfs:Resource","obo:DOID_1107 rdf:type rdfs:Class","obo:DOID_0060040 rdf:type rdfs:Resource","rdfs:range rdf:type rdfs:Resource","owl:Class rdf:type rdfs:Class"],"InvalidAxioms":["obo:DOID_11907 rdf:type rdf:Property","obo:DOID_8504 rdfs:domain rdf:List","rdf:Alt rdfs:subClassOf obo:DOID_7388","obo:DOID_13313 rdf:type rdf:Property","rdf:object rdfs:range rdfs:Class","obo:DOID_175 rdf:type rdf:Property","obo:DOID_5100 rdfs:subClassOf rdfs:Resource","rdfs:subClassOf rdfs:domain rdf:Property","rdf:object rdfs:subClassOf obo:DOID_11907","rdfs:range rdfs:subClassOf obo:DOID_26","obo:DOID_2316 rdfs:subClassOf obo:DOID_6629","obo:DOID_2228 rdf:type rdf:Property","rdfs:Container rdfs:subClassOf obo:DOID_2658","obo:DOID_13137 rdfs:subClassOf obo:DOID_11907","rdfs:isDefinedBy rdfs:subClassOf obo:DOID_7","rdf:Statement rdfs:subClassOf rdf:Bag","obo:DOID_1681 rdfs:subClassOf obo:DOID_5117","obo:DOID_182 rdfs:subClassOf obo:DOID_1107","obo:DOID_0060041 rdfs:subClassOf obo:DOID_1882","obo:DOID_5100 rdfs:subClassOf obo:DOID_2218","obo:DOID_8211 rdfs:subClassOf rdfs:Container","obo:DOID_11907 rdfs:subClassOf rdfs:Resource","obo:DOID_884 rdfs:subClassOf obo:DOID_182","rdfs:seeAlso rdfs:subClassOf obo:DOID_883","rdfs:subPropertyOf rdfs:subClassOf obo:DOID_0060041","rdf:Statement rdfs:range rdfs:Class","obo:DOID_326 rdfs:subClassOf obo:DOID_10461","rdf:List rdfs:subClassOf obo:DOID_1882","rdfs:isDefinedBy rdf:type rdfs:Class","obo:DOID_3488 rdfs:subClassOf obo:DOID_7439","obo:DOID_1681 rdfs:domain rdf:List","obo:DOID_2218 rdfs:subClassOf obo:DOID_6050","obo:DOID_5100 rdfs:subClassOf obo:DOID_6050","obo:DOID_2769 rdfs:range rdfs:Class","obo:DOID_883 rdfs:subClassOf obo:DOID_3488","obo:DOID_5117 rdfs:subClassOf obo:DOID_1107","rdf:Bag rdfs:range rdfs:Class","obo:DOID_4683 rdfs:domain rdf:List","rdf:Property rdfs:subClassOf obo:DOID_5679","obo:DOID_7528 rdfs:subClassOf rdfs:Class","obo:DOID_13313 rdfs:subClassOf obo:DOID_13137","rdfs:seeAlso rdfs:subClassOf obo:DOID_2769","rdfs:label rdfs:subClassOf obo:DOID_0060041","rdfs:ContainerMembershipProperty rdfs:subClassOf obo:DOID_175","rdf:Alt rdfs:subClassOf obo:DOID_4558","rdf:first rdfs:subClassOf obo:DOID_438","obo:DOID_7527 rdfs:subClassOf obo:DOID_1107","rdfs:seeAlso rdfs:range rdfs:Class","obo:DOID_4734 rdfs:subClassOf obo:DOID_2769","rdf:predicate rdfs:subClassOf obo:DOID_7615","obo:DOID_3488 rdfs:subClassOf obo:DOID_1360","rdfs:Literal rdfs:subClassOf obo:DOID_0060040","rdfs:range rdfs:subPropertyOf rdf:first","obo:DOID_26 rdfs:subClassOf obo:DOID_2658","rdf:rest rdfs:domain rdf:Statement","rdfs:range rdf:type rdfs:Class","rdf:object rdfs:subClassOf obo:DOID_1115","obo:DOID_4558 rdfs:subPropertyOf rdfs:seeAlso","rdf:first rdf:type rdfs:Class","rdf:Seq rdfs:subClassOf rdf:Alt","obo:DOID_7388 rdfs:domain rdf:Statement","rdf:Property rdfs:subPropertyOf rdf:predicate","rdfs:ContainerMembershipProperty rdfs:range rdfs:Class","obo:DOID_1882 rdfs:subClassOf rdfs:Resource","obo:DOID_1107 rdfs:subClassOf rdfs:Resource","obo:DOID_3748 rdf:type rdf:Property","obo:DOID_9021 rdfs:subPropertyOf rdfs:seeAlso","rdf:object rdfs:subClassOf rdf:Property","rdf:first rdfs:subClassOf obo:DOID_5478","obo:DOID_3924 rdfs:subClassOf obo:DOID_7528","rdf:subject rdfs:subClassOf obo:DOID_4558","obo:DOID_1681 rdfs:subClassOf rdf:Seq","obo:DOID_11819 rdfs:domain rdf:Property","obo:DOID_2316 rdfs:range rdfs:Class","obo:DOID_2441 rdfs:subClassOf obo:DOID_1360","obo:DOID_10461 rdfs:subClassOf rdfs:Container","rdf:Statement rdf:type rdf:Property","obo:DOID_5117 rdfs:subClassOf obo:DOID_182","obo:DOID_8504 rdfs:subClassOf obo:DOID_10600","obo:DOID_7 rdfs:subClassOf obo:DOID_7528","rdfs:label rdf:type rdfs:Class","rdfs:label rdf:type rdfs:Datatype","obo:DOID_175 rdfs:subClassOf obo:DOID_216","rdf:object rdfs:subClassOf rdfs:Resource","obo:DOID_13313 rdfs:subClassOf obo:DOID_5679","obo:DOID_1091 rdfs:subClassOf obo:DOID_0060004","rdf:object rdfs:subClassOf obo:DOID_6050","obo:DOID_1115 rdfs:subClassOf obo:DOID_11907","obo:DOID_5679 rdfs:subClassOf obo:DOID_3488","rdf:nil rdf:type rdfs:Class","rdfs:range rdfs:subClassOf obo:DOID_182","rdf:Bag rdfs:subClassOf rdfs:Resource","obo:DOID_7615 rdfs:subClassOf obo:DOID_1360","rdfs:subClassOf rdfs:subClassOf obo:DOID_326","rdf:subject rdf:type rdfs:Class","rdf:Property rdfs:subClassOf obo:DOID_7527","obo:DOID_7615 rdfs:subPropertyOf rdfs:seeAlso","obo:DOID_1091 rdf:type rdf:Property","rdf:type rdfs:subClassOf obo:DOID_5117","rdfs:label rdfs:subClassOf obo:DOID_438","owl:Axiom rdfs:subClassOf obo:DOID_4683","obo:DOID_9021 rdfs:subClassOf obo:DOID_3459","rdfs:domain rdfs:subClassOf obo:DOID_5679","rdfs:seeAlso rdfs:subClassOf obo:DOID_13137","rdfs:comment rdfs:subClassOf obo:DOID_13137","rdfs:isDefinedBy rdfs:subClassOf obo:DOID_3748","rdfs:ContainerMembershipProperty rdfs:subClassOf obo:DOID_5100","obo:DOID_2441 rdfs:subClassOf obo:DOID_11819","rdfs:subClassOf rdfs:subClassOf obo:DOID_11907","obo:DOID_4734 rdfs:subClassOf rdfs:Resource","obo:DOID_3748 rdfs:range rdfs:Class","rdfs:Datatype rdf:type rdf:Property","rdfs:subPropertyOf rdfs:subClassOf rdfs:Class","obo:DOID_0060004 rdfs:subClassOf obo:DOID_1115","rdfs:subClassOf rdfs:domain rdf:Statement","rdfs:Resource rdfs:subClassOf obo:DOID_8504","obo:DOID_10461 rdfs:subClassOf obo:DOID_11907","obo:DOID_9021 rdfs:subClassOf rdfs:Datatype","rdfs:label rdfs:subClassOf obo:DOID_13401","obo:DOID_7388 rdfs:subClassOf obo:DOID_5330","rdf:first rdfs:subClassOf obo:DOID_2658","rdfs:Container rdfs:subClassOf obo:DOID_7388","obo:DOID_0060041 rdfs:subPropertyOf rdfs:seeAlso","obo:DOID_2658 rdfs:domain rdf:Statement","rdfs:subPropertyOf rdfs:subClassOf obo:DOID_438","rdf:Statement rdfs:subClassOf obo:DOID_2316","obo:DOID_3165 rdfs:subClassOf rdf:Property","rdf:type rdf:type rdfs:Class","rdfs:seeAlso rdfs:subClassOf rdfs:Resource","obo:DOID_0060160 rdfs:subClassOf obo:DOID_10461","obo:DOID_26 rdfs:subClassOf obo:DOID_1681","rdfs:label rdfs:domain rdfs:Class","obo:DOID_1882 rdfs:range rdfs:Class","rdfs:Literal rdfs:subClassOf rdf:Alt","obo:DOID_7615 rdfs:subClassOf obo:DOID_11819","rdfs:Literal rdfs:subClassOf obo:DOID_4683","obo:DOID_7 rdfs:subClassOf obo:DOID_1324","rdf:subject rdfs:subClassOf obo:DOID_1107","obo:DOID_884 rdfs:subClassOf rdfs:Datatype","rdf:predicate rdfs:range rdfs:Literal","obo:DOID_4734 rdf:type rdf:Property","obo:DOID_1681 rdfs:subPropertyOf rdfs:seeAlso","obo:DOID_182 rdfs:subClassOf obo:DOID_4734","rdfs:subPropertyOf rdf:type rdfs:Class","obo:DOID_883 rdfs:subClassOf obo:DOID_1882","obo:DOID_3996 rdfs:subClassOf obo:DOID_1115","obo:DOID_11819 rdfs:subClassOf obo:DOID_5100","obo:DOID_7439 rdfs:subClassOf obo:DOID_4734","rdfs:Class rdfs:subClassOf rdfs:ContainerMembershipProperty","rdf:predicate rdfs:subClassOf rdfs:Class","rdf:object rdf:type rdfs:Class","obo:DOID_26 rdfs:subClassOf obo:DOID_2441","obo:DOID_216 rdfs:subClassOf obo:DOID_2218","obo:DOID_216 rdf:type rdf:Property","rdf:object rdfs:subPropertyOf rdf:first","rdfs:isDefinedBy rdfs:subClassOf obo:DOID_5679","rdf:nil rdfs:subClassOf obo:DOID_6050","obo:DOID_1324 rdfs:subPropertyOf rdfs:seeAlso","obo:DOID_2441 rdfs:range rdfs:Class","rdfs:label rdfs:subClassOf rdfs:Resource","rdfs:seeAlso rdfs:subClassOf obo:DOID_0060160","rdfs:Container rdf:type rdf:Property","obo:DOID_5478 rdfs:subClassOf obo:DOID_3996","rdf:type rdfs:domain rdf:Property","obo:DOID_883 rdf:type rdf:Property","owl:Axiom rdfs:subClassOf rdf:Property","rdfs:isDefinedBy rdfs:domain rdf:Statement","rdfs:Datatype rdfs:subClassOf obo:DOID_26","obo:DOID_2441 rdfs:subClassOf obo:DOID_5679","obo:DOID_4 rdfs:subClassOf obo:DOID_6050","rdfs:seeAlso rdfs:subClassOf obo:DOID_5117","obo:DOID_4734 rdfs:subClassOf obo:DOID_7388","rdfs:ContainerMembershipProperty rdfs:subClassOf obo:DOID_1882","obo:DOID_0070004 rdfs:subClassOf obo:DOID_1115","obo:DOID_2441 rdfs:range rdf:List","obo:DOID_326 rdfs:subPropertyOf rdf:object","rdfs:range rdfs:subClassOf obo:DOID_326","obo:DOID_10461 rdfs:subClassOf obo:DOID_5478","obo:DOID_3924 rdfs:subClassOf obo:DOID_9021","rdf:predicate rdf:type rdfs:Class","obo:DOID_7528 rdfs:subClassOf obo:DOID_175","obo:DOID_7 rdfs:subClassOf obo:DOID_0060160","obo:DOID_8504 rdfs:subClassOf obo:DOID_11907","obo:DOID_182 rdfs:subClassOf obo:DOID_13313","obo:DOID_7388 rdfs:subClassOf obo:DOID_4683","obo:DOID_4558 rdfs:subClassOf obo:DOID_2218","rdfs:seeAlso rdf:type rdfs:Class","rdfs:comment rdf:type rdfs:Class","rdfs:Datatype rdf:type rdf:List","rdfs:Resource rdfs:subPropertyOf rdf:subject","obo:DOID_4683 rdfs:subClassOf obo:DOID_175","obo:DOID_1681 rdfs:subClassOf obo:DOID_2228","obo:DOID_2441 rdfs:subClassOf obo:DOID_3996","obo:DOID_4734 rdf:type rdfs:Datatype","obo:DOID_0060160 rdfs:subClassOf obo:DOID_175","obo:DOID_1882 rdfs:subClassOf obo:DOID_2658","obo:DOID_4734 rdfs:subPropertyOf rdf:first","rdf:rest rdf:type rdfs:Class","obo:DOID_10600 rdfs:subPropertyOf rdf:object","obo:DOID_3459 rdfs:domain rdf:Statement","obo:DOID_3459 rdfs:range rdfs:Class","obo:DOID_1360 rdfs:subClassOf obo:DOID_5100","obo:DOID_884 rdf:type rdf:Property","rdfs:subPropertyOf rdfs:subClassOf obo:DOID_1324","obo:DOID_326 rdfs:domain rdf:Property","obo:DOID_1324 rdfs:subPropertyOf rdf:rest","rdfs:domain rdfs:subClassOf obo:DOID_0060040","rdfs:Class rdfs:subClassOf rdf:Property","rdf:object rdfs:domain rdfs:Class","obo:DOID_438 rdfs:subClassOf obo:DOID_13137","rdf:List rdfs:domain rdf:Statement","rdf:List rdfs:range rdfs:Class","obo:DOID_7439 rdfs:subClassOf obo:DOID_2228","obo:DOID_7 rdfs:subPropertyOf rdf:first","rdf:predicate rdfs:subClassOf obo:DOID_13401","rdf:List rdfs:subClassOf obo:DOID_2769","obo:DOID_7388 rdfs:subClassOf obo:DOID_5478","obo:DOID_182 rdfs:domain rdf:Property","obo:DOID_2228 rdfs:subClassOf rdfs:Datatype","rdf:rest rdfs:subClassOf obo:DOID_0060041","obo:DOID_1681 rdfs:subClassOf obo:DOID_4","obo:DOID_216 rdfs:subClassOf obo:DOID_175","obo:DOID_883 rdfs:range rdf:List","obo:DOID_3748 rdfs:subClassOf obo:DOID_1882","rdfs:label rdfs:range rdfs:Class","obo:DOID_4734 rdfs:subClassOf obo:DOID_8504","obo:DOID_2658 rdfs:domain rdf:List","obo:DOID_0070004 rdfs:domain rdf:Property","rdfs:Resource rdf:type rdf:Property","obo:DOID_7528 rdfs:subClassOf obo:DOID_0060004","rdfs:label rdfs:range rdf:List","rdfs:seeAlso rdfs:subClassOf obo:DOID_7439","obo:DOID_13137 rdfs:range rdf:Property","owl:Class rdfs:subClassOf obo:DOID_3459","rdfs:domain rdfs:subClassOf obo:DOID_1882","obo:DOID_2441 rdf:type rdf:Property","obo:DOID_7528 rdf:type rdf:Property","rdf:subject rdfs:range rdfs:Class","obo:DOID_8504 rdfs:subClassOf obo:DOID_4","obo:DOID_3459 rdfs:range rdfs:Literal","rdfs:subClassOf rdf:type rdfs:Class","obo:DOID_0060004 rdfs:subClassOf obo:DOID_1882","rdf:Alt rdfs:subClassOf obo:DOID_5330","obo:DOID_0060041 rdfs:subClassOf obo:DOID_13137","rdfs:range rdfs:subPropertyOf rdf:object","obo:DOID_5100 rdfs:subClassOf obo:DOID_9021","rdfs:subPropertyOf rdfs:subClassOf rdf:Bag","obo:DOID_2316 rdfs:subClassOf obo:DOID_0060160","obo:DOID_2218 rdfs:subClassOf obo:DOID_9021","obo:DOID_0070004 rdfs:subClassOf obo:DOID_6050","obo:DOID_5100 rdfs:subClassOf obo:DOID_0070004","obo:DOID_0060160 rdf:type rdf:Property","obo:DOID_2316 rdfs:subClassOf obo:DOID_26","rdf:type rdfs:domain rdf:Statement","obo:DOID_5679 rdfs:subClassOf obo:DOID_7528","obo:DOID_11819 rdfs:subClassOf obo:DOID_3488","obo:DOID_3459 rdf:type rdf:Property","obo:DOID_182 rdfs:subClassOf obo:DOID_1324","rdfs:domain rdfs:subClassOf rdfs:Class","rdfs:range rdfs:subClassOf obo:DOID_13137","rdfs:comment rdfs:subClassOf obo:DOID_3488","obo:DOID_7439 rdfs:subClassOf obo:DOID_1324","rdfs:isDefinedBy rdfs:domain rdf:Property","rdfs:label rdfs:subPropertyOf rdf:predicate","obo:DOID_1681 rdfs:subClassOf rdfs:Resource","rdfs:domain rdf:type rdfs:Class","obo:DOID_0060040 rdf:type rdf:Property","rdf:first rdfs:subClassOf rdf:Property","rdf:predicate rdfs:subClassOf obo:DOID_0060041","obo:DOID_1115 rdfs:subClassOf obo:DOID_13401","obo:DOID_4558 rdfs:subClassOf obo:DOID_2769","rdf:XMLLiteral rdfs:range rdfs:Literal","obo:DOID_11907 rdfs:subClassOf obo:DOID_0060160","obo:DOID_3996 rdfs:subClassOf obo:DOID_9021","obo:DOID_13137 rdfs:subPropertyOf rdf:rest","obo:DOID_4558 rdfs:domain rdf:Statement","obo:DOID_7439 rdf:type rdf:Property","rdfs:label rdfs:subClassOf obo:DOID_326","obo:DOID_7 rdfs:subClassOf obo:DOID_1360","rdfs:subPropertyOf rdfs:domain rdf:Statement","obo:DOID_182 rdf:type rdf:Property"]}