{"OntologyName":"http://purl.obolibrary.org/obo/doid.owl#","Prefixes":{"":"http://purl.obolibrary.org/obo/doid.owl#","owl":"http://www.w3.org/2002/07/owl#","rdf":"http://www.w3.org/1999/02/22-rdf-syntax-ns#","oboInOwl":"http://www.geneontology.org/formats/oboInOwl#","xsd":"http://www.w3.org/2001/XMLSchema#","doid":"http://purl.obolibrary.org/obo/doid#","rdfs":"http://www.w3.org/2000/01/rdf-schema#","obo":"http://purl.obolibrary.org/obo/"},"TotalBase Triples":1000,"Axiomatic Triples in Base":0,"rdf:TypeTriples in Base":148,"TotalUniqueSubjects in base":148,"TotalUniquePredicates in base":17,"TotalUniqueObjects in base":689,"TotalInferred Triples":272,"AxiomaticTriples in inferred":100,"rdf:TypeTriples in inferred":173,"TotalUniqueSubjects in inferred":86,"TotalUniquePredicates in inferred":5,"TotalUniqueObjects in inferred":75,"TotalInvalid Triples":272,"AxiomaticTriples in invalid":68,"rdf:TypeTriples in invalid":53,"fullRandomTriples in invalid":0,"trickyTriplesInInvalid in invalid":272,"TotalUniqueSubjects in invalid":80,"TotalUniquePredicates in invalid":5,"TotalUniqueObjects in invalid":67,"Inference_time (miliseconds)":5,"Invalid triples generation time (miliseconds)":34,"Output (json_format) writing time (miliseconds)":0,"OriginalAxioms":["obo:DOID_5400 owl:deprecated true^^http://www.w3.org/2001/XMLSchema#boolean","obo:DOID_98 owl:deprecated true^^http://www.w3.org/2001/XMLSchema#boolean","obo:DOID_6899 rdfs:subClassOf obo:DOID_6211","463c1625-4d8c-4873-ba43-ddede890656b owl:annotatedSource obo:DOID_5937","42871b71-39e5-44f3-9fd8-7b68040bcb45 owl:annotatedSource obo:DOID_10923","obo:DOID_1776 oboInOwl:hasDbXref SNOMEDCT_US_2015_03_01:194376005","7dd3e468-928a-49c9-a4db-4f4f4061021a owl:annotatedSource obo:DOID_2025","cf177e5b-e485-4675-ad58-d76f89ad8fd8 rdf:type owl:Axiom","obo:DOID_10531 oboInOwl:hasExactSynonym Pneumococcal pneumonia disorder","214e223d-2961-43bd-8cd1-cb65189e23c4 oboInOwl:hasDbXref SNOMEDCT_2005_07_31:124202004","d0464faa-8078-46f4-b8e8-4f975a9a67df owl:annotatedProperty oboInOwl:hasExactSynonym","obo:DOID_8481 oboInOwl:hasDbXref SNOMEDCT_US_2015_03_01:155270000","obo:DOID_5299 rdfs:subClassOf obo:DOID_2870","obo:DOID_10443 rdf:type owl:Class","obo:DOID_5387 oboInOwl:hasRelatedSynonym adenoma of middle ear","ab1d6fd9-b522-40d7-b257-0098bed1e5d2 rdf:type owl:Axiom","dec7606c-933f-4f7c-be56-646acac584e0 owl:annotatedSource obo:DOID_11269","01efa173-b188-4d95-ad29-a3463cbcddee owl:annotatedSource obo:DOID_4249","339f9e6e-dcac-4944-86e7-6726f8f3186a owl:annotatedSource obo:DOID_11018","45f48d71-a780-43a9-baa7-e414f68c8f48 rdf:type owl:Axiom","obo:DOID_2423 oboInOwl:id DOID:2423","6e1b3f66-1f1a-4c11-b25b-cf74f4ffaa04 owl:annotatedTarget central pterygium disorder","obo:DOID_11341 oboInOwl:id DOID:11341","obo:DOID_829 oboInOwl:hasExactSynonym Unspecified crystal arthropathy involving ankle and foot","obo:DOID_10443 oboInOwl:hasDbXref ICD10CM:H20.05","obo:DOID_8481 oboInOwl:hasExactSynonym Rheumatoid myocarditis disorder","c7c1f070-dc7a-4a64-9400-4af2410beb55 owl:annotatedTarget chronic salpingitis/oophoritis","45724d61-2235-455c-a535-0ee85d842211 owl:annotatedProperty oboInOwl:hasExactSynonym","obo:DOID_0050420 oboInOwl:id DOID:0050420","obo:DOID_14230 rdfs:label scleromalacia perforans","obo:DOID_829 rdfs:label crystal arthropathy","obo:DOID_5475 oboInOwl:hasDbXref NCI:C6337","a7aeab33-4100-49fd-bfb4-a4ef16bf6272 owl:annotatedTarget Spinal Cord meningioma","4ed08160-0f1e-4974-b848-3824bf435f37 owl:annotatedProperty oboInOwl:hasRelatedSynonym","e3be34ab-2dce-45ac-af95-187b3d342ea0 owl:annotatedProperty oboInOwl:hasExactSynonym","94b49b05-23ec-4c2e-ad5e-c3dd6e873a88 owl:annotatedSource obo:DOID_8800","obo:DOID_98 oboInOwl:inSubset doid:gram-positive_bacterial_infectious_disease","e9e73891-cebb-44ff-bce9-3a477001a4f1 owl:annotatedProperty oboInOwl:hasExactSynonym","obo:DOID_4716 rdfs:label malignant gastric germ cell tumor","obo:DOID_11165 obo:IAO_0000115 A viral infectious disease that results_in infection located_in skin, has_material_basis_in human papillomavirus types 2 and 4. This infection has_symptom raised wart with roughened surface, most common on hands, but can grow anywhere on the body.","f03990a6-b8f7-4f8f-9d8d-82abac306b23 rdf:type owl:Axiom","obo:DOID_0060023 rdfs:label CD40 deficiency","e719d2d9-18d5-4126-9923-444fc3dca840 oboInOwl:hasDbXref NCI2004_11_17:C3633","a9d7bbd1-ed02-4506-a9f6-29a529906f71 owl:annotatedProperty oboInOwl:hasExactSynonym","obo:DOID_829 oboInOwl:hasAlternativeId DOID:2008","3d0aa006-6cad-472b-8a83-1ebb021f093b owl:annotatedSource obo:DOID_14067","obo:DOID_10531 rdf:type owl:Class","obo:DOID_4790 rdf:type owl:Class","obo:DOID_11077 oboInOwl:hasDbXref ICD10CM:A23","obo:DOID_4790 rdfs:subClassOf obo:DOID_0060103","obo:DOID_0060111 oboInOwl:creation_date 2011-07-25T11:50:50Z","obo:DOID_10531 oboInOwl:hasExactSynonym Lobar -pneumococcal -pneumonia","d0e3004e-2524-4db8-a51a-bd59dd05b2bc owl:annotatedTarget An amebiasis that involves infection of the brain caused by the parasite Entamoeba histolytica resulting in brain abscesses.","4815dec9-afe7-4c96-a2cb-d78e3b86fa28 owl:annotatedTarget Myeloid neoplasm morphologic abnormality","f5a0d042-f58f-428d-8118-0511f623f540 rdf:type owl:Axiom","4ed08160-0f1e-4974-b848-3824bf435f37 owl:annotatedSource obo:DOID_4955","ba9cef1c-5655-4ef1-b006-e1cd83777456 oboInOwl:hasDbXref SNOMEDCT_2005_07_31:28143002","bf7d84b1-3088-45d3-a669-86ee861db349 owl:annotatedSource obo:DOID_14286","d0e3004e-2524-4db8-a51a-bd59dd05b2bc oboInOwl:hasDbXref url:http://www.ncbi.nlm.nih.gov/sites/entrez/8126521","obo:DOID_8481 oboInOwl:hasDbXref ICD9CM:391.9","fbd2b28d-7408-4cbb-9d8f-71429ae116b0 owl:annotatedProperty oboInOwl:hasExactSynonym","5ef9ecd3-f996-40e5-a9ab-3fc9d0a9a959 owl:annotatedTarget malignant Endocrine tumor","obo:DOID_4790 oboInOwl:hasExactSynonym Diktyoma, malignant","463c1625-4d8c-4873-ba43-ddede890656b owl:annotatedProperty oboInOwl:hasExactSynonym","obo:DOID_12685 oboInOwl:hasOBONamespace disease_ontology","ab1d6fd9-b522-40d7-b257-0098bed1e5d2 owl:annotatedTarget Hypoglycaemic coma","obo:DOID_11077 oboInOwl:hasExactSynonym Maltese fever","obo:DOID_11077 oboInOwl:inSubset doid:zoonotic_infectious_disease","c29e0662-ecd6-498e-841e-6e1005aabf16 oboInOwl:hasDbXref MTHICD9_2006:751.2","098abd57-3457-495c-9f69-470f42f56918 oboInOwl:hasDbXref SNOMEDCT_2005_07_31:188632001","obo:DOID_3818 rdf:type owl:Class","9d529f04-2b2c-4343-a406-8b913fde9154 oboInOwl:hasDbXref SNOMEDCT_2005_07_31:189735004","obo:DOID_829 oboInOwl:hasExactSynonym Crystal arthropathy of ankle and/or foot disorder","54a45166-3b92-4b4b-9647-90a486e976a0 oboInOwl:hasDbXref SNOMEDCT_2005_07_31:277156006","obo:DOID_8481 oboInOwl:hasExactSynonym acute Rheumatic Myocarditis","1255fea6-71b3-45a4-8b69-f2bf89e92238 owl:annotatedTarget bladder papilloma NOS disorder","obo:DOID_4841 rdf:type owl:Class","5ef9ecd3-f996-40e5-a9ab-3fc9d0a9a959 rdf:type owl:Axiom","42871b71-39e5-44f3-9fd8-7b68040bcb45 rdf:type owl:Axiom","obo:DOID_3145 oboInOwl:hasDbXref MSH:D006952","a51034bd-cb59-40e9-8884-472efe0aea81 owl:annotatedSource obo:DOID_14118","obo:DOID_3906 rdf:type owl:Class","a9d7bbd1-ed02-4506-a9f6-29a529906f71 owl:annotatedTarget Decubitus ulcer any site","a3beae63-985d-40ff-b6b8-1c850dbace46 rdf:type owl:Axiom","obo:DOID_14230 rdf:type owl:Class","1255fea6-71b3-45a4-8b69-f2bf89e92238 owl:annotatedProperty oboInOwl:hasExactSynonym","72921653-8668-4fe4-82ba-7b65556da3d1 oboInOwl:hasDbXref url:http://www.ncbi.nlm.nih.gov/books/NBK1204/","obo:DOID_829 oboInOwl:hasExactSynonym Crystal arthropathy NOS, of the forearm disorder","obo:DOID_9788 oboInOwl:hasDbXref ICD9CM:728.81","obo:DOID_9788 oboInOwl:hasDbXref NCI:C26985","obo:DOID_11077 oboInOwl:hasRelatedSynonym Bangs disease","obo:DOID_8481 oboInOwl:hasDbXref SNOMEDCT_US_2015_03_01:312591002","obo:DOID_0060023 oboInOwl:id DOID:0060023","e15247a0-7cbf-4235-8c28-293969565e5e owl:annotatedTarget neoplasm of nervous system disorder","9f050e8c-5a77-48b4-8cfa-42f213de232b owl:annotatedSource obo:DOID_10564","bf7d84b1-3088-45d3-a669-86ee861db349 owl:annotatedTarget Neuropathic arthropathy \u0026 Charcots","9f050e8c-5a77-48b4-8cfa-42f213de232b owl:annotatedTarget Rhinopharyngitis mutilans","obo:DOID_829 oboInOwl:hasExactSynonym Crystal arthropathy NOS, of the lower leg disorder","obo:DOID_3145 oboInOwl:hasExactSynonym familial type 3 hyperlipoproteinemia disorder","2b2a4904-4ee7-4802-81b7-ce1374162555 owl:annotatedSource obo:DOID_2139","a51034bd-cb59-40e9-8884-472efe0aea81 rdf:type owl:Axiom","7d0a8ed4-bed5-4213-acd2-17cfa84ae65b owl:annotatedSource obo:DOID_7070","obo:DOID_9839 rdfs:subClassOf obo:DOID_9840","244c6efb-db46-4917-8f60-34fb2b1b7420 owl:annotatedProperty oboInOwl:hasExactSynonym","4fb9252c-b367-4049-9fd8-f3d06c1f9e62 oboInOwl:hasDbXref SNOMEDCT_2005_07_31:192699001","108dd3a3-f43e-4962-84d5-5f3150059f29 rdf:type owl:Axiom","obo:DOID_3145 rdfs:label hyperlipoproteinemia type III","54a45166-3b92-4b4b-9647-90a486e976a0 owl:annotatedProperty oboInOwl:hasExactSynonym","obo:DOID_10443 oboInOwl:hasDbXref NCI:C50593","obo:DOID_10531 oboInOwl:id DOID:10531","obo:DOID_4790 rdfs:label medulloepithelioma","obo:DOID_5299 oboInOwl:hasDbXref UMLS_CUI:C0279765","obo:DOID_8481 oboInOwl:hasExactSynonym Rheumatic myocarditis","362bc4c7-409b-4e4e-b8b9-d414a4a06cd9 owl:annotatedProperty oboInOwl:hasExactSynonym","870e9839-6352-4460-9f57-2f8ab64e6ab1 owl:annotatedTarget hyperestrogenism disorder","obo:DOID_3906 oboInOwl:id DOID:3906","f5fcb985-12bc-44a7-89b0-c88311a227bf owl:annotatedProperty obo:IAO_0000115","obo:DOID_917 oboInOwl:hasDbXref NCI:C5753","098abd57-3457-495c-9f69-470f42f56918 owl:annotatedSource obo:DOID_9158","cf72e726-0942-4a8b-bf61-5cd391d653e5 rdf:type owl:Axiom","02b87dcd-8bbf-4622-99eb-b34b27f07f9d oboInOwl:hasDbXref NCI2004_11_17:C3099","obo:DOID_10531 rdfs:label pneumococcal pneumonia","a68bfc79-ff26-4095-8a9c-8e06402014bf owl:annotatedSource obo:DOID_899","a4f444f9-9c45-4441-9e77-3752af0ad073 owl:annotatedSource obo:DOID_9352","obo:DOID_11077 oboInOwl:hasDbXref ICD9CM:023.9","obo:DOID_11077 oboInOwl:inSubset doid:gram-negative_bacterial_infectious_disease","a1f73061-a275-4956-b2e7-85e1f7b7b5dc oboInOwl:hasDbXref ICD9CM_2006:624.0","obo:DOID_8481 oboInOwl:hasDbXref ICD10CM:I09.0","obo:DOID_4665 rdf:type owl:Class","obo:DOID_0050332 oboInOwl:id DOID:0050332","3607103c-fecf-4bf9-b704-58aa6113adca rdf:type owl:Axiom","obo:DOID_6114 oboInOwl:hasOBONamespace disease_ontology","obo:DOID_12773 oboInOwl:hasOBONamespace disease_ontology","1367ea52-5017-4da9-b462-0b8fafef9d5c owl:annotatedProperty oboInOwl:hasExactSynonym","4fb9252c-b367-4049-9fd8-f3d06c1f9e62 owl:annotatedTarget Encephalitis due to congenital syphilis","3607103c-fecf-4bf9-b704-58aa6113adca oboInOwl:hasDbXref url:http://www.ncbi.nlm.nih.gov/pubmed/1945308","obo:DOID_4665 oboInOwl:id DOID:4665","42871b71-39e5-44f3-9fd8-7b68040bcb45 owl:annotatedProperty oboInOwl:hasExactSynonym","5ef9ecd3-f996-40e5-a9ab-3fc9d0a9a959 owl:annotatedProperty oboInOwl:hasExactSynonym","obo:DOID_6899 oboInOwl:id DOID:6899","obo:DOID_11077 oboInOwl:hasExactSynonym undulant fever","72921653-8668-4fe4-82ba-7b65556da3d1 rdf:type owl:Axiom","obo:DOID_9839 oboInOwl:hasDbXref SNOMEDCT_US_2015_03_01:419494007","f2f3c274-9b13-4d38-92fd-7232643359c3 owl:annotatedTarget Infection by Dipetalonema perstans disorder [Ambiguous]","463c1625-4d8c-4873-ba43-ddede890656b rdf:type owl:Axiom","fbd2b28d-7408-4cbb-9d8f-71429ae116b0 rdf:type owl:Axiom","31395b23-c228-4e11-b7aa-bdb1149feb66 owl:annotatedProperty obo:IAO_0000115","obo:DOID_5400 oboInOwl:hasOBONamespace disease_ontology","74668ff1-18d6-48bc-a787-8e3da138c87c owl:annotatedSource obo:DOID_829","obo:DOID_98 oboInOwl:hasOBONamespace disease_ontology","1b25549d-00f8-404c-8b5d-59f0d193a214 oboInOwl:hasDbXref SNOMEDCT_2005_07_31:154826009","obo:DOID_10443 oboInOwl:hasDbXref SNOMEDCT_US_2015_03_01:87807004","1255fea6-71b3-45a4-8b69-f2bf89e92238 rdf:type owl:Axiom","a3beae63-985d-40ff-b6b8-1c850dbace46 owl:annotatedProperty oboInOwl:hasExactSynonym","obo:DOID_0050119 oboInOwl:hasExactSynonym WNND","obo:DOID_917 rdf:type owl:Class","01efa173-b188-4d95-ad29-a3463cbcddee oboInOwl:hasDbXref url:http://en.wikipedia.org/wiki/Gerstmann-straussler-scheinker_disease","cf72e726-0942-4a8b-bf61-5cd391d653e5 owl:annotatedProperty oboInOwl:hasExactSynonym","d0e3004e-2524-4db8-a51a-bd59dd05b2bc rdf:type owl:Axiom","362bc4c7-409b-4e4e-b8b9-d414a4a06cd9 rdf:type owl:Axiom","obo:DOID_9839 oboInOwl:hasDbXref SNOMEDCT_US_2015_03_01:194112008","obo:DOID_9839 oboInOwl:id DOID:9839","obo:DOID_12685 rdfs:label mixed receptive-expressive language disorder","obo:DOID_0060023 oboInOwl:hasExactSynonym type 3 hyper-IgM immunodeficiency ","f0f4e4f6-987d-405e-a063-aa12d5361683 owl:annotatedTarget sarcoma of uterus disorder","54a45166-3b92-4b4b-9647-90a486e976a0 rdf:type owl:Axiom","obo:DOID_193 oboInOwl:hasOBONamespace disease_ontology","108dd3a3-f43e-4962-84d5-5f3150059f29 owl:annotatedProperty oboInOwl:hasExactSynonym","3621257c-28e5-42d5-a192-fd9ddb18aad9 oboInOwl:hasDbXref url:http://en.wikipedia.org/wiki/Hepatocellular_carcinoma","244c6efb-db46-4917-8f60-34fb2b1b7420 rdf:type owl:Axiom","f4b807b2-ff63-4dfd-823c-0cae20e08359 owl:annotatedProperty obo:IAO_0000115","2af407f3-6f28-46b7-aa83-385c70afba64 owl:annotatedSource obo:DOID_4908","a51034bd-cb59-40e9-8884-472efe0aea81 owl:annotatedProperty oboInOwl:hasExactSynonym","obo:DOID_98 oboInOwl:id DOID:98","obo:DOID_5475 oboInOwl:id DOID:5475","obo:DOID_13207 oboInOwl:hasDbXref SNOMEDCT_US_2015_03_01:59276001","1367ea52-5017-4da9-b462-0b8fafef9d5c rdf:type owl:Axiom","obo:DOID_11165 oboInOwl:hasDbXref UMLS_CUI:C0043037","cf177e5b-e485-4675-ad58-d76f89ad8fd8 oboInOwl:hasDbXref CSP2005:1858-2321","744f0647-0312-4b7a-9644-2a1073fe8460 oboInOwl:hasDbXref url:http://en.wikipedia.org/wiki/Chikungunya_virus","d0e3004e-2524-4db8-a51a-bd59dd05b2bc owl:annotatedSource obo:DOID_11902","obo:DOID_0050119 oboInOwl:inSubset doid:zoonotic_infectious_disease","obo:DOID_0060098 rdfs:subClassOf obo:DOID_0060094","46c4bc77-e323-4d1b-afd9-1a3bc2612394 owl:annotatedTarget Hypocalcaemic cataract","obo:DOID_11165 oboInOwl:hasDbXref SNOMEDCT_US_2015_03_01:30285000","obo:DOID_829 oboInOwl:hasExactSynonym Crystal arthropathy of shoulder region","d0464faa-8078-46f4-b8e8-4f975a9a67df rdf:type owl:Axiom","c29e0662-ecd6-498e-841e-6e1005aabf16 owl:annotatedTarget Congenital or infantile occlusion of anus","e9e73891-cebb-44ff-bce9-3a477001a4f1 oboInOwl:hasDbXref SNOMEDCT_2005_07_31:193182005","cf177e5b-e485-4675-ad58-d76f89ad8fd8 owl:annotatedProperty oboInOwl:hasExactSynonym","3621257c-28e5-42d5-a192-fd9ddb18aad9 rdf:type owl:Axiom","obo:DOID_8481 oboInOwl:hasDbXref ICD10CM:M05.3","45160ff8-d213-46ed-b1f9-07259b6fba8f owl:annotatedSource obo:DOID_1949","f4b807b2-ff63-4dfd-823c-0cae20e08359 owl:annotatedTarget A paraplegia that is characterized by progressive stiffness and contraction spasticity in the lower limbs.","obo:DOID_11165 oboInOwl:hasDbXref ICD10CM:B07.8","obo:DOID_193 oboInOwl:hasExactSynonym Reproductive tumor","obo:DOID_829 oboInOwl:hasAlternativeId DOID:13796","obo:DOID_0060111 oboInOwl:id DOID:0060111","72921653-8668-4fe4-82ba-7b65556da3d1 oboInOwl:hasDbXref url:http://ghr.nlm.nih.gov/condition/baller-gerold-syndrome","obo:DOID_0060098 oboInOwl:creation_date 2011-07-15T02:14:40Z","45f48d71-a780-43a9-baa7-e414f68c8f48 owl:annotatedProperty oboInOwl:hasExactSynonym","obo:DOID_829 oboInOwl:hasAlternativeId DOID:2009","obo:DOID_7810 oboInOwl:hasRelatedSynonym AIDS-related enterocolitis","a51034bd-cb59-40e9-8884-472efe0aea81 owl:annotatedTarget familial lipoprotein lipase deficiency with type I phenotype","obo:DOID_7671 oboInOwl:id DOID:7671","ed413ff8-9d4d-4c4f-947c-7702be1bd369 oboInOwl:hasDbXref NCI2004_11_17:C40962","ab1d6fd9-b522-40d7-b257-0098bed1e5d2 owl:annotatedProperty oboInOwl:hasExactSynonym","obo:DOID_12773 rdfs:label endemic African Kaposis sarcoma","obo:DOID_12685 oboInOwl:hasDbXref ICD9CM:315.32","ed413ff8-9d4d-4c4f-947c-7702be1bd369 owl:annotatedSource obo:DOID_8042","obo:DOID_9788 rdfs:label myositis fibrosa","bead1d1c-ce81-4db0-bb24-58959b3b148d oboInOwl:hasDbXref SNOMEDCT_2005_07_31:126675008","obo:DOID_13207 rdf:type owl:Class","obo:DOID_11165 oboInOwl:hasDbXref SNOMEDCT_US_2015_03_01:75003008","obo:DOID_3906 oboInOwl:hasDbXref SNOMEDCT_US_2015_03_01:126705004","e9e73891-cebb-44ff-bce9-3a477001a4f1 rdf:type owl:Axiom","f5a0d042-f58f-428d-8118-0511f623f540 oboInOwl:hasDbXref SNOMEDCT_2005_07_31:85007004","obo:DOID_2423 rdfs:label halo nevus","e3be34ab-2dce-45ac-af95-187b3d342ea0 rdf:type owl:Axiom","c36479ef-70b8-477c-b1aa-11b17efd6859 owl:annotatedTarget malignant neoplasm of cranial nerves NOS disorder","379f5530-42d6-44d0-a54a-a24ab2fa36b5 owl:annotatedProperty obo:IAO_0000115","obo:DOID_4790 oboInOwl:hasExactSynonym Medulloepithelioma, central nervous system","297e8d8c-2029-4ba1-984f-4d64926c3909 owl:annotatedSource obo:DOID_14791","54a45166-3b92-4b4b-9647-90a486e976a0 owl:annotatedTarget malignant tumor of external ear disorder","obo:DOID_193 oboInOwl:hasDbXref NCI:C3674","45160ff8-d213-46ed-b1f9-07259b6fba8f oboInOwl:hasDbXref SNOMEDCT_2005_07_31:155828004","3621257c-28e5-42d5-a192-fd9ddb18aad9 owl:annotatedSource obo:DOID_684","obo:DOID_12773 owl:deprecated true^^http://www.w3.org/2001/XMLSchema#boolean","45724d61-2235-455c-a535-0ee85d842211 rdf:type owl:Axiom","353ee809-32c3-4460-8afc-c6e1384e0654 owl:annotatedTarget Ovarian serous tumor morphologic abnormality","f5a0d042-f58f-428d-8118-0511f623f540 owl:annotatedProperty oboInOwl:hasExactSynonym","obo:DOID_10443 oboInOwl:id DOID:10443","obo:DOID_829 rdf:type owl:Class","obo:DOID_829 oboInOwl:hasAlternativeId DOID:12248","3621257c-28e5-42d5-a192-fd9ddb18aad9 oboInOwl:hasDbXref url:http://cancergenome.nih.gov/cancersselected/LiverHepatocellularCarcinoma","1367ea52-5017-4da9-b462-0b8fafef9d5c owl:annotatedTarget lung Sarcoidosis","a9d7bbd1-ed02-4506-a9f6-29a529906f71 rdf:type owl:Axiom","obo:DOID_3906 oboInOwl:hasDbXref UMLS_CUI:C0006264","f03990a6-b8f7-4f8f-9d8d-82abac306b23 oboInOwl:hasDbXref SNOMEDCT_2005_07_31:124466001","obo:DOID_4790 oboInOwl:hasDbXref NCI:C66808","obo:DOID_9839 rdfs:label accommodative esotropia","d441e0c6-1f0c-4ee6-86b6-a4308f76a067 owl:annotatedTarget stage 0 Colonic carcinoma","4ed08160-0f1e-4974-b848-3824bf435f37 rdf:type owl:Axiom","obo:DOID_3145 oboInOwl:hasExactSynonym carbohydrate induced hyperlipemia","f03990a6-b8f7-4f8f-9d8d-82abac306b23 owl:annotatedProperty oboInOwl:hasExactSynonym","f0b6f189-a8b3-4051-b701-3e2579a5b782 rdf:type owl:Axiom","f0f4e4f6-987d-405e-a063-aa12d5361683 owl:annotatedProperty oboInOwl:hasExactSynonym","d0e3004e-2524-4db8-a51a-bd59dd05b2bc owl:annotatedProperty obo:IAO_0000115","obo:DOID_8481 oboInOwl:hasExactSynonym active rheumatic fever with myocarditis","obo:DOID_11165 oboInOwl:hasDbXref SNOMEDCT_US_2015_03_01:186686004","d0e3004e-2524-4db8-a51a-bd59dd05b2bc oboInOwl:hasDbXref url:http://emedicine.medscape.com/article/996092-overview","obo:DOID_5400 rdfs:label trabecular adenoma","obo:DOID_11077 oboInOwl:hasAlternativeId DOID:0050060","d0a6c37c-83ca-4ccf-bb3b-9093bd3747fa rdf:type owl:Axiom","1b25549d-00f8-404c-8b5d-59f0d193a214 owl:annotatedTarget secondary thrombocytopenia","obo:DOID_12685 obo:IAO_0000115 A communication disorder that involves both the receptive and expressive areas of communication may be affected in any degree, from mild to severe.","13f74fb8-be72-423b-b0b0-67c5c1b98c00 rdf:type owl:Axiom","74668ff1-18d6-48bc-a787-8e3da138c87c owl:annotatedProperty oboInOwl:hasExactSynonym","obo:DOID_9839 rdf:type owl:Class","f4b807b2-ff63-4dfd-823c-0cae20e08359 rdf:type owl:Axiom","obo:DOID_11165 oboInOwl:hasOBONamespace disease_ontology","980027ff-1de0-47e3-80ec-86e408e17379 owl:annotatedTarget Reyes syndrome","obo:DOID_193 obo:IAO_0000115 An organ system cancer that is manifested in the reproductive organs.","obo:DOID_1776 oboInOwl:hasExactSynonym Loss of labyrinthine reactivity, unilateral","1bd48890-2e82-4092-9705-a769b6a4964e rdf:type owl:Axiom","a3beae63-985d-40ff-b6b8-1c850dbace46 oboInOwl:hasDbXref SNOMEDCT_2005_07_31:67678004","obo:DOID_0050332 oboInOwl:hasDbXref OMIM:600791","obo:DOID_7671 oboInOwl:hasOBONamespace disease_ontology","obo:DOID_11077 oboInOwl:hasOBONamespace disease_ontology","73a64864-a69c-4caa-85c4-2e812c83f760 owl:annotatedProperty oboInOwl:hasExactSynonym","obo:DOID_0050207 owl:deprecated true^^http://www.w3.org/2001/XMLSchema#boolean","46c4bc77-e323-4d1b-afd9-1a3bc2612394 rdf:type owl:Axiom","a06eef1c-6ebc-4846-a25d-e12f15f36ccf owl:annotatedTarget cardiovascular neoplasm","obo:DOID_8481 oboInOwl:hasExactSynonym acute rheumatic myocarditis disorder [Ambiguous]","4815dec9-afe7-4c96-a2cb-d78e3b86fa28 rdf:type owl:Axiom","obo:DOID_7671 oboInOwl:hasExactSynonym relapsed carcinoma of penis","obo:DOID_11077 oboInOwl:hasDbXref SNOMEDCT_US_2015_03_01:186310006","obo:DOID_8481 rdfs:subClassOf obo:DOID_820","obo:DOID_6899 rdf:type owl:Class","dec7606c-933f-4f7c-be56-646acac584e0 owl:annotatedTarget chronic apical periodontitis disorder","obo:DOID_4790 oboInOwl:hasDbXref UMLS_CUI:C0334596","dec7606c-933f-4f7c-be56-646acac584e0 owl:annotatedProperty oboInOwl:hasExactSynonym","ba4075e1-69bd-4b39-b672-8f566d123bcf owl:annotatedSource obo:DOID_3494","2de11b9b-26e5-4ae0-9ae3-eb47632a69f6 rdf:type owl:Axiom","c8a67973-a2d7-404f-a685-6d20a58d7102 owl:annotatedProperty oboInOwl:hasExactSynonym","1bd48890-2e82-4092-9705-a769b6a4964e oboInOwl:hasDbXref ICD9CM_2006:375.43","313d0f3f-d7ca-4d89-8fce-58f24fe19244 owl:annotatedProperty oboInOwl:hasExactSynonym","obo:DOID_4841 oboInOwl:hasExactSynonym malignant tumor of epidermal appendage disorder","72921653-8668-4fe4-82ba-7b65556da3d1 owl:annotatedProperty obo:IAO_0000115","7dd3e468-928a-49c9-a4db-4f4f4061021a owl:annotatedTarget Gestational chorionepithelioma","obo:DOID_9040 oboInOwl:id DOID:9040","6e1b3f66-1f1a-4c11-b25b-cf74f4ffaa04 oboInOwl:hasDbXref SNOMEDCT_2005_07_31:43300008","fbd2b28d-7408-4cbb-9d8f-71429ae116b0 owl:annotatedSource obo:DOID_175","obo:DOID_10531 obo:IAO_0000115 A pneumococcal infectious disease that involves infection by the bacterium Streptococcus pneumoniae, also known as pneumococcus. In adults, pneumococcal pneumonia is often characterized by sudden onset of illness with symptoms including shaking chills, fever, shortness of breath or rapid breathing, pain in the chest that is worsened by breathing deeply, and a productive cough. In infants and young children, signs and symptoms may not be specific, and may include fever, cough, rapid breathing or grunting.","obo:DOID_3145 oboInOwl:hasDbXref NCI:C34710","31395b23-c228-4e11-b7aa-bdb1149feb66 rdf:type owl:Axiom","obo:DOID_4716 oboInOwl:hasDbXref UMLS_CUI:C1333769","1255fea6-71b3-45a4-8b69-f2bf89e92238 oboInOwl:hasDbXref SNOMEDCT_2005_07_31:313414002","obo:DOID_193 rdfs:subClassOf obo:DOID_0050686","obo:DOID_8481 oboInOwl:hasExactSynonym Rheumatic fever with myocarditis","obo:DOID_917 oboInOwl:id DOID:917","obo:DOID_12685 rdfs:subClassOf obo:DOID_2033","obo:DOID_11077 rdfs:subClassOf obo:DOID_0050338","obo:DOID_11165 oboInOwl:hasDbXref SNOMEDCT_US_2015_03_01:186685000","463c1625-4d8c-4873-ba43-ddede890656b oboInOwl:hasDbXref ICD9CM_2006:753.13","obo:DOID_11077 oboInOwl:id DOID:11077","obo:DOID_8481 rdfs:label rheumatic myocarditis","obo:DOID_12685 oboInOwl:id DOID:12685","946da97a-304b-4c43-9e23-518b4a839fe9 owl:annotatedTarget A papillary adenocarcinoma that derives_from epithelial cells originating in glandular tissue, which form complex papillary structures with psammoma bodies.","7fc52fd4-1824-4b46-89a8-a687110c1ead owl:annotatedSource obo:DOID_9132","339f9e6e-dcac-4944-86e7-6726f8f3186a rdf:type owl:Axiom","e3be34ab-2dce-45ac-af95-187b3d342ea0 oboInOwl:hasDbXref SNOMEDCT_2005_07_31:24078009","d0464faa-8078-46f4-b8e8-4f975a9a67df owl:annotatedSource obo:DOID_12662","1ab52489-15a1-42e1-b337-c3ddc859998a rdf:type owl:Axiom","646c8e37-1d59-457a-b902-990a625a4f39 rdf:type owl:Axiom","obo:DOID_9040 rdf:type owl:Class","obo:DOID_0060098 rdfs:label osteoblastoma","f03990a6-b8f7-4f8f-9d8d-82abac306b23 owl:annotatedTarget deficiency of alpha-mannosidase disorder","646c8e37-1d59-457a-b902-990a625a4f39 owl:annotatedSource obo:DOID_3274","obo:DOID_0050420 oboInOwl:inSubset doid:gram-positive_bacterial_infectious_disease","1068f842-0e6a-46c0-9230-768264e36956 owl:annotatedTarget Tuberculosis of peripheral lymph nodes disorder","379f5530-42d6-44d0-a54a-a24ab2fa36b5 rdf:type owl:Axiom","obo:DOID_917 oboInOwl:hasExactSynonym leiomyoma of the Liver","obo:DOID_8481 oboInOwl:hasDbXref SNOMEDCT_US_2015_03_01:8805001","f0f4e4f6-987d-405e-a063-aa12d5361683 owl:annotatedSource obo:DOID_5165","obo:DOID_2423 oboInOwl:hasOBONamespace disease_ontology","obo:DOID_6114 oboInOwl:hasExactSynonym Cerebral Hemispheric Convexity meningioma","dec7606c-933f-4f7c-be56-646acac584e0 oboInOwl:hasDbXref SNOMEDCT_2005_07_31:87782002","d0a6c37c-83ca-4ccf-bb3b-9093bd3747fa owl:annotatedSource obo:DOID_12451","obo:DOID_12685 oboInOwl:hasDbXref UMLS_CUI:C0236827","ec0098fa-d09b-4ca5-9b1e-5f70e9aa5e55 owl:annotatedSource obo:DOID_8769","c36479ef-70b8-477c-b1aa-11b17efd6859 owl:annotatedSource obo:DOID_2815","d0464faa-8078-46f4-b8e8-4f975a9a67df owl:annotatedTarget Mucocutaneous-lymphangitic paracoccidioidomycosis","244c6efb-db46-4917-8f60-34fb2b1b7420 owl:annotatedTarget Pediculus capitis","obo:DOID_8481 oboInOwl:hasDbXref UMLS_CUI:C0489959","obo:DOID_11341 oboInOwl:hasOBONamespace disease_ontology","obo:DOID_2423 oboInOwl:hasExactSynonym HALO NEVI","obo:DOID_829 oboInOwl:hasExactSynonym Crystal arthropathy of multiple sites disorder","d441e0c6-1f0c-4ee6-86b6-a4308f76a067 oboInOwl:hasDbXref NCI2004_11_17:C3638","646c8e37-1d59-457a-b902-990a625a4f39 owl:annotatedTarget Fibrocystic change, proliferative type with atypia morphologic abnormality","3621257c-28e5-42d5-a192-fd9ddb18aad9 owl:annotatedProperty obo:IAO_0000115","obo:DOID_11165 oboInOwl:hasDbXref SNOMEDCT_US_2015_03_01:154361008","a4f444f9-9c45-4441-9e77-3752af0ad073 oboInOwl:hasDbXref url:http://en.wikipedia.org/wiki/Diabetes_mellitus_type_2","01efa173-b188-4d95-ad29-a3463cbcddee owl:annotatedTarget A prion disease characterized by adult onset of memory loss, dementia, ataxia, and pathologic deposition of amyloid-like plaques in the brain.","obo:DOID_10443 rdfs:label hypopyon","obo:DOID_0050420 owl:deprecated true^^http://www.w3.org/2001/XMLSchema#boolean","a51034bd-cb59-40e9-8884-472efe0aea81 oboInOwl:hasDbXref SNOMEDCT_2005_07_31:403827000","obo:DOID_0050119 oboInOwl:hasExactSynonym West nile neuroinvasive disease","obo:DOID_10531 oboInOwl:hasExactSynonym Pneumococcal pneumonia [Streptococcus pneumoniae pneumonia]","214e223d-2961-43bd-8cd1-cb65189e23c4 rdf:type owl:Axiom","4ed08160-0f1e-4974-b848-3824bf435f37 oboInOwl:hasDbXref NCI2004_11_17:C4661","4fb9252c-b367-4049-9fd8-f3d06c1f9e62 owl:annotatedProperty oboInOwl:hasExactSynonym","obo:DOID_3145 oboInOwl:hasExactSynonym Remnant hyperlipidemia","38c9527e-4b66-447b-a867-ccf4c6b47bce oboInOwl:hasDbXref SNOMEDCT_2005_07_31:190772003","obo:DOID_8481 oboInOwl:inSubset doid:gram-positive_bacterial_infectious_disease","d9a2c141-aeaa-49b5-918c-edbe4fde74e8 owl:annotatedProperty oboInOwl:hasExactSynonym","obo:DOID_10531 oboInOwl:hasExactSynonym Chest infection - pneumococcal pneumonia","obo:DOID_7810 owl:deprecated true^^http://www.w3.org/2001/XMLSchema#boolean","obo:DOID_4841 rdfs:label malignant tumor of epidermal appendage","11119d0c-5fa2-4230-a85d-8e818ba06918 rdf:type owl:Axiom","obo:DOID_4665 rdfs:label superficial keratitis without conjunctivitis","obo:DOID_0050119 owl:deprecated true^^http://www.w3.org/2001/XMLSchema#boolean","obo:DOID_14230 oboInOwl:id DOID:14230","38c9527e-4b66-447b-a867-ccf4c6b47bce rdf:type owl:Axiom","obo:DOID_10531 oboInOwl:hasExactSynonym Pneumococcal pneumonia disorder [Ambiguous]","obo:DOID_3094 oboInOwl:hasOBONamespace disease_ontology","457ac3af-675d-4d67-bb3a-e97473177c64 oboInOwl:hasDbXref url:https://health.google.com/health/ref/Wilms+tumor","ec0098fa-d09b-4ca5-9b1e-5f70e9aa5e55 oboInOwl:hasDbXref SNOMEDCT_2005_07_31:93187000","e2897611-030f-4b12-8522-70802216bd32 oboInOwl:hasDbXref url:http://www.dpd.cdc.gov/dpdx/HTML/Filariasis.htm","0fb0e680-be0d-422d-83e5-ad9f722a7a81 owl:annotatedTarget Lipoma of mediastinum","obo:DOID_7671 owl:deprecated true^^http://www.w3.org/2001/XMLSchema#boolean","obo:DOID_866 oboInOwl:hasDbXref UMLS_CUI:C0155774","obo:DOID_0050207 oboInOwl:hasOBONamespace disease_ontology","obo:DOID_829 oboInOwl:hasExactSynonym Unspecified crystal arthropathy involving shoulder region","obo:DOID_8481 oboInOwl:hasExactSynonym acute rheumatic carditis","obo:DOID_829 oboInOwl:hasExactSynonym Unspecified crystal arthropathy involving pelvic region and thigh","obo:DOID_5299 rdf:type owl:Class","obo:DOID_4716 rdf:type owl:Class","obo:DOID_8481 oboInOwl:hasDbXref NCI:C34985","obo:DOID_11165 oboInOwl:id DOID:11165","ffecabcc-c58b-460c-85fa-764205bd4e7e owl:annotatedSource obo:DOID_12800","obo:DOID_917 oboInOwl:hasDbXref UMLS_CUI:C1333968","13f74fb8-be72-423b-b0b0-67c5c1b98c00 owl:annotatedTarget Hereditary motor and sensory neuropathy [Ambiguous]","obo:DOID_14230 oboInOwl:hasDbXref SNOMEDCT_US_2015_03_01:26664005","353ee809-32c3-4460-8afc-c6e1384e0654 oboInOwl:hasDbXref SNOMEDCT_2005_07_31:253024004","744f0647-0312-4b7a-9644-2a1073fe8460 owl:annotatedTarget A viral infectious disease that results_in infection located_in joint, has_material_basis_in Chikungunya virus, which is transmitted_by Aedes mosquito bite. The infection has_symptom fever, has_symptom arthralgia, and has_symptom maculopapular rash.","obo:DOID_9040 oboInOwl:hasExactSynonym Reticulosarcoma of lymph nodes of head, face and neck disorder","obo:DOID_5387 rdfs:label middle ear adenoma","ff4f2f42-9bd4-464f-8d79-93eeca3a1042 owl:annotatedSource obo:DOID_3437","obo:DOID_11165 oboInOwl:hasDbXref NCI:C27087","obo:DOID_866 oboInOwl:hasOBONamespace disease_ontology","obo:DOID_5400 oboInOwl:hasExactSynonym Trabecular adenoma","obo:DOID_9788 rdf:type owl:Class","obo:DOID_14230 rdfs:subClassOf obo:DOID_11343","obo:DOID_3906 oboInOwl:hasDbXref MSH:D001984","e2897611-030f-4b12-8522-70802216bd32 owl:annotatedTarget A mansonelliasis that involves parasitic infection by the nematode Mansonella streptocerca, which resides in the dermis and subcutaneous tissue causing pruritus, papular eruptions and pigmentation changes. Midges transmit the disease.","c36479ef-70b8-477c-b1aa-11b17efd6859 oboInOwl:hasDbXref SNOMEDCT_2005_07_31:188311003","214e223d-2961-43bd-8cd1-cb65189e23c4 owl:annotatedProperty oboInOwl:hasExactSynonym","fbd2b28d-7408-4cbb-9d8f-71429ae116b0 owl:annotatedTarget malignant tumor of pulmonary artery","obo:DOID_917 rdfs:subClassOf obo:DOID_916","31395b23-c228-4e11-b7aa-bdb1149feb66 owl:annotatedTarget A Varicellovirus infectious disease that results_in infection in cattle, located_in upper respiratory tract, and located_in genital tract, has_material_basis_in Bovine herpesvirus 1, has_symptom nasal discharge, has_symptom fever, has_symptom abortion, and has_symptom conjunctivitis.","obo:DOID_2423 oboInOwl:hasExactSynonym HN","obo:DOID_10531 oboInOwl:hasExactSynonym Pneumococcal lobar pneumonia disorder","obo:DOID_7634 rdfs:label suprasellar meningioma","f5a0d042-f58f-428d-8118-0511f623f540 owl:annotatedTarget Meralgia paresthetica disorder","obo:DOID_3906 oboInOwl:hasExactSynonym bronchus neoplasm","obo:DOID_10531 oboInOwl:hasExactSynonym Lobar pneumonia disorder","1ab52489-15a1-42e1-b337-c3ddc859998a oboInOwl:hasDbXref NCI2004_11_17:C5528","obo:DOID_12773 oboInOwl:id DOID:12773","73a64864-a69c-4caa-85c4-2e812c83f760 oboInOwl:hasDbXref MTHICD9_2006:281.2","bead1d1c-ce81-4db0-bb24-58959b3b148d owl:annotatedSource obo:DOID_1350","obo:DOID_11165 oboInOwl:hasDbXref MSH:D014860","38c9527e-4b66-447b-a867-ccf4c6b47bce owl:annotatedProperty oboInOwl:hasExactSynonym","obo:DOID_4716 oboInOwl:hasDbXref NCI:C6448","7d0a8ed4-bed5-4213-acd2-17cfa84ae65b owl:annotatedTarget relapsed pediatric Rhabdomyosarcoma","obo:DOID_3145 oboInOwl:hasDbXref SNOMEDCT_US_2015_03_01:398796005","obo:DOID_829 oboInOwl:hasExactSynonym Crystal arthropathy NOS, of the ankle and foot disorder","obo:DOID_8481 oboInOwl:id DOID:8481","obo:DOID_11077 oboInOwl:hasDbXref UMLS_CUI:C0006309","9d529f04-2b2c-4343-a406-8b913fde9154 owl:annotatedTarget Juvenile granulosa cell tumour","11119d0c-5fa2-4230-a85d-8e818ba06918 owl:annotatedProperty oboInOwl:hasExactSynonym","d9a2c141-aeaa-49b5-918c-edbe4fde74e8 rdf:type owl:Axiom","a06eef1c-6ebc-4846-a25d-e12f15f36ccf oboInOwl:hasDbXref CSP2005:2007-0683","obo:DOID_7634 oboInOwl:hasOBONamespace disease_ontology","obo:DOID_0060098 oboInOwl:hasOBONamespace disease_ontology","4fb9252c-b367-4049-9fd8-f3d06c1f9e62 rdf:type owl:Axiom","obo:DOID_0050332 oboInOwl:hasOBONamespace disease_ontology","1068f842-0e6a-46c0-9230-768264e36956 owl:annotatedSource obo:DOID_8976","obo:DOID_8481 oboInOwl:hasAlternativeId DOID:14036","1bd48890-2e82-4092-9705-a769b6a4964e owl:annotatedProperty oboInOwl:hasExactSynonym","obo:DOID_2423 owl:deprecated true^^http://www.w3.org/2001/XMLSchema#boolean","obo:DOID_8481 oboInOwl:hasDbXref ICD9CM:398.0","obo:DOID_14230 oboInOwl:hasDbXref UMLS_CUI:C0155354","obo:DOID_193 rdfs:label reproductive organ cancer","obo:DOID_8481 oboInOwl:hasDbXref UMLS_CUI:C0035440","obo:DOID_0060098 oboInOwl:created_by lschriml","obo:DOID_3145 rdfs:subClassOf obo:DOID_1168","74668ff1-18d6-48bc-a787-8e3da138c87c rdf:type owl:Axiom","d0a6c37c-83ca-4ccf-bb3b-9093bd3747fa owl:annotatedProperty oboInOwl:hasExactSynonym","13f74fb8-be72-423b-b0b0-67c5c1b98c00 owl:annotatedProperty oboInOwl:hasExactSynonym","obo:DOID_11341 owl:deprecated true^^http://www.w3.org/2001/XMLSchema#boolean","obo:DOID_8481 oboInOwl:hasOBONamespace disease_ontology","f0f4e4f6-987d-405e-a063-aa12d5361683 rdf:type owl:Axiom","obo:DOID_0060111 rdf:type owl:Class","f0b6f189-a8b3-4051-b701-3e2579a5b782 owl:annotatedProperty oboInOwl:hasExactSynonym","108dd3a3-f43e-4962-84d5-5f3150059f29 oboInOwl:hasDbXref CSP2005:2042-2324","obo:DOID_3145 oboInOwl:hasOBONamespace disease_ontology","ba4075e1-69bd-4b39-b672-8f566d123bcf owl:annotatedTarget bile duct Signet Ring cell carcinoma","f5fcb985-12bc-44a7-89b0-c88311a227bf rdf:type owl:Axiom","obo:DOID_193 oboInOwl:hasAlternativeId DOID:1900","e9e73891-cebb-44ff-bce9-3a477001a4f1 owl:annotatedSource obo:DOID_12785","obo:DOID_3818 oboInOwl:hasExactSynonym Photoallergic contact dermatitis","obo:DOID_6114 oboInOwl:hasDbXref NCI:C4959","dec7606c-933f-4f7c-be56-646acac584e0 rdf:type owl:Axiom","a1f73061-a275-4956-b2e7-85e1f7b7b5dc owl:annotatedTarget Dystrophy of vulva","obo:DOID_11077 rdfs:label brucellosis","45724d61-2235-455c-a535-0ee85d842211 owl:annotatedTarget disorder of accessory nerve disorder","5ef9ecd3-f996-40e5-a9ab-3fc9d0a9a959 oboInOwl:hasDbXref NCI2004_11_17:C3575","d0464faa-8078-46f4-b8e8-4f975a9a67df oboInOwl:hasDbXref MTHICD9_2006:116.1","obo:DOID_7634 oboInOwl:hasDbXref UMLS_CUI:C1336535","obo:DOID_4790 oboInOwl:id DOID:4790","463c1625-4d8c-4873-ba43-ddede890656b owl:annotatedTarget Polycystic kidney, autosomal dominant","4815dec9-afe7-4c96-a2cb-d78e3b86fa28 owl:annotatedProperty oboInOwl:hasExactSynonym","obo:DOID_3094 oboInOwl:id DOID:3094","obo:DOID_5475 rdf:type owl:Class","3607103c-fecf-4bf9-b704-58aa6113adca owl:annotatedProperty obo:IAO_0000115","46c4bc77-e323-4d1b-afd9-1a3bc2612394 owl:annotatedProperty oboInOwl:hasExactSynonym","73a64864-a69c-4caa-85c4-2e812c83f760 rdf:type owl:Axiom","457ac3af-675d-4d67-bb3a-e97473177c64 owl:annotatedTarget A nephroblastoma that recurs over time.","94b49b05-23ec-4c2e-ad5e-c3dd6e873a88 oboInOwl:hasDbXref SNOMEDCT_2005_07_31:189262006","a1f73061-a275-4956-b2e7-85e1f7b7b5dc owl:annotatedSource obo:DOID_14292","obo:DOID_11077 oboInOwl:hasRelatedSynonym Mediterranean fever","obo:DOID_829 oboInOwl:hasExactSynonym Crystal arthropathy NOS, of the shoulder region disorder","obo:DOID_11165 rdfs:label common wart","obo:DOID_8481 oboInOwl:hasAlternativeId DOID:14025","obo:DOID_5475 oboInOwl:hasDbXref UMLS_CUI:C1336901","obo:DOID_5387 rdf:type owl:Class","2de11b9b-26e5-4ae0-9ae3-eb47632a69f6 oboInOwl:hasDbXref MTHICD9_2006:728.12","45724d61-2235-455c-a535-0ee85d842211 oboInOwl:hasDbXref SNOMEDCT_2005_07_31:84759007","obo:DOID_0060023 rdf:type owl:Class","obo:DOID_3145 oboInOwl:hasDbXref UMLS_CUI:C0020479","cf72e726-0942-4a8b-bf61-5cd391d653e5 owl:annotatedTarget Ephemeral fever of cattle","obo:DOID_12685 oboInOwl:hasDbXref SNOMEDCT_US_2015_03_01:25766007","obo:DOID_3818 oboInOwl:id DOID:3818","obo:DOID_7810 oboInOwl:hasOBONamespace disease_ontology","313d0f3f-d7ca-4d89-8fce-58f24fe19244 rdf:type owl:Axiom","obo:DOID_3094 owl:deprecated true^^http://www.w3.org/2001/XMLSchema#boolean","obo:DOID_1776 rdfs:label labyrinthine unilateral reactive loss","obo:DOID_0050119 oboInOwl:hasOBONamespace disease_ontology","c8a67973-a2d7-404f-a685-6d20a58d7102 rdf:type owl:Axiom","obo:DOID_0050332 rdfs:label enlarged vestibular aqueduct","a7aeab33-4100-49fd-bfb4-a4ef16bf6272 owl:annotatedSource obo:DOID_1138","646c8e37-1d59-457a-b902-990a625a4f39 owl:annotatedProperty oboInOwl:hasExactSynonym","a68bfc79-ff26-4095-8a9c-8e06402014bf owl:annotatedTarget Congenital choledochal cyst","1ab52489-15a1-42e1-b337-c3ddc859998a owl:annotatedProperty oboInOwl:hasExactSynonym","d441e0c6-1f0c-4ee6-86b6-a4308f76a067 owl:annotatedSource obo:DOID_8826","obo:DOID_7634 rdfs:subClassOf obo:DOID_3565","339f9e6e-dcac-4944-86e7-6726f8f3186a owl:annotatedProperty oboInOwl:hasExactSynonym","obo:DOID_0050420 oboInOwl:hasOBONamespace disease_ontology","3621257c-28e5-42d5-a192-fd9ddb18aad9 owl:annotatedTarget A liver carcinoma that has_material_basis_in undifferentiated hepatocytes.","0fb0e680-be0d-422d-83e5-ad9f722a7a81 oboInOwl:hasDbXref NCI2004_11_17:C6599","obo:DOID_5475 oboInOwl:hasRelatedSynonym adenofibroma of uterine corpus","obo:DOID_11165 oboInOwl:hasDbXref SNOMEDCT_US_2015_03_01:57019003","cf177e5b-e485-4675-ad58-d76f89ad8fd8 owl:annotatedTarget beryllium poisoning","obo:DOID_829 oboInOwl:id DOID:829","obo:DOID_5387 oboInOwl:hasDbXref UMLS_CUI:C1334759","obo:DOID_1776 rdf:type owl:Class","obo:DOID_829 oboInOwl:hasExactSynonym Crystal arthropathy of shoulder region disorder","353ee809-32c3-4460-8afc-c6e1384e0654 owl:annotatedProperty oboInOwl:hasExactSynonym","5501f2ef-6992-4281-bda9-9d285005e981 owl:annotatedSource obo:DOID_2216","obo:DOID_5400 rdf:type owl:Class","d9a2c141-aeaa-49b5-918c-edbe4fde74e8 owl:annotatedTarget Fluke infection","339f9e6e-dcac-4944-86e7-6726f8f3186a owl:annotatedTarget Postsurgical testicular hypofunction disorder [Ambiguous]","obo:DOID_98 rdf:type owl:Class","946da97a-304b-4c43-9e23-518b4a839fe9 owl:annotatedProperty obo:IAO_0000115","obo:DOID_1776 oboInOwl:hasDbXref UMLS_CUI:C0155519","obo:DOID_5299 oboInOwl:hasExactSynonym Clear cell carcinoma of Endometrium","362bc4c7-409b-4e4e-b8b9-d414a4a06cd9 oboInOwl:hasDbXref SNOMEDCT_2005_07_31:31788005","1bd48890-2e82-4092-9705-a769b6a4964e owl:annotatedSource obo:DOID_9939","5804ffc4-c782-4d87-af6c-b366f30b6802 owl:annotatedTarget familial dysautonomia","obo:DOID_866 oboInOwl:hasDbXref ICD10CM:I82","1367ea52-5017-4da9-b462-0b8fafef9d5c owl:annotatedSource obo:DOID_13406","5804ffc4-c782-4d87-af6c-b366f30b6802 owl:annotatedProperty oboInOwl:hasExactSynonym","02b87dcd-8bbf-4622-99eb-b34b27f07f9d rdf:type owl:Axiom","obo:DOID_917 oboInOwl:hasOBONamespace disease_ontology","obo:DOID_0050119 obo:IAO_0000115 A West Nile virus infectious disease that has_material_basis_in West Nile virus, which can cause meningitis, encephalitis, acute laccid paralysis, Parkingsonian-like conditions or movement disorder.","c36479ef-70b8-477c-b1aa-11b17efd6859 owl:annotatedProperty oboInOwl:hasExactSynonym","5ef9ecd3-f996-40e5-a9ab-3fc9d0a9a959 owl:annotatedSource obo:DOID_170","7d0a8ed4-bed5-4213-acd2-17cfa84ae65b oboInOwl:hasDbXref NCI2004_11_17:C7815","31395b23-c228-4e11-b7aa-bdb1149feb66 oboInOwl:hasDbXref url:http://www.oie.int/eng/normes/mmanual/2008/pdf/2.04.13_IBR_IPV.pdf","obo:DOID_7810 oboInOwl:id DOID:7810","098abd57-3457-495c-9f69-470f42f56918 owl:annotatedTarget Sezarys disease of intra-abdominal lymph nodes disorder","b83c2a16-7243-43eb-b153-366fb3e8e9ba owl:annotatedProperty oboInOwl:hasExactSynonym","38c9527e-4b66-447b-a867-ccf4c6b47bce owl:annotatedTarget Fredrickson type IIa lipidaemia","obo:DOID_10531 oboInOwl:inSubset doid:gram-positive_bacterial_infectious_disease","3d0aa006-6cad-472b-8a83-1ebb021f093b owl:annotatedTarget Malaria fever, subtertian","2af407f3-6f28-46b7-aa83-385c70afba64 owl:annotatedProperty oboInOwl:hasExactSynonym","obo:DOID_1776 rdfs:subClassOf obo:DOID_566","3621257c-28e5-42d5-a192-fd9ddb18aad9 oboInOwl:hasDbXref url:http://www.omim.org/entry/114550","214e223d-2961-43bd-8cd1-cb65189e23c4 owl:annotatedSource obo:DOID_2582","obo:DOID_829 oboInOwl:hasExactSynonym Crystal arthropathy of upper arm disorder","9f050e8c-5a77-48b4-8cfa-42f213de232b owl:annotatedProperty oboInOwl:hasExactSynonym","obo:DOID_10531 oboInOwl:hasExactSynonym Streptococcus pneumoniae pneumonia","02b87dcd-8bbf-4622-99eb-b34b27f07f9d owl:annotatedSource obo:DOID_684","obo:DOID_829 oboInOwl:hasExactSynonym Unspecified crystal arthropathy involving hand","01efa173-b188-4d95-ad29-a3463cbcddee oboInOwl:hasDbXref url:http://en.wikipedia.org/wiki/Gerstmann-Str%C3%A4ussler-Scheinker_syndrome","obo:DOID_9788 oboInOwl:hasDbXref UMLS_CUI:C0158362","obo:DOID_866 oboInOwl:hasDbXref ICD9CM:453","obo:DOID_0060111 rdfs:label fallopian tube benign neoplasm","b83c2a16-7243-43eb-b153-366fb3e8e9ba owl:annotatedSource obo:DOID_13343","obo:DOID_193 oboInOwl:id DOID:193","379f5530-42d6-44d0-a54a-a24ab2fa36b5 owl:annotatedSource obo:DOID_4653","1b25549d-00f8-404c-8b5d-59f0d193a214 owl:annotatedSource obo:DOID_11126","obo:DOID_10443 oboInOwl:hasDbXref UMLS_CUI:C0020641","02b87dcd-8bbf-4622-99eb-b34b27f07f9d owl:annotatedTarget HCC","313d0f3f-d7ca-4d89-8fce-58f24fe19244 owl:annotatedSource obo:DOID_1064","f5fcb985-12bc-44a7-89b0-c88311a227bf owl:annotatedSource obo:DOID_0060193","f0f4e4f6-987d-405e-a063-aa12d5361683 oboInOwl:hasDbXref SNOMEDCT_2005_07_31:254877001","11119d0c-5fa2-4230-a85d-8e818ba06918 owl:annotatedSource obo:DOID_449","obo:DOID_10531 owl:deprecated true^^http://www.w3.org/2001/XMLSchema#boolean","obo:DOID_8481 oboInOwl:hasExactSynonym Rheumatic degeneration of myocardium","obo:DOID_5387 rdfs:subClassOf obo:DOID_0060096","obo:DOID_829 oboInOwl:hasExactSynonym Unspecified crystal arthropathy involving multiple sites","obo:DOID_6114 oboInOwl:id DOID:6114","72921653-8668-4fe4-82ba-7b65556da3d1 owl:annotatedSource obo:DOID_0050654","obo:DOID_193 rdf:type owl:Class","362bc4c7-409b-4e4e-b8b9-d414a4a06cd9 owl:annotatedTarget Epiphora due to excess lacrimation disorder","obo:DOID_3906 oboInOwl:hasExactSynonym neoplasm of bronchus disorder","a4f444f9-9c45-4441-9e77-3752af0ad073 owl:annotatedProperty obo:IAO_0000115","54a45166-3b92-4b4b-9647-90a486e976a0 owl:annotatedSource obo:DOID_5665","1ab52489-15a1-42e1-b337-c3ddc859998a owl:annotatedTarget Prostatic hemangiosarcoma","ba9cef1c-5655-4ef1-b006-e1cd83777456 owl:annotatedSource obo:DOID_11793","obo:DOID_829 oboInOwl:hasExactSynonym Crystal arthropathy NOS, of multiple sites disorder","d441e0c6-1f0c-4ee6-86b6-a4308f76a067 owl:annotatedProperty oboInOwl:hasExactSynonym","94b49b05-23ec-4c2e-ad5e-c3dd6e873a88 owl:annotatedTarget carcinoma in situ of bronchus and lung disorder","339f9e6e-dcac-4944-86e7-6726f8f3186a oboInOwl:hasDbXref SNOMEDCT_2005_07_31:60237007","cf72e726-0942-4a8b-bf61-5cd391d653e5 owl:annotatedSource obo:DOID_5215","obo:DOID_829 oboInOwl:hasAlternativeId DOID:14158","obo:DOID_5400 oboInOwl:id DOID:5400","obo:DOID_4841 owl:deprecated true^^http://www.w3.org/2001/XMLSchema#boolean","b83c2a16-7243-43eb-b153-366fb3e8e9ba oboInOwl:hasDbXref CSP2005:2214-6054","cf72e726-0942-4a8b-bf61-5cd391d653e5 oboInOwl:hasDbXref SNOMEDCT_2005_07_31:69869002","f2f3c274-9b13-4d38-92fd-7232643359c3 owl:annotatedSource obo:DOID_14422","obo:DOID_4790 oboInOwl:hasDbXref MSH:D018242","obo:DOID_4716 rdfs:subClassOf obo:DOID_10534","a9d7bbd1-ed02-4506-a9f6-29a529906f71 oboInOwl:hasDbXref MTHICD9_2006:707.0","94b49b05-23ec-4c2e-ad5e-c3dd6e873a88 owl:annotatedProperty oboInOwl:hasExactSynonym","980027ff-1de0-47e3-80ec-86e408e17379 rdf:type owl:Axiom","2b2a4904-4ee7-4802-81b7-ce1374162555 owl:annotatedTarget neoplasm of paraurethral glands disorder","f2f3c274-9b13-4d38-92fd-7232643359c3 rdf:type owl:Axiom","3d0aa006-6cad-472b-8a83-1ebb021f093b rdf:type owl:Axiom","e3be34ab-2dce-45ac-af95-187b3d342ea0 owl:annotatedSource obo:DOID_10564","5501f2ef-6992-4281-bda9-9d285005e981 oboInOwl:hasDbXref SNOMEDCT_2005_07_31:366160003","obo:DOID_7810 obo:IAO_0000115 An intestinal infectious disease and is_a Cytomegalovirus infectious disease that is complicated_by acquired immunodeficiency syndrome which results_in inflammation located_in colon and located_in small intestine, has_material_basis_in Cytomegalovirus in AIDS patients.","obo:DOID_11165 rdfs:subClassOf obo:DOID_934","ffecabcc-c58b-460c-85fa-764205bd4e7e rdf:type owl:Axiom","obo:DOID_5475 rdfs:subClassOf obo:DOID_0060095","e2897611-030f-4b12-8522-70802216bd32 owl:annotatedSource obo:DOID_0050011","e15247a0-7cbf-4235-8c28-293969565e5e oboInOwl:hasDbXref SNOMEDCT_2005_07_31:126950007","obo:DOID_14230 oboInOwl:hasExactSynonym Scleromalacia perforans disorder","obo:DOID_8481 oboInOwl:hasDbXref ICD10CM:I01.9","obo:DOID_3906 rdfs:subClassOf obo:DOID_0050621","obo:DOID_829 oboInOwl:hasOBONamespace disease_ontology","e2897611-030f-4b12-8522-70802216bd32 rdf:type owl:Axiom","f03990a6-b8f7-4f8f-9d8d-82abac306b23 owl:annotatedSource obo:DOID_3413","ff4f2f42-9bd4-464f-8d79-93eeca3a1042 owl:annotatedProperty obo:IAO_0000115","ba4075e1-69bd-4b39-b672-8f566d123bcf owl:annotatedProperty oboInOwl:hasExactSynonym","obo:DOID_866 rdfs:subClassOf obo:DOID_178","7fc52fd4-1824-4b46-89a8-a687110c1ead rdf:type owl:Axiom","obo:DOID_829 oboInOwl:hasAlternativeId DOID:828","2a8f6077-9f8c-4ae5-bc74-a5c491e571f2 rdf:type owl:Axiom","obo:DOID_829 oboInOwl:hasAlternativeId DOID:14024","7d0a8ed4-bed5-4213-acd2-17cfa84ae65b owl:annotatedProperty oboInOwl:hasExactSynonym","6e1b3f66-1f1a-4c11-b25b-cf74f4ffaa04 rdf:type owl:Axiom","45160ff8-d213-46ed-b1f9-07259b6fba8f oboInOwl:hasDbXref ICD9CM_2006:575.11","obo:DOID_193 oboInOwl:hasRelatedSynonym cancer of reproductive system","obo:DOID_13207 oboInOwl:hasOBONamespace disease_ontology","obo:DOID_866 rdfs:label vein disease","a06eef1c-6ebc-4846-a25d-e12f15f36ccf rdf:type owl:Axiom","bf7d84b1-3088-45d3-a669-86ee861db349 rdf:type owl:Axiom","obo:DOID_6899 rdfs:label malignant ovarian mixed epithelial neoplasm","obo:DOID_0050332 rdfs:subClassOf obo:DOID_2742","obo:DOID_4665 owl:deprecated true^^http://www.w3.org/2001/XMLSchema#boolean","bead1d1c-ce81-4db0-bb24-58959b3b148d owl:annotatedTarget neoplasm of accessory sinus","ff4f2f42-9bd4-464f-8d79-93eeca3a1042 oboInOwl:hasDbXref url:http://en.wikipedia.org/wiki/Laryngitis","5804ffc4-c782-4d87-af6c-b366f30b6802 oboInOwl:hasDbXref SNOMEDCT_2005_07_31:204087006","108dd3a3-f43e-4962-84d5-5f3150059f29 owl:annotatedTarget insular sclerosis","2b2a4904-4ee7-4802-81b7-ce1374162555 rdf:type owl:Axiom","obo:DOID_9788 oboInOwl:hasExactSynonym Interstitial myositis","45f48d71-a780-43a9-baa7-e414f68c8f48 oboInOwl:hasDbXref MTH:363","870e9839-6352-4460-9f57-2f8ab64e6ab1 oboInOwl:hasDbXref SNOMEDCT_2005_07_31:37295009","obo:DOID_11077 oboInOwl:hasRelatedSynonym Malta fever","obo:DOID_5387 oboInOwl:hasDbXref NCI:C6834","457ac3af-675d-4d67-bb3a-e97473177c64 owl:annotatedProperty obo:IAO_0000115","946da97a-304b-4c43-9e23-518b4a839fe9 owl:annotatedSource obo:DOID_2632","45f48d71-a780-43a9-baa7-e414f68c8f48 owl:annotatedSource obo:DOID_8704","obo:DOID_6899 oboInOwl:hasDbXref UMLS_CUI:C1518232","obo:DOID_14230 oboInOwl:hasDbXref ICD9CM:379.04","obo:DOID_5387 oboInOwl:hasExactSynonym adenoma of the middle ear","obo:DOID_829 oboInOwl:hasExactSynonym Crystal arthropathy of hand","obo:DOID_9040 oboInOwl:hasExactSynonym Reticulosarcoma involving lymph nodes of head, face and neck","d441e0c6-1f0c-4ee6-86b6-a4308f76a067 rdf:type owl:Axiom","obo:DOID_8481 oboInOwl:hasDbXref SNOMEDCT_US_2015_03_01:4536006","obo:DOID_11165 oboInOwl:hasDbXref ICD9CM:078.1","74668ff1-18d6-48bc-a787-8e3da138c87c oboInOwl:hasDbXref ICD9CM_2006:712.97","obo:DOID_11077 oboInOwl:hasDbXref SNOMEDCT_US_2015_03_01:154296006","obo:DOID_829 oboInOwl:hasExactSynonym Crystal arthropathy of ankle and/or foot","obo:DOID_8481 oboInOwl:hasDbXref SNOMEDCT_US_2015_03_01:194713007","3d0aa006-6cad-472b-8a83-1ebb021f093b owl:annotatedProperty oboInOwl:hasExactSynonym","f2f3c274-9b13-4d38-92fd-7232643359c3 owl:annotatedProperty oboInOwl:hasExactSynonym","94b49b05-23ec-4c2e-ad5e-c3dd6e873a88 rdf:type owl:Axiom","980027ff-1de0-47e3-80ec-86e408e17379 owl:annotatedProperty oboInOwl:hasExactSynonym","obo:DOID_9839 oboInOwl:hasDbXref ICD10CM:H50.43","obo:DOID_10443 oboInOwl:hasOBONamespace disease_ontology","a4f444f9-9c45-4441-9e77-3752af0ad073 owl:annotatedTarget A diabetes mellitus that involves high blood glucose resulting from cells fail to use insulin properly.","obo:DOID_0050207 rdfs:label Rubella virus hepatitis","bf7d84b1-3088-45d3-a669-86ee861db349 oboInOwl:hasDbXref SNOMEDCT_2005_07_31:201734004","e719d2d9-18d5-4126-9923-444fc3dca840 owl:annotatedTarget Angioma of intracranial Structure","obo:DOID_1776 oboInOwl:hasExactSynonym Unilateral loss of labyrinthine reactivity disorder","obo:DOID_193 oboInOwl:hasDbXref UMLS_CUI:C0178830","7fc52fd4-1824-4b46-89a8-a687110c1ead owl:annotatedProperty oboInOwl:hasExactSynonym","01efa173-b188-4d95-ad29-a3463cbcddee owl:annotatedProperty obo:IAO_0000115","obo:DOID_829 oboInOwl:hasExactSynonym Unspecified crystal arthropathy involving forearm","obo:DOID_10531 oboInOwl:hasOBONamespace disease_ontology","obo:DOID_11077 oboInOwl:hasDbXref NCI:C84602","ba4075e1-69bd-4b39-b672-8f566d123bcf rdf:type owl:Axiom","obo:DOID_4790 oboInOwl:hasOBONamespace disease_ontology","d0a6c37c-83ca-4ccf-bb3b-9093bd3747fa owl:annotatedTarget Sulfemoglobinemia","obo:DOID_12773 obo:IAO_0000115 A Kaposis sarcoma that is located_in black Africans.","c29e0662-ecd6-498e-841e-6e1005aabf16 owl:annotatedSource obo:DOID_10488","e15247a0-7cbf-4235-8c28-293969565e5e owl:annotatedSource obo:DOID_3093","obo:DOID_4790 oboInOwl:hasExactSynonym Medulloepithelioma NOS morphologic abnormality","2b2a4904-4ee7-4802-81b7-ce1374162555 owl:annotatedProperty oboInOwl:hasExactSynonym","obo:DOID_0050119 rdfs:label West Nile virus neurological syndrome","obo:DOID_3145 oboInOwl:id DOID:3145","obo:DOID_3818 oboInOwl:hasExactSynonym Photoallergic eczema","6155c4e9-90cb-41ce-9924-9fb11063f849 oboInOwl:hasDbXref SNOMEDCT_2005_07_31:239968000","d9a2c141-aeaa-49b5-918c-edbe4fde74e8 owl:annotatedSource obo:DOID_887","bf7d84b1-3088-45d3-a669-86ee861db349 owl:annotatedProperty oboInOwl:hasExactSynonym","74668ff1-18d6-48bc-a787-8e3da138c87c owl:annotatedTarget Unspecified crystal arthropathy involving ankle and foot","a06eef1c-6ebc-4846-a25d-e12f15f36ccf owl:annotatedProperty oboInOwl:hasExactSynonym","45160ff8-d213-46ed-b1f9-07259b6fba8f owl:annotatedTarget chronic cholecystitis","a3beae63-985d-40ff-b6b8-1c850dbace46 owl:annotatedTarget acute atopic conjunctivitis disorder","244c6efb-db46-4917-8f60-34fb2b1b7420 oboInOwl:hasDbXref SNOMEDCT_2005_07_31:243682006","6e1b3f66-1f1a-4c11-b25b-cf74f4ffaa04 owl:annotatedProperty oboInOwl:hasExactSynonym","obo:DOID_98 rdfs:label staphylococcal infectious disease","7d0a8ed4-bed5-4213-acd2-17cfa84ae65b rdf:type owl:Axiom","obo:DOID_9788 rdfs:subClassOf obo:DOID_633","cf177e5b-e485-4675-ad58-d76f89ad8fd8 owl:annotatedSource obo:DOID_10322","obo:DOID_14230 oboInOwl:hasOBONamespace disease_ontology","c36479ef-70b8-477c-b1aa-11b17efd6859 rdf:type owl:Axiom","02b87dcd-8bbf-4622-99eb-b34b27f07f9d owl:annotatedProperty oboInOwl:hasExactSynonym","108dd3a3-f43e-4962-84d5-5f3150059f29 owl:annotatedSource obo:DOID_2377","5804ffc4-c782-4d87-af6c-b366f30b6802 rdf:type owl:Axiom","obo:DOID_3906 oboInOwl:hasOBONamespace disease_ontology","obo:DOID_2423 oboInOwl:hasExactSynonym Halo nevus morphologic abnormality","obo:DOID_4790 oboInOwl:hasDbXref NCI:C4327","f0b6f189-a8b3-4051-b701-3e2579a5b782 owl:annotatedSource obo:DOID_9210","f5a0d042-f58f-428d-8118-0511f623f540 owl:annotatedSource obo:DOID_12525","353ee809-32c3-4460-8afc-c6e1384e0654 rdf:type owl:Axiom","obo:DOID_11165 oboInOwl:hasDbXref SNOMEDCT_US_2015_03_01:266198004","obo:DOID_13207 rdfs:label proliferative diabetic retinopathy","obo:DOID_10443 rdfs:subClassOf obo:DOID_9383","2af407f3-6f28-46b7-aa83-385c70afba64 rdf:type owl:Axiom","9cafd1c0-96f9-481c-ac58-845676f4f01e oboInOwl:hasDbXref SNOMEDCT_2005_07_31:154637008","obo:DOID_866 oboInOwl:hasDbXref SNOMEDCT_US_2015_03_01:195435006","c8a67973-a2d7-404f-a685-6d20a58d7102 oboInOwl:hasDbXref SNOMEDCT_2005_07_31:301789000","obo:DOID_12685 rdf:type owl:Class","a3beae63-985d-40ff-b6b8-1c850dbace46 owl:annotatedSource obo:DOID_11203","1ab52489-15a1-42e1-b337-c3ddc859998a owl:annotatedSource obo:DOID_4524","obo:DOID_4841 oboInOwl:hasOBONamespace disease_ontology","b83c2a16-7243-43eb-b153-366fb3e8e9ba rdf:type owl:Axiom","obo:DOID_829 oboInOwl:hasExactSynonym Crystal arthropathy NOS, of the pelvic region and thigh disorder","f0b6f189-a8b3-4051-b701-3e2579a5b782 oboInOwl:hasDbXref SNOMEDCT_2005_07_31:186518000","2a8f6077-9f8c-4ae5-bc74-a5c491e571f2 owl:annotatedSource obo:DOID_4284","obo:DOID_917 rdfs:label liver leiomyoma","e3be34ab-2dce-45ac-af95-187b3d342ea0 owl:annotatedTarget Gangosa of yaws disorder","73a64864-a69c-4caa-85c4-2e812c83f760 owl:annotatedSource obo:DOID_14026","f4b807b2-ff63-4dfd-823c-0cae20e08359 oboInOwl:hasDbXref url:http://en.wikipedia.org/wiki/Familial_spastic_paraplegia","6e1b3f66-1f1a-4c11-b25b-cf74f4ffaa04 owl:annotatedSource obo:DOID_13473","obo:DOID_4665 oboInOwl:hasOBONamespace disease_ontology","obo:DOID_0050119 oboInOwl:hasExactSynonym WNNS","45f48d71-a780-43a9-baa7-e414f68c8f48 owl:annotatedTarget HERPES GENITALIA","9f050e8c-5a77-48b4-8cfa-42f213de232b rdf:type owl:Axiom","obo:DOID_14230 oboInOwl:hasDbXref ICD10CM:H15.05","obo:DOID_12773 rdf:type owl:Class","obo:DOID_10443 oboInOwl:hasDbXref ICD9CM:364.05","obo:DOID_6114 rdf:type owl:Class","5501f2ef-6992-4281-bda9-9d285005e981 owl:annotatedTarget Labile factor deficiency disorder","ec0098fa-d09b-4ca5-9b1e-5f70e9aa5e55 owl:annotatedTarget malignant histiocytosis of lymph nodes of inguinal region and/or lower limb disorder","9cafd1c0-96f9-481c-ac58-845676f4f01e owl:annotatedSource obo:DOID_8991","ffecabcc-c58b-460c-85fa-764205bd4e7e oboInOwl:hasDbXref url:http://en.wikipedia.org/wiki/Maroteaux-Lamy_syndrome","obo:DOID_829 oboInOwl:hasExactSynonym Crystal arthropathy of lower leg disorder","obo:DOID_829 owl:deprecated true^^http://www.w3.org/2001/XMLSchema#boolean","obo:DOID_9788 oboInOwl:id DOID:9788","46c4bc77-e323-4d1b-afd9-1a3bc2612394 oboInOwl:hasDbXref SNOMEDCT_2005_07_31:68216000","744f0647-0312-4b7a-9644-2a1073fe8460 owl:annotatedProperty obo:IAO_0000115","obo:DOID_11165 oboInOwl:hasDbXref ICD10CM:B07","297e8d8c-2029-4ba1-984f-4d64926c3909 owl:annotatedTarget Lebers congenital amaurosis","4815dec9-afe7-4c96-a2cb-d78e3b86fa28 owl:annotatedSource obo:DOID_4960","ba9cef1c-5655-4ef1-b006-e1cd83777456 owl:annotatedTarget Phthisical cornea disorder","obo:DOID_8481 oboInOwl:hasExactSynonym Rheumatic myocarditis disorder","3d0aa006-6cad-472b-8a83-1ebb021f093b oboInOwl:hasDbXref MTHICD9_2006:084.0","f5fcb985-12bc-44a7-89b0-c88311a227bf oboInOwl:hasDbXref url:http://en.wikipedia.org/wiki/Amyotrophic_lateral_sclerosis","01efa173-b188-4d95-ad29-a3463cbcddee rdf:type owl:Axiom","2a8f6077-9f8c-4ae5-bc74-a5c491e571f2 owl:annotatedTarget An anal carcinoma that has_material_basis_in abnormally proliferating cells derives_from epithelial cells and is located_in the anal margin where the canal meets the outside skin at the anus.","214e223d-2961-43bd-8cd1-cb65189e23c4 owl:annotatedTarget deficiency of catalase disorder","1255fea6-71b3-45a4-8b69-f2bf89e92238 owl:annotatedSource obo:DOID_6933","c7c1f070-dc7a-4a64-9400-4af2410beb55 owl:annotatedProperty oboInOwl:hasExactSynonym","098abd57-3457-495c-9f69-470f42f56918 rdf:type owl:Axiom","obo:DOID_866 rdf:type owl:Class","obo:DOID_9788 oboInOwl:hasOBONamespace disease_ontology","obo:DOID_1776 oboInOwl:hasDbXref SNOMEDCT_US_2015_03_01:43000004","9f050e8c-5a77-48b4-8cfa-42f213de232b oboInOwl:hasDbXref MTHICD9_2006:102.5","6155c4e9-90cb-41ce-9924-9fb11063f849 rdf:type owl:Axiom","obo:DOID_829 oboInOwl:hasExactSynonym Unspecified crystal arthropathy involving upper arm","obo:DOID_7634 oboInOwl:id DOID:7634","a4f444f9-9c45-4441-9e77-3752af0ad073 oboInOwl:hasDbXref url:http://en.wikipedia.org/wiki/Diabetes","c7c1f070-dc7a-4a64-9400-4af2410beb55 owl:annotatedSource obo:DOID_12265","bead1d1c-ce81-4db0-bb24-58959b3b148d rdf:type owl:Axiom","obo:DOID_12685 oboInOwl:hasDbXref ICD10CM:F80.2","c7c1f070-dc7a-4a64-9400-4af2410beb55 oboInOwl:hasDbXref SNOMEDCT_2005_07_31:266649009","obo:DOID_0050207 rdf:type owl:Class","obo:DOID_0050420 rdfs:label primary Streptococcaceae infectious disease","46c4bc77-e323-4d1b-afd9-1a3bc2612394 owl:annotatedSource obo:DOID_13822","obo:DOID_8481 oboInOwl:hasDbXref SNOMEDCT_US_2015_03_01:266285003","d0a6c37c-83ca-4ccf-bb3b-9093bd3747fa oboInOwl:hasDbXref SNOMEDCT_2005_07_31:191391008","obo:DOID_5299 oboInOwl:hasOBONamespace disease_ontology","7fc52fd4-1824-4b46-89a8-a687110c1ead owl:annotatedTarget carcinoma in situ of liver or biliary system NOS disorder","obo:DOID_13207 oboInOwl:hasDbXref UMLS_CUI:C0154830","obo:DOID_4716 oboInOwl:hasOBONamespace disease_ontology","obo:DOID_11077 oboInOwl:hasDbXref SNOMEDCT_US_2015_03_01:111804008","obo:DOID_5299 oboInOwl:id DOID:5299","457ac3af-675d-4d67-bb3a-e97473177c64 rdf:type owl:Axiom","a1f73061-a275-4956-b2e7-85e1f7b7b5dc rdf:type owl:Axiom","obo:DOID_0060111 oboInOwl:created_by lschriml","obo:DOID_8481 oboInOwl:hasExactSynonym acute rheumatic myocarditis disorder","obo:DOID_7671 rdfs:label recurrent penis cancer","obo:DOID_7634 rdf:type owl:Class","ec0098fa-d09b-4ca5-9b1e-5f70e9aa5e55 rdf:type owl:Axiom","obo:DOID_5387 oboInOwl:id DOID:5387","obo:DOID_829 oboInOwl:hasExactSynonym Crystal arthropathy of forearm","4fb9252c-b367-4049-9fd8-f3d06c1f9e62 owl:annotatedSource obo:DOID_10795","obo:DOID_829 oboInOwl:hasExactSynonym Crystal arthropathy NOS, of the pelvic region and thigh","01efa173-b188-4d95-ad29-a3463cbcddee oboInOwl:hasDbXref url:http://www.cdc.gov/ncidod/dvrd/prions/","1bd48890-2e82-4092-9705-a769b6a4964e owl:annotatedTarget lacrimal mucocele","obo:DOID_0060098 rdf:type owl:Class","ab1d6fd9-b522-40d7-b257-0098bed1e5d2 oboInOwl:hasDbXref SNOMEDCT_2005_07_31:190428000","1068f842-0e6a-46c0-9230-768264e36956 oboInOwl:hasDbXref SNOMEDCT_2005_07_31:77038006","obo:DOID_11341 obo:IAO_0000115 A lung disease that is a mycosis caused by fungal growth in the lungs.","1367ea52-5017-4da9-b462-0b8fafef9d5c oboInOwl:hasDbXref NCI2004_11_17:C34997","1b25549d-00f8-404c-8b5d-59f0d193a214 rdf:type owl:Axiom","obo:DOID_0050207 oboInOwl:id DOID:0050207","4815dec9-afe7-4c96-a2cb-d78e3b86fa28 oboInOwl:hasDbXref SNOMEDCT_2005_07_31:414792005","obo:DOID_9040 oboInOwl:hasExactSynonym Reticulosarcoma of lymph nodes of head, face, and neck disorder","obo:DOID_4716 oboInOwl:id DOID:4716","obo:DOID_829 oboInOwl:hasExactSynonym Crystal arthropathy of upper arm","obo:DOID_5475 oboInOwl:hasExactSynonym adenofibroma of Corpus Uteri","353ee809-32c3-4460-8afc-c6e1384e0654 owl:annotatedSource obo:DOID_6213","obo:DOID_9040 owl:deprecated true^^http://www.w3.org/2001/XMLSchema#boolean","6155c4e9-90cb-41ce-9924-9fb11063f849 owl:annotatedTarget Bursitis of elbow region","e15247a0-7cbf-4235-8c28-293969565e5e owl:annotatedProperty oboInOwl:hasExactSynonym","45160ff8-d213-46ed-b1f9-07259b6fba8f owl:annotatedProperty oboInOwl:hasExactSynonym","457ac3af-675d-4d67-bb3a-e97473177c64 owl:annotatedSource obo:DOID_5184","obo:DOID_4716 oboInOwl:hasExactSynonym germ cell tumor of the stomach","7dd3e468-928a-49c9-a4db-4f4f4061021a rdf:type owl:Axiom","obo:DOID_0060023 obo:IAO_0000115 A combined T cell and B cell immunodeficiency that is caused by mutation in TNFRSF5 resulting in type 3 hyper-IgM immunodeficiency characterized by an inability of B cells to undergo isotype switching, an inability to mount an antibody-specific immune response, and a lack of germinal center formation.","obo:DOID_829 oboInOwl:hasExactSynonym Crystal arthropathy of multiple sites","2af407f3-6f28-46b7-aa83-385c70afba64 owl:annotatedTarget carcinoma of anus","313d0f3f-d7ca-4d89-8fce-58f24fe19244 owl:annotatedTarget Cystinosis [dup] disorder","11119d0c-5fa2-4230-a85d-8e818ba06918 owl:annotatedTarget neoplasm of head disorder","obo:DOID_5475 oboInOwl:hasOBONamespace disease_ontology","e719d2d9-18d5-4126-9923-444fc3dca840 rdf:type owl:Axiom","ed413ff8-9d4d-4c4f-947c-7702be1bd369 owl:annotatedTarget Polyembryoma of testis","870e9839-6352-4460-9f57-2f8ab64e6ab1 rdf:type owl:Axiom","f0b6f189-a8b3-4051-b701-3e2579a5b782 owl:annotatedTarget Geniculate herpes zoster or Ramsey Hunt syndrome","obo:DOID_11077 oboInOwl:hasDbXref SNOMEDCT_US_2015_03_01:187304000","obo:DOID_11341 rdfs:label fungal lung infectious disease","9cafd1c0-96f9-481c-ac58-845676f4f01e owl:annotatedProperty oboInOwl:hasExactSynonym","obo:DOID_9788 oboInOwl:hasDbXref SNOMEDCT_US_2015_03_01:55925001","1068f842-0e6a-46c0-9230-768264e36956 owl:annotatedProperty oboInOwl:hasExactSynonym","obo:DOID_0050332 rdf:type owl:Class","ed413ff8-9d4d-4c4f-947c-7702be1bd369 owl:annotatedProperty oboInOwl:hasExactSynonym","obo:DOID_3818 rdfs:subClassOf obo:DOID_3159","obo:DOID_11077 obo:IAO_0000115 A primary bacterial infectious disease that is caused by the bacteria of the genus Brucella, when humans come in contact with contaminated animals or animal products or ingestion of infected food products. The disease has_symptom fever, has_symptom sweat, has_symptom headache, has_symptom back pain, has_symptom physical weakness, has_symptom joint pain and has_symptom fatigue.","a7aeab33-4100-49fd-bfb4-a4ef16bf6272 owl:annotatedProperty oboInOwl:hasExactSynonym","744f0647-0312-4b7a-9644-2a1073fe8460 rdf:type owl:Axiom","obo:DOID_8481 rdf:type owl:Class","obo:DOID_0050207 obo:IAO_0000115 A Rubella virus infectious disease that results_in inflammation located_in liver, has_material_basis_in Rubella virus, which is transmitted_by droplet spread of oronasal secretions from the infected person through coughing and sneezing, and transmitted_by congenital method. The infection results in hepatic necrosis.","a7aeab33-4100-49fd-bfb4-a4ef16bf6272 oboInOwl:hasDbXref NCI2004_11_17:C6935","obo:DOID_829 oboInOwl:hasExactSynonym Crystal arthropathy NOS, of the hand disorder","obo:DOID_9839 oboInOwl:hasDbXref UMLS_CUI:C0155336","obo:DOID_0060111 oboInOwl:hasOBONamespace disease_ontology","72921653-8668-4fe4-82ba-7b65556da3d1 oboInOwl:hasDbXref url:http://en.wikipedia.org/wiki/Baller%E2%80%93Gerold_syndrome","obo:DOID_3145 rdf:type owl:Class","870e9839-6352-4460-9f57-2f8ab64e6ab1 owl:annotatedSource obo:DOID_14336","c8a67973-a2d7-404f-a685-6d20a58d7102 owl:annotatedTarget adhesions of uterus finding","obo:DOID_5400 oboInOwl:hasExactSynonym Trabecular adenoma morphologic abnormality","f2f3c274-9b13-4d38-92fd-7232643359c3 oboInOwl:hasDbXref SNOMEDCT_2005_07_31:40229007","obo:DOID_13207 oboInOwl:hasDbXref SNOMEDCT_US_2015_03_01:154679002","297e8d8c-2029-4ba1-984f-4d64926c3909 owl:annotatedProperty oboInOwl:hasExactSynonym","obo:DOID_13207 oboInOwl:hasDbXref NCI:C84457","obo:DOID_11077 oboInOwl:hasDbXref SNOMEDCT_US_2015_03_01:75702008","obo:DOID_1776 oboInOwl:id DOID:1776","obo:DOID_2423 oboInOwl:hasExactSynonym Halo nevus disorder","7dd3e468-928a-49c9-a4db-4f4f4061021a oboInOwl:hasDbXref SNOMEDCT_2005_07_31:417570003","ba9cef1c-5655-4ef1-b006-e1cd83777456 rdf:type owl:Axiom","72921653-8668-4fe4-82ba-7b65556da3d1 owl:annotatedTarget A synostosis characterized by coronal craniosynostosis, short stature, and aplasia or hypoplasia of the radial bone.","obo:DOID_7634 oboInOwl:hasDbXref NCI:C6776","42871b71-39e5-44f3-9fd8-7b68040bcb45 oboInOwl:hasDbXref ICD9CM_2006:282.63","obo:DOID_0050420 rdf:type owl:Class","9d529f04-2b2c-4343-a406-8b913fde9154 owl:annotatedSource obo:DOID_6032","obo:DOID_866 oboInOwl:id DOID:866","obo:DOID_1776 oboInOwl:hasOBONamespace disease_ontology","5501f2ef-6992-4281-bda9-9d285005e981 owl:annotatedProperty oboInOwl:hasExactSynonym","obo:DOID_829 oboInOwl:hasExactSynonym Crystal arthropathy NOS, of the upper arm disorder","obo:DOID_5387 oboInOwl:hasOBONamespace disease_ontology","c29e0662-ecd6-498e-841e-6e1005aabf16 owl:annotatedProperty oboInOwl:hasExactSynonym","b83c2a16-7243-43eb-b153-366fb3e8e9ba owl:annotatedTarget ocular toxoplasmosis","obo:DOID_0060023 oboInOwl:hasOBONamespace disease_ontology","42871b71-39e5-44f3-9fd8-7b68040bcb45 owl:annotatedTarget Sickle-cell/Hb-C disease without crisis","313d0f3f-d7ca-4d89-8fce-58f24fe19244 oboInOwl:hasDbXref SNOMEDCT_2005_07_31:367374009","38c9527e-4b66-447b-a867-ccf4c6b47bce owl:annotatedSource obo:DOID_13810","obo:DOID_7810 rdf:type owl:Class","a68bfc79-ff26-4095-8a9c-8e06402014bf rdf:type owl:Axiom","744f0647-0312-4b7a-9644-2a1073fe8460 owl:annotatedSource obo:DOID_0050012","obo:DOID_0050119 rdf:type owl:Class","9d529f04-2b2c-4343-a406-8b913fde9154 rdf:type owl:Axiom","0fb0e680-be0d-422d-83e5-ad9f722a7a81 owl:annotatedProperty oboInOwl:hasExactSynonym","obo:DOID_11077 oboInOwl:hasDbXref ICD10CM:A23.9","ba4075e1-69bd-4b39-b672-8f566d123bcf oboInOwl:hasDbXref NCI2004_11_17:C5776","9cafd1c0-96f9-481c-ac58-845676f4f01e rdf:type owl:Axiom","obo:DOID_11077 rdf:type owl:Class","45724d61-2235-455c-a535-0ee85d842211 owl:annotatedSource obo:DOID_339","obo:DOID_7671 rdf:type owl:Class","a9d7bbd1-ed02-4506-a9f6-29a529906f71 owl:annotatedSource obo:DOID_8717","e9e73891-cebb-44ff-bce9-3a477001a4f1 owl:annotatedTarget Polyneuropathy in diabetes","870e9839-6352-4460-9f57-2f8ab64e6ab1 owl:annotatedProperty oboInOwl:hasExactSynonym","e719d2d9-18d5-4126-9923-444fc3dca840 owl:annotatedProperty oboInOwl:hasExactSynonym","73a64864-a69c-4caa-85c4-2e812c83f760 owl:annotatedTarget Folate or folic acid deficiency anemia NOS","f5fcb985-12bc-44a7-89b0-c88311a227bf owl:annotatedTarget The most common type of familial ALS caused_by mutation located_in SOD1 gene located in chromosome 21.","31395b23-c228-4e11-b7aa-bdb1149feb66 oboInOwl:hasDbXref url:http://www.thecattlesite.com/diseaseinfo/174/infectious-bovine-rhinotracheitis-ibr","2a8f6077-9f8c-4ae5-bc74-a5c491e571f2 oboInOwl:hasDbXref url:http://www.cancer.org/docroot/CRI/content/CRI_2_4_1X_What_is_anal_cancer_47.asp","obo:DOID_8481 oboInOwl:hasDbXref SNOMEDCT_US_2015_03_01:367538001","obo:DOID_829 oboInOwl:hasExactSynonym Crystal arthropathy of forearm disorder","7dd3e468-928a-49c9-a4db-4f4f4061021a owl:annotatedProperty oboInOwl:hasExactSynonym","646c8e37-1d59-457a-b902-990a625a4f39 oboInOwl:hasDbXref SNOMEDCT_2005_07_31:35813005","obo:DOID_6899 oboInOwl:hasOBONamespace disease_ontology","379f5530-42d6-44d0-a54a-a24ab2fa36b5 owl:annotatedTarget A retinoblastoma that is located_in the eye and has not spread to other parts of the body.","obo:DOID_866 obo:IAO_0000115 A vascular disease that is located_in a vein.","e15247a0-7cbf-4235-8c28-293969565e5e rdf:type owl:Axiom","45160ff8-d213-46ed-b1f9-07259b6fba8f rdf:type owl:Axiom","obo:DOID_9788 oboInOwl:hasDbXref ICD10CM:M60.1","13f74fb8-be72-423b-b0b0-67c5c1b98c00 oboInOwl:hasDbXref SNOMEDCT_2005_07_31:193161004","obo:DOID_9040 rdfs:label reticulosarcoma involving lymph nodes of head, face, and neck","obo:DOID_5299 oboInOwl:hasDbXref NCI:C8028","a7aeab33-4100-49fd-bfb4-a4ef16bf6272 rdf:type owl:Axiom","obo:DOID_9839 oboInOwl:hasDbXref SNOMEDCT_US_2015_03_01:18369000","obo:DOID_11165 rdf:type owl:Class","obo:DOID_13207 oboInOwl:hasDbXref ICD9CM:362.02","obo:DOID_9839 oboInOwl:hasOBONamespace disease_ontology","ed413ff8-9d4d-4c4f-947c-7702be1bd369 rdf:type owl:Axiom","obo:DOID_193 oboInOwl:hasExactSynonym malignant reproductive system neoplasm","obo:DOID_11165 oboInOwl:hasDbXref SNOMEDCT_US_2015_03_01:123201004","obo:DOID_1776 oboInOwl:hasExactSynonym Labyrinthine unilateral reactive loss disorder","1068f842-0e6a-46c0-9230-768264e36956 rdf:type owl:Axiom","980027ff-1de0-47e3-80ec-86e408e17379 owl:annotatedSource obo:DOID_14525","obo:DOID_829 oboInOwl:hasExactSynonym Crystal arthropathy of lower leg","5501f2ef-6992-4281-bda9-9d285005e981 rdf:type owl:Axiom","obo:DOID_8481 oboInOwl:hasDbXref SNOMEDCT_US_2015_03_01:195136004","244c6efb-db46-4917-8f60-34fb2b1b7420 owl:annotatedSource obo:DOID_5501","362bc4c7-409b-4e4e-b8b9-d414a4a06cd9 owl:annotatedSource obo:DOID_14244","5804ffc4-c782-4d87-af6c-b366f30b6802 owl:annotatedSource obo:DOID_11589","ffecabcc-c58b-460c-85fa-764205bd4e7e owl:annotatedTarget A mucopolysaccharidosis characterized by a deficiency of the lysosomal enzyme N-acetylgalactosamine 4-sulfatase.","946da97a-304b-4c43-9e23-518b4a839fe9 rdf:type owl:Axiom","obo:DOID_3906 rdfs:label bronchial neoplasm","obo:DOID_6114 oboInOwl:hasDbXref MSH:D008579","obo:DOID_5299 rdfs:label endometrial clear cell adenocarcinoma","ba9cef1c-5655-4ef1-b006-e1cd83777456 owl:annotatedProperty oboInOwl:hasExactSynonym","obo:DOID_3094 rdfs:label neuroepithelial neoplasm","obo:DOID_9040 oboInOwl:hasOBONamespace disease_ontology","c8a67973-a2d7-404f-a685-6d20a58d7102 owl:annotatedSource obo:DOID_13812","obo:DOID_10443 oboInOwl:hasExactSynonym Hypopyon disorder","297e8d8c-2029-4ba1-984f-4d64926c3909 rdf:type owl:Axiom","obo:DOID_0060098 oboInOwl:id DOID:0060098","0fb0e680-be0d-422d-83e5-ad9f722a7a81 rdf:type owl:Axiom","9d529f04-2b2c-4343-a406-8b913fde9154 owl:annotatedProperty oboInOwl:hasExactSynonym","e719d2d9-18d5-4126-9923-444fc3dca840 owl:annotatedSource obo:DOID_2517","obo:DOID_13207 rdfs:subClassOf obo:DOID_8947","a68bfc79-ff26-4095-8a9c-8e06402014bf owl:annotatedProperty oboInOwl:hasExactSynonym","obo:DOID_3145 oboInOwl:hasExactSynonym familial hypercholesterolaemia with hyperlipaemia","obo:DOID_6114 rdfs:subClassOf obo:DOID_6112","c29e0662-ecd6-498e-841e-6e1005aabf16 rdf:type owl:Axiom","obo:DOID_4841 oboInOwl:hasExactSynonym malignant skin Appendage neoplasm","3607103c-fecf-4bf9-b704-58aa6113adca owl:annotatedSource obo:DOID_11964","obo:DOID_829 oboInOwl:hasExactSynonym Crystal arthropathy of hand disorder","obo:DOID_1776 oboInOwl:hasDbXref ICD9CM:386.55","297e8d8c-2029-4ba1-984f-4d64926c3909 oboInOwl:hasDbXref CSP2005:1114-9698","ffecabcc-c58b-460c-85fa-764205bd4e7e owl:annotatedProperty obo:IAO_0000115","obo:DOID_9839 oboInOwl:hasDbXref ICD9CM:378.35","2b2a4904-4ee7-4802-81b7-ce1374162555 oboInOwl:hasDbXref SNOMEDCT_2005_07_31:126884005","obo:DOID_2423 rdf:type owl:Class","6155c4e9-90cb-41ce-9924-9fb11063f849 owl:annotatedProperty oboInOwl:hasExactSynonym","obo:DOID_3094 oboInOwl:hasExactSynonym tumor of Neuroepithelium","e2897611-030f-4b12-8522-70802216bd32 owl:annotatedProperty obo:IAO_0000115","13f74fb8-be72-423b-b0b0-67c5c1b98c00 owl:annotatedSource obo:DOID_2477","098abd57-3457-495c-9f69-470f42f56918 owl:annotatedProperty oboInOwl:hasExactSynonym","c7c1f070-dc7a-4a64-9400-4af2410beb55 rdf:type owl:Axiom","ff4f2f42-9bd4-464f-8d79-93eeca3a1042 rdf:type owl:Axiom","obo:DOID_11341 rdf:type owl:Class","9cafd1c0-96f9-481c-ac58-845676f4f01e owl:annotatedTarget Cervix Ca in situ","obo:DOID_13207 oboInOwl:id DOID:13207","2a8f6077-9f8c-4ae5-bc74-a5c491e571f2 owl:annotatedProperty obo:IAO_0000115","946da97a-304b-4c43-9e23-518b4a839fe9 oboInOwl:hasDbXref url:http://www.uptodate.com/contents/topic.do?topicKey\u003dOBGYN/3192","obo:DOID_6114 rdfs:label cerebral convexity meningioma","obo:DOID_7810 rdfs:label AIDS-related Cytomegalovirus enterocolitis","obo:DOID_11077 oboInOwl:hasRelatedSynonym Gibraltar fever","obo:DOID_11165 oboInOwl:hasDbXref NCI:C5028","obo:DOID_11165 oboInOwl:hasDbXref SNOMEDCT_US_2015_03_01:367507002","obo:DOID_4790 oboInOwl:hasDbXref SNOMEDCT_US_2015_03_01:39005004","obo:DOID_5475 rdfs:label uterine corpus adenofibroma","obo:DOID_8481 oboInOwl:hasDbXref SNOMEDCT_US_2015_03_01:194750008","obo:DOID_0060111 rdfs:subClassOf obo:DOID_0060086","bead1d1c-ce81-4db0-bb24-58959b3b148d owl:annotatedProperty oboInOwl:hasExactSynonym","d9a2c141-aeaa-49b5-918c-edbe4fde74e8 oboInOwl:hasDbXref SNOMEDCT_2005_07_31:51065006","ff4f2f42-9bd4-464f-8d79-93eeca3a1042 owl:annotatedTarget A laryngeal disease involving an inflammation of the larynx leading to hoarse voice or a complete loss of voice due to irritation of the vocal cords caused by viral, bacterial or fungal infection, inflammation due to overuse of the vocal cords and excessive coughing, smoking, or alcohol consumption.","7fc52fd4-1824-4b46-89a8-a687110c1ead oboInOwl:hasDbXref SNOMEDCT_2005_07_31:189247009","a4f444f9-9c45-4441-9e77-3752af0ad073 rdf:type owl:Axiom","ec0098fa-d09b-4ca5-9b1e-5f70e9aa5e55 owl:annotatedProperty oboInOwl:hasExactSynonym","4ed08160-0f1e-4974-b848-3824bf435f37 owl:annotatedTarget primary melanocytic Lesions of the CNS","obo:DOID_6114 oboInOwl:hasDbXref UMLS_CUI:C0751303","f4b807b2-ff63-4dfd-823c-0cae20e08359 owl:annotatedSource obo:DOID_2476","obo:DOID_4790 oboInOwl:hasDbXref SNOMEDCT_US_2015_03_01:189932005","a1f73061-a275-4956-b2e7-85e1f7b7b5dc owl:annotatedProperty oboInOwl:hasExactSynonym","obo:DOID_3094 rdf:type owl:Class","obo:DOID_12685 oboInOwl:hasDbXref NCI:C92563","fbd2b28d-7408-4cbb-9d8f-71429ae116b0 oboInOwl:hasDbXref NCI2004_11_17:C5380","11119d0c-5fa2-4230-a85d-8e818ba06918 oboInOwl:hasDbXref SNOMEDCT_2005_07_31:126631009","obo:DOID_11077 oboInOwl:hasDbXref ICD9CM:023","obo:DOID_829 oboInOwl:hasExactSynonym Unspecified crystal arthropathy involving lower leg","6155c4e9-90cb-41ce-9924-9fb11063f849 owl:annotatedSource obo:DOID_12581","obo:DOID_4841 oboInOwl:id DOID:4841","2af407f3-6f28-46b7-aa83-385c70afba64 oboInOwl:hasDbXref NCI2004_11_17:C9291","980027ff-1de0-47e3-80ec-86e408e17379 oboInOwl:hasDbXref CSP2005:0944-8104","3607103c-fecf-4bf9-b704-58aa6113adca owl:annotatedTarget An American histoplasmosis that results_in inflammation located_in retina, has_material_basis_in Histoplasma capsulatum var capsulatum, transmitted_by airborne spores and results_in_formation_of lesions.","0fb0e680-be0d-422d-83e5-ad9f722a7a81 owl:annotatedSource obo:DOID_1977","obo:DOID_3145 oboInOwl:hasDbXref SNOMEDCT_US_2015_03_01:42569002","31395b23-c228-4e11-b7aa-bdb1149feb66 owl:annotatedSource obo:DOID_3215","obo:DOID_6899 oboInOwl:hasDbXref NCI:C40090","obo:DOID_11077 oboInOwl:hasDbXref MSH:D002006","1b25549d-00f8-404c-8b5d-59f0d193a214 owl:annotatedProperty oboInOwl:hasExactSynonym","a06eef1c-6ebc-4846-a25d-e12f15f36ccf owl:annotatedSource obo:DOID_176","obo:DOID_0060023 rdfs:subClassOf obo:DOID_628","obo:DOID_0050119 oboInOwl:id DOID:0050119","obo:DOID_829 oboInOwl:hasAlternativeId DOID:10213","obo:DOID_13207 oboInOwl:hasExactSynonym PDR","379f5530-42d6-44d0-a54a-a24ab2fa36b5 oboInOwl:hasDbXref url:http://www.answers.com/topic/intraocular-retinoblastoma","obo:DOID_8481 oboInOwl:hasExactSynonym acute rheumatic myocarditis","a68bfc79-ff26-4095-8a9c-8e06402014bf oboInOwl:hasDbXref MTHICD9_2006:751.69","ab1d6fd9-b522-40d7-b257-0098bed1e5d2 owl:annotatedSource obo:DOID_1607"],"InferredAxioms":["rdf:object rdfs:domain rdf:Statement","obo:DOID_5299 rdfs:subClassOf obo:DOID_5299","rdf:Bag rdfs:subClassOf rdf:Bag","obo:DOID_2870 rdf:type rdfs:Resource","obo:DOID_6899 rdf:type rdfs:Class","obo:DOID_0060111 rdf:type rdfs:Resource","obo:DOID_3565 rdf:type rdfs:Class","obo:DOID_9383 rdf:type rdfs:Class","rdfs:Resource rdf:type rdfs:Class","obo:DOID_0050621 rdfs:subClassOf obo:DOID_0050621","rdf:XMLLiteral rdf:type rdfs:Datatype","rdf:XMLLiteral rdf:type rdfs:Class","obo:DOID_12685 rdf:type rdfs:Resource","rdfs:domain rdfs:domain rdf:Property","rdf:first rdfs:domain rdf:List","obo:DOID_11343 rdfs:subClassOf obo:DOID_11343","obo:DOID_0050338 rdf:type rdfs:Class","obo:DOID_934 rdf:type rdfs:Resource","obo:DOID_5475 rdfs:subClassOf obo:DOID_5475","obo:DOID_5475 rdf:type rdfs:Resource","rdf:predicate rdfs:domain rdf:Statement","obo:DOID_9839 rdf:type rdfs:Class","obo:DOID_11343 rdf:type rdfs:Resource","obo:DOID_866 rdf:type rdfs:Class","obo:DOID_4716 rdfs:subClassOf obo:DOID_4716","obo:DOID_1168 rdf:type rdfs:Class","obo:DOID_10443 rdf:type rdfs:Class","rdfs:domain rdf:type rdfs:Resource","obo:DOID_5387 rdf:type rdfs:Resource","obo:DOID_11077 rdfs:subClassOf obo:DOID_11077","obo:DOID_2742 rdf:type rdfs:Resource","rdfs:subPropertyOf rdfs:range rdf:Property","rdf:Seq rdf:type rdfs:Class","obo:DOID_916 rdf:type rdfs:Resource","obo:DOID_0060023 rdf:type rdfs:Resource","rdf:predicate rdfs:subPropertyOf rdf:predicate","obo:DOID_13207 rdf:type rdfs:Resource","obo:DOID_820 rdf:type rdfs:Class","obo:DOID_4790 rdf:type rdfs:Class","obo:DOID_12685 rdfs:subClassOf obo:DOID_12685","rdf:Alt rdfs:subClassOf rdf:Alt","obo:DOID_193 rdf:type rdfs:Class","owl:Class rdf:type rdfs:Resource","obo:DOID_6211 rdf:type rdfs:Resource","obo:DOID_8947 rdfs:subClassOf obo:DOID_8947","obo:DOID_7634 rdfs:subClassOf obo:DOID_7634","obo:DOID_6114 rdf:type rdfs:Resource","rdfs:domain rdf:type rdf:Property","obo:DOID_934 rdfs:subClassOf obo:DOID_934","obo:DOID_9840 rdf:type rdfs:Resource","rdfs:subClassOf rdf:type rdfs:Resource","obo:DOID_178 rdf:type rdfs:Resource","rdf:rest rdfs:range rdf:List","obo:DOID_0050621 rdf:type rdfs:Class","obo:DOID_628 rdfs:subClassOf obo:DOID_628","obo:DOID_0060086 rdfs:subClassOf obo:DOID_0060086","rdf:first rdfs:subPropertyOf rdf:first","obo:DOID_0060098 rdfs:subClassOf obo:DOID_0060098","rdf:Alt rdf:type rdfs:Class","obo:DOID_7634 rdf:type rdfs:Class","rdf:List rdf:type rdfs:Class","rdfs:subClassOf rdf:type rdf:Property","obo:DOID_1776 rdf:type rdfs:Resource","obo:DOID_6112 rdf:type rdfs:Resource","obo:DOID_0060086 rdf:type rdfs:Class","obo:DOID_0060098 rdf:type rdfs:Class","obo:DOID_628 rdf:type rdfs:Class","rdf:Bag rdfs:subClassOf rdfs:Container","rdf:Property rdfs:subClassOf rdfs:Resource","obo:DOID_566 rdf:type rdfs:Class","obo:DOID_2033 rdf:type rdfs:Class","obo:DOID_3906 rdf:type rdfs:Class","obo:DOID_917 rdfs:subClassOf obo:DOID_917","obo:DOID_0050332 rdf:type rdfs:Class","rdf:predicate rdf:type rdf:Property","obo:DOID_11077 rdf:type rdfs:Resource","obo:DOID_14230 rdf:type rdfs:Class","obo:DOID_633 rdfs:subClassOf obo:DOID_633","rdf:Statement rdf:type rdfs:Resource","obo:DOID_8481 rdf:type rdfs:Class","rdf:Bag rdf:type rdfs:Resource","obo:DOID_5299 rdf:type rdfs:Resource","rdf:object rdfs:subPropertyOf rdf:object","rdf:nil rdf:type rdf:List","rdfs:comment rdfs:range rdfs:Literal","obo:DOID_3145 rdf:type rdfs:Class","owl:Axiom rdf:type rdfs:Class","rdf:predicate rdf:type rdfs:Resource","rdf:Property rdfs:subClassOf rdf:Property","obo:DOID_0060096 rdf:type rdfs:Class","obo:DOID_4716 rdf:type rdfs:Resource","obo:DOID_2870 rdfs:subClassOf obo:DOID_2870","obo:DOID_10534 rdf:type rdfs:Class","obo:DOID_0060111 rdfs:subClassOf obo:DOID_0060111","rdf:object rdf:type rdfs:Resource","obo:DOID_9788 rdfs:subClassOf obo:DOID_9788","rdfs:Container rdf:type rdfs:Class","obo:DOID_0060095 rdf:type rdfs:Class","rdf:Statement rdfs:subClassOf rdfs:Resource","obo:DOID_9788 rdf:type rdfs:Resource","obo:DOID_11165 rdfs:subClassOf obo:DOID_11165","obo:DOID_3818 rdf:type rdfs:Class","obo:DOID_11165 rdf:type rdfs:Resource","rdfs:isDefinedBy rdfs:subPropertyOf rdfs:seeAlso","obo:DOID_917 rdf:type rdfs:Resource","rdf:Seq rdfs:subClassOf rdf:Seq","obo:DOID_0060094 rdf:type rdfs:Class","rdf:object rdf:type rdf:Property","rdf:Property rdf:type rdfs:Resource","rdfs:Literal rdf:type rdfs:Class","obo:DOID_0050686 rdfs:subClassOf obo:DOID_0050686","rdfs:Class rdfs:subClassOf rdfs:Class","rdfs:subClassOf rdfs:range rdfs:Class","rdfs:Datatype rdf:type rdfs:Resource","obo:DOID_0060103 rdf:type rdfs:Resource","obo:DOID_8947 rdf:type rdfs:Class","rdfs:ContainerMembershipProperty rdf:type rdfs:Resource","rdf:rest rdf:type rdf:Property","obo:DOID_193 rdfs:subClassOf obo:DOID_193","obo:DOID_633 rdf:type rdfs:Class","rdfs:seeAlso rdf:type rdfs:Resource","rdfs:comment rdf:type rdfs:Resource","obo:DOID_3159 rdfs:subClassOf obo:DOID_3159","rdfs:domain rdfs:range rdfs:Class","obo:DOID_0050686 rdf:type rdfs:Class","rdfs:Class rdf:type rdfs:Class","obo:DOID_820 rdfs:subClassOf obo:DOID_820","obo:DOID_4790 rdfs:subClassOf obo:DOID_4790","rdf:rest rdf:type rdfs:Resource","obo:DOID_3159 rdf:type rdfs:Class","rdfs:seeAlso rdf:type rdf:Property","rdfs:comment rdf:type rdf:Property","rdfs:ContainerMembershipProperty rdfs:subClassOf rdf:Property","obo:DOID_10534 rdfs:subClassOf obo:DOID_10534","obo:DOID_0060096 rdfs:subClassOf obo:DOID_0060096","obo:DOID_0060095 rdf:type rdfs:Resource","rdf:nil rdf:type rdfs:Resource","rdfs:Container rdf:type rdfs:Resource","rdf:subject rdf:type rdf:Property","rdf:Seq rdfs:subClassOf rdfs:Container","obo:DOID_11165 rdf:type rdfs:Class","rdf:rest rdfs:domain rdf:List","rdf:subject rdf:type rdfs:Resource","obo:DOID_9839 rdfs:subClassOf obo:DOID_9839","obo:DOID_9788 rdf:type rdfs:Class","obo:DOID_3818 rdf:type rdfs:Resource","rdfs:isDefinedBy rdfs:subPropertyOf rdfs:isDefinedBy","obo:DOID_3145 rdfs:subClassOf obo:DOID_3145","rdf:Property rdf:type rdfs:Class","obo:DOID_0060094 rdf:type rdfs:Resource","obo:DOID_917 rdf:type rdfs:Class","obo:DOID_866 rdfs:subClassOf obo:DOID_866","obo:DOID_11077 rdf:type rdfs:Class","obo:DOID_14230 rdf:type rdfs:Resource","obo:DOID_0050332 rdf:type rdfs:Resource","obo:DOID_3906 rdf:type rdfs:Resource","obo:DOID_566 rdf:type rdfs:Resource","obo:DOID_178 rdfs:subClassOf obo:DOID_178","obo:DOID_2033 rdf:type rdfs:Resource","rdf:Statement rdf:type rdfs:Class","rdfs:label rdf:type rdf:Property","obo:DOID_10443 rdfs:subClassOf obo:DOID_10443","obo:DOID_1168 rdfs:subClassOf obo:DOID_1168","rdfs:label rdf:type rdfs:Resource","obo:DOID_8481 rdfs:subClassOf obo:DOID_8481","rdf:Bag rdf:type rdfs:Class","obo:DOID_5299 rdf:type rdfs:Class","obo:DOID_8481 rdf:type rdfs:Resource","rdf:Alt rdfs:subClassOf rdfs:Container","obo:DOID_10534 rdf:type rdfs:Resource","obo:DOID_4716 rdf:type rdfs:Class","obo:DOID_0060096 rdf:type rdfs:Resource","rdfs:subPropertyOf rdfs:domain rdf:Property","obo:DOID_3145 rdf:type rdfs:Resource","owl:Axiom rdf:type rdfs:Resource","obo:DOID_9840 rdfs:subClassOf obo:DOID_9840","obo:DOID_1776 rdfs:subClassOf obo:DOID_1776","obo:DOID_633 rdf:type rdfs:Resource","rdfs:label rdfs:range rdfs:Literal","rdfs:Datatype rdfs:subClassOf rdfs:Datatype","rdfs:Datatype rdfs:subClassOf rdfs:Class","rdfs:subPropertyOf rdf:type rdf:Property","obo:DOID_6112 rdfs:subClassOf obo:DOID_6112","rdfs:Class rdf:type rdfs:Resource","obo:DOID_0050686 rdf:type rdfs:Resource","obo:DOID_0060103 rdfs:subClassOf obo:DOID_0060103","rdfs:range rdfs:range rdfs:Class","rdfs:subPropertyOf rdf:type rdfs:Resource","obo:DOID_3159 rdf:type rdfs:Resource","rdfs:Literal rdfs:subClassOf rdfs:Resource","obo:DOID_0050338 rdfs:subClassOf obo:DOID_0050338","obo:DOID_566 rdfs:subClassOf obo:DOID_566","rdfs:Literal rdf:type rdfs:Resource","obo:DOID_2033 rdfs:subClassOf obo:DOID_2033","rdf:type rdf:type rdf:Property","obo:DOID_3906 rdfs:subClassOf obo:DOID_3906","rdfs:Class rdfs:subClassOf rdfs:Resource","obo:DOID_0060103 rdf:type rdfs:Class","rdfs:ContainerMembershipProperty rdfs:subClassOf rdfs:ContainerMembershipProperty","obo:DOID_0050332 rdfs:subClassOf obo:DOID_0050332","rdfs:Datatype rdf:type rdfs:Class","obo:DOID_14230 rdfs:subClassOf obo:DOID_14230","rdfs:ContainerMembershipProperty rdf:type rdfs:Class","rdf:type rdf:type rdfs:Resource","obo:DOID_8947 rdf:type rdfs:Resource","rdf:XMLLiteral rdf:type rdfs:Resource","obo:DOID_9383 rdfs:subClassOf obo:DOID_9383","obo:DOID_3565 rdfs:subClassOf obo:DOID_3565","rdfs:isDefinedBy rdf:type rdfs:Resource","obo:DOID_934 rdf:type rdfs:Class","obo:DOID_0050338 rdf:type rdfs:Resource","obo:DOID_12685 rdf:type rdfs:Class","obo:DOID_866 rdf:type rdfs:Resource","rdfs:range rdfs:domain rdf:Property","obo:DOID_5475 rdf:type rdfs:Class","rdfs:isDefinedBy rdf:type rdf:Property","obo:DOID_2742 rdfs:subClassOf obo:DOID_2742","obo:DOID_11343 rdf:type rdfs:Class","obo:DOID_9839 rdf:type rdfs:Resource","obo:DOID_1168 rdf:type rdfs:Resource","obo:DOID_10443 rdf:type rdfs:Resource","obo:DOID_3818 rdfs:subClassOf obo:DOID_3818","obo:DOID_5387 rdfs:subClassOf obo:DOID_5387","obo:DOID_6899 rdfs:subClassOf obo:DOID_6899","obo:DOID_13207 rdfs:subClassOf obo:DOID_13207","obo:DOID_0060023 rdfs:subClassOf obo:DOID_0060023","obo:DOID_0060094 rdfs:subClassOf obo:DOID_0060094","obo:DOID_2870 rdf:type rdfs:Class","rdfs:subClassOf rdfs:domain rdfs:Class","rdf:rest rdfs:subPropertyOf rdf:rest","obo:DOID_916 rdfs:subClassOf obo:DOID_916","rdfs:Resource rdf:type rdfs:Resource","obo:DOID_9383 rdf:type rdfs:Resource","obo:DOID_3565 rdf:type rdfs:Resource","rdf:subject rdfs:domain rdf:Statement","obo:DOID_0060111 rdf:type rdfs:Class","obo:DOID_6899 rdf:type rdfs:Resource","obo:DOID_178 rdf:type rdfs:Class","rdf:first rdf:type rdfs:Resource","obo:DOID_9840 rdf:type rdfs:Class","obo:DOID_0050621 rdf:type rdfs:Resource","rdfs:seeAlso rdfs:subPropertyOf rdfs:seeAlso","rdf:type rdfs:range rdfs:Class","obo:DOID_7634 rdf:type rdfs:Resource","rdf:Alt rdf:type rdfs:Resource","rdf:first rdf:type rdf:Property","obo:DOID_0060086 rdf:type rdfs:Resource","obo:DOID_0060098 rdf:type rdfs:Resource","obo:DOID_628 rdf:type rdfs:Resource","obo:DOID_6112 rdf:type rdfs:Class","obo:DOID_1776 rdf:type rdfs:Class","rdf:List rdf:type rdfs:Resource","rdfs:range rdf:type rdf:Property","rdf:subject rdfs:subPropertyOf rdf:subject","rdf:List rdfs:subClassOf rdfs:Resource","rdf:Seq rdf:type rdfs:Resource","rdfs:Container rdfs:subClassOf rdfs:Container","obo:DOID_2742 rdf:type rdfs:Class","obo:DOID_5387 rdf:type rdfs:Class","obo:DOID_6114 rdfs:subClassOf obo:DOID_6114","obo:DOID_13207 rdf:type rdfs:Class","obo:DOID_6211 rdfs:subClassOf obo:DOID_6211","obo:DOID_916 rdf:type rdfs:Class","obo:DOID_0060023 rdf:type rdfs:Class","obo:DOID_193 rdf:type rdfs:Resource","obo:DOID_820 rdf:type rdfs:Resource","obo:DOID_4790 rdf:type rdfs:Resource","obo:DOID_0060095 rdfs:subClassOf obo:DOID_0060095","obo:DOID_6211 rdf:type rdfs:Class","rdfs:range rdf:type rdfs:Resource","obo:DOID_6114 rdf:type rdfs:Class","owl:Class rdf:type rdfs:Class"],"InvalidAxioms":["obo:DOID_0060098 rdfs:subClassOf obo:DOID_5387","obo:DOID_4716 rdfs:subClassOf rdf:Bag","obo:DOID_2870 rdf:type rdf:Property","obo:DOID_0060098 rdfs:domain rdfs:Class","rdfs:subClassOf rdfs:domain rdf:Property","obo:DOID_11343 rdfs:subClassOf rdfs:Resource","obo:DOID_5475 rdfs:subClassOf rdfs:Resource","obo:DOID_11165 rdfs:subClassOf obo:DOID_0060111","obo:DOID_5475 rdfs:subClassOf obo:DOID_3565","rdf:rest rdfs:subPropertyOf rdf:subject","rdfs:range rdfs:subClassOf obo:DOID_13207","obo:DOID_934 rdfs:subClassOf rdfs:Resource","obo:DOID_3159 rdfs:subClassOf obo:DOID_178","obo:DOID_11077 rdfs:subClassOf rdf:Bag","obo:DOID_11165 rdfs:domain rdf:Statement","obo:DOID_2870 rdfs:subClassOf obo:DOID_0060096","rdfs:subClassOf rdfs:subClassOf obo:DOID_2033","rdfs:isDefinedBy rdf:type rdfs:Class","obo:DOID_5475 rdf:type rdf:Property","rdf:Seq rdfs:subClassOf obo:DOID_633","obo:DOID_11343 rdf:type rdf:Property","rdf:predicate rdfs:subClassOf obo:DOID_1168","obo:DOID_6114 rdfs:range rdfs:Literal","obo:DOID_916 rdfs:subClassOf obo:DOID_12685","rdf:type rdfs:subPropertyOf rdf:rest","obo:DOID_12685 rdf:type rdf:Property","rdf:object rdfs:range rdf:List","rdf:Alt rdfs:subClassOf obo:DOID_13207","obo:DOID_5299 rdfs:subPropertyOf rdf:predicate","obo:DOID_12685 rdfs:domain rdf:Property","obo:DOID_6211 rdfs:subClassOf obo:DOID_5475","rdfs:ContainerMembershipProperty rdfs:subClassOf obo:DOID_5299","rdfs:comment rdfs:domain rdf:Statement","obo:DOID_7634 rdfs:subClassOf rdfs:Class","rdf:object rdfs:subPropertyOf rdf:subject","obo:DOID_13207 rdf:type rdf:Property","obo:DOID_0060095 rdfs:subClassOf rdf:Seq","rdf:rest rdfs:range rdfs:Class","obo:DOID_916 rdf:type rdf:Property","obo:DOID_3159 rdfs:subClassOf obo:DOID_4790","rdfs:range rdf:type rdfs:Class","rdfs:comment rdfs:subClassOf obo:DOID_0060111","obo:DOID_5387 rdf:type rdf:Property","obo:DOID_2870 rdfs:subClassOf obo:DOID_3906","obo:DOID_0060103 rdfs:subClassOf obo:DOID_866","obo:DOID_0060103 rdfs:subClassOf obo:DOID_2870","rdf:first rdf:type rdfs:Class","rdf:Alt rdfs:subClassOf obo:DOID_0060098","obo:DOID_1776 rdf:type rdf:Property","obo:DOID_2742 rdfs:subClassOf obo:DOID_3145","owl:Class rdfs:subClassOf rdfs:Resource","rdf:predicate rdfs:subPropertyOf rdf:subject","rdf:Alt rdfs:subClassOf obo:DOID_3159","obo:DOID_934 rdfs:subClassOf obo:DOID_2033","rdfs:comment rdfs:range rdf:List","obo:DOID_8481 rdfs:subClassOf obo:DOID_178","obo:DOID_0060103 rdfs:subClassOf obo:DOID_0060094","obo:DOID_917 rdfs:subClassOf obo:DOID_11077","obo:DOID_5387 rdfs:subClassOf obo:DOID_917","obo:DOID_8481 rdfs:subClassOf obo:DOID_6211","rdf:Property rdfs:subClassOf obo:DOID_9383","obo:DOID_4716 rdf:type rdf:Property","obo:DOID_917 rdfs:subClassOf obo:DOID_10534","rdfs:comment rdfs:domain rdf:Property","obo:DOID_9383 rdfs:subPropertyOf rdfs:seeAlso","rdfs:subClassOf rdfs:subClassOf rdfs:Container","rdf:subject rdfs:subClassOf rdfs:Class","rdf:Bag rdf:type rdf:Property","obo:DOID_3565 rdfs:subClassOf obo:DOID_6112","rdfs:Container rdfs:subClassOf rdf:Alt","rdfs:Class rdfs:subClassOf obo:DOID_5387","rdf:nil rdfs:subClassOf rdf:Alt","obo:DOID_0050332 rdfs:subClassOf obo:DOID_6114","obo:DOID_0060095 rdfs:subClassOf rdfs:Datatype","obo:DOID_0050332 rdfs:subClassOf obo:DOID_628","obo:DOID_178 rdfs:subClassOf obo:DOID_0060095","obo:DOID_6112 rdfs:subClassOf rdfs:Container","rdf:nil rdfs:subClassOf rdfs:Class","rdfs:label rdf:type rdfs:Class","obo:DOID_917 rdfs:subClassOf obo:DOID_6899","obo:DOID_3906 rdfs:subClassOf obo:DOID_3159","obo:DOID_11343 rdfs:domain rdf:Statement","obo:DOID_0060111 rdfs:subClassOf obo:DOID_9839","owl:Class rdfs:subClassOf obo:DOID_11077","obo:DOID_6114 rdfs:subClassOf obo:DOID_11077","rdf:Property rdf:type rdf:Property","obo:DOID_917 rdf:type rdf:Property","obo:DOID_3145 rdfs:subClassOf rdfs:Class","obo:DOID_9788 rdfs:subClassOf obo:DOID_11343","rdf:nil rdf:type rdfs:Class","obo:DOID_11165 rdf:type rdf:Property","rdfs:domain rdfs:subClassOf rdfs:Container","rdf:Bag rdfs:subClassOf rdfs:Resource","obo:DOID_5299 rdfs:subClassOf rdf:Property","rdfs:domain rdfs:subPropertyOf rdf:subject","rdf:subject rdf:type rdfs:Class","owl:Class rdfs:subClassOf rdfs:Container","obo:DOID_5475 rdfs:subClassOf obo:DOID_3818","obo:DOID_0050686 rdfs:subClassOf obo:DOID_13207","obo:DOID_4716 rdfs:subClassOf obo:DOID_6899","obo:DOID_2870 rdfs:range rdfs:Class","rdfs:ContainerMembershipProperty rdf:type rdf:Property","obo:DOID_12685 rdfs:subClassOf obo:DOID_0050338","obo:DOID_0060095 rdfs:subClassOf obo:DOID_633","rdfs:isDefinedBy rdfs:subClassOf obo:DOID_178","rdfs:Literal rdfs:subClassOf obo:DOID_0060098","rdfs:subPropertyOf rdfs:subClassOf obo:DOID_7634","rdf:rest rdfs:subClassOf obo:DOID_6899","rdf:type rdf:type rdfs:Class","rdfs:seeAlso rdfs:subClassOf rdfs:Resource","rdfs:comment rdfs:subClassOf obo:DOID_917","rdfs:Class rdfs:subClassOf obo:DOID_7634","rdfs:label rdfs:domain rdf:List","obo:DOID_11343 rdfs:subClassOf rdfs:Container","obo:DOID_13207 rdfs:subPropertyOf rdfs:isDefinedBy","obo:DOID_4790 rdfs:range rdf:Property","obo:DOID_0060103 rdfs:subClassOf obo:DOID_0060096","obo:DOID_10534 rdfs:domain rdfs:Class","obo:DOID_14230 rdfs:subClassOf obo:DOID_633","rdf:predicate rdfs:domain rdf:Property","rdfs:subPropertyOf rdf:type rdfs:Class","obo:DOID_6211 rdfs:range rdfs:Class","obo:DOID_633 rdfs:subClassOf obo:DOID_6211","obo:DOID_0060111 rdfs:subClassOf obo:DOID_0050338","rdf:subject rdfs:subClassOf obo:DOID_13207","rdf:subject rdfs:domain rdf:List","rdfs:comment rdfs:subClassOf obo:DOID_5475","obo:DOID_3159 rdf:type rdfs:Datatype","rdfs:subClassOf rdfs:subClassOf rdf:Bag","rdfs:label rdfs:subClassOf obo:DOID_0060096","obo:DOID_566 rdfs:subClassOf obo:DOID_3145","obo:DOID_3145 rdfs:subClassOf rdfs:Resource","rdf:object rdf:type rdfs:Class","rdfs:ContainerMembershipProperty rdfs:subClassOf obo:DOID_2742","obo:DOID_3818 rdf:type rdf:Property","owl:Axiom rdfs:subPropertyOf rdf:object","rdfs:label rdfs:subClassOf rdfs:Resource","obo:DOID_3565 rdfs:domain rdf:Statement","rdf:predicate rdfs:subClassOf obo:DOID_7634","obo:DOID_934 rdfs:subClassOf obo:DOID_1776","obo:DOID_0060095 rdf:type rdf:Property","obo:DOID_566 rdfs:subClassOf rdfs:Resource","rdfs:Literal rdfs:subClassOf obo:DOID_12685","obo:DOID_0050332 rdfs:subClassOf obo:DOID_917","obo:DOID_14230 rdfs:subClassOf rdfs:Resource","obo:DOID_0050338 rdfs:subClassOf obo:DOID_0060094","obo:DOID_10534 rdf:type rdf:Property","rdf:Bag rdfs:subClassOf obo:DOID_6211","obo:DOID_8481 rdf:type rdf:Property","rdf:object rdfs:subClassOf obo:DOID_7634","rdf:XMLLiteral rdfs:domain rdf:Statement","rdfs:Container rdfs:subClassOf rdf:Property","rdf:subject rdfs:subClassOf rdf:Property","rdf:List rdfs:subClassOf obo:DOID_0050338","rdf:nil rdfs:subClassOf obo:DOID_3565","obo:DOID_0060086 rdfs:subClassOf rdfs:Container","obo:DOID_0050338 rdfs:subClassOf obo:DOID_0060111","obo:DOID_14230 rdfs:subClassOf obo:DOID_9788","obo:DOID_5299 rdf:type rdfs:Datatype","obo:DOID_0050332 rdfs:subClassOf obo:DOID_11343","obo:DOID_934 rdfs:range rdf:Property","obo:DOID_3906 rdf:type rdf:Property","obo:DOID_0060103 rdfs:subClassOf obo:DOID_0050621","obo:DOID_11077 rdfs:subClassOf obo:DOID_3159","obo:DOID_2033 rdf:type rdf:Property","rdf:predicate rdf:type rdfs:Class","rdfs:subClassOf rdfs:subClassOf rdf:Seq","obo:DOID_9839 rdfs:domain rdf:Statement","obo:DOID_0060094 rdfs:subClassOf obo:DOID_6899","obo:DOID_14230 rdf:type rdf:Property","rdfs:Literal rdfs:subClassOf obo:DOID_14230","rdfs:seeAlso rdf:type rdfs:Class","rdfs:comment rdf:type rdfs:Class","rdfs:label rdfs:subClassOf obo:DOID_934","rdf:Property rdfs:subClassOf obo:DOID_0060023","obo:DOID_0060086 rdfs:subPropertyOf rdfs:isDefinedBy","rdfs:Datatype rdf:type rdf:List","rdf:predicate rdfs:domain rdfs:Class","rdf:rest rdfs:subClassOf obo:DOID_6211","rdf:object rdfs:domain rdf:List","obo:DOID_6899 rdfs:subClassOf rdfs:Container","rdfs:domain rdfs:subClassOf obo:DOID_193","obo:DOID_178 rdfs:subPropertyOf rdfs:seeAlso","obo:DOID_633 rdf:type rdf:Property","rdf:rest rdf:type rdfs:Class","obo:DOID_193 rdfs:range rdfs:Class","obo:DOID_9788 rdfs:subClassOf obo:DOID_0050621","obo:DOID_1776 rdfs:subClassOf obo:DOID_8947","rdf:first rdfs:subClassOf obo:DOID_5299","rdf:first rdfs:subClassOf rdf:Bag","obo:DOID_13207 rdfs:subClassOf obo:DOID_193","obo:DOID_193 rdfs:subPropertyOf rdfs:isDefinedBy","obo:DOID_3145 rdfs:subClassOf obo:DOID_14230","rdfs:Literal rdfs:subClassOf obo:DOID_8481","obo:DOID_5299 rdfs:subClassOf obo:DOID_0060023","rdfs:subClassOf rdfs:subClassOf obo:DOID_820","rdf:Property rdfs:subClassOf obo:DOID_2742","rdfs:subPropertyOf rdfs:subClassOf obo:DOID_10534","obo:DOID_820 rdfs:subClassOf obo:DOID_5299","rdfs:Class rdfs:subClassOf obo:DOID_3565","rdf:first rdfs:domain rdf:Statement","rdfs:Class rdfs:subClassOf obo:DOID_6899","rdfs:isDefinedBy rdfs:subPropertyOf rdf:subject","rdfs:isDefinedBy rdfs:subClassOf obo:DOID_0060095","rdfs:Literal rdf:type rdf:Property","rdfs:seeAlso rdf:type rdf:List","obo:DOID_566 rdfs:subClassOf obo:DOID_14230","rdf:Alt rdfs:range rdfs:Class","rdfs:Resource rdfs:subClassOf obo:DOID_917","obo:DOID_0060094 rdfs:subClassOf rdf:Bag","obo:DOID_1168 rdf:type rdf:Property","obo:DOID_10443 rdf:type rdf:Property","obo:DOID_3565 rdfs:subClassOf rdfs:Resource","rdfs:Resource rdfs:subClassOf rdfs:Resource","obo:DOID_0060096 rdfs:subClassOf obo:DOID_1168","obo:DOID_0050338 rdf:type rdf:Property","obo:DOID_178 rdfs:subClassOf obo:DOID_916","rdf:subject rdfs:subClassOf obo:DOID_866","obo:DOID_6899 rdfs:subClassOf rdf:Property","obo:DOID_0060098 rdfs:subClassOf obo:DOID_566","obo:DOID_7634 rdfs:range rdfs:Literal","obo:DOID_5299 rdfs:subPropertyOf rdfs:seeAlso","obo:DOID_6899 rdf:type rdf:Property","obo:DOID_6114 rdfs:subClassOf obo:DOID_0060023","obo:DOID_9383 rdf:type rdf:Property","obo:DOID_6114 rdfs:subClassOf obo:DOID_916","rdf:nil rdfs:domain rdf:Statement","obo:DOID_0060111 rdfs:subClassOf obo:DOID_0060098","obo:DOID_0060096 rdfs:subClassOf obo:DOID_866","rdf:XMLLiteral rdfs:subClassOf obo:DOID_0060096","obo:DOID_866 rdfs:subClassOf obo:DOID_6899","rdfs:isDefinedBy rdfs:subClassOf obo:DOID_917","obo:DOID_10443 rdfs:subClassOf rdf:Property","rdfs:subPropertyOf rdfs:subClassOf obo:DOID_0050338","rdfs:Resource rdfs:subClassOf obo:DOID_11165","rdfs:subClassOf rdf:type rdfs:Class","rdf:List rdf:type rdf:Property","obo:DOID_0050338 rdfs:subClassOf obo:DOID_3906","obo:DOID_0060086 rdf:type rdf:Property","obo:DOID_916 rdfs:subClassOf obo:DOID_7634","obo:DOID_7634 rdf:type rdf:Property","rdf:rest rdfs:subClassOf obo:DOID_6112","rdf:Alt rdf:type rdf:Property","obo:DOID_0050332 rdfs:subClassOf rdfs:Container","obo:DOID_193 rdfs:subClassOf rdf:Property","owl:Axiom rdfs:subClassOf rdfs:Container","rdf:type rdfs:domain rdf:Statement","rdfs:comment rdfs:subPropertyOf rdfs:seeAlso","obo:DOID_0060096 rdfs:subClassOf rdfs:Container","obo:DOID_1776 rdfs:subClassOf rdfs:ContainerMembershipProperty","rdfs:domain rdf:type rdf:List","rdfs:domain rdfs:subClassOf rdfs:Class","rdfs:range rdfs:subClassOf obo:DOID_3145","obo:DOID_866 rdfs:subClassOf obo:DOID_3906","rdf:Seq rdfs:subClassOf obo:DOID_3565","obo:DOID_7634 rdfs:subPropertyOf rdf:object","obo:DOID_9383 rdfs:subClassOf obo:DOID_14230","rdfs:domain rdf:type rdfs:Class","rdfs:Datatype rdfs:subClassOf obo:DOID_6112","rdfs:subClassOf rdfs:subClassOf rdf:Alt","obo:DOID_4790 rdf:type rdf:Property","obo:DOID_6211 rdfs:subClassOf obo:DOID_6114","rdfs:Literal rdfs:subClassOf obo:DOID_2870","rdf:type rdfs:range rdf:List","obo:DOID_11343 rdfs:subClassOf obo:DOID_5387","obo:DOID_12685 rdfs:subClassOf obo:DOID_5387","obo:DOID_13207 rdfs:subClassOf obo:DOID_0060098","rdf:first rdfs:subClassOf rdfs:Resource","rdf:subject rdfs:subClassOf rdfs:Container","rdfs:subClassOf rdfs:subClassOf rdfs:Class","obo:DOID_13207 rdfs:subClassOf obo:DOID_6114","rdfs:range rdfs:subClassOf obo:DOID_8481"]}