{"OntologyName":"http://purl.obolibrary.org/obo/doid.owl#","Prefixes":{"":"http://purl.obolibrary.org/obo/doid.owl#","owl":"http://www.w3.org/2002/07/owl#","rdf":"http://www.w3.org/1999/02/22-rdf-syntax-ns#","oboInOwl":"http://www.geneontology.org/formats/oboInOwl#","xsd":"http://www.w3.org/2001/XMLSchema#","doid":"http://purl.obolibrary.org/obo/doid#","rdfs":"http://www.w3.org/2000/01/rdf-schema#","obo":"http://purl.obolibrary.org/obo/"},"TotalBase Triples":1000,"Axiomatic Triples in Base":0,"rdf:TypeTriples in Base":142,"TotalUniqueSubjects in base":143,"TotalUniquePredicates in base":14,"TotalUniqueObjects in base":684,"TotalInferred Triples":269,"AxiomaticTriples in inferred":100,"rdf:TypeTriples in inferred":171,"TotalUniqueSubjects in inferred":85,"TotalUniquePredicates in inferred":5,"TotalUniqueObjects in inferred":74,"TotalInvalid Triples":269,"AxiomaticTriples in invalid":68,"rdf:TypeTriples in invalid":43,"fullRandomTriples in invalid":0,"trickyTriplesInInvalid in invalid":269,"TotalUniqueSubjects in invalid":82,"TotalUniquePredicates in invalid":5,"TotalUniqueObjects in invalid":68,"Inference_time (miliseconds)":5,"Invalid triples generation time (miliseconds)":30,"Output (json_format) writing time (miliseconds)":0,"OriginalAxioms":["1d553a59-198d-4e14-8162-49faa54cf80a owl:annotatedProperty oboInOwl:hasExactSynonym","4a1f7ce8-7f15-46ef-ade4-135eb33c13fb owl:annotatedProperty oboInOwl:hasExactSynonym","obo:DOID_4468 oboInOwl:hasDbXref NCI:C3766","obo:DOID_14070 rdfs:subClassOf obo:DOID_1242","obo:DOID_11181 oboInOwl:hasDbXref UMLS_CUI:C0155421","89d2e22d-8f53-4ed5-a82a-f5e416db3120 owl:annotatedSource obo:DOID_4698","f669e125-a54a-4535-9e4c-97069cbbd054 oboInOwl:hasDbXref url:http://gallus.reactome.org/cgi-bin/instancebrowser?DB\u003dtest_gallus_reactome_release_1_myisam\u0026ID\u003d65160\u0026","0c5df937-d5ef-4d8b-b5b5-349fc2f036cc rdf:type owl:Axiom","obo:DOID_10334 owl:deprecated true^^http://www.w3.org/2001/XMLSchema#boolean","obo:DOID_4468 rdfs:label clear cell adenocarcinoma","obo:DOID_3073 oboInOwl:hasExactSynonym Glioblastoma multiforme of brain disorder","obo:DOID_12539 oboInOwl:id DOID:12539","c15fd089-dff3-4e8e-949e-f1dc98938790 rdf:type owl:Axiom","b560085b-ac1d-43bf-87d2-e58c0461d2d0 oboInOwl:hasDbXref url:http://en.wikipedia.org/wiki/Allergic_contact_dermatitis","obo:DOID_11181 oboInOwl:hasDbXref SNOMEDCT_US_2015_03_01:81564005","a4759074-d3ea-41e5-8657-2b71e1dfe428 owl:annotatedSource obo:DOID_0060045","obo:DOID_10334 rdfs:label craniofacial abnormality","b789b7b7-4671-486f-837e-136d6b0e3d2d rdf:type owl:Axiom","obo:DOID_9892 oboInOwl:hasExactSynonym Marables syndrome","obo:DOID_10209 rdfs:label extrahepatic bile duct lipoma","obo:DOID_4468 oboInOwl:hasDbXref NCI:C36815","d41954b8-bb81-4148-a0a2-796f22eb6b74 owl:annotatedTarget neoplasm of scrotum disorder","dd829b94-22fa-4aff-94ea-9ab1628e261c oboInOwl:hasDbXref SNOMEDCT_2005_07_31:388987001","e0da5428-8de3-45c5-a353-69df82d96233 owl:annotatedTarget Gemistocytic astrocytoma morphologic abnormality","obo:DOID_12840 rdf:type owl:Class","obo:DOID_0050311 rdfs:label primary Helicobacteraceae infectious disease","obo:DOID_12840 oboInOwl:id DOID:12840","a7475e55-e588-4b9b-a300-81aa9d718f84 owl:annotatedTarget Corneal edema NOS disorder","d89040f7-ea97-4183-89cc-6daf0f72df1e owl:annotatedSource obo:DOID_649","obo:DOID_172 rdf:type owl:Class","obo:DOID_11817 rdfs:subClassOf obo:DOID_11054","053dfc13-a7ae-49b8-b9f9-efaabd0acd75 owl:annotatedTarget Lipid-rich carcinoma morphologic abnormality","obo:DOID_77 oboInOwl:hasDbXref SNOMEDCT_US_2015_03_01:197575000","obo:DOID_11019 rdfs:label testicular dysfunction","obo:DOID_12539 rdf:type owl:Class","obo:DOID_77 oboInOwl:hasDbXref SNOMEDCT_US_2015_03_01:53619000","babc6ee0-6772-4395-8912-3561ad40ec8d owl:annotatedProperty oboInOwl:hasExactSynonym","f2606630-d269-431c-8036-2f8e2e1d4d18 oboInOwl:hasDbXref NCI2004_11_17:C34601","93891fa4-8b3f-4011-a2cc-1f769b6f91c8 oboInOwl:hasDbXref SNOMEDCT_2005_07_31:81854007","45ea01ee-6704-40e3-9a0d-e7be296b8d7c owl:annotatedProperty oboInOwl:hasExactSynonym","obo:DOID_11905 oboInOwl:hasDbXref NCI:C7638","73e98e63-0b74-48c0-af55-1994945a2533 oboInOwl:hasDbXref url:http://www3.niaid.nih.gov/topics/sinusitis/overview.htm","obo:DOID_845 oboInOwl:hasDbXref ICD9CM:301.1","obo:DOID_14033 oboInOwl:hasDbXref SNOMEDCT_US_2015_03_01:94140004","obo:DOID_9855 oboInOwl:inSubset doid:gram-negative_bacterial_infectious_disease","obo:DOID_77 rdfs:subClassOf obo:DOID_7","obo:DOID_845 oboInOwl:hasDbXref SNOMEDCT_US_2015_03_01:386798001","0a22dec3-271f-4b7d-8914-1401a0103622 owl:annotatedProperty obo:IAO_0000115","87f21266-a487-4c79-9830-ecde1b336fe7 owl:annotatedTarget Gonococcal bursitis disorder","obo:DOID_4607 oboInOwl:hasExactSynonym malignant tumour of biliary tract","3569b28e-3d71-4ad5-9966-05190bff0a6b oboInOwl:hasDbXref url:http://en.wikipedia.org/wiki/Prion","obo:DOID_12715 oboInOwl:hasExactSynonym Infective myositis disorder","0ebc802b-bcc1-4f1a-942b-569ff078e6e9 owl:annotatedTarget Colonic Inflammatory polyp","obo:DOID_4644 oboInOwl:hasDbXref UMLS_CUI:C0079298","obo:DOID_4468 oboInOwl:hasExactSynonym Clear cell adenocarcinoma morphologic abnormality","obo:DOID_13386 rdfs:label gastrointestinal anthrax","obo:DOID_4607 rdfs:label biliary tract cancer","obo:DOID_77 obo:IAO_0000115 A disease of anatomical entity that is located_in the gastrointestinal tract.","obo:DOID_2226 rdf:type owl:Class","e0da5428-8de3-45c5-a353-69df82d96233 owl:annotatedSource obo:DOID_7005","obo:DOID_77 rdf:type owl:Class","922c9279-2680-4678-91c0-17f41671b995 owl:annotatedProperty oboInOwl:hasExactSynonym","obo:DOID_77 oboInOwl:hasDbXref SNOMEDCT_US_2015_03_01:155847001","obo:DOID_11093 owl:deprecated true^^http://www.w3.org/2001/XMLSchema#boolean","1044a642-f4a3-4746-82ca-3a501c8f4e5d oboInOwl:hasDbXref DO:lh","0c5df937-d5ef-4d8b-b5b5-349fc2f036cc oboInOwl:hasDbXref NCI2004_11_17:C4643","obo:DOID_11905 oboInOwl:hasExactSynonym malignant tumor of Labia Majora","obo:DOID_1579 obo:IAO_0000115 A disease of anatomical entity that located_in the respiratory system which extends from the nasal sinuses to the diaphragm.","3795c04f-4ecd-40b9-baa4-8c91c8417ed2 owl:annotatedSource obo:DOID_4884","obo:DOID_933 oboInOwl:hasOBONamespace disease_ontology","0ebc802b-bcc1-4f1a-942b-569ff078e6e9 owl:annotatedSource obo:DOID_9070","obo:DOID_9767 rdfs:subClassOf obo:DOID_5844","49b4608d-a3b7-41e7-89b4-7ce890ded324 owl:annotatedProperty oboInOwl:hasExactSynonym","obo:DOID_11905 oboInOwl:hasDbXref ICD9CM:184.1","271dcbb5-2680-4549-89ae-f27dacff7ebc rdf:type owl:Axiom","obo:DOID_845 oboInOwl:hasDbXref ICD10CM:F34.0","a452b827-4502-4833-8bca-2ad06a11cb1f oboInOwl:hasDbXref SNOMEDCT_2005_07_31:198353000","628785f4-51a3-4f7d-8dba-72986d205076 rdf:type owl:Axiom","obo:DOID_12715 rdf:type owl:Class","868cf1d0-dd7a-4f51-aee0-079ef1d17718 oboInOwl:hasDbXref url:http://en.wikipedia.org/wiki/Embryonal_carcinoma#Ovarian_embryonal_carcinoma","obo:DOID_3073 oboInOwl:hasExactSynonym brain Glioblastoma","a3cfae88-5dea-4bbb-9231-4e1805a06076 rdf:type owl:Axiom","obo:DOID_10510 owl:deprecated true^^http://www.w3.org/2001/XMLSchema#boolean","fd160771-1a8f-43e3-ad56-78ae89b80433 owl:annotatedTarget An atrophic glossitis that is characterized as an inflammatory condition of the mucous membrane of the tongue, usually on the dorsal surface.","dbbd6f2b-a6d8-4cc0-a47e-6706b9cce02a owl:annotatedTarget Connective tissue dis.","3795c04f-4ecd-40b9-baa4-8c91c8417ed2 oboInOwl:hasDbXref CSP2005:2005-3788","a452b827-4502-4833-8bca-2ad06a11cb1f owl:annotatedTarget hypertrophic elongation of cervix disorder","obo:DOID_11817 oboInOwl:hasDbXref SNOMEDCT_US_2015_03_01:94120006","obo:DOID_4556 oboInOwl:hasDbXref UMLS_CUI:C0345958","b745b758-dae7-47f7-ab55-b7122ccaa2ff owl:annotatedSource obo:DOID_11193","f669e125-a54a-4535-9e4c-97069cbbd054 oboInOwl:hasDbXref url:http://www.orpha.net/consor/cgi-bin/OC_Exp.php?Lng\u003dGB\u0026Expert\u003d418.0","obo:DOID_4468 oboInOwl:hasDbXref MSH:D008649","7516b034-c1b0-4765-aae4-d67a5dab5eed owl:annotatedProperty obo:IAO_0000115","3569b28e-3d71-4ad5-9966-05190bff0a6b owl:annotatedTarget A brain disease that is characterized by brain damage resulting from the abnormal folding, clumping and accumulation of cellular proteins in the brain induced by prion proteins.","obo:DOID_14070 oboInOwl:hasOBONamespace disease_ontology","628785f4-51a3-4f7d-8dba-72986d205076 owl:annotatedSource obo:DOID_11818","obo:DOID_9855 oboInOwl:inSubset doid:sexually_transmitted_infectious_disease","obo:DOID_9767 oboInOwl:hasDbXref MSH:D017682","b6e19337-7314-486e-beb8-2a7a6d83700f owl:annotatedProperty obo:IAO_0000115","obo:DOID_0060002 obo:IAO_0000115 A complement deficiency that is a functional deficiency in the complement component C1 inhibitor leading to hereditary angioedema HAE involving swelling due to leakage of fluid from blood vessels into connective tissue.","obo:DOID_172 rdfs:subClassOf obo:DOID_3165","obo:DOID_7613 oboInOwl:hasDbXref NCI:C4334","e0da5428-8de3-45c5-a353-69df82d96233 owl:annotatedProperty oboInOwl:hasExactSynonym","d61d7ef5-9fea-4648-9845-10a21b0678f2 owl:annotatedTarget Reyes syndrome disorder","73e98e63-0b74-48c0-af55-1994945a2533 oboInOwl:hasDbXref url:http://www.merck.com/mmhe/sec19/ch221/ch221i.html","obo:DOID_4607 oboInOwl:hasDbXref ICD10CM:C24.9","1044a642-f4a3-4746-82ca-3a501c8f4e5d rdf:type owl:Axiom","obo:DOID_13386 rdf:type owl:Class","obo:DOID_9892 oboInOwl:hasDbXref SNOMEDCT_US_2015_03_01:9250002","obo:DOID_11817 oboInOwl:hasDbXref ICD10CM:C67.7","obo:DOID_11817 oboInOwl:hasDbXref SNOMEDCT_US_2015_03_01:363456000","obo:DOID_933 oboInOwl:hasExactSynonym Unspecified teniasis disorder","obo:DOID_11232 oboInOwl:hasDbXref UMLS_CUI:C0155258","22f36029-fcde-4cd2-84ed-d117b03c8527 oboInOwl:hasDbXref NCI2004_11_17:C35468","98270797-fdd0-4eae-8ea5-1032a6b0723d owl:annotatedProperty oboInOwl:hasExactSynonym","a452b827-4502-4833-8bca-2ad06a11cb1f rdf:type owl:Axiom","271dcbb5-2680-4549-89ae-f27dacff7ebc owl:annotatedSource obo:DOID_6022","obo:DOID_11817 rdfs:label urachus cancer","bf86c0e5-8406-433d-a4f7-e070b7cec5b5 owl:annotatedTarget Hodgkins disease, mixed cellularity NOS disorder","obo:DOID_14121 rdfs:subClassOf obo:DOID_1461","obo:DOID_1579 oboInOwl:hasDbXref SNOMEDCT_US_2015_03_01:155603009","obo:DOID_7613 oboInOwl:hasExactSynonym Meningeal sarcomatosis morphologic abnormality","obo:DOID_4468 oboInOwl:hasExactSynonym Clear cell adenocarcinoma NOS morphologic abnormality","obo:DOID_9943 oboInOwl:inSubset doid:sexually_transmitted_infectious_disease","obo:DOID_7437 oboInOwl:hasDbXref NCI:C40180","obo:DOID_2226 oboInOwl:hasDbXref UMLS_CUI:C1292778","443678ef-5ecd-468f-9642-1d60bbcddc40 rdf:type owl:Axiom","obo:DOID_9892 oboInOwl:hasExactSynonym Celiac artery compression syndrome","3ecb5339-d3e5-44f9-9d1b-01f80db3b075 oboInOwl:hasDbXref SNOMEDCT_2005_07_31:190172008","obo:DOID_14070 oboInOwl:hasExactSynonym Nystagmus associated with disorder of the vestibular system","obo:DOID_12715 oboInOwl:hasExactSynonym Infective Myositis","922c9279-2680-4678-91c0-17f41671b995 oboInOwl:hasDbXref SNOMEDCT_2005_07_31:165258002","18c6b03e-f6d1-497c-a339-dc1cf66c6755 rdf:type owl:Axiom","a3cfae88-5dea-4bbb-9231-4e1805a06076 owl:annotatedProperty oboInOwl:hasExactSynonym","ec0d40ae-921a-4eef-ad67-5d272d3504cb rdf:type owl:Axiom","obo:DOID_4468 oboInOwl:hasOBONamespace disease_ontology","a3cfae88-5dea-4bbb-9231-4e1805a06076 oboInOwl:hasDbXref NCI2004_11_17:C9321","39b7d47d-54fb-4075-9188-bd02d5fcf6c5 owl:annotatedTarget A lymphatic system cancer that affects white blood cells and involves tumor deposits in the spleen.","73e98e63-0b74-48c0-af55-1994945a2533 owl:annotatedTarget A frontal sinusitis which lasts for 12 weeks or more. This causes steady headache, localized tenderness and intermittent, purulent nasal and postnasal drainage.","obo:DOID_7613 oboInOwl:id DOID:7613","obo:DOID_10510 rdfs:label influenza virus pneumonia","714edccc-2469-4b59-b83a-8db60fac0c5a owl:annotatedTarget Cystosarcoma phyllodes","obo:DOID_172 oboInOwl:id DOID:172","obo:DOID_845 obo:IAO_0000115 A bipolar disorder that involves recurrent hypomanic and dysthymic episodes, but no full manic episodes or full major depressive episodes.","628785f4-51a3-4f7d-8dba-72986d205076 owl:annotatedProperty oboInOwl:hasExactSynonym","obo:DOID_2314 oboInOwl:hasExactSynonym alveolitis due to aspergillus clavatus","81964b66-dc68-4886-907a-de9e30d817ff oboInOwl:hasDbXref SNOMEDCT_2005_07_31:188743000","271dcbb5-2680-4549-89ae-f27dacff7ebc owl:annotatedProperty oboInOwl:hasExactSynonym","obo:DOID_10334 oboInOwl:hasOBONamespace disease_ontology","49b4608d-a3b7-41e7-89b4-7ce890ded324 rdf:type owl:Axiom","babc6ee0-6772-4395-8912-3561ad40ec8d owl:annotatedSource obo:DOID_2739","c15fd089-dff3-4e8e-949e-f1dc98938790 owl:annotatedSource obo:DOID_4163","obo:DOID_845 oboInOwl:hasDbXref ICD9CM:301.10","obo:DOID_11181 rdfs:label serous glue ear","obo:DOID_845 oboInOwl:hasDbXref MSH:D003527","obo:DOID_11817 rdf:type owl:Class","obo:DOID_4468 oboInOwl:hasDbXref SNOMEDCT_US_2015_03_01:189861007","1b3e075f-8eaf-4943-916a-19b7ea67fee2 owl:annotatedSource obo:DOID_12072","b560085b-ac1d-43bf-87d2-e58c0461d2d0 oboInOwl:hasDbXref ls:IEDB","obo:DOID_4681 oboInOwl:hasOBONamespace disease_ontology","d61d7ef5-9fea-4648-9845-10a21b0678f2 oboInOwl:hasDbXref SNOMEDCT_2005_07_31:74351001","obo:DOID_1792 oboInOwl:hasOBONamespace disease_ontology","81964b66-dc68-4886-907a-de9e30d817ff owl:annotatedTarget Myeloid leukemia NOS disorder","a452b827-4502-4833-8bca-2ad06a11cb1f owl:annotatedProperty oboInOwl:hasExactSynonym","98270797-fdd0-4eae-8ea5-1032a6b0723d rdf:type owl:Axiom","obo:DOID_11232 oboInOwl:hasExactSynonym orbital osteomyelitis disorder","obo:DOID_12539 oboInOwl:hasExactSynonym Chlamydial infection of anus and rectum disorder","obo:DOID_2314 oboInOwl:hasDbXref SNOMEDCT_US_2015_03_01:25897000","0c5df937-d5ef-4d8b-b5b5-349fc2f036cc owl:annotatedSource obo:DOID_13159","d41954b8-bb81-4148-a0a2-796f22eb6b74 owl:annotatedSource obo:DOID_518","obo:DOID_1579 oboInOwl:hasAlternativeId DOID:3226","obo:DOID_12840 oboInOwl:hasExactSynonym Ancylostomiasis due to Ancylostoma ceylonicum disorder","obo:DOID_11905 rdf:type owl:Class","e0da5428-8de3-45c5-a353-69df82d96233 rdf:type owl:Axiom","obo:DOID_4644 oboInOwl:hasDbXref NCI:C84692","obo:DOID_77 rdfs:label gastrointestinal system disease","obo:DOID_4556 oboInOwl:inSubset doid:DO_cancer_slim","obo:DOID_4607 oboInOwl:hasAlternativeId DOID:8092","obo:DOID_14033 oboInOwl:hasExactSynonym primary malignant neoplasm of visceral pleura disorder","obo:DOID_14121 oboInOwl:hasOBONamespace disease_ontology","obo:DOID_4644 oboInOwl:hasOBONamespace disease_ontology","0c5df937-d5ef-4d8b-b5b5-349fc2f036cc owl:annotatedProperty oboInOwl:hasExactSynonym","obo:DOID_10334 oboInOwl:hasExactSynonym Congenital abnormality of skull and face bones disorder","obo:DOID_845 oboInOwl:hasDbXref ICD9CM:301.13","4a1f7ce8-7f15-46ef-ade4-135eb33c13fb rdf:type owl:Axiom","obo:DOID_11232 oboInOwl:hasDbXref ICD10CM:H05.02","obo:DOID_13386 oboInOwl:hasDbXref ICD9CM:022.2","1d553a59-198d-4e14-8162-49faa54cf80a rdf:type owl:Axiom","obo:DOID_4644 oboInOwl:hasDbXref SNOMEDCT_US_2015_03_01:205585003","obo:DOID_11181 oboInOwl:hasOBONamespace disease_ontology","obo:DOID_7650 oboInOwl:hasDbXref UMLS_CUI:C1518737","obo:DOID_10510 oboInOwl:hasOBONamespace disease_ontology","obo:DOID_933 oboInOwl:hasExactSynonym Cestode infection, unspecified disorder","4a1f7ce8-7f15-46ef-ade4-135eb33c13fb owl:annotatedSource obo:DOID_0060201","obo:DOID_11093 oboInOwl:hasOBONamespace disease_ontology","obo:DOID_933 oboInOwl:hasExactSynonym disease due to Cestoda","869a6e31-9015-4a56-9fe9-4aca55c33466 owl:annotatedTarget deficiency of vitamin K disorder","obo:DOID_77 oboInOwl:hasAlternativeId DOID:27","b789b7b7-4671-486f-837e-136d6b0e3d2d owl:annotatedProperty oboInOwl:hasExactSynonym","obo:DOID_933 owl:deprecated true^^http://www.w3.org/2001/XMLSchema#boolean","obo:DOID_14033 oboInOwl:hasOBONamespace disease_ontology","obo:DOID_9943 oboInOwl:inSubset doid:gram-negative_bacterial_infectious_disease","obo:DOID_4556 rdfs:label lung large cell carcinoma","obo:DOID_10209 oboInOwl:hasOBONamespace disease_ontology","c2c99a1a-e92b-4a6e-95cd-59fb510c04f6 owl:annotatedSource obo:DOID_10400","3569b28e-3d71-4ad5-9966-05190bff0a6b oboInOwl:hasDbXref url:http://www.hopkinsmedicine.org/healthlibrary/conditions/nervous_system_disorders/prion_diseases_134,56/","fec7784b-815b-4ee6-8dea-9ad13d459148 owl:annotatedSource obo:DOID_14490","c15fd089-dff3-4e8e-949e-f1dc98938790 owl:annotatedProperty oboInOwl:hasExactSynonym","obo:DOID_11056 oboInOwl:hasExactSynonym hemorrhagic septicemia","4796cc13-3154-41cb-bfe7-4f09e81d26e7 owl:annotatedTarget Cutaneous Sarcoidosis","dd829b94-22fa-4aff-94ea-9ab1628e261c owl:annotatedSource obo:DOID_4993","obo:DOID_2314 oboInOwl:hasDbXref ICD9CM:495.4","18c6b03e-f6d1-497c-a339-dc1cf66c6755 oboInOwl:hasDbXref url:http://www.nlm.nih.gov/medlineplus/ency/article/000267.htm","obo:DOID_1579 oboInOwl:hasDbXref ICD9CM:519","af470c87-16ee-406c-9884-3a16bbdfb274 oboInOwl:hasDbXref url:http://www2.merriam-webster.com/cgi-bin/mwmednlm?book\u003dMedical\u0026va\u003dpneumocystis%20carinii%20pneumonia","obo:DOID_933 rdfs:label Cestoda infectious disease","45ea01ee-6704-40e3-9a0d-e7be296b8d7c rdf:type owl:Axiom","271dcbb5-2680-4549-89ae-f27dacff7ebc oboInOwl:hasDbXref NCI2004_11_17:C5505","obo:DOID_2226 oboInOwl:hasAlternativeId DOID:6002","babc6ee0-6772-4395-8912-3561ad40ec8d rdf:type owl:Axiom","a5d779e5-48f2-4942-a765-9485f91d4762 oboInOwl:hasDbXref NCI2004_11_17:C6142","obo:DOID_4556 oboInOwl:hasOBONamespace disease_ontology","81f01c82-a47b-49bd-9207-a81dbb72404e owl:annotatedTarget Other myeloid leukemia NOS morphologic abnormality","obo:DOID_14070 oboInOwl:hasDbXref SNOMEDCT_US_2015_03_01:46888001","obo:DOID_4468 oboInOwl:hasDbXref MSH:D018262","08c2917a-b29f-4ab8-911b-fcbab4d80bbf owl:annotatedTarget Fungal esophagitis disorder","obo:DOID_172 oboInOwl:hasExactSynonym Clear cell acanthoma disorder","922c9279-2680-4678-91c0-17f41671b995 rdf:type owl:Axiom","042f43cc-0e26-4a7f-814f-476062bf4d49 owl:annotatedTarget An intestinal cancer that is located_in the small intestine.","obo:DOID_77 oboInOwl:hasDbXref ICD10CM:K92.9","obo:DOID_9767 oboInOwl:id DOID:9767","obo:DOID_77 oboInOwl:hasDbXref UMLS_CUI:C0012242","obo:DOID_172 oboInOwl:hasDbXref SNOMEDCT_US_2015_03_01:254670002","obo:DOID_4644 oboInOwl:inSubset doid:DO_MGI_slim","c2c99a1a-e92b-4a6e-95cd-59fb510c04f6 oboInOwl:hasDbXref SNOMEDCT_2005_07_31:301990003","obo:DOID_11181 oboInOwl:hasDbXref SNOMEDCT_US_2015_03_01:194245001","obo:DOID_11905 oboInOwl:hasDbXref SNOMEDCT_US_2015_03_01:188212008","obo:DOID_4468 oboInOwl:hasAlternativeId DOID:2617","a4759074-d3ea-41e5-8657-2b71e1dfe428 owl:annotatedTarget A factitious disorder that involves a care givers deliberate exaggeration, fabrication, and/or induce physical, psychological, behavioral, and/or mental health problems in others.","obo:DOID_12539 rdfs:label Chlamydia trachomatis proctitis","244f27d2-a000-44bd-b069-7e2a187e62b0 oboInOwl:hasDbXref SNOMEDCT_2005_07_31:43233001","obo:DOID_1579 oboInOwl:hasDbXref SNOMEDCT_US_2015_03_01:266373008","obo:DOID_9892 oboInOwl:hasDbXref ICD10CM:I77.4","4a1f7ce8-7f15-46ef-ade4-135eb33c13fb oboInOwl:hasDbXref OMIM:612069","f669e125-a54a-4535-9e4c-97069cbbd054 oboInOwl:hasDbXref url:http://www.genome.jp/dbget-bin/www_bget?ds:H00216","obo:DOID_11817 oboInOwl:hasExactSynonym malignant tumor of urachus disorder","2648fe6f-2140-43fc-ad1a-196a8db8ff94 owl:annotatedTarget orbital osteomyelitis disorder","obo:DOID_757 rdf:type owl:Class","obo:DOID_2402 rdfs:label lymphangiectasis","f773afbf-5535-455a-a427-86b94fffa845 owl:annotatedProperty obo:IAO_0000115","obo:DOID_0050223 rdfs:label candidal gastritis","obo:DOID_4468 oboInOwl:hasExactSynonym Water-Clear cell adenocarcinoma","obo:DOID_845 oboInOwl:hasDbXref SNOMEDCT_US_2015_03_01:191751008","4ede617f-8667-41a6-af38-4743bf675b0a rdf:type owl:Axiom","obo:DOID_2314 obo:IAO_0000115 An extrinsic allergic alveolitis which is caused by inhalation of fungal spores of Aspergillus clavatus and Aspergillus fumigatus from moldy barley.","93891fa4-8b3f-4011-a2cc-1f769b6f91c8 rdf:type owl:Axiom","24facc34-4907-4d16-b6b7-f3d30c354d3e owl:annotatedSource obo:DOID_3476","obo:DOID_12840 oboInOwl:hasExactSynonym Ancylostomiasis due to ancylostoma ceylanicum","obo:DOID_4468 oboInOwl:hasExactSynonym mesonephroma","obo:DOID_2314 oboInOwl:hasDbXref ICD10CM:J67.4","obo:DOID_7613 rdf:type owl:Class","dc32cfe9-d939-41a6-afa2-074a354b6c82 rdf:type owl:Axiom","cfceaca9-8601-4250-9fb3-b1bc7167af8a owl:annotatedProperty oboInOwl:hasExactSynonym","obo:DOID_7650 rdfs:subClassOf obo:DOID_6179","obo:DOID_5491 oboInOwl:hasOBONamespace disease_ontology","obo:DOID_3997 rdfs:label urinary tract infiltrating transitional cell carcinoma","3ae01269-23dc-40c2-8ac1-6eeeb21f61c5 rdf:type owl:Axiom","fec7784b-815b-4ee6-8dea-9ad13d459148 owl:annotatedTarget secondary malignant neoplasm of ureter disorder","4bd24079-10cb-4bb7-a6a8-d7350b60ca62 owl:annotatedTarget tumor of the eyelid","obo:DOID_845 rdfs:label cyclothymic disorder","obo:DOID_77 oboInOwl:hasExactSynonym gastrointestinal disease","obo:DOID_4607 oboInOwl:hasOBONamespace disease_ontology","4bd24079-10cb-4bb7-a6a8-d7350b60ca62 rdf:type owl:Axiom","ba89fa72-49fe-4241-b7ec-bd391fdb00f6 owl:annotatedSource obo:DOID_626","obo:DOID_9892 oboInOwl:hasOBONamespace disease_ontology","obo:DOID_77 oboInOwl:hasDbXref MSH:D004066","obo:DOID_9943 owl:deprecated true^^http://www.w3.org/2001/XMLSchema#boolean","1d553a59-198d-4e14-8162-49faa54cf80a owl:annotatedTarget mesenchymal hamartoma of Liver","9639973b-5384-4343-8a5b-73452b411bc8 rdf:type owl:Axiom","a1cc2a03-ff9f-4edd-966f-db7cafe4da39 owl:annotatedTarget Perichondritis of pinna disorder","042f43cc-0e26-4a7f-814f-476062bf4d49 oboInOwl:hasDbXref url:http://en.wikipedia.org/wiki/Small_intestine","obo:DOID_12840 rdfs:label Ancylostoma ceylanicum ancylostomiasis","obo:DOID_13386 oboInOwl:id DOID:13386","443678ef-5ecd-468f-9642-1d60bbcddc40 owl:annotatedProperty obo:IAO_0000115","6ff948cd-6eb7-4dc9-8b24-fa5255a1ee75 oboInOwl:hasDbXref SNOMEDCT_2005_07_31:238950006","bf86c0e5-8406-433d-a4f7-e070b7cec5b5 oboInOwl:hasDbXref SNOMEDCT_2005_07_31:188583005","obo:DOID_5278 oboInOwl:id DOID:5278","obo:DOID_9892 oboInOwl:hasDbXref UMLS_CUI:C0152098","obo:DOID_11905 oboInOwl:hasDbXref UMLS_CUI:C0496814","obo:DOID_845 rdf:type owl:Class","ec0d40ae-921a-4eef-ad67-5d272d3504cb owl:annotatedProperty obo:IAO_0000115","0ebc802b-bcc1-4f1a-942b-569ff078e6e9 owl:annotatedProperty oboInOwl:hasExactSynonym","18c6b03e-f6d1-497c-a339-dc1cf66c6755 owl:annotatedProperty obo:IAO_0000115","obo:DOID_933 oboInOwl:hasExactSynonym Cestode infection NOS disorder","714edccc-2469-4b59-b83a-8db60fac0c5a oboInOwl:hasDbXref SNOMEDCT_2005_07_31:269651007","obo:DOID_845 oboInOwl:id DOID:845","obo:DOID_933 oboInOwl:hasExactSynonym Tapeworm infection NOS","obo:DOID_1792 oboInOwl:hasDbXref UMLS_CUI:C1335307","863532a9-0844-46bd-978c-386db85c4c08 owl:annotatedSource obo:DOID_11170","obo:DOID_4681 rdfs:subClassOf obo:DOID_4897","obo:DOID_4468 oboInOwl:hasExactSynonym Mesonephroid Clear cell carcinoma","0fe0d5ca-7ad3-4440-b50a-7b5144f16a58 owl:annotatedTarget abdominal neoplasm","3ecb5339-d3e5-44f9-9d1b-01f80db3b075 owl:annotatedSource obo:DOID_9024","fd160771-1a8f-43e3-ad56-78ae89b80433 oboInOwl:hasDbXref url:http://en.wikipedia.org/wiki/Geographic_tongue","obo:DOID_10209 oboInOwl:hasDbXref NCI:C5854","obo:DOID_4468 oboInOwl:hasExactSynonym Water-clear cell carcinoma","93891fa4-8b3f-4011-a2cc-1f769b6f91c8 owl:annotatedSource obo:DOID_4252","45ea01ee-6704-40e3-9a0d-e7be296b8d7c owl:annotatedTarget Amoebic skin ulceration","obo:DOID_4607 oboInOwl:id DOID:4607","obo:DOID_7613 rdfs:label sarcomatosis of the meninges","0e71f09d-b6c2-4f96-8476-8e7e0f2afc1c oboInOwl:hasDbXref NCI2004_11_17:C6780","obo:DOID_4468 oboInOwl:hasExactSynonym Mesonephroma NOS morphologic abnormality","443678ef-5ecd-468f-9642-1d60bbcddc40 owl:annotatedTarget A staphylococcal infectious disease that involves infection of the intestine caused by staphylococci, which produce toxins. The symptoms include diarrhea, abdominal pain, vomiting and nausea.","10105f7c-a1f2-49f1-ae82-d871a507ac0b rdf:type owl:Axiom","obo:DOID_4644 oboInOwl:id DOID:4644","0ebc802b-bcc1-4f1a-942b-569ff078e6e9 oboInOwl:hasDbXref NCI2004_11_17:C5517","4bd24079-10cb-4bb7-a6a8-d7350b60ca62 owl:annotatedSource obo:DOID_2173","f669e125-a54a-4535-9e4c-97069cbbd054 oboInOwl:hasDbXref url:http://omim.org/entry/201710","obo:DOID_3073 rdfs:subClassOf obo:DOID_0060108","22f36029-fcde-4cd2-84ed-d117b03c8527 rdf:type owl:Axiom","obo:DOID_0050223 rdf:type owl:Class","4488b8fd-115e-427c-9d24-01407f256a56 owl:annotatedTarget retroperitoneal neoplasm","6ff948cd-6eb7-4dc9-8b24-fa5255a1ee75 owl:annotatedSource obo:DOID_14498","dbbd6f2b-a6d8-4cc0-a47e-6706b9cce02a rdf:type owl:Axiom","obo:DOID_2402 oboInOwl:hasExactSynonym Lymphangiectases disorder","obo:DOID_9855 oboInOwl:hasOBONamespace disease_ontology","obo:DOID_845 oboInOwl:hasExactSynonym Cyclothymia","obo:DOID_3073 rdfs:label brain glioblastoma multiforme","08c2917a-b29f-4ab8-911b-fcbab4d80bbf oboInOwl:hasDbXref SNOMEDCT_2005_07_31:235602008","obo:DOID_0060002 oboInOwl:hasOBONamespace disease_ontology","obo:DOID_4556 rdfs:subClassOf obo:DOID_3908","obo:DOID_4644 oboInOwl:hasDbXref OMIM:615425","obo:DOID_9767 oboInOwl:hasOBONamespace disease_ontology","d41954b8-bb81-4148-a0a2-796f22eb6b74 oboInOwl:hasDbXref SNOMEDCT_2005_07_31:126905005","cfceaca9-8601-4250-9fb3-b1bc7167af8a owl:annotatedTarget intestinal taenia solium infection","1b3e075f-8eaf-4943-916a-19b7ea67fee2 oboInOwl:hasDbXref SNOMEDCT_2005_07_31:335002","obo:DOID_1667 oboInOwl:id DOID:1667","obo:DOID_1579 oboInOwl:hasDbXref SNOMEDCT_US_2015_03_01:196255004","1b3e075f-8eaf-4943-916a-19b7ea67fee2 owl:annotatedTarget Pylorospasm disorder","dc32cfe9-d939-41a6-afa2-074a354b6c82 owl:annotatedTarget Intermittent exotropia, monocular","0fe0d5ca-7ad3-4440-b50a-7b5144f16a58 owl:annotatedProperty oboInOwl:hasExactSynonym","obo:DOID_757 oboInOwl:id DOID:757","obo:DOID_0050311 rdf:type owl:Class","obo:DOID_845 oboInOwl:hasExactSynonym Affective personality disorder","09b4528f-a7d2-4f73-9e4b-1aebfb399f4b oboInOwl:hasDbXref SNOMEDCT_2005_07_31:204318003","obo:DOID_1667 oboInOwl:hasOBONamespace disease_ontology","0fe0d5ca-7ad3-4440-b50a-7b5144f16a58 owl:annotatedSource obo:DOID_122","obo:DOID_4644 oboInOwl:hasDbXref ICD10CM:Q81.0","obo:DOID_2226 rdfs:label chronic myeloproliferative disease","4488b8fd-115e-427c-9d24-01407f256a56 rdf:type owl:Axiom","obo:DOID_5278 oboInOwl:hasOBONamespace disease_ontology","fec7784b-815b-4ee6-8dea-9ad13d459148 oboInOwl:hasDbXref SNOMEDCT_2005_07_31:94659001","1d553a59-198d-4e14-8162-49faa54cf80a oboInOwl:hasDbXref NCI2004_11_17:C5751","obo:DOID_1579 oboInOwl:hasOBONamespace disease_ontology","obo:DOID_7437 oboInOwl:hasDbXref UMLS_CUI:C1519862","81964b66-dc68-4886-907a-de9e30d817ff owl:annotatedProperty oboInOwl:hasExactSynonym","1a5e2de9-a107-4c85-841c-daa4bd1edb92 owl:annotatedSource obo:DOID_6977","obo:DOID_11181 rdfs:subClassOf obo:DOID_11180","obo:DOID_7437 oboInOwl:id DOID:7437","10105f7c-a1f2-49f1-ae82-d871a507ac0b owl:annotatedProperty oboInOwl:hasExactSynonym","obo:DOID_5491 owl:deprecated true^^http://www.w3.org/2001/XMLSchema#boolean","obo:DOID_9892 oboInOwl:hasDbXref ICD10:177.4","b745b758-dae7-47f7-ab55-b7122ccaa2ff oboInOwl:hasDbXref SNOMEDCT_2005_07_31:75352001","244f27d2-a000-44bd-b069-7e2a187e62b0 owl:annotatedSource obo:DOID_4898","10105f7c-a1f2-49f1-ae82-d871a507ac0b owl:annotatedTarget Endometriosis of the pelvic peritoneum NOS disorder","053dfc13-a7ae-49b8-b9f9-efaabd0acd75 owl:annotatedSource obo:DOID_5658","obo:DOID_11232 rdfs:subClassOf obo:DOID_11230","714edccc-2469-4b59-b83a-8db60fac0c5a oboInOwl:hasDbXref SNOMEDCT_2005_07_31:154641007","b789b7b7-4671-486f-837e-136d6b0e3d2d oboInOwl:hasDbXref SNOMEDCT_2005_07_31:64109004","869a6e31-9015-4a56-9fe9-4aca55c33466 oboInOwl:hasDbXref SNOMEDCT_2005_07_31:124892003","4796cc13-3154-41cb-bfe7-4f09e81d26e7 oboInOwl:hasDbXref NCI2004_11_17:C34996","a4759074-d3ea-41e5-8657-2b71e1dfe428 oboInOwl:hasDbXref url:http://en.wikipedia.org/wiki/Munchausen_by_proxy","obo:DOID_4607 rdfs:subClassOf obo:DOID_3119","0a22dec3-271f-4b7d-8914-1401a0103622 rdf:type owl:Axiom","obo:DOID_0060002 rdfs:subClassOf obo:DOID_626","863532a9-0844-46bd-978c-386db85c4c08 owl:annotatedTarget Condyloma acuminata of vulva disorder","obo:DOID_13386 oboInOwl:hasDbXref SNOMEDCT_US_2015_03_01:111798006","obo:DOID_11056 rdf:type owl:Class","dbbd6f2b-a6d8-4cc0-a47e-6706b9cce02a owl:annotatedProperty oboInOwl:hasExactSynonym","obo:DOID_14070 oboInOwl:id DOID:14070","obo:DOID_4468 oboInOwl:hasExactSynonym Mesonephroma, malignant morphologic abnormality","obo:DOID_11181 oboInOwl:hasDbXref ICD10CM:H65.20","39b7d47d-54fb-4075-9188-bd02d5fcf6c5 oboInOwl:hasDbXref url:http://www.wrongdiagnosis.com/s/spleen_cancer/intro.htm","22f36029-fcde-4cd2-84ed-d117b03c8527 owl:annotatedProperty oboInOwl:hasExactSynonym","obo:DOID_4607 oboInOwl:hasDbXref SNOMEDCT_US_2015_03_01:363415003","obo:DOID_11905 oboInOwl:hasDbXref SNOMEDCT_US_2015_03_01:93850006","obo:DOID_12715 oboInOwl:id DOID:12715","0b0d1557-1ea0-4ff6-925a-02f97c5d3fb8 owl:annotatedSource obo:DOID_3478","e80e7e60-4562-4a23-b189-ae6b81e76046 oboInOwl:hasDbXref SNOMEDCT_2005_07_31:240093008","obo:DOID_2226 oboInOwl:hasDbXref ICD10CM:D47.1","0fe0d5ca-7ad3-4440-b50a-7b5144f16a58 rdf:type owl:Axiom","0b0d1557-1ea0-4ff6-925a-02f97c5d3fb8 oboInOwl:hasDbXref NCI2004_11_17:C3142","obo:DOID_12840 obo:IAO_0000115 An ancylostomiasis that involves parasitic infection of animals and humans by Ancylostoma ceylanicum larvae, which invade percutaneously and migrate to the intestine.","obo:DOID_10334 oboInOwl:hasAlternativeId DOID:1295","obo:DOID_1792 oboInOwl:id DOID:1792","obo:DOID_9892 oboInOwl:id DOID:9892","obo:DOID_4681 oboInOwl:hasDbXref UMLS_CUI:C1332552","628785f4-51a3-4f7d-8dba-72986d205076 owl:annotatedTarget malignant neoplasm of ureteric orifice of urinary bladder","obo:DOID_11093 rdfs:label bacterial gastroenteritis","obo:DOID_13386 oboInOwl:hasDbXref ICD10CM:A22.2","obo:DOID_9943 oboInOwl:hasOBONamespace disease_ontology","obo:DOID_4607 oboInOwl:hasDbXref UMLS_CUI:C0005426","obo:DOID_4556 oboInOwl:hasExactSynonym large cell carcinoma of lung disorder","obo:DOID_11144 rdf:type owl:Class","87788998-a64b-4efc-bc30-06f082ca0ea1 owl:annotatedSource obo:DOID_9278","obo:DOID_11181 oboInOwl:hasDbXref SNOMEDCT_US_2015_03_01:194250007","obo:DOID_172 oboInOwl:hasExactSynonym Clear cell acanthoma morphologic abnormality","81964b66-dc68-4886-907a-de9e30d817ff rdf:type owl:Axiom","obo:DOID_2226 oboInOwl:hasDbXref NCI:C4345","obo:DOID_14033 rdfs:label malignant visceral pleura tumor","4488b8fd-115e-427c-9d24-01407f256a56 owl:annotatedProperty oboInOwl:hasExactSynonym","3ae01269-23dc-40c2-8ac1-6eeeb21f61c5 owl:annotatedSource obo:DOID_2600","obo:DOID_7437 rdf:type owl:Class","93891fa4-8b3f-4011-a2cc-1f769b6f91c8 owl:annotatedProperty oboInOwl:hasExactSynonym","obo:DOID_77 oboInOwl:hasExactSynonym alimentary system disease","4ede617f-8667-41a6-af38-4743bf675b0a owl:annotatedProperty oboInOwl:hasExactSynonym","obo:DOID_2314 rdf:type owl:Class","obo:DOID_2314 oboInOwl:hasExactSynonym Malt workers lung","obo:DOID_11232 rdf:type owl:Class","obo:DOID_9855 owl:deprecated true^^http://www.w3.org/2001/XMLSchema#boolean","babc6ee0-6772-4395-8912-3561ad40ec8d owl:annotatedTarget Gilberts disease","7516b034-c1b0-4765-aae4-d67a5dab5eed rdf:type owl:Axiom","b6e19337-7314-486e-beb8-2a7a6d83700f rdf:type owl:Axiom","obo:DOID_4468 oboInOwl:hasDbXref NCI:C4072","obo:DOID_4468 oboInOwl:hasDbXref SNOMEDCT_US_2015_03_01:2221008","f2606630-d269-431c-8036-2f8e2e1d4d18 owl:annotatedSource obo:DOID_1143","obo:DOID_1792 oboInOwl:hasDbXref NCI:C5714","obo:DOID_4681 rdfs:label bile duct mucoepidermoid carcinoma","c1c75531-72c7-4fa5-91da-14623a2d98e5 owl:annotatedTarget A paralytic poliomyelitis that results_in destruction located_in motor neurons of brainstem, has_material_basis_in Human poliovirus 1, has_material_basis_in Human poliovirus 2, or has_material_basis_in Human poliovirus 3, which are transmitted_by ingestion of food or water contaminated with feces, or transmitted_by direct contact with the oral secretions. The infection has_symptom difficulty breathing, has_symptom difficulty speaking, has_symptom difficulty swallowing, and has_symptom difficulty chewing.","obo:DOID_2226 oboInOwl:hasExactSynonym CMPD","obo:DOID_0060002 rdfs:label C1 inhibitor deficiency","1044a642-f4a3-4746-82ca-3a501c8f4e5d owl:annotatedProperty obo:IAO_0000115","8e247d51-cfae-4f5d-995c-d6f412efd90d oboInOwl:hasDbXref SNOMEDCT_2005_07_31:276860003","3ae01269-23dc-40c2-8ac1-6eeeb21f61c5 owl:annotatedProperty oboInOwl:hasExactSynonym","0a22dec3-271f-4b7d-8914-1401a0103622 oboInOwl:hasDbXref url:http://www.mycology.adelaide.edu.au/Mycoses/Subcutaneous/Mycetoma/index.html","obo:DOID_11905 oboInOwl:hasExactSynonym malignant neoplasm of labia majora","obo:DOID_1579 oboInOwl:id DOID:1579","dbbd6f2b-a6d8-4cc0-a47e-6706b9cce02a oboInOwl:hasDbXref SNOMEDCT_2005_07_31:268048008","cfceaca9-8601-4250-9fb3-b1bc7167af8a rdf:type owl:Axiom","obo:DOID_3997 rdf:type owl:Class","dc32cfe9-d939-41a6-afa2-074a354b6c82 owl:annotatedProperty oboInOwl:hasExactSynonym","obo:DOID_14070 oboInOwl:hasExactSynonym Nystagmus associated with disorder of the vestibular system disorder","obo:DOID_7613 oboInOwl:hasExactSynonym sarcomatosis of meninges","cc6ca27a-1789-4ebc-a181-42259617ecf4 owl:annotatedSource obo:DOID_3143","obo:DOID_11144 rdfs:label anthrax septicemia","obo:DOID_5278 owl:deprecated true^^http://www.w3.org/2001/XMLSchema#boolean","4ede617f-8667-41a6-af38-4743bf675b0a owl:annotatedSource obo:DOID_1308","e80e7e60-4562-4a23-b189-ae6b81e76046 owl:annotatedSource obo:DOID_14452","obo:DOID_11232 oboInOwl:hasDbXref ICD9CM:376.03","3569b28e-3d71-4ad5-9966-05190bff0a6b owl:annotatedSource obo:DOID_649","obo:DOID_11232 rdfs:label orbital osteomyelitis","obo:DOID_2402 rdf:type owl:Class","a5d779e5-48f2-4942-a765-9485f91d4762 owl:annotatedSource obo:DOID_4919","obo:DOID_7650 rdf:type owl:Class","obo:DOID_845 oboInOwl:hasDbXref SNOMEDCT_US_2015_03_01:14697007","ec0d40ae-921a-4eef-ad67-5d272d3504cb oboInOwl:hasDbXref JA:Epilepsy Genetics Kiel","obo:DOID_2226 oboInOwl:hasDbXref SNOMEDCT_US_2015_03_01:128842008","cfceaca9-8601-4250-9fb3-b1bc7167af8a owl:annotatedSource obo:DOID_10079","9639973b-5384-4343-8a5b-73452b411bc8 owl:annotatedProperty oboInOwl:hasExactSynonym","obo:DOID_11093 oboInOwl:hasExactSynonym Bacterial gastroenteritis disorder","obo:DOID_5491 rdfs:label pediatric synovial sarcoma","4bd24079-10cb-4bb7-a6a8-d7350b60ca62 owl:annotatedProperty oboInOwl:hasExactSynonym","obo:DOID_2226 oboInOwl:hasDbXref SNOMEDCT_US_2015_03_01:20921005","obo:DOID_4556 oboInOwl:hasExactSynonym large cell lung carcinoma","4e25ab9f-b29d-47eb-9d10-8c930ae1c41b owl:annotatedSource obo:DOID_11633","obo:DOID_11019 rdf:type owl:Class","obo:DOID_3073 rdf:type owl:Class","obo:DOID_5491 oboInOwl:id DOID:5491","863532a9-0844-46bd-978c-386db85c4c08 oboInOwl:hasDbXref SNOMEDCT_2005_07_31:237110007","9639973b-5384-4343-8a5b-73452b411bc8 oboInOwl:hasDbXref SNOMEDCT_2005_07_31:26918003","af470c87-16ee-406c-9884-3a16bbdfb274 owl:annotatedSource obo:DOID_11339","obo:DOID_13386 oboInOwl:hasDbXref SNOMEDCT_US_2015_03_01:186302005","81964b66-dc68-4886-907a-de9e30d817ff owl:annotatedSource obo:DOID_8692","0ebc802b-bcc1-4f1a-942b-569ff078e6e9 rdf:type owl:Axiom","obo:DOID_1667 owl:deprecated true^^http://www.w3.org/2001/XMLSchema#boolean","7c44d654-d188-4718-a2f7-d322edcd57cd owl:annotatedTarget malignant neoplasm of lip, unspecified disorder","obo:DOID_4468 rdf:type owl:Class","c2c99a1a-e92b-4a6e-95cd-59fb510c04f6 owl:annotatedProperty oboInOwl:hasExactSynonym","1b3e075f-8eaf-4943-916a-19b7ea67fee2 owl:annotatedProperty oboInOwl:hasExactSynonym","obo:DOID_2226 rdfs:subClassOf obo:DOID_0070004","obo:DOID_933 oboInOwl:hasExactSynonym Taenia infestation","3622e8e1-19f3-4002-8e0e-a4d24db24d99 owl:annotatedSource obo:DOID_14501","4488b8fd-115e-427c-9d24-01407f256a56 owl:annotatedSource obo:DOID_5875","7516b034-c1b0-4765-aae4-d67a5dab5eed owl:annotatedSource obo:DOID_5624","obo:DOID_3997 oboInOwl:id DOID:3997","obo:DOID_11905 oboInOwl:hasExactSynonym malignant neoplasm of labia majora disorder","obo:DOID_10334 rdf:type owl:Class","obo:DOID_13386 rdfs:subClassOf obo:DOID_7427","7516b034-c1b0-4765-aae4-d67a5dab5eed owl:annotatedTarget A bile duct carcinoma that derives_from squamous cells and gland-like cells.","b6e19337-7314-486e-beb8-2a7a6d83700f owl:annotatedTarget A germinoma that has_material_basis_in cells that make sperm and eggs.","443678ef-5ecd-468f-9642-1d60bbcddc40 owl:annotatedSource obo:DOID_13623","e0da5428-8de3-45c5-a353-69df82d96233 oboInOwl:hasDbXref SNOMEDCT_2005_07_31:73982001","a3cfae88-5dea-4bbb-9231-4e1805a06076 owl:annotatedTarget malignant Nasopharyngeal tumor","obo:DOID_1792 rdfs:label pancreas lymphoma","obo:DOID_11232 oboInOwl:id DOID:11232","obo:DOID_11905 oboInOwl:hasDbXref SNOMEDCT_US_2015_03_01:363446004","b789b7b7-4671-486f-837e-136d6b0e3d2d owl:annotatedTarget Costalchondritis disorder","obo:DOID_77 oboInOwl:hasExactSynonym Gastroenteropathy","a76d2650-2e98-4eca-b7cd-adcd01ba679e rdf:type owl:Axiom","obo:DOID_2314 oboInOwl:id DOID:2314","obo:DOID_12715 oboInOwl:hasExactSynonym Infective myositis","obo:DOID_11181 obo:IAO_0000115 A non-suppurative otitis media that is characterized by effusion with very thick and glue-like middle ear fluid which may cause conductive hearing impairment.","08c2917a-b29f-4ab8-911b-fcbab4d80bbf owl:annotatedSource obo:DOID_13147","3ae01269-23dc-40c2-8ac1-6eeeb21f61c5 oboInOwl:hasDbXref NCI2004_11_17:C4855","obo:DOID_12840 owl:deprecated true^^http://www.w3.org/2001/XMLSchema#boolean","obo:DOID_9943 rdfs:label syphilitic episcleritis","cc6ca27a-1789-4ebc-a181-42259617ecf4 owl:annotatedTarget Contact dermatitis due to metals disorder","obo:DOID_933 oboInOwl:hasExactSynonym Cestode infection disorder","0a22dec3-271f-4b7d-8914-1401a0103622 owl:annotatedSource obo:DOID_13078","obo:DOID_0050311 oboInOwl:id DOID:0050311","454f90d5-631f-48fb-8fad-c7e1423ed918 owl:annotatedSource obo:DOID_10047","39b7d47d-54fb-4075-9188-bd02d5fcf6c5 owl:annotatedProperty obo:IAO_0000115","obo:DOID_13386 oboInOwl:hasDbXref UMLS_CUI:C0152945","3ecb5339-d3e5-44f9-9d1b-01f80db3b075 owl:annotatedTarget carcinoma in situ of other and unspecified parts of intestine disorder","9639973b-5384-4343-8a5b-73452b411bc8 owl:annotatedTarget Ascending cholangitis disorder","d41954b8-bb81-4148-a0a2-796f22eb6b74 owl:annotatedProperty oboInOwl:hasExactSynonym","obo:DOID_4644 rdfs:label epidermolysis bullosa simplex","obo:DOID_845 oboInOwl:hasDbXref SNOMEDCT_US_2015_03_01:76105009","obo:DOID_12539 owl:deprecated true^^http://www.w3.org/2001/XMLSchema#boolean","obo:DOID_77 oboInOwl:id DOID:77","09b4528f-a7d2-4f73-9e4b-1aebfb399f4b owl:annotatedSource obo:DOID_13620","obo:DOID_2314 rdfs:label malt workers lung","obo:DOID_11905 oboInOwl:hasOBONamespace disease_ontology","c1c75531-72c7-4fa5-91da-14623a2d98e5 oboInOwl:hasDbXref url:http://en.wikipedia.org/wiki/Poliomyelitis","0acab6f2-7764-476a-a3d5-35c5ea6be3bc owl:annotatedProperty oboInOwl:hasExactSynonym","obo:DOID_11817 oboInOwl:hasOBONamespace disease_ontology","87788998-a64b-4efc-bc30-06f082ca0ea1 owl:annotatedProperty oboInOwl:hasExactSynonym","obo:DOID_4681 rdf:type owl:Class","af470c87-16ee-406c-9884-3a16bbdfb274 oboInOwl:hasDbXref url:http://www.nlm.nih.gov/medlineplus/ency/article/000671.htm","863532a9-0844-46bd-978c-386db85c4c08 rdf:type owl:Axiom","obo:DOID_1792 rdf:type owl:Class","obo:DOID_4644 oboInOwl:hasDbXref MSH:D016110","10105f7c-a1f2-49f1-ae82-d871a507ac0b oboInOwl:hasDbXref SNOMEDCT_2005_07_31:198252008","obo:DOID_11093 rdf:type owl:Class","244f27d2-a000-44bd-b069-7e2a187e62b0 rdf:type owl:Axiom","6905f553-699c-44fe-8d3b-64dfa944e993 owl:annotatedSource obo:DOID_12680","868cf1d0-dd7a-4f51-aee0-079ef1d17718 owl:annotatedTarget An embryonal carcinoma that is located_in the ovary.","89d2e22d-8f53-4ed5-a82a-f5e416db3120 owl:annotatedProperty oboInOwl:hasExactSynonym","babc6ee0-6772-4395-8912-3561ad40ec8d oboInOwl:hasDbXref SNOMEDCT_2005_07_31:154770008","18c6b03e-f6d1-497c-a339-dc1cf66c6755 owl:annotatedSource obo:DOID_9164","obo:DOID_10209 rdf:type owl:Class","053dfc13-a7ae-49b8-b9f9-efaabd0acd75 owl:annotatedProperty oboInOwl:hasExactSynonym","87f21266-a487-4c79-9830-ecde1b336fe7 owl:annotatedSource obo:DOID_13453","0acab6f2-7764-476a-a3d5-35c5ea6be3bc oboInOwl:hasDbXref SNOMEDCT_2005_07_31:260588007","271dcbb5-2680-4549-89ae-f27dacff7ebc owl:annotatedTarget melanoma of the CNS","obo:DOID_7613 oboInOwl:hasDbXref UMLS_CUI:C0334612","obo:DOID_10209 oboInOwl:hasExactSynonym Lipoma of the extrahepatic bile duct","obo:DOID_14033 rdf:type owl:Class","obo:DOID_4468 oboInOwl:hasAlternativeId DOID:4940","2648fe6f-2140-43fc-ad1a-196a8db8ff94 owl:annotatedSource obo:DOID_11232","6ff948cd-6eb7-4dc9-8b24-fa5255a1ee75 rdf:type owl:Axiom","obo:DOID_14121 rdf:type owl:Class","f669e125-a54a-4535-9e4c-97069cbbd054 owl:annotatedProperty obo:IAO_0000115","obo:DOID_4644 rdf:type owl:Class","obo:DOID_11232 oboInOwl:hasDbXref SNOMEDCT_US_2015_03_01:65875003","obo:DOID_13386 oboInOwl:hasDbXref MSH:C571911","4488b8fd-115e-427c-9d24-01407f256a56 oboInOwl:hasDbXref CSP2005:2005-3788","dc32cfe9-d939-41a6-afa2-074a354b6c82 oboInOwl:hasDbXref ICD9CM_2006:378.23","1a5e2de9-a107-4c85-841c-daa4bd1edb92 owl:annotatedProperty oboInOwl:hasExactSynonym","obo:DOID_2226 oboInOwl:hasDbXref SNOMEDCT_US_2015_03_01:109993000","obo:DOID_11181 rdf:type owl:Class","obo:DOID_12715 owl:deprecated true^^http://www.w3.org/2001/XMLSchema#boolean","obo:DOID_4468 oboInOwl:id DOID:4468","obo:DOID_7650 oboInOwl:hasDbXref NCI:C40440","cc6ca27a-1789-4ebc-a181-42259617ecf4 rdf:type owl:Axiom","obo:DOID_4607 oboInOwl:hasDbXref ICD9CM:156.9","obo:DOID_13386 oboInOwl:inSubset doid:gram-positive_bacterial_infectious_disease","73e98e63-0b74-48c0-af55-1994945a2533 owl:annotatedProperty obo:IAO_0000115","053dfc13-a7ae-49b8-b9f9-efaabd0acd75 oboInOwl:hasDbXref SNOMEDCT_2005_07_31:3839000","obo:DOID_11056 oboInOwl:inSubset doid:zoonotic_infectious_disease","87f21266-a487-4c79-9830-ecde1b336fe7 rdf:type owl:Axiom","obo:DOID_845 oboInOwl:hasExactSynonym Cycloid personality","obo:DOID_10510 rdf:type owl:Class","obo:DOID_11056 oboInOwl:inSubset doid:gram-negative_bacterial_infectious_disease","obo:DOID_77 oboInOwl:hasDbXref SNOMEDCT_US_2015_03_01:155629009","4e25ab9f-b29d-47eb-9d10-8c930ae1c41b owl:annotatedTarget Refetoff syndrome disorder","c2c99a1a-e92b-4a6e-95cd-59fb510c04f6 owl:annotatedTarget Gonococcal seminal vesiculitis disorder","obo:DOID_172 oboInOwl:hasExactSynonym Pale Clear cell acanthoma","obo:DOID_4468 oboInOwl:hasExactSynonym Wolffian duct neoplasm","af470c87-16ee-406c-9884-3a16bbdfb274 owl:annotatedTarget An opportunistic mycosis that is located_in lungs, but can also occur in eyes, ears, skin, thyroid, pituitary, palate, parathyroid, esophagus, pleura, heart, liver, spleen, small intestine, adrenals, kidneys, bone marrow, and lymph nodes, has_material_basis_in Pneumocystis jirovecii that effects interstitial and alveolar tissues and has_symptom nonproductive cough, has_symptom shortness of breath, and has_symptom fever.","869a6e31-9015-4a56-9fe9-4aca55c33466 owl:annotatedProperty oboInOwl:hasExactSynonym","obo:DOID_4468 oboInOwl:hasDbXref NCI:C4156","45ea01ee-6704-40e3-9a0d-e7be296b8d7c owl:annotatedSource obo:DOID_11893","08c2917a-b29f-4ab8-911b-fcbab4d80bbf owl:annotatedProperty oboInOwl:hasExactSynonym","4796cc13-3154-41cb-bfe7-4f09e81d26e7 rdf:type owl:Axiom","e80e7e60-4562-4a23-b189-ae6b81e76046 owl:annotatedProperty oboInOwl:hasExactSynonym","b6e19337-7314-486e-beb8-2a7a6d83700f oboInOwl:hasDbXref url:http://www.cancer.gov/dictionary?CdrID\u003d46577","fec7784b-815b-4ee6-8dea-9ad13d459148 owl:annotatedProperty oboInOwl:hasExactSynonym","obo:DOID_4556 oboInOwl:hasDbXref NCI:C4450","22f36029-fcde-4cd2-84ed-d117b03c8527 owl:annotatedSource obo:DOID_4449","3ecb5339-d3e5-44f9-9d1b-01f80db3b075 rdf:type owl:Axiom","e80e7e60-4562-4a23-b189-ae6b81e76046 owl:annotatedTarget Hypokalemic periodic paralysis disorder","obo:DOID_14121 oboInOwl:hasDbXref MSH:D018438","obo:DOID_77 oboInOwl:hasDbXref ICD9CM:520-579.99","obo:DOID_11144 oboInOwl:inSubset doid:zoonotic_infectious_disease","ba89fa72-49fe-4241-b7ec-bd391fdb00f6 owl:annotatedTarget Complement deficiency disease disorder","d89040f7-ea97-4183-89cc-6daf0f72df1e owl:annotatedTarget Spongiform Encephalopathy","obo:DOID_4556 rdf:type owl:Class","24facc34-4907-4d16-b6b7-f3d30c354d3e rdf:type owl:Axiom","obo:DOID_933 oboInOwl:id DOID:933","obo:DOID_0050223 oboInOwl:id DOID:0050223","d89040f7-ea97-4183-89cc-6daf0f72df1e owl:annotatedProperty oboInOwl:hasExactSynonym","bf86c0e5-8406-433d-a4f7-e070b7cec5b5 owl:annotatedProperty oboInOwl:hasExactSynonym","obo:DOID_14121 oboInOwl:hasDbXref UMLS_CUI:C0242645","6905f553-699c-44fe-8d3b-64dfa944e993 rdf:type owl:Axiom","obo:DOID_4556 oboInOwl:id DOID:4556","81f01c82-a47b-49bd-9207-a81dbb72404e oboInOwl:hasDbXref SNOMEDCT_2005_07_31:190051007","c6339785-5385-43ee-9dbf-22e4980c550d owl:annotatedTarget Sulfhemoglobinemia disorder","f669e125-a54a-4535-9e4c-97069cbbd054 owl:annotatedTarget A steroid inherited metabolic disorder that is characterized by adrenal insufficiency and variable degrees of hyper or hypo androgeny manifestations resulting from steroidogenic enzyme deficiency.","053dfc13-a7ae-49b8-b9f9-efaabd0acd75 rdf:type owl:Axiom","fd160771-1a8f-43e3-ad56-78ae89b80433 owl:annotatedSource obo:DOID_1455","obo:DOID_4468 oboInOwl:hasDbXref SNOMEDCT_US_2015_03_01:30546008","a3cfae88-5dea-4bbb-9231-4e1805a06076 owl:annotatedSource obo:DOID_9261","obo:DOID_2314 oboInOwl:hasExactSynonym malt worker lung","obo:DOID_4468 oboInOwl:hasDbXref SNOMEDCT_US_2015_03_01:189633003","obo:DOID_10510 oboInOwl:hasExactSynonym influenzal pneumonia","89d2e22d-8f53-4ed5-a82a-f5e416db3120 rdf:type owl:Axiom","obo:DOID_12840 oboInOwl:hasOBONamespace disease_ontology","obo:DOID_7613 oboInOwl:hasDbXref SNOMEDCT_US_2015_03_01:14494009","714edccc-2469-4b59-b83a-8db60fac0c5a owl:annotatedSource obo:DOID_1631","244f27d2-a000-44bd-b069-7e2a187e62b0 owl:annotatedProperty oboInOwl:hasExactSynonym","obo:DOID_845 oboInOwl:hasDbXref SNOMEDCT_US_2015_03_01:192383002","87f21266-a487-4c79-9830-ecde1b336fe7 owl:annotatedProperty oboInOwl:hasExactSynonym","obo:DOID_0050311 oboInOwl:inSubset doid:gram-negative_bacterial_infectious_disease","d61d7ef5-9fea-4648-9845-10a21b0678f2 owl:annotatedSource obo:DOID_14525","obo:DOID_12715 rdfs:label infectious myositis","obo:DOID_933 obo:IAO_0000115 A parasitic helminthiasis infectious disease that involves infection by parasitic flatworms known as tapeworms living in the vertebrate digestive tract.","49b4608d-a3b7-41e7-89b4-7ce890ded324 oboInOwl:hasDbXref CSP2005:2005-4325","cc6ca27a-1789-4ebc-a181-42259617ecf4 owl:annotatedProperty oboInOwl:hasExactSynonym","obo:DOID_0050223 obo:IAO_0000115 A candidiasis that involves inflammation of the gastric mucosa caused by Candida albicans infection. The symptoms include dyspepsia, gastric ulcers, gastric perforations, nausea and vomiting.","obo:DOID_10510 oboInOwl:hasExactSynonym influenza pneumonia","87788998-a64b-4efc-bc30-06f082ca0ea1 oboInOwl:hasDbXref SNOMEDCT_2005_07_31:23501004","1a5e2de9-a107-4c85-841c-daa4bd1edb92 rdf:type owl:Axiom","fd160771-1a8f-43e3-ad56-78ae89b80433 owl:annotatedProperty obo:IAO_0000115","obo:DOID_11093 oboInOwl:hasAlternativeId DOID:0050128","dd829b94-22fa-4aff-94ea-9ab1628e261c owl:annotatedTarget Atypical polypoid adenomyoma morphologic abnormality","24facc34-4907-4d16-b6b7-f3d30c354d3e oboInOwl:hasDbXref NCI2004_11_17:C40426","obo:DOID_11817 oboInOwl:hasDbXref ICD9CM:188.7","obo:DOID_7437 rdfs:subClassOf obo:DOID_9460","6ff948cd-6eb7-4dc9-8b24-fa5255a1ee75 owl:annotatedProperty oboInOwl:hasExactSynonym","fec7784b-815b-4ee6-8dea-9ad13d459148 rdf:type owl:Axiom","e80e7e60-4562-4a23-b189-ae6b81e76046 rdf:type owl:Axiom","73e98e63-0b74-48c0-af55-1994945a2533 oboInOwl:hasDbXref url:http://en.wikipedia.org/wiki/sinusitis","obo:DOID_11905 rdfs:subClassOf obo:DOID_1245","4796cc13-3154-41cb-bfe7-4f09e81d26e7 owl:annotatedProperty oboInOwl:hasExactSynonym","08c2917a-b29f-4ab8-911b-fcbab4d80bbf rdf:type owl:Axiom","obo:DOID_9892 oboInOwl:hasExactSynonym Harjola-Marable syndrome","98270797-fdd0-4eae-8ea5-1032a6b0723d oboInOwl:hasDbXref SNOMEDCT_2005_07_31:189174004","obo:DOID_2226 oboInOwl:hasOBONamespace disease_ontology","869a6e31-9015-4a56-9fe9-4aca55c33466 rdf:type owl:Axiom","49b4608d-a3b7-41e7-89b4-7ce890ded324 owl:annotatedSource obo:DOID_1112","0c5df937-d5ef-4d8b-b5b5-349fc2f036cc owl:annotatedTarget Scrotal squamous cell carcinoma","obo:DOID_77 oboInOwl:hasOBONamespace disease_ontology","b560085b-ac1d-43bf-87d2-e58c0461d2d0 owl:annotatedProperty obo:IAO_0000115","obo:DOID_172 oboInOwl:hasOBONamespace disease_ontology","obo:DOID_4607 oboInOwl:hasDbXref SNOMEDCT_US_2015_03_01:126853008","6905f553-699c-44fe-8d3b-64dfa944e993 owl:annotatedProperty oboInOwl:hasExactSynonym","868cf1d0-dd7a-4f51-aee0-079ef1d17718 rdf:type owl:Axiom","d89040f7-ea97-4183-89cc-6daf0f72df1e rdf:type owl:Axiom","bf86c0e5-8406-433d-a4f7-e070b7cec5b5 rdf:type owl:Axiom","1d553a59-198d-4e14-8162-49faa54cf80a owl:annotatedSource obo:DOID_6108","24facc34-4907-4d16-b6b7-f3d30c354d3e owl:annotatedProperty oboInOwl:hasExactSynonym","d6d93710-2957-4b3f-9509-d9b7bb3eb43b owl:annotatedTarget chronic constitutional pure red cell anaemia","obo:DOID_1579 oboInOwl:hasDbXref SNOMEDCT_US_2015_03_01:196057004","3795c04f-4ecd-40b9-baa4-8c91c8417ed2 owl:annotatedTarget peritoneum neoplasm","obo:DOID_7437 rdfs:label uterus perivascular epithelioid cell tumor","af470c87-16ee-406c-9884-3a16bbdfb274 owl:annotatedProperty obo:IAO_0000115","obo:DOID_172 oboInOwl:hasDbXref UMLS_CUI:C0333992","obo:DOID_12539 oboInOwl:hasOBONamespace disease_ontology","obo:DOID_845 oboInOwl:hasDbXref SNOMEDCT_US_2015_03_01:191754000","d6d93710-2957-4b3f-9509-d9b7bb3eb43b owl:annotatedSource obo:DOID_1339","6ff948cd-6eb7-4dc9-8b24-fa5255a1ee75 owl:annotatedTarget Lipoid proteinosis","obo:DOID_11019 oboInOwl:id DOID:11019","obo:DOID_11817 oboInOwl:id DOID:11817","3ecb5339-d3e5-44f9-9d1b-01f80db3b075 owl:annotatedProperty oboInOwl:hasExactSynonym","obo:DOID_4681 oboInOwl:hasExactSynonym Mucoepidermoid carcinoma of the bile duct","98270797-fdd0-4eae-8ea5-1032a6b0723d owl:annotatedSource obo:DOID_2891","ba89fa72-49fe-4241-b7ec-bd391fdb00f6 oboInOwl:hasDbXref SNOMEDCT_2005_07_31:24743004","22f36029-fcde-4cd2-84ed-d117b03c8527 owl:annotatedTarget Macular Edema","042f43cc-0e26-4a7f-814f-476062bf4d49 rdf:type owl:Axiom","09b4528f-a7d2-4f73-9e4b-1aebfb399f4b owl:annotatedTarget Persistent ostium secundum disorder","73e98e63-0b74-48c0-af55-1994945a2533 owl:annotatedSource obo:DOID_10790","obo:DOID_1792 oboInOwl:hasExactSynonym Lymphoma of pancreas","obo:DOID_11905 oboInOwl:id DOID:11905","a4759074-d3ea-41e5-8657-2b71e1dfe428 rdf:type owl:Axiom","1b3e075f-8eaf-4943-916a-19b7ea67fee2 rdf:type owl:Axiom","c2c99a1a-e92b-4a6e-95cd-59fb510c04f6 rdf:type owl:Axiom","obo:DOID_12715 oboInOwl:hasOBONamespace disease_ontology","obo:DOID_1667 rdfs:label peripheral enthesopathy","obo:DOID_845 oboInOwl:hasDbXref SNOMEDCT_US_2015_03_01:191755004","obo:DOID_4681 oboInOwl:hasDbXref NCI:C5862","obo:DOID_10334 oboInOwl:id DOID:10334","922c9279-2680-4678-91c0-17f41671b995 owl:annotatedTarget Decubitus ulcer","454f90d5-631f-48fb-8fad-c7e1423ed918 oboInOwl:hasDbXref SNOMEDCT_2005_07_31:2142002","obo:DOID_7650 oboInOwl:id DOID:7650","obo:DOID_11144 oboInOwl:inSubset doid:GOLD","454f90d5-631f-48fb-8fad-c7e1423ed918 owl:annotatedTarget nodular melanoma morphologic abnormality","obo:DOID_0060002 oboInOwl:id DOID:0060002","a76d2650-2e98-4eca-b7cd-adcd01ba679e owl:annotatedProperty oboInOwl:hasExactSynonym","dc32cfe9-d939-41a6-afa2-074a354b6c82 owl:annotatedSource obo:DOID_11855","10105f7c-a1f2-49f1-ae82-d871a507ac0b owl:annotatedSource obo:DOID_11429","3569b28e-3d71-4ad5-9966-05190bff0a6b owl:annotatedProperty obo:IAO_0000115","obo:DOID_933 rdf:type owl:Class","obo:DOID_11093 oboInOwl:hasExactSynonym bacterial diarrhea","obo:DOID_7437 oboInOwl:hasExactSynonym uterine corpus PEComa","ec0d40ae-921a-4eef-ad67-5d272d3504cb owl:annotatedTarget An adolescence-adult electroclinical syndrome starting in adolescence exhibiting generalized tonic-clonic seizures as the only seizure type.","obo:DOID_4468 oboInOwl:hasDbXref SNOMEDCT_US_2015_03_01:80727009","obo:DOID_11905 oboInOwl:hasDbXref ICD10CM:C51.0","89d2e22d-8f53-4ed5-a82a-f5e416db3120 owl:annotatedTarget tumor of nerve Root","obo:DOID_13386 oboInOwl:hasOBONamespace disease_ontology","obo:DOID_9767 rdfs:label myocardial stunning","49b4608d-a3b7-41e7-89b4-7ce890ded324 owl:annotatedTarget neck cancer","d41954b8-bb81-4148-a0a2-796f22eb6b74 rdf:type owl:Axiom","3ae01269-23dc-40c2-8ac1-6eeeb21f61c5 owl:annotatedTarget cancer of Larynx","f669e125-a54a-4535-9e4c-97069cbbd054 owl:annotatedSource obo:DOID_0050811","obo:DOID_2314 oboInOwl:hasDbXref UMLS_CUI:C0155888","obo:DOID_11144 oboInOwl:hasExactSynonym Anthrax septicemia disorder","c1c75531-72c7-4fa5-91da-14623a2d98e5 owl:annotatedProperty obo:IAO_0000115","obo:DOID_77 oboInOwl:hasDbXref SNOMEDCT_US_2015_03_01:266483008","obo:DOID_933 oboInOwl:hasExactSynonym Infection by Taenia disorder","obo:DOID_172 oboInOwl:hasDbXref NCI:C97041","1044a642-f4a3-4746-82ca-3a501c8f4e5d owl:annotatedTarget Anatomical location.","863532a9-0844-46bd-978c-386db85c4c08 owl:annotatedProperty oboInOwl:hasExactSynonym","obo:DOID_4468 obo:IAO_0000115 An adenocarcinoma that derives_from epithelial cells which have clear cytoplasm.","a7475e55-e588-4b9b-a300-81aa9d718f84 oboInOwl:hasDbXref SNOMEDCT_2005_07_31:193817005","obo:DOID_4468 oboInOwl:hasExactSynonym Water-clear cell adenocarcinoma morphologic abnormality","obo:DOID_4607 oboInOwl:hasDbXref SNOMEDCT_US_2015_03_01:93688006","f2606630-d269-431c-8036-2f8e2e1d4d18 owl:annotatedTarget Divergent Strabismus","2648fe6f-2140-43fc-ad1a-196a8db8ff94 oboInOwl:hasDbXref SNOMEDCT_2005_07_31:65875003","87788998-a64b-4efc-bc30-06f082ca0ea1 rdf:type owl:Axiom","obo:DOID_845 oboInOwl:hasDbXref SNOMEDCT_US_2015_03_01:268756002","obo:DOID_11056 oboInOwl:inSubset doid:GOLD","45ea01ee-6704-40e3-9a0d-e7be296b8d7c oboInOwl:hasDbXref SNOMEDCT_2005_07_31:54065007","0acab6f2-7764-476a-a3d5-35c5ea6be3bc rdf:type owl:Axiom","obo:DOID_14070 rdf:type owl:Class","obo:DOID_1579 oboInOwl:hasDbXref SNOMEDCT_US_2015_03_01:196184000","obo:DOID_7650 rdfs:label pulmonary type ovarian small cell carcinoma","3622e8e1-19f3-4002-8e0e-a4d24db24d99 owl:annotatedProperty oboInOwl:hasExactSynonym","a5d779e5-48f2-4942-a765-9485f91d4762 owl:annotatedTarget carcinoma of kidney Pelvis","obo:DOID_77 oboInOwl:hasExactSynonym digestive system disorder","obo:DOID_4644 oboInOwl:hasDbXref OMIM:601001","obo:DOID_933 oboInOwl:hasExactSynonym Taeniasis, unspecified","87788998-a64b-4efc-bc30-06f082ca0ea1 owl:annotatedTarget Arginase deficiency disorder","obo:DOID_757 owl:deprecated true^^http://www.w3.org/2001/XMLSchema#boolean","obo:DOID_2226 oboInOwl:hasDbXref SNOMEDCT_US_2015_03_01:115248004","obo:DOID_11056 oboInOwl:hasOBONamespace disease_ontology","obo:DOID_2402 oboInOwl:hasExactSynonym Lymphangiectasis morphologic abnormality","b560085b-ac1d-43bf-87d2-e58c0461d2d0 rdf:type owl:Axiom","af614baf-8288-4ce9-94cc-b2484e58e52b owl:annotatedSource obo:DOID_14339","obo:DOID_9855 rdfs:label syphilitic interstitial keratitis","obo:DOID_172 oboInOwl:hasDbXref MSH:D049309","obo:DOID_2226 obo:IAO_0000115 A myeloma that is characterized by a group of slow growing blood cancers in which large numbers of abnormal red blood cells, white blood cells, or platelets grow and spread in the bone marrow and the peripheral blood.","obo:DOID_9892 oboInOwl:hasDbXref ICD9CM:447.4","868cf1d0-dd7a-4f51-aee0-079ef1d17718 owl:annotatedProperty obo:IAO_0000115","0b0d1557-1ea0-4ff6-925a-02f97c5d3fb8 rdf:type owl:Axiom","09b4528f-a7d2-4f73-9e4b-1aebfb399f4b rdf:type owl:Axiom","24facc34-4907-4d16-b6b7-f3d30c354d3e owl:annotatedTarget Lipomatous hamartoma","628785f4-51a3-4f7d-8dba-72986d205076 oboInOwl:hasDbXref SNOMEDCT_2005_07_31:94122003","a76d2650-2e98-4eca-b7cd-adcd01ba679e owl:annotatedSource obo:DOID_9765","obo:DOID_1579 rdfs:label respiratory system disease","af470c87-16ee-406c-9884-3a16bbdfb274 rdf:type owl:Axiom","9639973b-5384-4343-8a5b-73452b411bc8 owl:annotatedSource obo:DOID_14270","obo:DOID_14070 rdfs:label vestibular nystagmus","7c44d654-d188-4718-a2f7-d322edcd57cd rdf:type owl:Axiom","obo:DOID_4644 oboInOwl:hasDbXref SNOMEDCT_US_2015_03_01:67144006","obo:DOID_4607 oboInOwl:hasDbXref UMLS_CUI:C0750952","obo:DOID_2314 rdfs:subClassOf obo:DOID_841","obo:DOID_5278 rdfs:label pediatric leiomyosarcoma","obo:DOID_11144 oboInOwl:hasOBONamespace disease_ontology","a76d2650-2e98-4eca-b7cd-adcd01ba679e owl:annotatedTarget Gaseous pericholecystitis","obo:DOID_9943 rdf:type owl:Class","dd829b94-22fa-4aff-94ea-9ab1628e261c owl:annotatedProperty oboInOwl:hasExactSynonym","obo:DOID_11093 oboInOwl:hasExactSynonym Gastroenteritis - bact.","2648fe6f-2140-43fc-ad1a-196a8db8ff94 owl:annotatedProperty oboInOwl:hasExactSynonym","a7475e55-e588-4b9b-a300-81aa9d718f84 rdf:type owl:Axiom","obo:DOID_11181 oboInOwl:hasDbXref SNOMEDCT_US_2015_03_01:155219009","obo:DOID_9892 rdfs:subClassOf obo:DOID_0050828","obo:DOID_757 rdfs:label thyrotoxicosis with toxic single thyroid nodule","obo:DOID_11056 rdfs:label Pasteurella hemorrhagic septicemia","obo:DOID_10209 oboInOwl:hasDbXref UMLS_CUI:C1333509","dbbd6f2b-a6d8-4cc0-a47e-6706b9cce02a owl:annotatedSource obo:DOID_65","obo:DOID_933 oboInOwl:hasAlternativeId DOID:10077","0a22dec3-271f-4b7d-8914-1401a0103622 oboInOwl:hasDbXref url:http://en.wikipedia.org/wiki/Maduromycosis","obo:DOID_11181 oboInOwl:hasDbXref ICD9CM:381.1","0a22dec3-271f-4b7d-8914-1401a0103622 oboInOwl:hasDbXref url:http://emedicine.medscape.com/article/1090738-overview","0acab6f2-7764-476a-a3d5-35c5ea6be3bc owl:annotatedSource obo:DOID_11100","714edccc-2469-4b59-b83a-8db60fac0c5a owl:annotatedProperty oboInOwl:hasExactSynonym","b560085b-ac1d-43bf-87d2-e58c0461d2d0 owl:annotatedSource obo:DOID_3042","obo:DOID_3073 oboInOwl:hasDbXref NCI:C4642","a1cc2a03-ff9f-4edd-966f-db7cafe4da39 owl:annotatedProperty oboInOwl:hasExactSynonym","obo:DOID_11181 oboInOwl:hasDbXref ICD10CM:H65.2","81f01c82-a47b-49bd-9207-a81dbb72404e owl:annotatedProperty oboInOwl:hasExactSynonym","6905f553-699c-44fe-8d3b-64dfa944e993 owl:annotatedTarget Pseudobulbar palsy disorder","042f43cc-0e26-4a7f-814f-476062bf4d49 owl:annotatedSource obo:DOID_10154","fd160771-1a8f-43e3-ad56-78ae89b80433 rdf:type owl:Axiom","8e247d51-cfae-4f5d-995c-d6f412efd90d owl:annotatedSource obo:DOID_13159","c6339785-5385-43ee-9dbf-22e4980c550d rdf:type owl:Axiom","4ede617f-8667-41a6-af38-4743bf675b0a owl:annotatedTarget AIDS-like syndrome","d6d93710-2957-4b3f-9509-d9b7bb3eb43b owl:annotatedProperty oboInOwl:hasExactSynonym","obo:DOID_172 oboInOwl:hasDbXref SNOMEDCT_US_2015_03_01:65540008","obo:DOID_4468 oboInOwl:hasDbXref UMLS_CUI:C0025490","af614baf-8288-4ce9-94cc-b2484e58e52b rdf:type owl:Axiom","1a5e2de9-a107-4c85-841c-daa4bd1edb92 oboInOwl:hasDbXref NCI2004_11_17:C3488","obo:DOID_11905 oboInOwl:hasExactSynonym malignant neoplasm of labia majora NOS disorder","obo:DOID_11181 oboInOwl:id DOID:11181","18c6b03e-f6d1-497c-a339-dc1cf66c6755 owl:annotatedTarget An esophageal disease that is characterized by an inability of the esophagus to move food toward the stomach resulting from the lower esophogeal sphincter not fully relaxing during swallowing.","obo:DOID_2226 oboInOwl:id DOID:2226","obo:DOID_4607 oboInOwl:hasDbXref MSH:D001661","6905f553-699c-44fe-8d3b-64dfa944e993 oboInOwl:hasDbXref SNOMEDCT_2005_07_31:7379000","obo:DOID_845 oboInOwl:hasDbXref SNOMEDCT_US_2015_03_01:286737005","obo:DOID_14033 rdfs:subClassOf obo:DOID_5158","af614baf-8288-4ce9-94cc-b2484e58e52b owl:annotatedTarget Paraphrenia","obo:DOID_77 oboInOwl:hasAlternativeId DOID:944","8e247d51-cfae-4f5d-995c-d6f412efd90d owl:annotatedProperty oboInOwl:hasExactSynonym","obo:DOID_845 oboInOwl:hasExactSynonym Cyclothymic personality","b745b758-dae7-47f7-ab55-b7122ccaa2ff owl:annotatedProperty oboInOwl:hasExactSynonym","obo:DOID_11093 obo:IAO_0000115 A gastroenteritis that involves inflammation of the stomach and intestines caused by bacteria. The symptoms include abdominal cramps and pain, diarrhea, loss of appetite, nausea, and vomiting.","c1c75531-72c7-4fa5-91da-14623a2d98e5 rdf:type owl:Axiom","f2606630-d269-431c-8036-2f8e2e1d4d18 rdf:type owl:Axiom","obo:DOID_3997 oboInOwl:hasOBONamespace disease_ontology","3795c04f-4ecd-40b9-baa4-8c91c8417ed2 rdf:type owl:Axiom","obo:DOID_14070 oboInOwl:hasDbXref UMLS_CUI:C0155379","ec0d40ae-921a-4eef-ad67-5d272d3504cb oboInOwl:hasDbXref url:http://www.ilae-epilepsy.org","obo:DOID_14121 rdfs:label blue toe syndrome","4796cc13-3154-41cb-bfe7-4f09e81d26e7 owl:annotatedSource obo:DOID_13402","obo:DOID_2314 oboInOwl:hasOBONamespace disease_ontology","868cf1d0-dd7a-4f51-aee0-079ef1d17718 owl:annotatedSource obo:DOID_5681","ba89fa72-49fe-4241-b7ec-bd391fdb00f6 rdf:type owl:Axiom","obo:DOID_0050223 owl:deprecated true^^http://www.w3.org/2001/XMLSchema#boolean","obo:DOID_7437 oboInOwl:hasOBONamespace disease_ontology","obo:DOID_4468 oboInOwl:hasDbXref UMLS_CUI:C0206681","obo:DOID_10334 oboInOwl:hasExactSynonym Skull and face \u0026/or face bone anomalies","d61d7ef5-9fea-4648-9845-10a21b0678f2 rdf:type owl:Axiom","obo:DOID_11232 oboInOwl:hasOBONamespace disease_ontology","3569b28e-3d71-4ad5-9966-05190bff0a6b oboInOwl:hasDbXref url:http://www.cdc.gov/ncidod/dvrd/prions/","454f90d5-631f-48fb-8fad-c7e1423ed918 owl:annotatedProperty oboInOwl:hasExactSynonym","d89040f7-ea97-4183-89cc-6daf0f72df1e oboInOwl:hasDbXref NCI2004_11_17:C27585","042f43cc-0e26-4a7f-814f-476062bf4d49 owl:annotatedProperty obo:IAO_0000115","obo:DOID_4468 rdfs:subClassOf obo:DOID_299","obo:DOID_11019 oboInOwl:hasOBONamespace disease_ontology","obo:DOID_9943 oboInOwl:id DOID:9943","4a1f7ce8-7f15-46ef-ade4-135eb33c13fb owl:annotatedTarget TARDBP-related frontotemporal lobar degeneration with TDP43 inclusions","a4759074-d3ea-41e5-8657-2b71e1dfe428 owl:annotatedProperty obo:IAO_0000115","obo:DOID_3073 oboInOwl:id DOID:3073","443678ef-5ecd-468f-9642-1d60bbcddc40 oboInOwl:hasDbXref url:http://www.merck.com/mmpe/sec14/ch171/ch171c.html?qt\u003dstaphylococcus\u0026alt\u003dsh#S14_CH171_T001","c6339785-5385-43ee-9dbf-22e4980c550d owl:annotatedSource obo:DOID_12451","obo:DOID_3073 oboInOwl:hasOBONamespace disease_ontology","obo:DOID_10334 oboInOwl:hasExactSynonym Skull or face bone anomaly NOS","0e71f09d-b6c2-4f96-8476-8e7e0f2afc1c rdf:type owl:Axiom","obo:DOID_0050311 owl:deprecated true^^http://www.w3.org/2001/XMLSchema#boolean","obo:DOID_77 oboInOwl:hasExactSynonym gastrointestinal disorder","obo:DOID_9855 oboInOwl:id DOID:9855","obo:DOID_11905 rdfs:label labium majus cancer","obo:DOID_9767 oboInOwl:hasDbXref UMLS_CUI:C0206146","714edccc-2469-4b59-b83a-8db60fac0c5a oboInOwl:hasDbXref SNOMEDCT_2005_07_31:189505009","3569b28e-3d71-4ad5-9966-05190bff0a6b rdf:type owl:Axiom","obo:DOID_2402 oboInOwl:hasOBONamespace disease_ontology","obo:DOID_7650 oboInOwl:hasOBONamespace disease_ontology","obo:DOID_4556 oboInOwl:hasDbXref SNOMEDCT_US_2015_03_01:254629004","obo:DOID_4644 rdfs:subClassOf obo:DOID_2730","obo:DOID_4607 obo:IAO_0000115 A gastrointestinal system cancer that results_in malignant growth located_in the gallbladder or located_in the bile duct.","a5d779e5-48f2-4942-a765-9485f91d4762 owl:annotatedProperty oboInOwl:hasExactSynonym","obo:DOID_14121 oboInOwl:id DOID:14121","4e25ab9f-b29d-47eb-9d10-8c930ae1c41b owl:annotatedProperty oboInOwl:hasExactSynonym","0a22dec3-271f-4b7d-8914-1401a0103622 owl:annotatedTarget A dermatomycosis that effects skin and subcutaneous tissue located_in foot, located_in trunk, located_in buttocks, located_in eyelids, located_in lacrimal glands, located_in paranasal sinuses, located_in mandible, located_in scalp, located_in neck, located_in perineum, or located_in testes and has_symptom sinus discharge and results_in_formation_of nodules.","1044a642-f4a3-4746-82ca-3a501c8f4e5d owl:annotatedSource doid:located_in","bf86c0e5-8406-433d-a4f7-e070b7cec5b5 owl:annotatedSource obo:DOID_8654","3795c04f-4ecd-40b9-baa4-8c91c8417ed2 owl:annotatedProperty oboInOwl:hasExactSynonym","c15fd089-dff3-4e8e-949e-f1dc98938790 owl:annotatedTarget Ganglioneuroblastoma morphologic abnormality","3622e8e1-19f3-4002-8e0e-a4d24db24d99 owl:annotatedTarget Sjogren Larsson syndrome","f2606630-d269-431c-8036-2f8e2e1d4d18 owl:annotatedProperty oboInOwl:hasExactSynonym","obo:DOID_11817 oboInOwl:hasDbXref UMLS_CUI:C0153615","obo:DOID_7613 oboInOwl:hasOBONamespace disease_ontology","obo:DOID_5491 rdf:type owl:Class","b745b758-dae7-47f7-ab55-b7122ccaa2ff rdf:type owl:Axiom","obo:DOID_1792 rdfs:subClassOf obo:DOID_1793","39b7d47d-54fb-4075-9188-bd02d5fcf6c5 rdf:type owl:Axiom","a7475e55-e588-4b9b-a300-81aa9d718f84 owl:annotatedSource obo:DOID_11030","8e247d51-cfae-4f5d-995c-d6f412efd90d rdf:type owl:Axiom","obo:DOID_14033 oboInOwl:hasDbXref UMLS_CUI:C0153496","obo:DOID_11056 oboInOwl:id DOID:11056","obo:DOID_12539 oboInOwl:hasExactSynonym Venereal disease of the anus and rectum due to Chlamydia trachomatis","922c9279-2680-4678-91c0-17f41671b995 owl:annotatedSource obo:DOID_8717","obo:DOID_4607 rdf:type owl:Class","obo:DOID_12539 oboInOwl:inSubset doid:sexually_transmitted_infectious_disease","obo:DOID_10334 oboInOwl:hasExactSynonym Congenital anomalies of skull and face bones","obo:DOID_1579 oboInOwl:hasDbXref UMLS_CUI:C0029582","93891fa4-8b3f-4011-a2cc-1f769b6f91c8 owl:annotatedTarget Alexanders disease disorder","244f27d2-a000-44bd-b069-7e2a187e62b0 owl:annotatedTarget adenocarcinoma in adenomatous polyp morphologic abnormality","0b0d1557-1ea0-4ff6-925a-02f97c5d3fb8 owl:annotatedTarget tumor of the Iris","af614baf-8288-4ce9-94cc-b2484e58e52b owl:annotatedProperty oboInOwl:hasExactSynonym","0e71f09d-b6c2-4f96-8476-8e7e0f2afc1c owl:annotatedTarget Eosinophil adenoma","a1cc2a03-ff9f-4edd-966f-db7cafe4da39 owl:annotatedSource obo:DOID_222","454f90d5-631f-48fb-8fad-c7e1423ed918 rdf:type owl:Axiom","d61d7ef5-9fea-4648-9845-10a21b0678f2 owl:annotatedProperty oboInOwl:hasExactSynonym","c15fd089-dff3-4e8e-949e-f1dc98938790 oboInOwl:hasDbXref SNOMEDCT_2005_07_31:69515008","obo:DOID_7613 rdfs:subClassOf obo:DOID_7614","obo:DOID_4644 oboInOwl:hasExactSynonym Epidermolysis bullosa simplex","obo:DOID_11056 owl:deprecated true^^http://www.w3.org/2001/XMLSchema#boolean","0fe0d5ca-7ad3-4440-b50a-7b5144f16a58 oboInOwl:hasDbXref MTH:003","obo:DOID_757 oboInOwl:hasOBONamespace disease_ontology","obo:DOID_11144 oboInOwl:inSubset doid:gram-positive_bacterial_infectious_disease","ba89fa72-49fe-4241-b7ec-bd391fdb00f6 owl:annotatedProperty oboInOwl:hasExactSynonym","obo:DOID_4468 oboInOwl:hasDbXref UMLS_CUI:C0334322","8e247d51-cfae-4f5d-995c-d6f412efd90d owl:annotatedTarget squamous cell carcinoma of scrotum disorder","39b7d47d-54fb-4075-9188-bd02d5fcf6c5 owl:annotatedSource obo:DOID_672","obo:DOID_845 oboInOwl:hasOBONamespace disease_ontology","obo:DOID_845 oboInOwl:hasDbXref UMLS_CUI:C0010598","obo:DOID_172 rdfs:label clear cell acanthoma","0e71f09d-b6c2-4f96-8476-8e7e0f2afc1c owl:annotatedProperty oboInOwl:hasExactSynonym","obo:DOID_933 oboInOwl:hasExactSynonym Cestode infestation","obo:DOID_933 oboInOwl:hasExactSynonym Taeniasis, unspecified disorder","d6d93710-2957-4b3f-9509-d9b7bb3eb43b oboInOwl:hasDbXref SNOMEDCT_2005_07_31:188588001","7c44d654-d188-4718-a2f7-d322edcd57cd oboInOwl:hasDbXref SNOMEDCT_2005_07_31:309808004","a1cc2a03-ff9f-4edd-966f-db7cafe4da39 oboInOwl:hasDbXref SNOMEDCT_2005_07_31:34129005","1a5e2de9-a107-4c85-841c-daa4bd1edb92 owl:annotatedTarget pancreatic WDHA syndrome","af614baf-8288-4ce9-94cc-b2484e58e52b oboInOwl:hasDbXref SNOMEDCT_2005_07_31:268748000","4e25ab9f-b29d-47eb-9d10-8c930ae1c41b oboInOwl:hasDbXref SNOMEDCT_2005_07_31:111567006","81f01c82-a47b-49bd-9207-a81dbb72404e owl:annotatedSource obo:DOID_8692","87f21266-a487-4c79-9830-ecde1b336fe7 oboInOwl:hasDbXref SNOMEDCT_2005_07_31:46699001","obo:DOID_11144 owl:deprecated true^^http://www.w3.org/2001/XMLSchema#boolean","obo:DOID_13386 oboInOwl:inSubset doid:zoonotic_infectious_disease","obo:DOID_9892 rdf:type owl:Class","4e25ab9f-b29d-47eb-9d10-8c930ae1c41b rdf:type owl:Axiom","obo:DOID_10510 obo:IAO_0000115 A viral infectious disease that results_in inflammation located_in lung, has_material_basis_in Influenza A virus, has_material_basis_in Influenza B virus, or has_material_basis_in Influenza C virus, which can directly damage the respiratory epithelium, allowing free access to invading bacteria. The mucous membranes are covered with foamy, bloody fluid from the pulmonary edema in the more acute cases. Interstitial fibrosis has been observed. The infection has_symptom cough, has_symptom pain in the chest and throughout body, has_symptom headache, has_symptom weakness, and has_symptom chills.","a5d779e5-48f2-4942-a765-9485f91d4762 rdf:type owl:Axiom","0e71f09d-b6c2-4f96-8476-8e7e0f2afc1c owl:annotatedSource obo:DOID_5392","a452b827-4502-4833-8bca-2ad06a11cb1f owl:annotatedSource obo:DOID_2251","obo:DOID_13386 obo:IAO_0000115 An anthrax disease that results_in infection located_in mucosa of gastrointestinal tract, has_material_basis_in Bacillus anthracis, which is transmitted_by ingestion of anthrax-infected meat. The infection has_symptom lesions, has_symptom vomiting of blood, has_symptom severe diarrhea, has_symptom loss of appetite.","3622e8e1-19f3-4002-8e0e-a4d24db24d99 oboInOwl:hasDbXref CSP2005:1840-2225","obo:DOID_1579 oboInOwl:hasDbXref ICD10CM:J98","b560085b-ac1d-43bf-87d2-e58c0461d2d0 owl:annotatedTarget A contact dermititis that is an allergic skin reaction to foreign chemical or substances leading to red, itchy, weepy reaction where the skin has come into contact with a substance that the immune system recognizes as foreign.","b745b758-dae7-47f7-ab55-b7122ccaa2ff owl:annotatedTarget symphalangy disorder","b789b7b7-4671-486f-837e-136d6b0e3d2d owl:annotatedSource obo:DOID_14021","obo:DOID_933 oboInOwl:hasExactSynonym teniasis","c6339785-5385-43ee-9dbf-22e4980c550d oboInOwl:hasDbXref SNOMEDCT_2005_07_31:32117000","obo:DOID_0050223 oboInOwl:hasOBONamespace disease_ontology","obo:DOID_4644 oboInOwl:hasExactSynonym Epidermolysis bullosa simplex disorder","obo:DOID_11144 oboInOwl:id DOID:11144","cc6ca27a-1789-4ebc-a181-42259617ecf4 oboInOwl:hasDbXref SNOMEDCT_2005_07_31:267796002","obo:DOID_14033 oboInOwl:id DOID:14033","b6e19337-7314-486e-beb8-2a7a6d83700f owl:annotatedSource obo:DOID_4440","a76d2650-2e98-4eca-b7cd-adcd01ba679e oboInOwl:hasDbXref SNOMEDCT_2005_07_31:95558008","7c44d654-d188-4718-a2f7-d322edcd57cd owl:annotatedSource obo:DOID_8564","obo:DOID_9855 rdf:type owl:Class","3622e8e1-19f3-4002-8e0e-a4d24db24d99 rdf:type owl:Axiom","obo:DOID_1579 oboInOwl:hasDbXref ICD9CM:510-519.99","obo:DOID_845 rdfs:subClassOf obo:DOID_3312","obo:DOID_0060002 rdf:type owl:Class","0acab6f2-7764-476a-a3d5-35c5ea6be3bc owl:annotatedTarget Infection due to Coxiella burnetii disorder","7c44d654-d188-4718-a2f7-d322edcd57cd owl:annotatedProperty oboInOwl:hasExactSynonym","obo:DOID_12539 oboInOwl:inSubset doid:gram-negative_bacterial_infectious_disease","obo:DOID_77 oboInOwl:hasExactSynonym GIT disease","obo:DOID_2402 oboInOwl:id DOID:2402","09b4528f-a7d2-4f73-9e4b-1aebfb399f4b owl:annotatedProperty oboInOwl:hasExactSynonym","obo:DOID_4681 oboInOwl:id DOID:4681","0b0d1557-1ea0-4ff6-925a-02f97c5d3fb8 owl:annotatedProperty oboInOwl:hasExactSynonym","7516b034-c1b0-4765-aae4-d67a5dab5eed oboInOwl:hasDbXref url:http://en.wikipedia.org/wiki/Adenosquamous_carcinoma","98270797-fdd0-4eae-8ea5-1032a6b0723d owl:annotatedTarget adenoma of thyroid gland","obo:DOID_3997 owl:deprecated true^^http://www.w3.org/2001/XMLSchema#boolean","obo:DOID_10510 oboInOwl:id DOID:10510","obo:DOID_14070 oboInOwl:hasDbXref ICD9CM:379.54","obo:DOID_5278 rdf:type owl:Class","4bd24079-10cb-4bb7-a6a8-d7350b60ca62 oboInOwl:hasDbXref NCI2004_11_17:C3031","obo:DOID_1579 rdf:type owl:Class","2648fe6f-2140-43fc-ad1a-196a8db8ff94 rdf:type owl:Axiom","a7475e55-e588-4b9b-a300-81aa9d718f84 owl:annotatedProperty oboInOwl:hasExactSynonym","869a6e31-9015-4a56-9fe9-4aca55c33466 owl:annotatedSource obo:DOID_11249","cfceaca9-8601-4250-9fb3-b1bc7167af8a oboInOwl:hasDbXref SNOMEDCT_2005_07_31:266160004","dd829b94-22fa-4aff-94ea-9ab1628e261c rdf:type owl:Axiom","obo:DOID_2402 owl:deprecated true^^http://www.w3.org/2001/XMLSchema#boolean","obo:DOID_1579 rdfs:subClassOf obo:DOID_7","c1c75531-72c7-4fa5-91da-14623a2d98e5 owl:annotatedSource obo:DOID_9786","obo:DOID_3073 oboInOwl:hasDbXref UMLS_CUI:C0349543","d6d93710-2957-4b3f-9509-d9b7bb3eb43b rdf:type owl:Axiom","obo:DOID_10209 oboInOwl:id DOID:10209","obo:DOID_845 oboInOwl:hasDbXref SNOMEDCT_US_2015_03_01:191752001","obo:DOID_11019 owl:deprecated true^^http://www.w3.org/2001/XMLSchema#boolean","c6339785-5385-43ee-9dbf-22e4980c550d owl:annotatedProperty oboInOwl:hasExactSynonym","obo:DOID_9892 rdfs:label median arcuate ligament syndrome","obo:DOID_9767 rdf:type owl:Class","f669e125-a54a-4535-9e4c-97069cbbd054 rdf:type owl:Axiom","obo:DOID_1579 oboInOwl:hasDbXref ICD10CM:J96-J99","4ede617f-8667-41a6-af38-4743bf675b0a oboInOwl:hasDbXref MTHICD9_2006:042","obo:DOID_2314 oboInOwl:hasExactSynonym Malt-workers lung disorder","81f01c82-a47b-49bd-9207-a81dbb72404e rdf:type owl:Axiom","obo:DOID_0050311 oboInOwl:hasOBONamespace disease_ontology","obo:DOID_11093 oboInOwl:id DOID:11093","obo:DOID_10209 rdfs:subClassOf obo:DOID_0050625","obo:DOID_4468 oboInOwl:hasExactSynonym malignant Mesonephroma","73e98e63-0b74-48c0-af55-1994945a2533 rdf:type owl:Axiom","obo:DOID_10334 oboInOwl:hasExactSynonym Skull or face bone anomaly NOS disorder","a1cc2a03-ff9f-4edd-966f-db7cafe4da39 rdf:type owl:Axiom","obo:DOID_0060002 oboInOwl:hasExactSynonym Quincke edema","714edccc-2469-4b59-b83a-8db60fac0c5a rdf:type owl:Axiom","89d2e22d-8f53-4ed5-a82a-f5e416db3120 oboInOwl:hasDbXref NCI2004_11_17:C5119","obo:DOID_3073 oboInOwl:hasDbXref SNOMEDCT_US_2015_03_01:276828006","obo:DOID_2226 oboInOwl:hasExactSynonym CMPD, U","obo:DOID_1667 rdf:type owl:Class","ec0d40ae-921a-4eef-ad67-5d272d3504cb owl:annotatedSource obo:DOID_7725"],"InferredAxioms":["obo:DOID_841 rdf:type rdfs:Class","obo:DOID_7613 rdf:type rdfs:Class","obo:DOID_2314 rdf:type rdfs:Resource","obo:DOID_7437 rdf:type rdfs:Resource","rdf:object rdfs:domain rdf:Statement","obo:DOID_1242 rdf:type rdfs:Class","obo:DOID_1793 rdf:type rdfs:Resource","rdf:Bag rdfs:subClassOf rdf:Bag","obo:DOID_0050625 rdf:type rdfs:Resource","obo:DOID_3312 rdf:type rdfs:Class","obo:DOID_13386 rdfs:subClassOf obo:DOID_13386","obo:DOID_11054 rdfs:subClassOf obo:DOID_11054","obo:DOID_172 rdfs:subClassOf obo:DOID_172","obo:DOID_11232 rdf:type rdfs:Resource","obo:DOID_0060002 rdf:type rdfs:Resource","obo:DOID_1461 rdf:type rdfs:Class","rdfs:Resource rdf:type rdfs:Class","rdf:XMLLiteral rdf:type rdfs:Datatype","rdf:XMLLiteral rdf:type rdfs:Class","obo:DOID_4468 rdf:type rdfs:Class","obo:DOID_0050828 rdfs:subClassOf obo:DOID_0050828","rdfs:domain rdfs:domain rdf:Property","rdf:first rdfs:domain rdf:List","rdf:predicate rdfs:domain rdf:Statement","obo:DOID_7614 rdf:type rdfs:Class","obo:DOID_4607 rdfs:subClassOf obo:DOID_4607","obo:DOID_0070004 rdfs:subClassOf obo:DOID_0070004","rdfs:domain rdf:type rdfs:Resource","obo:DOID_2730 rdf:type rdfs:Resource","obo:DOID_7427 rdf:type rdfs:Class","obo:DOID_845 rdf:type rdfs:Class","rdfs:subPropertyOf rdfs:range rdf:Property","obo:DOID_9460 rdfs:subClassOf obo:DOID_9460","rdf:Seq rdf:type rdfs:Class","obo:DOID_1579 rdf:type rdfs:Resource","rdf:predicate rdfs:subPropertyOf rdf:predicate","obo:DOID_0060108 rdfs:subClassOf obo:DOID_0060108","obo:DOID_5158 rdf:type rdfs:Resource","obo:DOID_7650 rdf:type rdfs:Resource","obo:DOID_4681 rdf:type rdfs:Class","rdf:Alt rdfs:subClassOf rdf:Alt","obo:DOID_2226 rdf:type rdfs:Class","owl:Class rdf:type rdfs:Resource","obo:DOID_1792 rdf:type rdfs:Class","obo:DOID_626 rdf:type rdfs:Class","rdfs:domain rdf:type rdf:Property","obo:DOID_77 rdf:type rdfs:Class","obo:DOID_9767 rdf:type rdfs:Resource","obo:DOID_172 rdf:type rdfs:Class","rdfs:subClassOf rdf:type rdfs:Resource","obo:DOID_299 rdf:type rdfs:Resource","rdf:rest rdfs:range rdf:List","obo:DOID_1245 rdfs:subClassOf obo:DOID_1245","rdf:first rdfs:subPropertyOf rdf:first","obo:DOID_4556 rdfs:subClassOf obo:DOID_4556","obo:DOID_3073 rdf:type rdfs:Resource","obo:DOID_0070004 rdf:type rdfs:Class","obo:DOID_3119 rdfs:subClassOf obo:DOID_3119","rdf:Alt rdf:type rdfs:Class","rdf:List rdf:type rdfs:Class","rdfs:subClassOf rdf:type rdf:Property","obo:DOID_3119 rdf:type rdfs:Class","obo:DOID_1245 rdf:type rdfs:Class","obo:DOID_14070 rdf:type rdfs:Resource","rdf:Bag rdfs:subClassOf rdfs:Container","rdf:Property rdfs:subClassOf rdfs:Resource","obo:DOID_0060108 rdf:type rdfs:Resource","rdf:predicate rdf:type rdf:Property","obo:DOID_4644 rdf:type rdfs:Class","obo:DOID_14121 rdf:type rdfs:Class","obo:DOID_3908 rdfs:subClassOf obo:DOID_3908","rdf:Statement rdf:type rdfs:Resource","rdf:Bag rdf:type rdfs:Resource","obo:DOID_11232 rdfs:subClassOf obo:DOID_11232","obo:DOID_11181 rdf:type rdfs:Class","rdf:object rdfs:subPropertyOf rdf:object","rdf:nil rdf:type rdf:List","rdfs:comment rdfs:range rdfs:Literal","obo:DOID_11054 rdf:type rdfs:Resource","owl:Axiom rdf:type rdfs:Class","rdf:predicate rdf:type rdfs:Resource","obo:DOID_0050828 rdf:type rdfs:Resource","rdf:Property rdfs:subClassOf rdf:Property","obo:DOID_11180 rdf:type rdfs:Class","obo:DOID_4607 rdf:type rdfs:Resource","rdf:object rdf:type rdfs:Resource","obo:DOID_0060002 rdfs:subClassOf obo:DOID_0060002","rdfs:Container rdf:type rdfs:Class","obo:DOID_6179 rdf:type rdfs:Resource","obo:DOID_7427 rdfs:subClassOf obo:DOID_7427","obo:DOID_845 rdfs:subClassOf obo:DOID_845","obo:DOID_5844 rdf:type rdfs:Class","rdf:Statement rdfs:subClassOf rdfs:Resource","obo:DOID_10209 rdf:type rdfs:Class","obo:DOID_14033 rdf:type rdfs:Class","rdfs:isDefinedBy rdfs:subPropertyOf rdfs:seeAlso","rdf:Seq rdfs:subClassOf rdf:Seq","rdf:object rdf:type rdf:Property","rdf:Property rdf:type rdfs:Resource","rdfs:Literal rdf:type rdfs:Class","obo:DOID_77 rdfs:subClassOf obo:DOID_77","rdfs:Class rdfs:subClassOf rdfs:Class","obo:DOID_4897 rdfs:subClassOf obo:DOID_4897","obo:DOID_7437 rdfs:subClassOf obo:DOID_7437","rdfs:subClassOf rdfs:range rdfs:Class","obo:DOID_626 rdfs:subClassOf obo:DOID_626","obo:DOID_11817 rdf:type rdfs:Resource","obo:DOID_13386 rdf:type rdfs:Class","obo:DOID_7 rdf:type rdfs:Resource","rdfs:Datatype rdf:type rdfs:Resource","obo:DOID_1792 rdfs:subClassOf obo:DOID_1792","obo:DOID_2314 rdfs:subClassOf obo:DOID_2314","obo:DOID_4556 rdf:type rdfs:Class","rdfs:ContainerMembershipProperty rdf:type rdfs:Resource","obo:DOID_6179 rdfs:subClassOf obo:DOID_6179","obo:DOID_9460 rdf:type rdfs:Class","rdf:rest rdf:type rdf:Property","obo:DOID_9892 rdf:type rdfs:Resource","obo:DOID_3908 rdf:type rdfs:Class","rdfs:seeAlso rdf:type rdfs:Resource","rdfs:comment rdf:type rdfs:Resource","obo:DOID_2226 rdfs:subClassOf obo:DOID_2226","rdfs:domain rdfs:range rdfs:Class","obo:DOID_0050625 rdfs:subClassOf obo:DOID_0050625","obo:DOID_4897 rdf:type rdfs:Class","rdfs:Class rdf:type rdfs:Class","obo:DOID_11230 rdf:type rdfs:Resource","obo:DOID_4681 rdfs:subClassOf obo:DOID_4681","rdf:rest rdf:type rdfs:Resource","obo:DOID_1793 rdfs:subClassOf obo:DOID_1793","obo:DOID_11905 rdf:type rdfs:Resource","rdfs:seeAlso rdf:type rdf:Property","rdfs:comment rdf:type rdf:Property","rdfs:ContainerMembershipProperty rdfs:subClassOf rdf:Property","obo:DOID_3165 rdf:type rdfs:Resource","obo:DOID_3073 rdfs:subClassOf obo:DOID_3073","obo:DOID_5844 rdf:type rdfs:Resource","obo:DOID_6179 rdf:type rdfs:Class","rdf:nil rdf:type rdfs:Resource","rdfs:Container rdf:type rdfs:Resource","obo:DOID_11180 rdfs:subClassOf obo:DOID_11180","rdf:subject rdf:type rdf:Property","rdf:Seq rdfs:subClassOf rdfs:Container","obo:DOID_14033 rdf:type rdfs:Resource","rdf:rest rdfs:domain rdf:List","rdf:subject rdf:type rdfs:Resource","obo:DOID_10209 rdf:type rdfs:Resource","rdfs:isDefinedBy rdfs:subPropertyOf rdfs:isDefinedBy","rdf:Property rdf:type rdfs:Class","obo:DOID_7614 rdfs:subClassOf obo:DOID_7614","obo:DOID_4644 rdf:type rdfs:Resource","obo:DOID_14121 rdf:type rdfs:Resource","obo:DOID_0060108 rdf:type rdfs:Class","obo:DOID_299 rdfs:subClassOf obo:DOID_299","obo:DOID_11817 rdfs:subClassOf obo:DOID_11817","rdf:Statement rdf:type rdfs:Class","rdfs:label rdf:type rdf:Property","obo:DOID_11054 rdf:type rdfs:Class","rdfs:label rdf:type rdfs:Resource","obo:DOID_9767 rdfs:subClassOf obo:DOID_9767","obo:DOID_11181 rdf:type rdfs:Resource","rdf:Bag rdf:type rdfs:Class","rdf:Alt rdfs:subClassOf rdfs:Container","obo:DOID_11180 rdf:type rdfs:Resource","obo:DOID_4607 rdf:type rdfs:Class","obo:DOID_11181 rdfs:subClassOf obo:DOID_11181","rdfs:subPropertyOf rdfs:domain rdf:Property","obo:DOID_0050828 rdf:type rdfs:Class","owl:Axiom rdf:type rdfs:Resource","obo:DOID_3908 rdf:type rdfs:Resource","rdfs:label rdfs:range rdfs:Literal","obo:DOID_9892 rdf:type rdfs:Class","rdfs:Datatype rdfs:subClassOf rdfs:Datatype","rdfs:Datatype rdfs:subClassOf rdfs:Class","rdfs:subPropertyOf rdf:type rdf:Property","obo:DOID_7 rdfs:subClassOf obo:DOID_7","obo:DOID_11230 rdf:type rdfs:Class","rdfs:Class rdf:type rdfs:Resource","obo:DOID_4897 rdf:type rdfs:Resource","rdfs:range rdfs:range rdfs:Class","rdfs:subPropertyOf rdf:type rdfs:Resource","rdfs:Literal rdfs:subClassOf rdfs:Resource","obo:DOID_3165 rdf:type rdfs:Class","obo:DOID_14070 rdfs:subClassOf obo:DOID_14070","obo:DOID_11905 rdf:type rdfs:Class","obo:DOID_4468 rdfs:subClassOf obo:DOID_4468","rdfs:Literal rdf:type rdfs:Resource","rdf:type rdf:type rdf:Property","obo:DOID_11817 rdf:type rdfs:Class","obo:DOID_13386 rdf:type rdfs:Resource","rdfs:Class rdfs:subClassOf rdfs:Resource","obo:DOID_4556 rdf:type rdfs:Resource","rdfs:ContainerMembershipProperty rdfs:subClassOf rdfs:ContainerMembershipProperty","obo:DOID_7 rdf:type rdfs:Class","rdfs:Datatype rdf:type rdfs:Class","obo:DOID_9460 rdf:type rdfs:Resource","obo:DOID_14121 rdfs:subClassOf obo:DOID_14121","rdfs:ContainerMembershipProperty rdf:type rdfs:Class","rdf:type rdf:type rdfs:Resource","obo:DOID_4644 rdfs:subClassOf obo:DOID_4644","obo:DOID_4468 rdf:type rdfs:Resource","rdf:XMLLiteral rdf:type rdfs:Resource","obo:DOID_14033 rdfs:subClassOf obo:DOID_14033","rdfs:isDefinedBy rdf:type rdfs:Resource","obo:DOID_1461 rdfs:subClassOf obo:DOID_1461","obo:DOID_2730 rdfs:subClassOf obo:DOID_2730","obo:DOID_7614 rdf:type rdfs:Resource","rdfs:range rdfs:domain rdf:Property","rdfs:isDefinedBy rdf:type rdf:Property","obo:DOID_10209 rdfs:subClassOf obo:DOID_10209","obo:DOID_7437 rdf:type rdfs:Class","obo:DOID_2314 rdf:type rdfs:Class","obo:DOID_7613 rdf:type rdfs:Resource","obo:DOID_841 rdf:type rdfs:Resource","obo:DOID_0050625 rdf:type rdfs:Class","obo:DOID_3312 rdf:type rdfs:Resource","obo:DOID_1793 rdf:type rdfs:Class","obo:DOID_1242 rdf:type rdfs:Resource","obo:DOID_1579 rdfs:subClassOf obo:DOID_1579","obo:DOID_11232 rdf:type rdfs:Class","rdfs:subClassOf rdfs:domain rdfs:Class","rdf:rest rdfs:subPropertyOf rdf:rest","obo:DOID_9892 rdfs:subClassOf obo:DOID_9892","rdfs:Resource rdf:type rdfs:Resource","rdf:subject rdfs:domain rdf:Statement","obo:DOID_1461 rdf:type rdfs:Resource","obo:DOID_0060002 rdf:type rdfs:Class","obo:DOID_1242 rdfs:subClassOf obo:DOID_1242","obo:DOID_299 rdf:type rdfs:Class","obo:DOID_172 rdf:type rdfs:Resource","obo:DOID_9767 rdf:type rdfs:Class","rdf:first rdf:type rdfs:Resource","obo:DOID_0070004 rdf:type rdfs:Resource","obo:DOID_7650 rdfs:subClassOf obo:DOID_7650","obo:DOID_3073 rdf:type rdfs:Class","obo:DOID_5158 rdfs:subClassOf obo:DOID_5158","obo:DOID_3312 rdfs:subClassOf obo:DOID_3312","rdfs:seeAlso rdfs:subPropertyOf rdfs:seeAlso","rdf:type rdfs:range rdfs:Class","obo:DOID_11905 rdfs:subClassOf obo:DOID_11905","rdf:Alt rdf:type rdfs:Resource","rdf:first rdf:type rdf:Property","obo:DOID_14070 rdf:type rdfs:Class","obo:DOID_3119 rdf:type rdfs:Resource","obo:DOID_1245 rdf:type rdfs:Resource","obo:DOID_3165 rdfs:subClassOf obo:DOID_3165","rdf:List rdf:type rdfs:Resource","rdfs:range rdf:type rdf:Property","rdf:List rdfs:subClassOf rdfs:Resource","rdf:subject rdfs:subPropertyOf rdf:subject","rdf:Seq rdf:type rdfs:Resource","rdfs:Container rdfs:subClassOf rdfs:Container","obo:DOID_2730 rdf:type rdfs:Class","obo:DOID_7427 rdf:type rdfs:Resource","obo:DOID_845 rdf:type rdfs:Resource","obo:DOID_841 rdfs:subClassOf obo:DOID_841","obo:DOID_7613 rdfs:subClassOf obo:DOID_7613","obo:DOID_1579 rdf:type rdfs:Class","obo:DOID_2226 rdf:type rdfs:Resource","obo:DOID_4681 rdf:type rdfs:Resource","obo:DOID_5844 rdfs:subClassOf obo:DOID_5844","obo:DOID_5158 rdf:type rdfs:Class","obo:DOID_11230 rdfs:subClassOf obo:DOID_11230","obo:DOID_7650 rdf:type rdfs:Class","obo:DOID_77 rdf:type rdfs:Resource","obo:DOID_626 rdf:type rdfs:Resource","rdfs:range rdf:type rdfs:Resource","obo:DOID_1792 rdf:type rdfs:Resource","owl:Class rdf:type rdfs:Class"],"InvalidAxioms":["owl:Class rdfs:subClassOf obo:DOID_4644","rdfs:Class rdfs:subClassOf obo:DOID_9892","rdf:List rdfs:subClassOf obo:DOID_2730","rdfs:comment rdfs:subClassOf rdfs:Container","rdfs:subClassOf rdfs:domain rdf:Property","rdf:predicate rdfs:subClassOf obo:DOID_7614","obo:DOID_9892 rdfs:subPropertyOf rdf:subject","owl:Axiom rdfs:subClassOf obo:DOID_1792","obo:DOID_4897 rdfs:subPropertyOf rdf:rest","obo:DOID_4607 rdfs:subClassOf obo:DOID_11232","obo:DOID_10209 rdfs:subPropertyOf rdfs:seeAlso","obo:DOID_11232 rdfs:subClassOf rdfs:Resource","obo:DOID_77 rdfs:subClassOf obo:DOID_172","rdfs:isDefinedBy rdf:type rdfs:Class","obo:DOID_0050625 rdfs:subClassOf rdfs:Resource","rdf:predicate rdfs:range rdfs:Class","rdfs:seeAlso rdfs:subPropertyOf rdf:predicate","obo:DOID_3073 rdfs:subClassOf obo:DOID_4644","rdf:rest rdfs:subClassOf obo:DOID_7437","obo:DOID_1245 rdfs:domain rdf:List","obo:DOID_1793 rdfs:subClassOf rdfs:Resource","obo:DOID_11181 rdfs:subClassOf obo:DOID_4681","obo:DOID_172 rdfs:subClassOf obo:DOID_1579","obo:DOID_1579 rdfs:subClassOf obo:DOID_6179","rdf:Property rdfs:subClassOf obo:DOID_11054","obo:DOID_11054 rdfs:subClassOf obo:DOID_4607","obo:DOID_13386 rdfs:subClassOf obo:DOID_11905","obo:DOID_3119 rdfs:subClassOf rdfs:Class","obo:DOID_6179 rdfs:subClassOf rdfs:Container","obo:DOID_3119 rdfs:subClassOf obo:DOID_5158","rdfs:subClassOf rdfs:subClassOf rdf:Property","obo:DOID_7437 rdfs:subClassOf obo:DOID_7613","rdfs:seeAlso rdfs:domain rdf:Statement","rdfs:seeAlso rdfs:range rdfs:Class","obo:DOID_7 rdfs:subClassOf obo:DOID_11054","obo:DOID_0070004 rdfs:subClassOf obo:DOID_7650","rdfs:range rdfs:subPropertyOf rdf:first","rdf:rest rdfs:domain rdf:Statement","rdf:type rdfs:subClassOf obo:DOID_3165","obo:DOID_299 rdfs:subClassOf rdfs:Resource","obo:DOID_11817 rdfs:range rdf:List","rdfs:range rdf:type rdfs:Class","rdf:first rdfs:subClassOf rdfs:Class","rdf:first rdf:type rdfs:Class","obo:DOID_14070 rdf:type rdf:Property","rdfs:subPropertyOf rdfs:subPropertyOf rdfs:seeAlso","obo:DOID_11817 rdfs:range rdfs:Class","obo:DOID_3908 rdfs:subClassOf obo:DOID_3165","rdfs:seeAlso rdfs:subClassOf obo:DOID_7614","rdfs:label rdfs:subClassOf obo:DOID_9892","rdfs:subPropertyOf rdfs:subClassOf obo:DOID_9460","rdfs:comment rdfs:subClassOf obo:DOID_10209","obo:DOID_4681 rdf:type rdf:List","obo:DOID_11232 rdfs:subClassOf obo:DOID_3312","obo:DOID_3073 rdf:type rdf:Property","obo:DOID_5844 rdfs:subClassOf obo:DOID_13386","rdf:object rdfs:subPropertyOf rdf:predicate","obo:DOID_11180 rdfs:subClassOf obo:DOID_7427","obo:DOID_0060002 rdfs:subClassOf obo:DOID_1242","obo:DOID_0050828 rdfs:subClassOf rdfs:Container","rdfs:seeAlso rdfs:subClassOf rdf:Bag","obo:DOID_5158 rdfs:subClassOf obo:DOID_1461","obo:DOID_6179 rdfs:subPropertyOf rdf:predicate","obo:DOID_2314 rdfs:subClassOf obo:DOID_3312","obo:DOID_11817 rdfs:subClassOf obo:DOID_0050828","obo:DOID_6179 rdfs:subClassOf obo:DOID_2314","obo:DOID_9767 rdf:type rdf:Property","obo:DOID_7437 rdfs:subClassOf obo:DOID_11232","rdfs:subPropertyOf rdfs:domain rdfs:Class","obo:DOID_9767 rdfs:subClassOf rdfs:Container","rdf:Bag rdf:type rdf:Property","obo:DOID_14033 rdfs:subClassOf obo:DOID_7","obo:DOID_14070 rdfs:subClassOf rdfs:Container","rdf:first rdfs:subClassOf obo:DOID_9767","obo:DOID_2314 rdfs:range rdf:List","rdf:type rdfs:domain rdf:List","obo:DOID_4644 rdfs:subClassOf obo:DOID_1245","rdf:rest rdfs:domain rdf:Property","rdfs:label rdf:type rdfs:Class","obo:DOID_2314 rdfs:subClassOf rdf:Bag","obo:DOID_0060108 rdf:type rdf:Property","obo:DOID_1793 rdfs:range rdf:List","rdfs:domain rdfs:subClassOf obo:DOID_4468","obo:DOID_4897 rdfs:subClassOf obo:DOID_3908","rdf:rest rdfs:subClassOf obo:DOID_4644","obo:DOID_7650 rdfs:subPropertyOf rdf:subject","rdf:Property rdf:type rdf:Property","obo:DOID_1792 rdfs:subClassOf rdf:Seq","obo:DOID_4468 rdfs:subClassOf obo:DOID_1792","rdf:nil rdf:type rdfs:Class","rdfs:domain rdfs:subClassOf rdfs:Container","obo:DOID_0060002 rdfs:domain rdf:Statement","rdf:subject rdf:type rdfs:Class","obo:DOID_14033 rdfs:subPropertyOf rdf:first","obo:DOID_4644 rdfs:subClassOf obo:DOID_4897","obo:DOID_9892 rdfs:subClassOf obo:DOID_14121","obo:DOID_4644 rdfs:subClassOf rdfs:Class","rdf:XMLLiteral rdfs:subClassOf obo:DOID_9460","obo:DOID_4607 rdfs:subClassOf rdf:Property","rdfs:ContainerMembershipProperty rdf:type rdf:Property","rdfs:isDefinedBy rdfs:subPropertyOf rdf:rest","rdf:Property rdfs:subClassOf obo:DOID_3312","obo:DOID_2730 rdfs:subClassOf obo:DOID_7614","rdf:Bag rdfs:subClassOf obo:DOID_14121","rdf:object rdfs:domain rdf:Property","rdfs:domain rdfs:subClassOf obo:DOID_10209","obo:DOID_7 rdf:type rdf:Property","rdf:List rdfs:range rdf:Property","obo:DOID_845 rdfs:subClassOf obo:DOID_1792","obo:DOID_7427 rdfs:subClassOf obo:DOID_1792","rdfs:Datatype rdf:type rdf:Property","rdf:object rdfs:subClassOf obo:DOID_1242","obo:DOID_14070 rdfs:range rdfs:Class","obo:DOID_0050625 rdfs:subClassOf obo:DOID_2314","obo:DOID_11181 rdfs:domain rdf:List","rdf:type rdf:type rdfs:Class","rdfs:seeAlso rdfs:subClassOf rdfs:Resource","obo:DOID_0070004 rdfs:subClassOf obo:DOID_2226","obo:DOID_299 rdfs:subClassOf obo:DOID_11054","obo:DOID_0060108 rdfs:subClassOf obo:DOID_1242","rdfs:range rdfs:subClassOf obo:DOID_2226","rdf:subject rdfs:subClassOf obo:DOID_1579","rdfs:domain rdfs:domain rdf:Statement","rdf:subject rdfs:subClassOf obo:DOID_0070004","obo:DOID_299 rdfs:subClassOf obo:DOID_7614","rdfs:subPropertyOf rdf:type rdfs:Class","obo:DOID_1245 rdfs:subClassOf obo:DOID_11905","rdf:nil rdfs:subClassOf obo:DOID_1579","obo:DOID_626 rdfs:subClassOf obo:DOID_11230","rdf:subject rdfs:domain rdf:List","obo:DOID_9892 rdf:type rdf:Property","obo:DOID_7613 rdfs:subClassOf obo:DOID_9892","rdfs:domain rdfs:subClassOf obo:DOID_299","rdf:object rdf:type rdfs:Class","obo:DOID_5158 rdfs:subClassOf obo:DOID_9767","rdfs:ContainerMembershipProperty rdfs:subClassOf obo:DOID_172","obo:DOID_1579 rdfs:subClassOf obo:DOID_299","obo:DOID_10209 rdf:type rdf:Property","rdfs:Literal rdfs:subClassOf obo:DOID_1242","rdfs:Resource rdfs:range rdfs:Class","rdfs:Container rdf:type rdf:Property","obo:DOID_1242 rdfs:subClassOf obo:DOID_0060002","obo:DOID_1792 rdfs:subClassOf rdfs:Container","obo:DOID_1461 rdfs:domain rdf:Statement","obo:DOID_77 rdfs:subClassOf rdfs:Container","obo:DOID_6179 rdfs:subClassOf obo:DOID_1245","obo:DOID_1242 rdfs:subClassOf obo:DOID_0050828","rdfs:isDefinedBy rdfs:domain rdf:Statement","rdf:Statement rdfs:subClassOf rdfs:ContainerMembershipProperty","obo:DOID_0060002 rdfs:subClassOf obo:DOID_9460","obo:DOID_11181 rdf:type rdf:Property","obo:DOID_6179 rdfs:subClassOf rdf:Alt","rdfs:Literal rdfs:subClassOf obo:DOID_7613","rdf:predicate rdfs:subClassOf obo:DOID_1245","obo:DOID_14033 rdfs:subClassOf rdf:Property","obo:DOID_11180 rdfs:subClassOf obo:DOID_11181","rdf:predicate rdfs:subPropertyOf rdf:first","rdf:nil rdfs:subClassOf rdfs:Resource","obo:DOID_1245 rdfs:subClassOf rdfs:Container","rdf:XMLLiteral rdfs:subClassOf obo:DOID_0060002","rdf:predicate rdf:type rdfs:Class","obo:DOID_4644 rdf:type rdf:Property","obo:DOID_14121 rdf:type rdf:Property","rdfs:Literal rdfs:subClassOf obo:DOID_14121","obo:DOID_2226 rdfs:subClassOf obo:DOID_0050828","rdfs:isDefinedBy rdfs:subClassOf obo:DOID_0060108","rdfs:seeAlso rdf:type rdfs:Class","rdf:type rdfs:subClassOf rdfs:Resource","rdfs:comment rdf:type rdfs:Class","rdf:rest rdfs:subClassOf obo:DOID_3119","obo:DOID_3119 rdfs:range rdf:List","rdfs:Container rdfs:subClassOf obo:DOID_841","obo:DOID_4897 rdf:type rdf:Property","obo:DOID_7427 rdfs:range rdfs:Class","rdf:object rdfs:domain rdf:List","obo:DOID_4556 rdfs:subClassOf rdfs:Resource","owl:Axiom rdfs:subClassOf obo:DOID_1242","obo:DOID_1461 rdfs:subClassOf rdfs:Container","rdf:List rdfs:subClassOf obo:DOID_10209","rdf:rest rdfs:subPropertyOf rdf:first","rdfs:range rdfs:domain rdf:Statement","rdf:rest rdf:type rdfs:Class","rdf:List rdfs:subClassOf obo:DOID_11232","obo:DOID_7427 rdfs:subClassOf obo:DOID_0060002","obo:DOID_1793 rdfs:subClassOf obo:DOID_9767","obo:DOID_14033 rdfs:subClassOf obo:DOID_7613","rdfs:comment rdfs:subClassOf rdf:Alt","obo:DOID_9892 rdfs:subClassOf rdf:Alt","obo:DOID_9460 rdf:type rdf:Property","obo:DOID_7 rdfs:subClassOf obo:DOID_3119","rdfs:Container rdfs:domain rdf:Property","obo:DOID_3119 rdfs:subClassOf obo:DOID_0050828","obo:DOID_77 rdfs:subPropertyOf rdfs:isDefinedBy","obo:DOID_1793 rdfs:subClassOf obo:DOID_13386","rdfs:domain rdfs:subClassOf obo:DOID_626","rdf:List rdfs:domain rdf:Statement","obo:DOID_13386 rdf:type rdf:Property","rdfs:isDefinedBy rdfs:subPropertyOf rdf:subject","obo:DOID_299 rdfs:subClassOf obo:DOID_4556","obo:DOID_3908 rdfs:subClassOf rdfs:Resource","obo:DOID_0060108 rdfs:subClassOf obo:DOID_1579","rdfs:domain rdfs:subClassOf obo:DOID_77","rdfs:range rdfs:subClassOf obo:DOID_11054","obo:DOID_1792 rdfs:subClassOf obo:DOID_11054","obo:DOID_626 rdfs:subClassOf obo:DOID_3312","obo:DOID_13386 rdfs:subClassOf rdfs:Container","rdf:Bag rdfs:subClassOf obo:DOID_2226","rdf:type rdfs:subPropertyOf rdf:subject","obo:DOID_7614 rdf:type rdf:Property","obo:DOID_1792 rdfs:subClassOf obo:DOID_6179","rdfs:subClassOf rdfs:domain rdf:List","obo:DOID_4644 rdfs:domain rdf:Statement","rdfs:subPropertyOf rdfs:subClassOf obo:DOID_4468","rdfs:Literal rdfs:subClassOf obo:DOID_1793","owl:Class rdfs:subClassOf obo:DOID_3908","obo:DOID_0050625 rdfs:subClassOf obo:DOID_4897","obo:DOID_11905 rdfs:subClassOf obo:DOID_3073","rdf:Statement rdfs:subClassOf obo:DOID_2226","rdf:Property rdfs:subClassOf obo:DOID_14070","obo:DOID_7437 rdfs:subClassOf obo:DOID_7650","rdfs:subPropertyOf rdfs:subClassOf obo:DOID_1793","rdfs:Resource rdf:type rdf:Property","rdf:Statement rdfs:subClassOf obo:DOID_14070","rdfs:label rdfs:subClassOf rdf:Bag","obo:DOID_4556 rdfs:subClassOf obo:DOID_4468","rdf:subject rdfs:subClassOf obo:DOID_0060002","obo:DOID_7613 rdfs:subClassOf obo:DOID_11181","obo:DOID_3119 rdfs:range rdfs:Literal","rdfs:range rdfs:subClassOf obo:DOID_7613","obo:DOID_1242 rdf:type rdf:Property","obo:DOID_3312 rdf:type rdf:Property","obo:DOID_3165 rdfs:subPropertyOf rdf:rest","owl:Class rdfs:domain rdf:List","rdf:predicate rdfs:subClassOf obo:DOID_3165","obo:DOID_0070004 rdfs:subClassOf obo:DOID_6179","rdfs:isDefinedBy rdfs:subPropertyOf rdf:object","obo:DOID_4897 rdfs:subClassOf rdfs:Container","obo:DOID_2730 rdfs:subClassOf rdf:Alt","rdfs:subClassOf rdf:type rdfs:Class","obo:DOID_1461 rdfs:range rdfs:Literal","obo:DOID_4681 rdfs:subClassOf rdfs:Resource","obo:DOID_7614 rdfs:subClassOf obo:DOID_4644","rdfs:Literal rdfs:range rdfs:Class","obo:DOID_11054 rdfs:subClassOf rdf:Seq","owl:Axiom rdfs:subClassOf rdfs:Container","rdfs:comment rdfs:subPropertyOf rdfs:seeAlso","obo:DOID_845 rdfs:subClassOf rdfs:Resource","rdf:subject rdfs:subClassOf obo:DOID_0060108","obo:DOID_3312 rdfs:range rdfs:Literal","rdfs:isDefinedBy rdfs:domain rdf:Property","obo:DOID_1792 rdf:type rdf:Property","obo:DOID_1461 rdfs:subClassOf obo:DOID_4644","obo:DOID_626 rdf:type rdf:Property","rdfs:domain rdf:type rdfs:Class","obo:DOID_14070 rdfs:subClassOf rdfs:Class","obo:DOID_4681 rdf:type rdf:Property","rdf:Alt rdfs:subClassOf rdfs:Resource","rdf:object rdfs:subPropertyOf rdf:rest","obo:DOID_7427 rdfs:subClassOf obo:DOID_11181","rdf:type rdfs:range rdf:List","obo:DOID_14033 rdfs:subClassOf obo:DOID_5844","obo:DOID_11905 rdfs:range rdf:Property","rdfs:label rdfs:subClassOf obo:DOID_0060108","obo:DOID_7427 rdf:type rdf:Property","obo:DOID_845 rdf:type rdf:Property","rdfs:subPropertyOf rdfs:domain rdf:Statement","obo:DOID_9767 rdfs:subClassOf obo:DOID_7","obo:DOID_1579 rdfs:subClassOf obo:DOID_1245","rdf:type rdfs:subClassOf obo:DOID_11232"]}