{"OntologyName":"http://purl.obolibrary.org/obo/doid.owl#","Prefixes":{"":"http://purl.obolibrary.org/obo/doid.owl#","owl":"http://www.w3.org/2002/07/owl#","rdf":"http://www.w3.org/1999/02/22-rdf-syntax-ns#","oboInOwl":"http://www.geneontology.org/formats/oboInOwl#","xsd":"http://www.w3.org/2001/XMLSchema#","doid":"http://purl.obolibrary.org/obo/doid#","rdfs":"http://www.w3.org/2000/01/rdf-schema#","obo":"http://purl.obolibrary.org/obo/"},"TotalBase Triples":1000,"Axiomatic Triples in Base":0,"rdf:TypeTriples in Base":138,"TotalUniqueSubjects in base":138,"TotalUniquePredicates in base":17,"TotalUniqueObjects in base":708,"TotalInferred Triples":328,"AxiomaticTriples in inferred":100,"rdf:TypeTriples in inferred":211,"TotalUniqueSubjects in inferred":105,"TotalUniquePredicates in inferred":5,"TotalUniqueObjects in inferred":93,"TotalInvalid Triples":328,"AxiomaticTriples in invalid":73,"rdf:TypeTriples in invalid":36,"fullRandomTriples in invalid":0,"trickyTriplesInInvalid in invalid":328,"TotalUniqueSubjects in invalid":95,"TotalUniquePredicates in invalid":5,"TotalUniqueObjects in invalid":85,"Inference_time (miliseconds)":5,"Invalid triples generation time (miliseconds)":44,"Output (json_format) writing time (miliseconds)":0,"OriginalAxioms":["c8dbdcfb-7c63-49bf-a8b1-d63fa883de7a rdf:type owl:Axiom","obo:DOID_9884 oboInOwl:hasOBONamespace disease_ontology","obo:DOID_11261 oboInOwl:hasOBONamespace disease_ontology","obo:DOID_0050591 rdfs:label tooth agenesis","obo:DOID_6210 oboInOwl:hasDbXref NCI:C39849","67787eb8-93ca-402d-8899-2d5428715105 rdf:type owl:Axiom","obo:DOID_3116 rdf:type owl:Class","obo:DOID_6995 rdfs:label metastasis to the kidney","obo:DOID_9972 oboInOwl:hasDbXref ICD10CM:E67.0","obo:DOID_7517 rdf:type owl:Class","obo:DOID_1659 oboInOwl:hasOBONamespace disease_ontology","obo:DOID_4900 oboInOwl:id DOID:4900","obo:DOID_0050303 owl:deprecated true^^http://www.w3.org/2001/XMLSchema#boolean","obo:DOID_12707 oboInOwl:id DOID:12707","obo:DOID_5395 oboInOwl:hasOBONamespace disease_ontology","obo:DOID_4812 oboInOwl:hasOBONamespace disease_ontology","obo:DOID_3204 oboInOwl:hasDbXref NCI:C6557","obo:DOID_3028 oboInOwl:id DOID:3028","obo:DOID_6995 owl:deprecated true^^http://www.w3.org/2001/XMLSchema#boolean","obo:DOID_2682 oboInOwl:hasDbXref NCI:C4191","obo:DOID_0060069 owl:deprecated true^^http://www.w3.org/2001/XMLSchema#boolean","obo:DOID_1659 oboInOwl:hasDbXref UMLS_CUI:C0751589","aa397cd4-e6bc-4da8-b7d1-a547db067dd0 rdf:type owl:Axiom","obo:DOID_6210 rdfs:label bladder diffuse clear cell adenocarcinoma","obo:DOID_5358 oboInOwl:hasExactSynonym Non-mucinous Bronchoalveolar lung carcinoma","b74debac-a23c-468e-89a8-37f8c2e61568 oboInOwl:hasDbXref url:http://en.wikipedia.org/wiki/Fanconi_anemia","81a6a3f2-0874-4505-a495-c53d79e89233 oboInOwl:hasDbXref url:http://rarediseases.info.nih.gov/gard/9225/tarsal-carpal-coalition-syndrome/resources/1","fc89ed7b-a2ba-40e5-a287-424c0f48f208 owl:annotatedSource obo:DOID_13955","obo:DOID_10489 rdf:type owl:Class","obo:DOID_6958 oboInOwl:id DOID:6958","d74464de-45c4-4963-95d1-7602ddb532aa owl:annotatedProperty oboInOwl:hasExactSynonym","obo:DOID_2469 oboInOwl:inSubset doid:gram-positive_bacterial_infectious_disease","obo:DOID_4636 oboInOwl:hasOBONamespace disease_ontology","7ce364b1-32b7-477b-9759-7950ef1e32cf owl:annotatedSource obo:DOID_8875","obo:DOID_9884 oboInOwl:hasDbXref SNOMEDCT_US_2015_03_01:193225000","obo:DOID_7429 rdf:type owl:Class","obo:DOID_0060157 oboInOwl:creation_date 2011-08-22T03:45:02Z","8f2fb8a4-b92b-4a22-b652-d050fd14a283 owl:annotatedSource obo:DOID_471","b853c641-9c58-41be-adbd-d7a0559eb975 owl:annotatedTarget villous tenosynovitis","7ce364b1-32b7-477b-9759-7950ef1e32cf oboInOwl:hasDbXref SNOMEDCT_2005_07_31:188551004","obo:DOID_3241 rdfs:label lipid pneumonia","af98afcd-9e55-4251-84ae-f68bba0a62a6 owl:annotatedProperty oboInOwl:hasExactSynonym","1a579ef9-24f4-4d0b-9fa5-58ff603eb3d8 owl:annotatedSource obo:DOID_12362","obo:DOID_1835 rdfs:label mononeuritis multiplex","3443f2f0-6719-41c7-af0b-18a88e2e6bca oboInOwl:hasDbXref NCI2004_11_17:C5124","187e4436-47e0-4d06-8230-a241245c0532 oboInOwl:hasDbXref SNOMEDCT_2005_07_31:24777009","obo:DOID_5446 oboInOwl:hasExactSynonym Eccrine papillary adenoma morphologic abnormality","1a579ef9-24f4-4d0b-9fa5-58ff603eb3d8 owl:annotatedProperty oboInOwl:hasExactSynonym","obo:DOID_12707 oboInOwl:hasExactSynonym Dyssynergia cerebellaris myoclonica","obo:DOID_3204 rdf:type owl:Class","obo:DOID_0050591 oboInOwl:hasDbXref OMIM:106600","obo:DOID_2469 owl:deprecated true^^http://www.w3.org/2001/XMLSchema#boolean","85fff3f9-01dd-450b-879f-1d34ddc15a9d owl:annotatedSource obo:DOID_600","ae5c96c4-bfdb-41b2-9cf4-f223f58a4ab0 oboInOwl:hasDbXref MTHICD9_2006:301.7","obo:DOID_4724 oboInOwl:hasOBONamespace disease_ontology","obo:DOID_5358 owl:deprecated true^^http://www.w3.org/2001/XMLSchema#boolean","2a528344-543b-4330-b940-51726a5964c5 owl:annotatedTarget A Retroviridae infectious disease that results_in infection in animals and humans, has_material_basis_in Lentivirus, which is transmitted_by sexual contact, transmitted_by breast feeding, and transmitted_by contact of infected blood with any open wound.","aa397cd4-e6bc-4da8-b7d1-a547db067dd0 owl:annotatedSource obo:DOID_0050484","aa397cd4-e6bc-4da8-b7d1-a547db067dd0 owl:annotatedTarget A spotted fever that has_material_basis_in Rickettsia helvetica, which is transmitted_by ticks Ixodes sp. The infection has_symptom fever, has_symptom headache, has_symptom myalgia.","f2ec97a2-0860-485c-905f-82bca220cbd1 oboInOwl:hasDbXref SNOMEDCT_2005_07_31:94641004","obo:DOID_0050591 oboInOwl:hasDbXref UMLS_CUI:C0399352","ae5c96c4-bfdb-41b2-9cf4-f223f58a4ab0 owl:annotatedTarget Asocial personality","f2c43dca-18b8-48ba-ae28-40807948a3b3 oboInOwl:hasDbXref SNOMEDCT_2005_07_31:399072004","obo:DOID_3241 rdf:type owl:Class","b0f2731b-3533-4413-974b-f212f8038980 owl:annotatedProperty oboInOwl:hasExactSynonym","8057d0a0-6547-4a04-b3b6-d506688b1bbe owl:annotatedProperty oboInOwl:hasExactSynonym","obo:DOID_3116 oboInOwl:hasDbXref NCI:C7514","obo:DOID_9935 oboInOwl:hasDbXref SNOMEDCT_US_2015_03_01:267653001","obo:DOID_14150 obo:IAO_0000115 A spinal cancer that is located_in the spinal cord and derives_from lymphocytes.","c8dbdcfb-7c63-49bf-a8b1-d63fa883de7a oboInOwl:hasDbXref url:http://en.wikipedia.org/wiki/Inguinal_hernia","obo:DOID_9884 oboInOwl:hasDbXref ICD9CM:359.1","832fc6de-ca90-46ea-a978-1e0d36b7224d oboInOwl:hasDbXref NCI2004_11_17:C5356","6c6b0efb-fcac-48c8-bda9-84cff4a9387d owl:annotatedTarget A pulmonary tuberculosis causing granulomatous leisons in the larynx resulting from an inflammation caused by mycobacteria leading to hoarseness, dysphagia and odynophagia.","81a6a3f2-0874-4505-a495-c53d79e89233 oboInOwl:hasDbXref url:http://omim.org/entry/186570?search\u003d186570\u0026highlight\u003d186570","obo:DOID_0060370 oboInOwl:creation_date 2015-09-17T17:04:57Z","2b11f478-1e0a-4393-a2d0-c772306fc2d6 owl:annotatedSource obo:DOID_9230","obo:DOID_9935 oboInOwl:hasDbXref UMLS_CUI:C0155239","603df0d7-2994-40ce-9689-7b7faf1ab5a5 oboInOwl:hasDbXref NCI2004_11_17:C34972","obo:DOID_8276 rdf:type owl:Class","9a95880f-d14f-4a61-9fe4-ac1790abfc93 owl:annotatedTarget A sensory organ benign neoplasm that is located in the eye conjunctiva.","bc1dab9e-f28f-4d46-8cfb-811816087435 owl:annotatedProperty oboInOwl:hasExactSynonym","97e4c35e-60cf-4edf-a2c3-b7f3d7689fd9 oboInOwl:hasDbXref SNOMEDCT_2005_07_31:128612007","obo:DOID_11261 oboInOwl:id DOID:11261","445144e8-daa9-4a1b-8e16-b35dc7f9a12a owl:annotatedTarget Photosensitive Dermatitis","obo:DOID_7517 oboInOwl:hasExactSynonym mixed germ cell tumor of CNS","obo:DOID_4900 oboInOwl:hasOBONamespace disease_ontology","obo:DOID_5395 oboInOwl:hasDbXref UMLS_CUI:C0854486","obo:DOID_0050303 obo:IAO_0000115 A Flaviviridae infectious disease that results_in infection, has_material_basis_in Hepacivirus, which is transmitted_by sexual contact, or transmitted_by blood transfusion.","obo:DOID_9011 oboInOwl:hasExactSynonym carcinoma in situ of larynx NOS disorder","obo:DOID_7642 oboInOwl:id DOID:7642","1a579ef9-24f4-4d0b-9fa5-58ff603eb3d8 oboInOwl:hasDbXref SNOMEDCT_2005_07_31:19885005","0219c5b3-ebf0-4ac2-952a-6775b564ee20 owl:annotatedSource obo:DOID_4223","81a6a3f2-0874-4505-a495-c53d79e89233 rdf:type owl:Axiom","0a0d8019-ef28-4a43-b207-2c14639d3def owl:annotatedTarget A parasitic helminthiasis infectious diseasea that involves infection of the eyes in humans by nematode Thelazia callipaeda causing varying degrees of inflammation and lacrimation. In heavier infections, photophobia, edema, conjunctivitis, and blindness occurs.","9cea1f10-1e7c-4710-983d-21c0fcabae2c owl:annotatedTarget Plexiform schwannoma","obo:DOID_0050591 oboInOwl:hasDbXref ORDO:99798","54d234ff-41be-4965-91ee-cc3d663ada34 oboInOwl:hasDbXref SNOMEDCT_2005_07_31:13877006","9a95880f-d14f-4a61-9fe4-ac1790abfc93 oboInOwl:hasDbXref url:http://en.wikipedia.org/wiki/Conjunctiva","7e4d8a8f-1937-4b31-94a8-f86d2404f05e owl:annotatedTarget PID","obo:DOID_8188 rdf:type owl:Class","40a76db6-59f5-4df6-b33d-a7731bedecce owl:annotatedTarget malignant midline reticulosis","40a76db6-59f5-4df6-b33d-a7731bedecce rdf:type owl:Axiom","984cc251-15bb-4e2a-8b73-26e121680af9 owl:annotatedTarget Aplasia of iris disorder","obo:DOID_0050591 rdfs:subClassOf obo:DOID_1091","obo:DOID_11261 obo:IAO_0000115 A viral infectious disease that results_in infection in cattle and swine, has_material_basis_in Foot-and-mouth disease virus, which is transmitted_by contaminated fomites, or transmitted_by ingestion of food contaminated with infected meat or animal products. The infection results_in_formation_of vesicles in the mouth, or on the feet and has_symptom lameness.","obo:DOID_0050591 oboInOwl:hasDbXref ICD10CM:K00.0","obo:DOID_9884 rdfs:label muscular dystrophy","obo:DOID_9972 oboInOwl:hasOBONamespace disease_ontology","obo:DOID_5395 oboInOwl:hasExactSynonym Secretory adenoma of the Pituitary gland","obo:DOID_5446 oboInOwl:hasDbXref SNOMEDCT_US_2015_03_01:189674003","obo:DOID_6034 rdfs:label heart malignant hemangiopericytoma","obo:DOID_7429 oboInOwl:hasDbXref NCI:C6207","obo:DOID_3028 rdf:type owl:Class","obo:DOID_6034 oboInOwl:id DOID:6034","obo:DOID_5446 oboInOwl:hasOBONamespace disease_ontology","obo:DOID_13378 oboInOwl:hasDbXref SNOMEDCT_US_2015_03_01:195348009","ec500bde-d6d6-49e5-9e9a-006db7d1e229 owl:annotatedSource obo:DOID_7519","obo:DOID_3241 oboInOwl:hasExactSynonym Lipoid pneumonitis disorder","6cde2776-c471-4f6d-a9b6-3b3aed911349 owl:annotatedTarget secondary malignant neoplasm of cervix uteri disorder","obo:DOID_6995 oboInOwl:hasOBONamespace disease_ontology","447071a7-c3fb-4bf6-83d3-396952f28915 owl:annotatedSource obo:DOID_1571","obo:DOID_0060069 oboInOwl:hasOBONamespace disease_ontology","obo:DOID_9847 rdfs:label peripheral vertigo","obo:DOID_13378 oboInOwl:hasDbXref ICD10CM:M30.3","8057d0a0-6547-4a04-b3b6-d506688b1bbe rdf:type owl:Axiom","b0f2731b-3533-4413-974b-f212f8038980 rdf:type owl:Axiom","463d818b-3995-4c22-8a8e-0cdee357d694 owl:annotatedSource obo:DOID_6603","obo:DOID_0060282 oboInOwl:created_by emitraka","obo:DOID_9884 oboInOwl:hasDbXref SNOMEDCT_US_2015_03_01:267712004","obo:DOID_2682 oboInOwl:hasExactSynonym Intracystic papillary adenoma morphologic abnormality","obo:DOID_12707 oboInOwl:hasDbXref SNOMEDCT_US_2015_03_01:73495003","obo:DOID_2682 oboInOwl:hasOBONamespace disease_ontology","b09cd9d4-fc1e-40b4-bff9-66a3754d40f0 owl:annotatedSource obo:DOID_801","fb622a65-2d00-4c89-96c6-b3346014683f owl:annotatedTarget renal cortical necrosis","obo:DOID_3241 oboInOwl:hasDbXref SNOMEDCT_US_2015_03_01:707449006","obo:DOID_3204 oboInOwl:hasDbXref ICD10CM:Q85.03","obo:DOID_11261 owl:deprecated true^^http://www.w3.org/2001/XMLSchema#boolean","obo:DOID_11312 oboInOwl:hasOBONamespace disease_ontology","obo:DOID_9935 oboInOwl:hasOBONamespace disease_ontology","obo:DOID_0060370 oboInOwl:hasOBONamespace disease_ontology","af98afcd-9e55-4251-84ae-f68bba0a62a6 owl:annotatedTarget Excessive serotonin secretion","obo:DOID_13378 rdf:type owl:Class","obo:DOID_164 oboInOwl:hasExactSynonym cystic, mucinous and serous tumor qualifier value","obo:DOID_13378 oboInOwl:hasExactSynonym acute febrile MCLS","e86e0244-70b1-43a2-ab88-4a8d5994ccce oboInOwl:hasDbXref ICD9CM_2006:300.14","ae5c96c4-bfdb-41b2-9cf4-f223f58a4ab0 owl:annotatedSource obo:DOID_10939","obo:DOID_252 oboInOwl:hasDbXref SNOMEDCT_US_2015_03_01:192212000","obo:DOID_0060194 oboInOwl:hasExactSynonym amyotrophic lateral sclerosis 2","6e4d41c5-de7f-444e-a344-31865fec6189 owl:annotatedSource obo:DOID_6331","obo:DOID_0060282 oboInOwl:inSubset doid:DO_MGI_slim","obo:DOID_0050591 rdf:type owl:Class","187e4436-47e0-4d06-8230-a241245c0532 owl:annotatedSource obo:DOID_13814","6c6b0efb-fcac-48c8-bda9-84cff4a9387d owl:annotatedSource obo:DOID_1583","obo:DOID_10489 oboInOwl:id DOID:10489","obo:DOID_12707 oboInOwl:hasDbXref MSH:D002527","obo:DOID_3116 rdfs:label kidney benign neoplasm","d5e9f635-2b1c-4cce-a225-d82fc05fb85b owl:annotatedSource obo:DOID_12720","obo:DOID_0050303 oboInOwl:hasOBONamespace disease_ontology","obo:DOID_4724 oboInOwl:id DOID:4724","obo:DOID_2469 oboInOwl:hasOBONamespace disease_ontology","obo:DOID_6210 rdfs:subClassOf obo:DOID_5306","obo:DOID_9935 oboInOwl:hasDbXref SNOMEDCT_US_2015_03_01:193991008","2fd5173b-4e42-4bb4-94f3-f2f2837055a7 oboInOwl:hasDbXref SNOMEDCT_2005_07_31:33170000","obo:DOID_0060157 oboInOwl:id DOID:0060157","obo:DOID_2682 oboInOwl:hasDbXref SNOMEDCT_US_2015_03_01:47488001","obo:DOID_3204 oboInOwl:hasDbXref ICD9CM:237.73","664d326d-e546-4beb-95aa-fcf375737045 oboInOwl:hasDbXref url:http://en.wikipedia.org/wiki/Parathyroid_disease","c038c67e-ca6c-44ce-981d-2a57029d73c6 owl:annotatedTarget A syndrome characterized by calcinosis, Raynauds phenomeno, esophageal dysmotility, sclerodactyly and telangiectasia.","obo:DOID_5358 oboInOwl:hasOBONamespace disease_ontology","fc89ed7b-a2ba-40e5-a287-424c0f48f208 oboInOwl:hasDbXref SNOMEDCT_2005_07_31:93616000","obo:DOID_0050378 oboInOwl:id DOID:0050378","obo:DOID_0060282 oboInOwl:hasOBONamespace disease_ontology","obo:DOID_8188 oboInOwl:hasDbXref UMLS_CUI:C1336904","obo:DOID_0060069 oboInOwl:creation_date 2011-04-15T11:41:26Z","obo:DOID_9972 rdfs:label hypervitaminosis A","bc1dab9e-f28f-4d46-8cfb-811816087435 rdf:type owl:Axiom","81a6a3f2-0874-4505-a495-c53d79e89233 oboInOwl:hasDbXref url:http://www.orpha.net/consor/cgi-bin/OC_Exp.php?lng\u003den\u0026Expert\u003d1412","75bcf697-5a4a-4d3e-8c3d-0ab1c9c1556d owl:annotatedSource obo:DOID_5662","81a6a3f2-0874-4505-a495-c53d79e89233 oboInOwl:hasDbXref url:http://www.ncbi.nlm.nih.gov/pubmed/22326510","ae5890aa-5b70-4ea6-937c-66541eb4625c owl:annotatedTarget malignant tumor of the Frontal sinus","b3180ae8-2d82-4401-a34e-562e6706c62e owl:annotatedProperty obo:IAO_0000115","8057d0a0-6547-4a04-b3b6-d506688b1bbe oboInOwl:hasDbXref SNOMEDCT_2005_07_31:66174008","40a76db6-59f5-4df6-b33d-a7731bedecce owl:annotatedProperty oboInOwl:hasExactSynonym","obo:DOID_0050378 oboInOwl:inSubset doid:gram-negative_bacterial_infectious_disease","obo:DOID_0060282 oboInOwl:hasDbXref MSH:D054514","obo:DOID_9847 oboInOwl:hasOBONamespace disease_ontology","8f2fb8a4-b92b-4a22-b652-d050fd14a283 owl:annotatedTarget Angioma of the skin","obo:DOID_3153 rdf:type owl:Class","obo:DOID_0060282 oboInOwl:hasDbXref SNOMEDCT_US_2015_03_01:314270008","obo:DOID_0060282 oboInOwl:creation_date 2015-02-04T16:21:06Z","obo:DOID_164 rdf:type owl:Class","af584e50-a336-41a1-a278-dedbbbdc7cb0 owl:annotatedSource obo:DOID_1098","obo:DOID_12707 oboInOwl:hasDbXref UMLS_CUI:C0007761","obo:DOID_0060194 oboInOwl:hasOBONamespace disease_ontology","obo:DOID_13554 rdf:type owl:Class","obo:DOID_4812 oboInOwl:hasExactSynonym adult brain stem Gliosarcoma","obo:DOID_14150 rdfs:subClassOf obo:DOID_5612","obo:DOID_6122 oboInOwl:id DOID:6122","67787eb8-93ca-402d-8899-2d5428715105 owl:annotatedProperty oboInOwl:hasExactSynonym","c90ba2e0-0a52-4458-9913-02c3f20a5791 rdf:type owl:Axiom","obo:DOID_7642 rdf:type owl:Class","obo:DOID_5446 oboInOwl:hasExactSynonym Eccrine papillary adenoma morphology morphologic abnormality","obo:DOID_3204 rdfs:label neurilemmomatosis","b74debac-a23c-468e-89a8-37f8c2e61568 oboInOwl:hasDbXref url:http://rarediseases.info.nih.gov/gard/6425/fanconi-anemia/resources/1","obo:DOID_3116 oboInOwl:id DOID:3116","obo:DOID_4548 oboInOwl:hasExactSynonym extraskeletal mesenchymal chondrosarcoma disorder","obo:DOID_6210 oboInOwl:id DOID:6210","4ec9a23c-70f2-484f-ad84-0c45021faa53 owl:annotatedTarget Spitz spindle cell nevus","obo:DOID_6034 oboInOwl:hasDbXref UMLS_CUI:C1334567","obo:DOID_14150 oboInOwl:hasExactSynonym Lymphoma of the Spinal Cord","d74464de-45c4-4963-95d1-7602ddb532aa rdf:type owl:Axiom","obo:DOID_14150 rdfs:label spinal cord lymphoma","54d234ff-41be-4965-91ee-cc3d663ada34 owl:annotatedSource obo:DOID_3388","obo:DOID_10790 oboInOwl:hasDbXref SNOMEDCT_US_2015_03_01:155527004","obo:DOID_9884 oboInOwl:hasDbXref OMIM:159050","obo:DOID_9011 oboInOwl:hasDbXref UMLS_CUI:C0154069","obo:DOID_5395 oboInOwl:id DOID:5395","obo:DOID_9884 oboInOwl:hasDbXref SNOMEDCT_US_2015_03_01:155095006","obo:DOID_4812 oboInOwl:id DOID:4812","cb3cd6c4-8217-4b20-adf4-575a013e1ec7 owl:annotatedProperty obo:IAO_0000115","obo:DOID_1835 oboInOwl:hasOBONamespace disease_ontology","obo:DOID_6958 oboInOwl:hasOBONamespace disease_ontology","obo:DOID_1659 rdfs:label supratentorial cancer","447071a7-c3fb-4bf6-83d3-396952f28915 oboInOwl:hasDbXref SNOMEDCT_2005_07_31:80846000","obo:DOID_0060194 oboInOwl:created_by emitraka","1a579ef9-24f4-4d0b-9fa5-58ff603eb3d8 rdf:type owl:Axiom","obo:DOID_9011 oboInOwl:hasOBONamespace disease_ontology","1f453f33-d296-4fff-a617-3bc60954a5b5 oboInOwl:hasDbXref NCI2004_11_17:C39920","obo:DOID_1659 oboInOwl:hasExactSynonym malignant Supratentorial tumor","obo:DOID_252 rdf:type owl:Class","obo:DOID_13378 rdfs:subClassOf obo:DOID_1602","obo:DOID_1923 rdfs:label sex differentiation disease","af98afcd-9e55-4251-84ae-f68bba0a62a6 rdf:type owl:Axiom","obo:DOID_10790 rdf:type owl:Class","2b11f478-1e0a-4393-a2d0-c772306fc2d6 owl:annotatedTarget DYSHYDROSIS","35b9fa14-f35f-4069-858a-b6a9e6138f76 owl:annotatedTarget Ciliary muscle paresis","832fc6de-ca90-46ea-a978-1e0d36b7224d owl:annotatedTarget Intravascular leiomyomatosis of Uterus","obo:DOID_1923 oboInOwl:hasOBONamespace disease_ontology","obo:DOID_3153 rdfs:label lipomatosis","b74debac-a23c-468e-89a8-37f8c2e61568 owl:annotatedProperty obo:IAO_0000115","d748f85f-828f-4ce0-99e7-bc1cbe4d8255 owl:annotatedSource obo:DOID_0050888","obo:DOID_9972 oboInOwl:hasDbXref UMLS_CUI:C0020579","obo:DOID_4900 owl:deprecated true^^http://www.w3.org/2001/XMLSchema#boolean","b0f2731b-3533-4413-974b-f212f8038980 owl:annotatedTarget Verruca plantaris disorder","obo:DOID_8452 rdfs:label malnutrition","obo:DOID_0060069 oboInOwl:created_by lschriml","obo:DOID_13378 oboInOwl:hasDbXref ICD9CM:446.1","3799d0a7-bfb5-4f2d-a0c1-2f52e20e589d owl:annotatedSource obo:DOID_2086","obo:DOID_13378 oboInOwl:hasDbXref SNOMEDCT_US_2015_03_01:75053002","a3861578-3d29-44dd-9cb2-2338599f38f8 owl:annotatedProperty oboInOwl:hasExactSynonym","obo:DOID_9884 oboInOwl:hasDbXref SNOMEDCT_US_2015_03_01:193257004","obo:DOID_9847 oboInOwl:hasDbXref ICD10CM:H81.3","obo:DOID_6034 oboInOwl:hasOBONamespace disease_ontology","obo:DOID_0060370 oboInOwl:hasDbXref OMIM:606324","obo:DOID_9884 oboInOwl:id DOID:9884","obo:DOID_4724 oboInOwl:hasDbXref UMLS_CUI:C1527311","obo:DOID_10790 oboInOwl:hasDbXref ICD9CM:473.1","obo:DOID_0050591 oboInOwl:hasDbXref OMIM:150400","obo:DOID_4724 oboInOwl:hasDbXref MSH:D001929","obo:DOID_0060157 oboInOwl:hasDbXref UMLS_CUI:C3179489","1f453f33-d296-4fff-a617-3bc60954a5b5 owl:annotatedProperty oboInOwl:hasExactSynonym","obo:DOID_9935 oboInOwl:hasDbXref ICD9CM:375.4","obo:DOID_11261 rdfs:label foot and mouth disease","obo:DOID_9847 oboInOwl:hasDbXref UMLS_CUI:C0029706","ab9bd383-5b87-4782-b837-a288af5fb043 rdf:type owl:Axiom","b3180ae8-2d82-4401-a34e-562e6706c62e rdf:type owl:Axiom","d5e9f635-2b1c-4cce-a225-d82fc05fb85b oboInOwl:hasDbXref ICD9CM_2006:437.0","obo:DOID_13378 oboInOwl:hasDbXref SNOMEDCT_US_2015_03_01:195349001","obo:DOID_3241 oboInOwl:hasExactSynonym Pneumonitis due to inhalation of oils disorder [Ambiguous]","obo:DOID_7642 rdfs:subClassOf obo:DOID_4928","obo:DOID_6122 oboInOwl:hasOBONamespace disease_ontology","445144e8-daa9-4a1b-8e16-b35dc7f9a12a owl:annotatedSource obo:DOID_4407","obo:DOID_0060194 oboInOwl:hasDbXref OMIM:205100","obo:DOID_4636 oboInOwl:hasExactSynonym Submandibular lymphadenitis disorder","obo:DOID_4724 oboInOwl:hasExactSynonym intracranial swelling","obo:DOID_3241 oboInOwl:hasAlternativeId DOID:13015","obo:DOID_1659 oboInOwl:hasDbXref ICD10CM:C71.0","8f2fb8a4-b92b-4a22-b652-d050fd14a283 rdf:type owl:Axiom","obo:DOID_0050591 oboInOwl:hasDbXref SNOMEDCT_US_2015_03_01:234951001","obo:DOID_4812 rdfs:label adult brainstem gliosarcoma","obo:DOID_4636 oboInOwl:id DOID:4636","obo:DOID_10489 rdfs:label transient disorder of initiating or maintaining wakefulness","3799d0a7-bfb5-4f2d-a0c1-2f52e20e589d rdf:type owl:Axiom","95043b1c-b648-4d79-b4cf-49233a2ecdf2 rdf:type owl:Axiom","7e4d8a8f-1937-4b31-94a8-f86d2404f05e owl:annotatedProperty oboInOwl:hasExactSynonym","obo:DOID_4724 oboInOwl:hasDbXref SNOMEDCT_US_2015_03_01:85974009","obo:DOID_13378 oboInOwl:hasDbXref UMLS_CUI:C0026691","f2c43dca-18b8-48ba-ae28-40807948a3b3 owl:annotatedTarget bladder neck obstruction disorder","obo:DOID_13378 oboInOwl:hasDbXref EFO:0004246","39b33581-afc9-4d8a-99b4-f6edfb952622 owl:annotatedProperty oboInOwl:hasExactSynonym","e4c497f3-7dd8-4b10-98ce-f42d0f0e8f1c owl:annotatedTarget Malt workers lung","obo:DOID_3204 oboInOwl:hasDbXref UMLS_CUI:C1335929","obo:DOID_8276 rdfs:label Hodgkin-like posttransplantation lymphoproliferative disease","obo:DOID_9884 rdfs:subClassOf obo:DOID_423","obo:DOID_252 oboInOwl:id DOID:252","obo:DOID_9847 oboInOwl:hasDbXref SNOMEDCT_US_2015_03_01:194359006","obo:DOID_0060157 oboInOwl:hasDbXref UMLS_CUI:C3179488","ab9b2aba-73be-4df3-9eb1-1c9b76cf10c7 owl:annotatedSource obo:DOID_14044","b09cd9d4-fc1e-40b4-bff9-66a3754d40f0 oboInOwl:hasDbXref SNOMEDCT_2005_07_31:83195003","f2ec97a2-0860-485c-905f-82bca220cbd1 rdf:type owl:Axiom","obo:DOID_6122 rdfs:label AIDS-related anal cancer","bb76df5c-57ab-4c85-8dff-eefa2d83aeff owl:annotatedProperty oboInOwl:hasExactSynonym","56592a02-deb6-452f-aa2a-c43fae00e2cc rdf:type owl:Axiom","obo:DOID_9972 oboInOwl:hasDbXref MSH:D006986","7ce364b1-32b7-477b-9759-7950ef1e32cf owl:annotatedProperty oboInOwl:hasExactSynonym","obo:DOID_0060157 rdfs:label diffuse alopecia areata","35b9fa14-f35f-4069-858a-b6a9e6138f76 oboInOwl:hasDbXref SNOMEDCT_2005_07_31:68158006","obo:DOID_9884 oboInOwl:hasDbXref OMIM:158800","obo:DOID_0050378 owl:deprecated true^^http://www.w3.org/2001/XMLSchema#boolean","b09cd9d4-fc1e-40b4-bff9-66a3754d40f0 rdf:type owl:Axiom","obo:DOID_11312 oboInOwl:hasExactSynonym Mobitz II atrioventricular block","f2c43dca-18b8-48ba-ae28-40807948a3b3 owl:annotatedSource obo:DOID_13948","obo:DOID_11312 oboInOwl:hasDbXref ICD9CM:426.12","obo:DOID_9884 oboInOwl:hasDbXref OMIM:309930","73294f5b-8749-4ea8-b12f-ef7fd7b57ddb oboInOwl:hasDbXref SNOMEDCT_2005_07_31:197218008","6e4d41c5-de7f-444e-a344-31865fec6189 owl:annotatedProperty oboInOwl:hasExactSynonym","9cea1f10-1e7c-4710-983d-21c0fcabae2c rdf:type owl:Axiom","af98afcd-9e55-4251-84ae-f68bba0a62a6 oboInOwl:hasDbXref SNOMEDCT_2005_07_31:190580007","obo:DOID_4548 rdfs:label extraskeletal mesenchymal chondrosarcoma","obo:DOID_0060370 rdfs:subClassOf obo:DOID_14330","obo:DOID_4636 oboInOwl:hasDbXref NCI:C27016","1f453f33-d296-4fff-a617-3bc60954a5b5 owl:annotatedTarget testicular Seminoma with High Mitotic Index","obo:DOID_1923 rdfs:subClassOf obo:DOID_2277","2a528344-543b-4330-b940-51726a5964c5 owl:annotatedSource obo:DOID_622","b74debac-a23c-468e-89a8-37f8c2e61568 rdf:type owl:Axiom","e86e0244-70b1-43a2-ab88-4a8d5994ccce owl:annotatedTarget Dissociative identity disorder","6e4d41c5-de7f-444e-a344-31865fec6189 oboInOwl:hasDbXref NCI2004_11_17:C8111","ae5c96c4-bfdb-41b2-9cf4-f223f58a4ab0 rdf:type owl:Axiom","obo:DOID_3204 oboInOwl:hasExactSynonym Schwannomatosis","obo:DOID_5446 oboInOwl:hasDbXref NCI:C4173","obo:DOID_4548 rdf:type owl:Class","obo:DOID_8188 oboInOwl:id DOID:8188","obo:DOID_9884 oboInOwl:hasDbXref OMIM:600416","39b33581-afc9-4d8a-99b4-f6edfb952622 oboInOwl:hasDbXref SNOMEDCT_2005_07_31:237901003","ae5890aa-5b70-4ea6-937c-66541eb4625c owl:annotatedProperty oboInOwl:hasExactSynonym","obo:DOID_69 rdf:type owl:Class","obo:DOID_5446 oboInOwl:hasDbXref SNOMEDCT_US_2015_03_01:134345002","40d263c8-1d96-4c74-83a2-6bf66b14d5ba owl:annotatedTarget A thymus cancer that derives_from epithelial cells located_in the thymus. The tumor cells in a thymoma look similar to the normal cells of the thymus, grow slowly, and rarely spread beyond the thymus.","obo:DOID_4900 rdfs:label mixed cell adenocarcinoma","obo:DOID_9011 rdfs:subClassOf obo:DOID_8719","obo:DOID_3204 rdfs:subClassOf obo:DOID_3192","obo:DOID_1835 rdfs:subClassOf obo:DOID_1802","obo:DOID_3153 oboInOwl:hasDbXref UMLS_CUI:C0023801","obo:DOID_6034 oboInOwl:hasExactSynonym malignant hemangiopericytoma of Heart","obo:DOID_6958 oboInOwl:hasDbXref UMLS_CUI:C1332232","c90ba2e0-0a52-4458-9913-02c3f20a5791 owl:annotatedProperty obo:IAO_0000115","obo:DOID_9884 oboInOwl:hasDbXref SNOMEDCT_US_2015_03_01:193236007","ab9b2aba-73be-4df3-9eb1-1c9b76cf10c7 oboInOwl:hasDbXref MTHICD9_2006:391.0","b0f2731b-3533-4413-974b-f212f8038980 owl:annotatedSource obo:DOID_13775","b9bc15d0-170a-483d-8596-63772a7f9810 owl:annotatedProperty oboInOwl:hasExactSynonym","obo:DOID_5395 oboInOwl:hasDbXref NCI:C8388","b5747384-fe3b-44ed-9650-a60d4df75adf oboInOwl:hasDbXref NCI2004_11_17:C6565","77f5ce2a-9d4d-4f3c-878f-631376c06857 owl:annotatedTarget A primary bacterial infectious disease that results_in infection, has_material_basis_in Neorickettsia sennetsu, which is transmitted_by ingestion of raw or under-cooked gray mullet fish infected with the trematodes. The infection has_symptom fever, has_symptom malaise, has_symptom anorexia, has_symptom lymphadenopathy, has_symptom hepatosplenomegaly, has_symptom fatigue, has_symptom chills, has_symptom headache, has_symptom backache and has_symptom myalgia.","95043b1c-b648-4d79-b4cf-49233a2ecdf2 oboInOwl:hasDbXref MTHICD9_2006:746.4","bc01685a-7677-4720-81b0-1f486210235d owl:annotatedTarget chronic renal disease","obo:DOID_6210 oboInOwl:hasOBONamespace disease_ontology","obo:DOID_3116 oboInOwl:hasExactSynonym renal and ureteral tumor","cb3cd6c4-8217-4b20-adf4-575a013e1ec7 rdf:type owl:Axiom","obo:DOID_6122 obo:IAO_0000115 An anal carcinoma that represents a group of cancers that are frequently diagnosed in people with HIV/AIDS.","obo:DOID_12707 rdf:type owl:Class","bc01685a-7677-4720-81b0-1f486210235d owl:annotatedSource obo:DOID_784","d74464de-45c4-4963-95d1-7602ddb532aa oboInOwl:hasDbXref SNOMEDCT_2005_07_31:192464008","obo:DOID_0060282 oboInOwl:hasDbXref UMLS_CUI:C0266568","obo:DOID_1659 oboInOwl:hasDbXref NCI:C4964","445144e8-daa9-4a1b-8e16-b35dc7f9a12a rdf:type owl:Axiom","c90ba2e0-0a52-4458-9913-02c3f20a5791 owl:annotatedSource obo:DOID_299","obo:DOID_252 rdfs:subClassOf obo:DOID_251","obo:DOID_8239 rdf:type owl:Class","obo:DOID_7429 rdfs:label childhood brain germinoma","6e4d41c5-de7f-444e-a344-31865fec6189 rdf:type owl:Axiom","obo:DOID_252 oboInOwl:hasDbXref SNOMEDCT_US_2015_03_01:154852003","9cea1f10-1e7c-4710-983d-21c0fcabae2c owl:annotatedProperty oboInOwl:hasExactSynonym","obo:DOID_13378 oboInOwl:hasDbXref OMIM:611775","aa397cd4-e6bc-4da8-b7d1-a547db067dd0 oboInOwl:hasDbXref url:http://www.cdc.gov/otherspottedfever/index.html","b09cd9d4-fc1e-40b4-bff9-66a3754d40f0 owl:annotatedProperty oboInOwl:hasExactSynonym","obo:DOID_6122 owl:deprecated true^^http://www.w3.org/2001/XMLSchema#boolean","0219c5b3-ebf0-4ac2-952a-6775b564ee20 oboInOwl:hasDbXref url:http://en.wikipedia.org/wiki/Pyoderma","obo:DOID_1659 oboInOwl:hasDbXref UMLS_CUI:C0038874","ae5890aa-5b70-4ea6-937c-66541eb4625c rdf:type owl:Axiom","ec500bde-d6d6-49e5-9e9a-006db7d1e229 oboInOwl:hasDbXref NCI2004_11_17:C28327","obo:DOID_3028 rdfs:label intramucosal adenocarcinoma colon adenoma","obo:DOID_8540 rdf:type owl:Class","ae5c96c4-bfdb-41b2-9cf4-f223f58a4ab0 owl:annotatedProperty oboInOwl:hasExactSynonym","obo:DOID_3241 oboInOwl:id DOID:3241","a3861578-3d29-44dd-9cb2-2338599f38f8 owl:annotatedTarget acute pulmonary edema due to fumes and vapors","obo:DOID_3153 oboInOwl:hasExactSynonym Lipomatosis morphologic abnormality","984cc251-15bb-4e2a-8b73-26e121680af9 owl:annotatedSource obo:DOID_12271","obo:DOID_2469 rdfs:label swine erysipelas","c8dbdcfb-7c63-49bf-a8b1-d63fa883de7a owl:annotatedProperty obo:IAO_0000115","cb3cd6c4-8217-4b20-adf4-575a013e1ec7 owl:annotatedSource obo:DOID_6034","obo:DOID_9847 oboInOwl:hasDbXref ICD9CM:386.1","97e4c35e-60cf-4edf-a2c3-b7f3d7689fd9 owl:annotatedSource obo:DOID_3327","obo:DOID_2469 oboInOwl:id DOID:2469","obo:DOID_5358 rdfs:label non-mucinous bronchioloalveolar lung carcinoma","obo:DOID_13378 oboInOwl:hasDbXref NCI:C34825","obo:DOID_0060194 oboInOwl:hasExactSynonym ALS2","obo:DOID_9972 rdfs:subClassOf obo:DOID_654","obo:DOID_7517 oboInOwl:id DOID:7517","ae5890aa-5b70-4ea6-937c-66541eb4625c oboInOwl:hasDbXref NCI2004_11_17:C3542","obo:DOID_14150 oboInOwl:hasRelatedSynonym spinal cord cancer","obo:DOID_1659 oboInOwl:hasDbXref MSH:D015173","obo:DOID_5446 oboInOwl:hasDbXref SNOMEDCT_US_2015_03_01:253021007","b3180ae8-2d82-4401-a34e-562e6706c62e owl:annotatedSource obo:DOID_10811","obo:DOID_0060194 rdfs:label amyotrophic lateral sclerosis type 2","obo:DOID_8452 rdf:type owl:Class","445144e8-daa9-4a1b-8e16-b35dc7f9a12a owl:annotatedProperty oboInOwl:hasExactSynonym","9dbfdc68-2c8f-4550-ae63-026699185593 owl:annotatedSource obo:DOID_1453","obo:DOID_69 rdfs:label hemopoetic tissue disease","obo:DOID_3204 oboInOwl:hasDbXref MSH:C536641","obo:DOID_9884 oboInOwl:hasDbXref OMIM:310000","c038c67e-ca6c-44ce-981d-2a57029d73c6 oboInOwl:hasDbXref url:http://en.wikipedia.org/wiki/CREST_syndrome","obo:DOID_1835 oboInOwl:hasExactSynonym Mononeuritis multiplex","obo:DOID_14150 oboInOwl:hasOBONamespace disease_ontology","fca93d9e-ba25-4bb4-bdaa-13dbc70f0f67 owl:annotatedSource obo:DOID_2377","obo:DOID_1835 oboInOwl:hasDbXref SNOMEDCT_US_2015_03_01:30292005","obo:DOID_0060157 oboInOwl:hasDbXref SNOMEDCT_US_2015_03_01:201138007","obo:DOID_6034 obo:IAO_0000115 A heart sarcoma that is a soft tissue sarcoma located in the heart.","187e4436-47e0-4d06-8230-a241245c0532 owl:annotatedTarget disorder of hypoglossal nerve disorder","40d263c8-1d96-4c74-83a2-6bf66b14d5ba oboInOwl:hasDbXref url:http://en.wikipedia.org/wiki/Thymoma","obo:DOID_9972 oboInOwl:hasDbXref SNOMEDCT_US_2015_03_01:64559002","aa397cd4-e6bc-4da8-b7d1-a547db067dd0 owl:annotatedProperty obo:IAO_0000115","obo:DOID_13378 oboInOwl:hasDbXref MSH:D009080","obo:DOID_7642 oboInOwl:hasDbXref NCI:C41617","obo:DOID_11312 oboInOwl:hasDbXref NCI:C62018","95043b1c-b648-4d79-b4cf-49233a2ecdf2 owl:annotatedSource obo:DOID_13376","b9bc15d0-170a-483d-8596-63772a7f9810 rdf:type owl:Axiom","obo:DOID_8540 rdfs:label Sezarys disease involving lymph nodes of head, face, and neck","obo:DOID_0050591 oboInOwl:hasDbXref SNOMEDCT_US_2015_03_01:16958000","6cde2776-c471-4f6d-a9b6-3b3aed911349 oboInOwl:hasDbXref SNOMEDCT_2005_07_31:188469005","b9bc15d0-170a-483d-8596-63772a7f9810 owl:annotatedSource obo:DOID_1942","obo:DOID_11312 oboInOwl:hasDbXref UMLS_CUI:C0155700","obo:DOID_9884 oboInOwl:hasDbXref UMLS_CUI:C0026850","a3861578-3d29-44dd-9cb2-2338599f38f8 rdf:type owl:Axiom","obo:DOID_0050591 oboInOwl:hasDbXref ICD9CM:520.0","obo:DOID_3153 oboInOwl:id DOID:3153","obo:DOID_0050378 oboInOwl:hasOBONamespace disease_ontology","obo:DOID_9972 oboInOwl:id DOID:9972","81a6a3f2-0874-4505-a495-c53d79e89233 owl:annotatedProperty obo:IAO_0000115","obo:DOID_1835 oboInOwl:hasExactSynonym Mononeuritis multiplex disorder","c8dbdcfb-7c63-49bf-a8b1-d63fa883de7a owl:annotatedSource obo:DOID_0060320","d748f85f-828f-4ce0-99e7-bc1cbe4d8255 oboInOwl:hasDbXref url:http://en.wikipedia.org/wiki/Intellectual_disability","obo:DOID_0060157 oboInOwl:hasDbXref UMLS_CUI:C3179487","ab9bd383-5b87-4782-b837-a288af5fb043 owl:annotatedProperty oboInOwl:hasExactSynonym","obo:DOID_9884 oboInOwl:hasDbXref OMIM:309950","obo:DOID_4636 oboInOwl:hasDbXref UMLS_CUI:C0235591","obo:DOID_9011 oboInOwl:hasDbXref NCI:C9100","cca4184a-88f9-4079-a307-59d679e238bc oboInOwl:hasDbXref SNOMEDCT_2005_07_31:124907004","603df0d7-2994-40ce-9689-7b7faf1ab5a5 owl:annotatedSource obo:DOID_10300","obo:DOID_0060194 obo:IAO_0000115 A type of ALS with juvenile onset caused_by mutation located_in alsin gene located_in chromosome 2.","f2ec97a2-0860-485c-905f-82bca220cbd1 owl:annotatedSource obo:DOID_12000","1f453f33-d296-4fff-a617-3bc60954a5b5 rdf:type owl:Axiom","75bcf697-5a4a-4d3e-8c3d-0ab1c9c1556d owl:annotatedTarget Pleomorphic carcinoma morphologic abnormality","obo:DOID_0050591 oboInOwl:hasDbXref OMIM:613097","obo:DOID_7429 oboInOwl:id DOID:7429","39b33581-afc9-4d8a-99b4-f6edfb952622 rdf:type owl:Axiom","4ec9a23c-70f2-484f-ad84-0c45021faa53 oboInOwl:hasDbXref NCI2004_11_17:C27007","56592a02-deb6-452f-aa2a-c43fae00e2cc oboInOwl:hasDbXref NCI2004_11_17:C3775","obo:DOID_1659 obo:IAO_0000115 A brain cancer that is located_in the supratentorial region.","b5747384-fe3b-44ed-9650-a60d4df75adf owl:annotatedTarget pediatric renal Angiomyolipoma","obo:DOID_9972 oboInOwl:hasDbXref ICD9CM:278.2","7e4d8a8f-1937-4b31-94a8-f86d2404f05e rdf:type owl:Axiom","95043b1c-b648-4d79-b4cf-49233a2ecdf2 owl:annotatedProperty oboInOwl:hasExactSynonym","3799d0a7-bfb5-4f2d-a0c1-2f52e20e589d owl:annotatedProperty oboInOwl:hasExactSynonym","a3861578-3d29-44dd-9cb2-2338599f38f8 owl:annotatedSource obo:DOID_551","8f2fb8a4-b92b-4a22-b652-d050fd14a283 owl:annotatedProperty oboInOwl:hasExactSynonym","obo:DOID_3153 oboInOwl:hasDbXref ICD10CM:E88.2","obo:DOID_9935 oboInOwl:hasDbXref ICD10CM:H04.4","obo:DOID_252 oboInOwl:hasDbXref MSH:D011604","7ce364b1-32b7-477b-9759-7950ef1e32cf rdf:type owl:Axiom","bb76df5c-57ab-4c85-8dff-eefa2d83aeff rdf:type owl:Axiom","56592a02-deb6-452f-aa2a-c43fae00e2cc owl:annotatedProperty oboInOwl:hasExactSynonym","f2ec97a2-0860-485c-905f-82bca220cbd1 owl:annotatedProperty oboInOwl:hasExactSynonym","obo:DOID_0050591 oboInOwl:hasDbXref OMIM:604625","obo:DOID_13378 oboInOwl:hasExactSynonym MLNS","obo:DOID_164 oboInOwl:id DOID:164","obo:DOID_0060157 rdf:type owl:Class","obo:DOID_9935 rdf:type owl:Class","obo:DOID_3241 obo:IAO_0000115 An aspiration pneumonitis resulting from the aspiration of lipids. It is the result of a foreign body-type reaction to the presence of lipid material within the lung parenchyma. It is caused by inhalation of nasal drops with oil base or cosmetic oil and aspiration of mineral oil when used as a laxative agent.","664d326d-e546-4beb-95aa-fcf375737045 rdf:type owl:Axiom","obo:DOID_11312 rdf:type owl:Class","7ce364b1-32b7-477b-9759-7950ef1e32cf owl:annotatedTarget Hodgkins sarcoma of lymph nodes of multiple sites disorder","obo:DOID_13378 oboInOwl:hasOBONamespace disease_ontology","obo:DOID_0060370 rdf:type owl:Class","b09cd9d4-fc1e-40b4-bff9-66a3754d40f0 owl:annotatedTarget Hemarthrosis of ankle and/or foot disorder","obo:DOID_7517 owl:deprecated true^^http://www.w3.org/2001/XMLSchema#boolean","obo:DOID_9847 oboInOwl:id DOID:9847","obo:DOID_4812 rdfs:subClassOf obo:DOID_4813","obo:DOID_0050591 oboInOwl:hasOBONamespace disease_ontology","9a95880f-d14f-4a61-9fe4-ac1790abfc93 owl:annotatedSource obo:DOID_0050906","obo:DOID_0050303 rdf:type owl:Class","obo:DOID_1923 oboInOwl:hasDbXref MSH:D012734","40d263c8-1d96-4c74-83a2-6bf66b14d5ba owl:annotatedSource obo:DOID_3275","d74464de-45c4-4963-95d1-7602ddb532aa owl:annotatedSource obo:DOID_13868","obo:DOID_4548 oboInOwl:hasExactSynonym mesenchymal extraosseous chondrosarcoma","obo:DOID_5446 rdf:type owl:Class","e4c497f3-7dd8-4b10-98ce-f42d0f0e8f1c oboInOwl:hasDbXref ICD9CM_2006:495.4","obo:DOID_6995 rdf:type owl:Class","obo:DOID_0060069 rdf:type owl:Class","obo:DOID_0050591 oboInOwl:hasDbXref SNOMEDCT_US_2015_03_01:196265005","obo:DOID_9011 oboInOwl:hasExactSynonym carcinoma in situ of larynx disorder","obo:DOID_2682 rdf:type owl:Class","0219c5b3-ebf0-4ac2-952a-6775b564ee20 owl:annotatedProperty obo:IAO_0000115","obo:DOID_8540 oboInOwl:hasExactSynonym Sezarys disease of lymph nodes of head, face and neck disorder","obo:DOID_1923 oboInOwl:hasExactSynonym disorder of sexual differentiation disorder","fc89ed7b-a2ba-40e5-a287-424c0f48f208 rdf:type owl:Axiom","obo:DOID_5446 oboInOwl:id DOID:5446","2a528344-543b-4330-b940-51726a5964c5 owl:annotatedProperty obo:IAO_0000115","c90ba2e0-0a52-4458-9913-02c3f20a5791 oboInOwl:hasDbXref url:http://en.wikipedia.org/wiki/Adenocarcinoma","obo:DOID_10489 owl:deprecated true^^http://www.w3.org/2001/XMLSchema#boolean","6cde2776-c471-4f6d-a9b6-3b3aed911349 owl:annotatedProperty oboInOwl:hasExactSynonym","obo:DOID_4724 oboInOwl:hasDbXref SNOMEDCT_US_2015_03_01:2032001","ab9bd383-5b87-4782-b837-a288af5fb043 owl:annotatedTarget Sezarys disease of intrapelvic lymph nodes disorder","fb622a65-2d00-4c89-96c6-b3346014683f owl:annotatedSource obo:DOID_2973","ec500bde-d6d6-49e5-9e9a-006db7d1e229 owl:annotatedTarget carcinoma of the Endocervix","obo:DOID_4724 rdfs:label brain edema","c038c67e-ca6c-44ce-981d-2a57029d73c6 owl:annotatedSource obo:DOID_0060218","obo:DOID_9847 rdf:type owl:Class","obo:DOID_12707 oboInOwl:hasDbXref SNOMEDCT_US_2015_03_01:192871008","obo:DOID_7429 rdfs:subClassOf obo:DOID_2127","0219c5b3-ebf0-4ac2-952a-6775b564ee20 oboInOwl:hasDbXref url:http://en.wikipedia.org/wiki/Pyogenic","obo:DOID_3028 oboInOwl:hasRelatedSynonym adenoma of colon with intramucosal adenocarcinoma","obo:DOID_10790 rdfs:label chronic frontal sinusitis","obo:DOID_0060282 oboInOwl:hasDbXref SNOMEDCT_US_2015_03_01:69927002","af584e50-a336-41a1-a278-dedbbbdc7cb0 oboInOwl:hasDbXref CSP2005:0441-2309","b74debac-a23c-468e-89a8-37f8c2e61568 owl:annotatedTarget A congenital hypoplastic anemia characterized by progressive pancytopenia with bone marrow failure, variable congenital malformations and predisposition to develop hematological or solid tumors. It is a result of a genetic defect in a cluster of proteins responsible for DNA repair.","obo:DOID_3153 oboInOwl:hasOBONamespace disease_ontology","obo:DOID_4548 oboInOwl:id DOID:4548","obo:DOID_9011 oboInOwl:hasDbXref ICD10CM:D02.0","obo:DOID_13378 oboInOwl:hasExactSynonym Kawasakis disease","0a0d8019-ef28-4a43-b207-2c14639d3def owl:annotatedProperty obo:IAO_0000115","obo:DOID_2469 rdf:type owl:Class","73294f5b-8749-4ea8-b12f-ef7fd7b57ddb owl:annotatedProperty oboInOwl:hasExactSynonym","39b33581-afc9-4d8a-99b4-f6edfb952622 owl:annotatedSource obo:DOID_4332","obo:DOID_0060194 rdfs:subClassOf obo:DOID_332","35b9fa14-f35f-4069-858a-b6a9e6138f76 owl:annotatedSource obo:DOID_10033","obo:DOID_5358 rdf:type owl:Class","obo:DOID_4812 oboInOwl:hasDbXref NCI:C9370","obo:DOID_1835 oboInOwl:hasDbXref ICD9CM:354.5","obo:DOID_7429 oboInOwl:hasDbXref UMLS_CUI:C1332948","bc01685a-7677-4720-81b0-1f486210235d oboInOwl:hasDbXref MTHICD9_2006:585.9","obo:DOID_0050591 oboInOwl:inSubset doid:DO_MGI_slim","obo:DOID_8540 oboInOwl:id DOID:8540","obo:DOID_0060282 rdf:type owl:Class","d748f85f-828f-4ce0-99e7-bc1cbe4d8255 owl:annotatedTarget An intellectual disability that is characterized by the presence of associated medical and behavioral sign and symptoms.","obo:DOID_13378 oboInOwl:id DOID:13378","d5e9f635-2b1c-4cce-a225-d82fc05fb85b owl:annotatedProperty oboInOwl:hasExactSynonym","ea1d61fa-9cf2-4781-8e1a-1216efa74d94 oboInOwl:hasDbXref MTHICD9_2006:759.89","9dbfdc68-2c8f-4550-ae63-026699185593 owl:annotatedTarget Glossitis, Hunters","obo:DOID_1835 rdf:type owl:Class","81a6a3f2-0874-4505-a495-c53d79e89233 oboInOwl:hasDbXref url:http://ghr.nlm.nih.gov/condition/tarsal-carpal-coalition-syndrome","obo:DOID_6958 rdf:type owl:Class","obo:DOID_6995 oboInOwl:hasExactSynonym secondary malignant neoplasm of kidney disorder","obo:DOID_9847 oboInOwl:hasDbXref ICD10CM:H81.399","obo:DOID_10790 oboInOwl:hasDbXref SNOMEDCT_US_2015_03_01:195786002","c8dbdcfb-7c63-49bf-a8b1-d63fa883de7a owl:annotatedTarget An intestinal disease characterized by a protrusion of abdominal cavity contests through the inguinal canal.","obo:DOID_0060282 oboInOwl:hasDbXref SNOMEDCT_US_2015_03_01:44647001","8b1122bd-c5ae-4bc2-a208-1fb0a3ad3c0f owl:annotatedSource obo:DOID_12168","obo:DOID_5446 rdfs:label eccrine papillary adenoma","28bbdfdd-0377-42e4-9313-1f9ae1a7bd28 rdf:type owl:Axiom","obo:DOID_164 oboInOwl:hasOBONamespace disease_ontology","447071a7-c3fb-4bf6-83d3-396952f28915 owl:annotatedProperty oboInOwl:hasExactSynonym","40d263c8-1d96-4c74-83a2-6bf66b14d5ba rdf:type owl:Axiom","obo:DOID_3204 oboInOwl:hasDbXref OMIM:615670","obo:DOID_0060157 oboInOwl:hasDbXref SNOMEDCT_US_2015_03_01:403331000","obo:DOID_13554 oboInOwl:hasOBONamespace disease_ontology","85fff3f9-01dd-450b-879f-1d34ddc15a9d oboInOwl:hasDbXref SNOMEDCT_2005_07_31:247848003","8b1122bd-c5ae-4bc2-a208-1fb0a3ad3c0f owl:annotatedProperty oboInOwl:hasExactSynonym","fb622a65-2d00-4c89-96c6-b3346014683f oboInOwl:hasDbXref SNOMEDCT_2005_07_31:45456005","obo:DOID_0060194 rdf:type owl:Class","85fff3f9-01dd-450b-879f-1d34ddc15a9d owl:annotatedProperty oboInOwl:hasExactSynonym","54d234ff-41be-4965-91ee-cc3d663ada34 owl:annotatedTarget disease of supporting structures of teeth, NOS","obo:DOID_6958 rdfs:label aleukemic monocytic leukemia cutis","obo:DOID_7642 oboInOwl:hasOBONamespace disease_ontology","obo:DOID_12707 oboInOwl:hasDbXref SNOMEDCT_US_2015_03_01:41009006","obo:DOID_1923 oboInOwl:hasExactSynonym sex differentiation disorder","56592a02-deb6-452f-aa2a-c43fae00e2cc owl:annotatedTarget carcinoma of adnexa","9a95880f-d14f-4a61-9fe4-ac1790abfc93 rdf:type owl:Axiom","832fc6de-ca90-46ea-a978-1e0d36b7224d owl:annotatedProperty oboInOwl:hasExactSynonym","obo:DOID_1923 oboInOwl:id DOID:1923","97e4c35e-60cf-4edf-a2c3-b7f3d7689fd9 owl:annotatedTarget Focal motor seizure disorder","obo:DOID_252 oboInOwl:hasDbXref UMLS_CUI:C0033936","b0f2731b-3533-4413-974b-f212f8038980 oboInOwl:hasDbXref SNOMEDCT_2005_07_31:63440008","obo:DOID_8276 owl:deprecated true^^http://www.w3.org/2001/XMLSchema#boolean","obo:DOID_0060282 oboInOwl:id DOID:0060282","obo:DOID_2682 oboInOwl:hasExactSynonym Intracystic papilloma","obo:DOID_6210 oboInOwl:hasDbXref UMLS_CUI:C1511187","obo:DOID_9884 oboInOwl:hasDbXref MSH:D009136","obo:DOID_1923 rdf:type owl:Class","984cc251-15bb-4e2a-8b73-26e121680af9 oboInOwl:hasDbXref SNOMEDCT_2005_07_31:204161008","cca4184a-88f9-4079-a307-59d679e238bc owl:annotatedTarget deficiency of ascorbic acid disorder","1a1dd3bf-a82f-42a3-a569-3becf6817620 owl:annotatedTarget Tuberculous fibrosis of lung disorder","4ec9a23c-70f2-484f-ad84-0c45021faa53 owl:annotatedSource obo:DOID_2413","984cc251-15bb-4e2a-8b73-26e121680af9 owl:annotatedProperty oboInOwl:hasExactSynonym","obo:DOID_3241 oboInOwl:hasDbXref UMLS_CUI:C0032298","e4c497f3-7dd8-4b10-98ce-f42d0f0e8f1c owl:annotatedProperty oboInOwl:hasExactSynonym","obo:DOID_9884 oboInOwl:hasDbXref ICD10CM:G71.0","obo:DOID_3241 oboInOwl:hasDbXref SNOMEDCT_US_2015_03_01:37629004","bd06a28f-6bc7-4508-819c-f8f9f77e51e0 oboInOwl:hasDbXref ICD9CM_2006:218.2","8057d0a0-6547-4a04-b3b6-d506688b1bbe owl:annotatedTarget Verruciform xanthoma morphologic abnormality","f2c43dca-18b8-48ba-ae28-40807948a3b3 owl:annotatedProperty oboInOwl:hasExactSynonym","obo:DOID_9011 rdf:type owl:Class","75bcf697-5a4a-4d3e-8c3d-0ab1c9c1556d owl:annotatedProperty oboInOwl:hasExactSynonym","obo:DOID_0050591 oboInOwl:hasDbXref SNOMEDCT_US_2015_03_01:196266006","cb3cd6c4-8217-4b20-adf4-575a013e1ec7 owl:annotatedTarget A heart sarcoma that is a soft tissue sarcoma located in the heart.","obo:DOID_1659 rdfs:subClassOf obo:DOID_1319","obo:DOID_252 oboInOwl:hasOBONamespace disease_ontology","obo:DOID_3153 oboInOwl:hasDbXref SNOMEDCT_US_2015_03_01:402693001","39b33581-afc9-4d8a-99b4-f6edfb952622 owl:annotatedTarget familial hypophosphataemia","bc01685a-7677-4720-81b0-1f486210235d owl:annotatedProperty oboInOwl:hasExactSynonym","obo:DOID_4636 oboInOwl:hasExactSynonym Submandibular Lymphadenitis","3443f2f0-6719-41c7-af0b-18a88e2e6bca owl:annotatedProperty oboInOwl:hasExactSynonym","obo:DOID_10790 oboInOwl:hasOBONamespace disease_ontology","obo:DOID_8239 oboInOwl:hasExactSynonym meningioma of the lower Clivus","obo:DOID_3028 owl:deprecated true^^http://www.w3.org/2001/XMLSchema#boolean","73294f5b-8749-4ea8-b12f-ef7fd7b57ddb owl:annotatedTarget Stenosis of rectum and anus NOS disorder","40a76db6-59f5-4df6-b33d-a7731bedecce oboInOwl:hasDbXref SNOMEDCT_2005_07_31:66855003","obo:DOID_5395 rdf:type owl:Class","obo:DOID_4812 rdf:type owl:Class","6c6b0efb-fcac-48c8-bda9-84cff4a9387d rdf:type owl:Axiom","a3861578-3d29-44dd-9cb2-2338599f38f8 oboInOwl:hasDbXref ICD9CM_2006:506.1","obo:DOID_3153 oboInOwl:hasDbXref SNOMEDCT_US_2015_03_01:37095002","obo:DOID_0050591 oboInOwl:hasDbXref ORDO:2227","obo:DOID_5395 rdfs:label functioning pituitary adenoma","obo:DOID_1659 oboInOwl:hasDbXref NCI:C3397","obo:DOID_0060157 oboInOwl:hasDbXref UMLS_CUI:C1862862","obo:DOID_3241 oboInOwl:hasDbXref SNOMEDCT_US_2015_03_01:196038008","obo:DOID_3204 oboInOwl:inSubset doid:DO_MGI_slim","d5e9f635-2b1c-4cce-a225-d82fc05fb85b rdf:type owl:Axiom","obo:DOID_10489 oboInOwl:hasOBONamespace disease_ontology","obo:DOID_3153 oboInOwl:hasExactSynonym Lipomatosis disorder","obo:DOID_8239 oboInOwl:hasDbXref NCI:C5288","81a6a3f2-0874-4505-a495-c53d79e89233 owl:annotatedSource obo:DOID_0050789","b5747384-fe3b-44ed-9650-a60d4df75adf owl:annotatedSource obo:DOID_8410","obo:DOID_5446 oboInOwl:hasDbXref SNOMEDCT_US_2015_03_01:10060008","obo:DOID_11261 rdf:type owl:Class","obo:DOID_9847 oboInOwl:hasDbXref SNOMEDCT_US_2015_03_01:194353007","9a95880f-d14f-4a61-9fe4-ac1790abfc93 oboInOwl:hasDbXref url:http://en.wikipedia.org/wiki/Eye_neoplasm#Conjunctival_tumors","obo:DOID_9884 rdf:type owl:Class","obo:DOID_8276 oboInOwl:id DOID:8276","832fc6de-ca90-46ea-a978-1e0d36b7224d rdf:type owl:Axiom","obo:DOID_3116 oboInOwl:hasOBONamespace disease_ontology","obo:DOID_4900 oboInOwl:hasExactSynonym mixed cell adenocarcinoma","8b1122bd-c5ae-4bc2-a208-1fb0a3ad3c0f rdf:type owl:Axiom","85fff3f9-01dd-450b-879f-1d34ddc15a9d rdf:type owl:Axiom","obo:DOID_1659 rdf:type owl:Class","af98afcd-9e55-4251-84ae-f68bba0a62a6 owl:annotatedSource obo:DOID_8600","obo:DOID_7517 oboInOwl:hasOBONamespace disease_ontology","447071a7-c3fb-4bf6-83d3-396952f28915 rdf:type owl:Axiom","obo:DOID_8540 oboInOwl:hasExactSynonym Sezarys disease involving lymph nodes of head, face and neck","obo:DOID_3116 oboInOwl:hasDbXref UMLS_CUI:C1334323","28bbdfdd-0377-42e4-9313-1f9ae1a7bd28 owl:annotatedProperty oboInOwl:hasExactSynonym","984cc251-15bb-4e2a-8b73-26e121680af9 rdf:type owl:Axiom","obo:DOID_6995 oboInOwl:hasExactSynonym metastasis to kidney","67787eb8-93ca-402d-8899-2d5428715105 oboInOwl:hasDbXref ICD9CM_2006:371.53","obo:DOID_9847 oboInOwl:hasDbXref SNOMEDCT_US_2015_03_01:194692006","77f5ce2a-9d4d-4f3c-878f-631376c06857 rdf:type owl:Axiom","obo:DOID_4724 rdf:type owl:Class","obo:DOID_10790 obo:IAO_0000115 A frontal sinusitis which lasts for 12 weeks or more. This causes steady headache, localized tenderness and intermittent, purulent nasal and postnasal drainage.","obo:DOID_8239 rdfs:subClassOf obo:DOID_6517","3443f2f0-6719-41c7-af0b-18a88e2e6bca rdf:type owl:Axiom","bc01685a-7677-4720-81b0-1f486210235d rdf:type owl:Axiom","obo:DOID_0060282 oboInOwl:hasDbXref OMIM:221900","obo:DOID_11312 oboInOwl:id DOID:11312","obo:DOID_7429 oboInOwl:hasOBONamespace disease_ontology","obo:DOID_4636 rdf:type owl:Class","obo:DOID_11261 oboInOwl:hasExactSynonym Epizootic stomatitis","obo:DOID_5446 oboInOwl:hasDbXref UMLS_CUI:C0334350","3443f2f0-6719-41c7-af0b-18a88e2e6bca owl:annotatedSource obo:DOID_7352","obo:DOID_3241 oboInOwl:hasExactSynonym pneumonitis due to inhalation of oils and essences","75bcf697-5a4a-4d3e-8c3d-0ab1c9c1556d rdf:type owl:Axiom","bb76df5c-57ab-4c85-8dff-eefa2d83aeff owl:annotatedTarget chronic inflammatory disorder of orbit","81a6a3f2-0874-4505-a495-c53d79e89233 owl:annotatedTarget An autosomal dominant disease that is characterized by fusion of the carpals, tarsals, and phalanges, short first metacarpals causing brachydactyly; and humeroradial fusion.","f2c43dca-18b8-48ba-ae28-40807948a3b3 rdf:type owl:Axiom","obo:DOID_3204 oboInOwl:hasOBONamespace disease_ontology","e4c497f3-7dd8-4b10-98ce-f42d0f0e8f1c rdf:type owl:Axiom","obo:DOID_2682 oboInOwl:hasDbXref UMLS_CUI:C0334374","b9bc15d0-170a-483d-8596-63772a7f9810 owl:annotatedTarget Intermittent heterotropia, unspecified","obo:DOID_0050303 oboInOwl:id DOID:0050303","obo:DOID_164 owl:deprecated true^^http://www.w3.org/2001/XMLSchema#boolean","2fd5173b-4e42-4bb4-94f3-f2f2837055a7 owl:annotatedTarget mucinous adenoma morphologic abnormality","obo:DOID_13554 owl:deprecated true^^http://www.w3.org/2001/XMLSchema#boolean","obo:DOID_3116 rdfs:subClassOf obo:DOID_731","obo:DOID_0060282 oboInOwl:hasDbXref ORDO:91495","67787eb8-93ca-402d-8899-2d5428715105 owl:annotatedSource obo:DOID_12318","obo:DOID_9884 obo:IAO_0000115 A myopathy is characterized by progressive skeletal muscle weakness degeneration.","obo:DOID_9011 oboInOwl:hasDbXref SNOMEDCT_US_2015_03_01:92634009","c038c67e-ca6c-44ce-981d-2a57029d73c6 rdf:type owl:Axiom","d748f85f-828f-4ce0-99e7-bc1cbe4d8255 rdf:type owl:Axiom","obo:DOID_69 oboInOwl:id DOID:69","obo:DOID_8276 oboInOwl:hasOBONamespace disease_ontology","bb76df5c-57ab-4c85-8dff-eefa2d83aeff oboInOwl:hasDbXref ICD9CM_2006:376.1","d74464de-45c4-4963-95d1-7602ddb532aa owl:annotatedTarget Lack or loss of sexual desire","6cde2776-c471-4f6d-a9b6-3b3aed911349 rdf:type owl:Axiom","obo:DOID_0060194 oboInOwl:creation_date 2014-09-16T13:12:14Z","obo:DOID_9847 oboInOwl:hasDbXref ICD9CM:386.19","fc89ed7b-a2ba-40e5-a287-424c0f48f208 owl:annotatedProperty oboInOwl:hasExactSynonym","obo:DOID_2682 rdfs:label intracystic papillary adenoma","b3180ae8-2d82-4401-a34e-562e6706c62e owl:annotatedTarget A respiratory system cancer that is located_in the nasal cavity.","obo:DOID_1659 oboInOwl:hasExactSynonym Brain neoplasm, Supratentorial","obo:DOID_0060194 oboInOwl:id DOID:0060194","obo:DOID_12707 oboInOwl:hasDbXref ICD10CM:G11.1","obo:DOID_3241 oboInOwl:hasOBONamespace disease_ontology","obo:DOID_252 oboInOwl:hasDbXref ICD9CM:291.9","c90ba2e0-0a52-4458-9913-02c3f20a5791 owl:annotatedTarget A carcinoma that has_material_basis_in abnormally proliferating cells, derives_from epithelial cells, which originate in glandular tissue.","obo:DOID_13378 obo:IAO_0000115 A lymphadenitis characterized by swelling of cervical lymph nodes in infants and young children and inflammation of medium-sized blood vessels located_in body, has_symptom fever, has_symptom congestion of ocular conjunctivae, has_symptom reddening of lips, has_symptom reddening of oral cavity, has_symptom protuberance of tongue papillae and has_symptom edema of extremities.","b74debac-a23c-468e-89a8-37f8c2e61568 oboInOwl:hasDbXref url:http://ghr.nlm.nih.gov/condition/fanconi-anemia","obo:DOID_8239 oboInOwl:hasDbXref UMLS_CUI:C1334434","ab9b2aba-73be-4df3-9eb1-1c9b76cf10c7 owl:annotatedTarget acute Rheumatic fever with pericarditis","obo:DOID_6034 oboInOwl:hasDbXref NCI:C5365","1f453f33-d296-4fff-a617-3bc60954a5b5 owl:annotatedSource obo:DOID_6506","fca93d9e-ba25-4bb4-bdaa-13dbc70f0f67 owl:annotatedTarget Generalized multiple sclerosis disorder","obo:DOID_12707 oboInOwl:hasDbXref OMIM:213400","28bbdfdd-0377-42e4-9313-1f9ae1a7bd28 oboInOwl:hasDbXref SNOMEDCT_2005_07_31:199250005","af584e50-a336-41a1-a278-dedbbbdc7cb0 owl:annotatedTarget erythroblastosis fetalis","obo:DOID_1835 rdfs:subClassOf obo:DOID_572","obo:DOID_5395 rdfs:subClassOf obo:DOID_3829","obo:DOID_8188 oboInOwl:hasOBONamespace disease_ontology","77f5ce2a-9d4d-4f3c-878f-631376c06857 owl:annotatedSource obo:DOID_0050485","obo:DOID_6995 oboInOwl:hasExactSynonym secondary malignant neoplasm of kidney","obo:DOID_9847 oboInOwl:hasDbXref ICD10CM:H81.39","obo:DOID_9972 rdf:type owl:Class","obo:DOID_2682 rdfs:subClassOf obo:DOID_2615","obo:DOID_0060370 oboInOwl:created_by elvira","obo:DOID_0050591 oboInOwl:id DOID:0050591","obo:DOID_3028 oboInOwl:hasOBONamespace disease_ontology","ae5890aa-5b70-4ea6-937c-66541eb4625c owl:annotatedSource obo:DOID_1360","obo:DOID_4548 rdfs:subClassOf obo:DOID_4549","obo:DOID_13378 oboInOwl:hasExactSynonym acute febrile mucocutaneous lymph node syndrome [MCLS]","2fd5173b-4e42-4bb4-94f3-f2f2837055a7 owl:annotatedSource obo:DOID_2633","6e4d41c5-de7f-444e-a344-31865fec6189 owl:annotatedTarget malignant teratoma of Ovary","obo:DOID_8239 oboInOwl:id DOID:8239","obo:DOID_2682 oboInOwl:id DOID:2682","obo:DOID_6958 oboInOwl:hasDbXref NCI:C5630","2b11f478-1e0a-4393-a2d0-c772306fc2d6 oboInOwl:hasDbXref MTH:260","obo:DOID_0060370 oboInOwl:hasDbXref ORDO:2828","obo:DOID_4636 rdfs:subClassOf obo:DOID_4637","obo:DOID_4900 rdf:type owl:Class","85fff3f9-01dd-450b-879f-1d34ddc15a9d owl:annotatedTarget Fear of animals finding","73294f5b-8749-4ea8-b12f-ef7fd7b57ddb rdf:type owl:Axiom","obo:DOID_0060282 rdfs:label persistent hyperplastic primary vitreous","28bbdfdd-0377-42e4-9313-1f9ae1a7bd28 owl:annotatedSource obo:DOID_8435","ea1d61fa-9cf2-4781-8e1a-1216efa74d94 rdf:type owl:Axiom","8b1122bd-c5ae-4bc2-a208-1fb0a3ad3c0f owl:annotatedTarget Ulnar nerve lesion disorder","obo:DOID_3204 oboInOwl:id DOID:3204","obo:DOID_8540 oboInOwl:hasOBONamespace disease_ontology","54d234ff-41be-4965-91ee-cc3d663ada34 rdf:type owl:Axiom","obo:DOID_9884 oboInOwl:hasDbXref SNOMEDCT_US_2015_03_01:44292004","obo:DOID_8276 oboInOwl:hasExactSynonym Hodgkins-like PTLD","77f5ce2a-9d4d-4f3c-878f-631376c06857 owl:annotatedProperty obo:IAO_0000115","9dbfdc68-2c8f-4550-ae63-026699185593 owl:annotatedProperty oboInOwl:hasExactSynonym","obo:DOID_9935 oboInOwl:hasDbXref SNOMEDCT_US_2015_03_01:193990009","40d263c8-1d96-4c74-83a2-6bf66b14d5ba oboInOwl:hasDbXref url:http://cancergenome.nih.gov/cancersselected/Thymoma","35b9fa14-f35f-4069-858a-b6a9e6138f76 owl:annotatedProperty oboInOwl:hasExactSynonym","obo:DOID_0050591 oboInOwl:hasExactSynonym oligodontia","obo:DOID_9884 oboInOwl:hasDbXref SNOMEDCT_US_2015_03_01:73297009","obo:DOID_4724 rdfs:subClassOf obo:DOID_936","obo:DOID_9884 oboInOwl:hasDbXref OMIM:310095","7e4d8a8f-1937-4b31-94a8-f86d2404f05e oboInOwl:hasDbXref MTHICD9_2006:614.9","fca93d9e-ba25-4bb4-bdaa-13dbc70f0f67 rdf:type owl:Axiom","obo:DOID_4724 oboInOwl:hasExactSynonym wet brain","obo:DOID_0060157 oboInOwl:created_by lschriml","obo:DOID_9884 oboInOwl:hasDbXref NCI:C84910","obo:DOID_11312 oboInOwl:hasExactSynonym Mobitz type II atrioventricular block disorder","obo:DOID_8239 oboInOwl:hasOBONamespace disease_ontology","obo:DOID_6958 rdfs:subClassOf obo:DOID_6003","0219c5b3-ebf0-4ac2-952a-6775b564ee20 owl:annotatedTarget Pyoderma is a skin infectious disease where the infection is pyogenic causing the formation of pus.","6c6b0efb-fcac-48c8-bda9-84cff4a9387d oboInOwl:hasDbXref url:http://www.cdc.gov/mmwr/PDF/rr/rr5417.pdf","obo:DOID_0050303 rdfs:label Hepacivirus infectious disease","0a0d8019-ef28-4a43-b207-2c14639d3def owl:annotatedSource obo:DOID_0050261","ab9bd383-5b87-4782-b837-a288af5fb043 oboInOwl:hasDbXref SNOMEDCT_2005_07_31:188635004","cca4184a-88f9-4079-a307-59d679e238bc owl:annotatedProperty oboInOwl:hasExactSynonym","447071a7-c3fb-4bf6-83d3-396952f28915 owl:annotatedTarget Spastic ectropion disorder","obo:DOID_0060157 rdfs:subClassOf obo:DOID_986","187e4436-47e0-4d06-8230-a241245c0532 rdf:type owl:Axiom","3799d0a7-bfb5-4f2d-a0c1-2f52e20e589d owl:annotatedTarget Blue skin nevus","obo:DOID_12707 rdfs:label myoclonic cerebellar dyssynergia","fc89ed7b-a2ba-40e5-a287-424c0f48f208 owl:annotatedTarget Intramural leiomyoma of uterus disorder","oboInOwl:hasRelatedSynonym rdfs:label has_related_synonym","e86e0244-70b1-43a2-ab88-4a8d5994ccce owl:annotatedSource obo:DOID_10934","97e4c35e-60cf-4edf-a2c3-b7f3d7689fd9 owl:annotatedProperty oboInOwl:hasExactSynonym","b853c641-9c58-41be-adbd-d7a0559eb975 owl:annotatedSource obo:DOID_2702","2b11f478-1e0a-4393-a2d0-c772306fc2d6 rdf:type owl:Axiom","obo:DOID_0060370 obo:IAO_0000115 A Parkinsons disease caused by homozygous or compound heterozygous mutation in the DJ1 gene on chromosome 1p36.","obo:DOID_4900 oboInOwl:hasExactSynonym mixed cell adenocarcinoma morphologic abnormality","6c6b0efb-fcac-48c8-bda9-84cff4a9387d oboInOwl:hasDbXref url:http://www.springerlink.com/content/58281g77v7054641/fulltext.pdf","b853c641-9c58-41be-adbd-d7a0559eb975 rdf:type owl:Axiom","obo:DOID_14150 rdf:type owl:Class","6c6b0efb-fcac-48c8-bda9-84cff4a9387d owl:annotatedProperty obo:IAO_0000115","ec500bde-d6d6-49e5-9e9a-006db7d1e229 owl:annotatedProperty oboInOwl:hasExactSynonym","obo:DOID_14150 oboInOwl:id DOID:14150","obo:DOID_8188 rdfs:subClassOf obo:DOID_9460","obo:DOID_3241 oboInOwl:hasDbXref ICD10CM:J69.1","obo:DOID_252 oboInOwl:hasDbXref SNOMEDCT_US_2015_03_01:42344001","obo:DOID_0050591 obo:IAO_0000115 A tooth disease characterized by failure to develop on or more missing teeth.","6b07707e-7bde-493d-9d04-da05c1c8711a owl:annotatedTarget Extramedullary Myeloid tumor","cb3cd6c4-8217-4b20-adf4-575a013e1ec7 oboInOwl:hasDbXref url:http://www.ncbi.nlm.nih.gov/pubmed/16434949","8b1122bd-c5ae-4bc2-a208-1fb0a3ad3c0f oboInOwl:hasDbXref SNOMEDCT_2005_07_31:359834003","95043b1c-b648-4d79-b4cf-49233a2ecdf2 owl:annotatedTarget Congenital bicuspid aortic valve insufficiency","obo:DOID_9011 oboInOwl:hasExactSynonym stage 0 carcinoma of the Larynx","75bcf697-5a4a-4d3e-8c3d-0ab1c9c1556d oboInOwl:hasDbXref SNOMEDCT_2005_07_31:16741004","1a1dd3bf-a82f-42a3-a569-3becf6817620 oboInOwl:hasDbXref SNOMEDCT_2005_07_31:90117007","28bbdfdd-0377-42e4-9313-1f9ae1a7bd28 owl:annotatedTarget Pregnancy and drug dependence","9cea1f10-1e7c-4710-983d-21c0fcabae2c owl:annotatedSource obo:DOID_3206","b5747384-fe3b-44ed-9650-a60d4df75adf owl:annotatedProperty oboInOwl:hasExactSynonym","obo:DOID_0060069 rdfs:label Bacillus cereus pneumonia","obo:DOID_9935 rdfs:label chronic inflammation of lacrimal passage","9dbfdc68-2c8f-4550-ae63-026699185593 oboInOwl:hasDbXref MTHICD9_2006:529.4","obo:DOID_0060157 oboInOwl:hasDbXref UMLS_CUI:C0406458","obo:DOID_11312 rdfs:label Mobitz type II atrioventricular block","obo:DOID_13554 oboInOwl:inSubset doid:gram-negative_bacterial_infectious_disease","obo:DOID_6034 rdfs:subClassOf obo:DOID_5262","2fd5173b-4e42-4bb4-94f3-f2f2837055a7 owl:annotatedProperty oboInOwl:hasExactSynonym","obo:DOID_8452 oboInOwl:hasOBONamespace disease_ontology","obo:DOID_3241 oboInOwl:hasExactSynonym Exogenous lipoid pneumonia","e4c497f3-7dd8-4b10-98ce-f42d0f0e8f1c owl:annotatedSource obo:DOID_2314","obo:DOID_14150 oboInOwl:hasDbXref UMLS_CUI:C1336044","fb622a65-2d00-4c89-96c6-b3346014683f rdf:type owl:Axiom","obo:DOID_7642 oboInOwl:hasDbXref UMLS_CUI:C1516490","bd06a28f-6bc7-4508-819c-f8f9f77e51e0 owl:annotatedProperty oboInOwl:hasExactSynonym","obo:DOID_0050378 rdf:type owl:Class","8057d0a0-6547-4a04-b3b6-d506688b1bbe owl:annotatedSource obo:DOID_5769","obo:DOID_3241 oboInOwl:hasDbXref MSH:D011017","664d326d-e546-4beb-95aa-fcf375737045 owl:annotatedSource obo:DOID_11201","1a1dd3bf-a82f-42a3-a569-3becf6817620 rdf:type owl:Axiom","aa397cd4-e6bc-4da8-b7d1-a547db067dd0 oboInOwl:hasDbXref url:http://jcm.asm.org/cgi/reprint/42/2/816","obo:DOID_9011 oboInOwl:id DOID:9011","bd06a28f-6bc7-4508-819c-f8f9f77e51e0 owl:annotatedTarget Subserous leiomyoma of uterus","obo:DOID_1835 oboInOwl:hasDbXref MSH:D020422","6c6b0efb-fcac-48c8-bda9-84cff4a9387d oboInOwl:hasDbXref url:http://www.pubmedcentral.nih.gov/articlerender.fcgi?tool\u003dpubmed\u0026pubmedid\u003d16749607","fca93d9e-ba25-4bb4-bdaa-13dbc70f0f67 oboInOwl:hasDbXref SNOMEDCT_2005_07_31:192928003","obo:DOID_13554 oboInOwl:id DOID:13554","0a0d8019-ef28-4a43-b207-2c14639d3def oboInOwl:hasDbXref url:http://www.dpd.cdc.gov/dpdx/HTML/Thelaziasis.htm","obo:DOID_0060157 oboInOwl:hasDbXref UMLS_CUI:C2936778","obo:DOID_252 oboInOwl:hasDbXref SNOMEDCT_US_2015_03_01:268684002","b9bc15d0-170a-483d-8596-63772a7f9810 oboInOwl:hasDbXref ICD9CM_2006:378.20","obo:DOID_0050591 oboInOwl:hasDbXref OMIM:610926","463d818b-3995-4c22-8a8e-0cdee357d694 owl:annotatedTarget Kummells spondylitis","73294f5b-8749-4ea8-b12f-ef7fd7b57ddb owl:annotatedSource obo:DOID_11014","6cde2776-c471-4f6d-a9b6-3b3aed911349 owl:annotatedSource obo:DOID_4496","obo:DOID_13554 rdfs:label gonococcal peritonitis","bd06a28f-6bc7-4508-819c-f8f9f77e51e0 owl:annotatedSource obo:DOID_13560","445144e8-daa9-4a1b-8e16-b35dc7f9a12a oboInOwl:hasDbXref NCI2004_11_17:C4816","af584e50-a336-41a1-a278-dedbbbdc7cb0 rdf:type owl:Axiom","obo:DOID_69 owl:deprecated true^^http://www.w3.org/2001/XMLSchema#boolean","obo:DOID_13554 oboInOwl:inSubset doid:sexually_transmitted_infectious_disease","bc1dab9e-f28f-4d46-8cfb-811816087435 oboInOwl:hasDbXref ICD9CM_2006:614.0","603df0d7-2994-40ce-9689-7b7faf1ab5a5 owl:annotatedProperty oboInOwl:hasExactSynonym","obo:DOID_0060194 oboInOwl:hasExactSynonym amyotrophic lateral sclerosis 2, juvenile","bb76df5c-57ab-4c85-8dff-eefa2d83aeff owl:annotatedSource obo:DOID_1397","4ec9a23c-70f2-484f-ad84-0c45021faa53 owl:annotatedProperty oboInOwl:hasExactSynonym","obo:DOID_12707 oboInOwl:hasExactSynonym progressive cerebellar tremor","6b07707e-7bde-493d-9d04-da05c1c8711a owl:annotatedSource obo:DOID_8683","ab9bd383-5b87-4782-b837-a288af5fb043 owl:annotatedSource obo:DOID_9161","obo:DOID_13378 oboInOwl:hasExactSynonym mucocutaneous lymph node syndrome","c038c67e-ca6c-44ce-981d-2a57029d73c6 owl:annotatedProperty obo:IAO_0000115","obo:DOID_1835 oboInOwl:hasDbXref NCI:C70938","obo:DOID_0050591 oboInOwl:hasExactSynonym hypodontia","d748f85f-828f-4ce0-99e7-bc1cbe4d8255 owl:annotatedProperty obo:IAO_0000115","obo:DOID_0060157 oboInOwl:hasOBONamespace disease_ontology","2a528344-543b-4330-b940-51726a5964c5 oboInOwl:hasDbXref url:http://www.expasy.ch/viralzone/all_by_species/264.html","ab9b2aba-73be-4df3-9eb1-1c9b76cf10c7 rdf:type owl:Axiom","obo:DOID_1835 oboInOwl:hasDbXref ICD10CM:G58.7","oboInOwl:hasRelatedSynonym rdf:type owl:AnnotationProperty","obo:DOID_0060282 rdfs:subClassOf obo:DOID_9720","e86e0244-70b1-43a2-ab88-4a8d5994ccce rdf:type owl:Axiom","obo:DOID_0050591 oboInOwl:hasExactSynonym selective tooth agenesis","obo:DOID_252 oboInOwl:hasExactSynonym Alcoholic psychoses","obo:DOID_4636 rdfs:label submandibular adenitis","ea1d61fa-9cf2-4781-8e1a-1216efa74d94 owl:annotatedSource obo:DOID_1930","3443f2f0-6719-41c7-af0b-18a88e2e6bca owl:annotatedTarget Undifferentiated astrocytoma of Diencephalon","obo:DOID_9935 rdfs:subClassOf obo:DOID_1400","bc1dab9e-f28f-4d46-8cfb-811816087435 owl:annotatedSource obo:DOID_10971","6b07707e-7bde-493d-9d04-da05c1c8711a rdf:type owl:Axiom","463d818b-3995-4c22-8a8e-0cdee357d694 owl:annotatedProperty oboInOwl:hasExactSynonym","obo:DOID_8540 oboInOwl:hasExactSynonym Szarys disease of lymph nodes of head, face and/or neck disorder","f2ec97a2-0860-485c-905f-82bca220cbd1 owl:annotatedTarget secondary malignant neoplasm of trachea disorder","obo:DOID_8188 rdfs:subClassOf obo:DOID_3594","obo:DOID_11312 oboInOwl:hasDbXref SNOMEDCT_US_2015_03_01:28189009","6b07707e-7bde-493d-9d04-da05c1c8711a oboInOwl:hasDbXref NCI2004_11_17:C3520","8f2fb8a4-b92b-4a22-b652-d050fd14a283 oboInOwl:hasDbXref NCI2004_11_17:C4905","obo:DOID_1659 oboInOwl:id DOID:1659","1a1dd3bf-a82f-42a3-a569-3becf6817620 owl:annotatedProperty oboInOwl:hasExactSynonym","obo:DOID_8188 oboInOwl:hasDbXref NCI:C27246","40d263c8-1d96-4c74-83a2-6bf66b14d5ba oboInOwl:hasDbXref url:http://www.cancer.gov/cancertopics/pdq/treatment/thymoma/patient/page1","bd06a28f-6bc7-4508-819c-f8f9f77e51e0 rdf:type owl:Axiom","obo:DOID_6122 rdf:type owl:Class","fb622a65-2d00-4c89-96c6-b3346014683f owl:annotatedProperty oboInOwl:hasExactSynonym","0a0d8019-ef28-4a43-b207-2c14639d3def rdf:type owl:Axiom","af584e50-a336-41a1-a278-dedbbbdc7cb0 owl:annotatedProperty oboInOwl:hasExactSynonym","obo:DOID_5446 oboInOwl:hasExactSynonym Eccrine papillary adenoma of skin disorder","obo:DOID_6034 rdf:type owl:Class","obo:DOID_1835 oboInOwl:id DOID:1835","obo:DOID_8540 owl:deprecated true^^http://www.w3.org/2001/XMLSchema#boolean","67787eb8-93ca-402d-8899-2d5428715105 owl:annotatedTarget granular corneal dystrophy","obo:DOID_9011 oboInOwl:hasDbXref SNOMEDCT_US_2015_03_01:189261004","obo:DOID_4548 oboInOwl:hasDbXref NCI:C27481","b853c641-9c58-41be-adbd-d7a0559eb975 oboInOwl:hasDbXref SNOMEDCT_2005_07_31:71508003","obo:DOID_0050591 oboInOwl:hasDbXref MSH:D000848","obo:DOID_7429 oboInOwl:hasExactSynonym germinoma of the pediatric brain","obo:DOID_164 oboInOwl:hasExactSynonym cystic, mucinous and serous neoplasm morphologic abnormality","664d326d-e546-4beb-95aa-fcf375737045 owl:annotatedProperty obo:IAO_0000115","obo:DOID_0060370 rdfs:label autosomal recessive early-onset Parkinson disease 7","cca4184a-88f9-4079-a307-59d679e238bc owl:annotatedSource obo:DOID_13577","3799d0a7-bfb5-4f2d-a0c1-2f52e20e589d oboInOwl:hasDbXref NCI2004_11_17:C3803","obo:DOID_8452 oboInOwl:id DOID:8452","4ec9a23c-70f2-484f-ad84-0c45021faa53 rdf:type owl:Axiom","603df0d7-2994-40ce-9689-7b7faf1ab5a5 rdf:type owl:Axiom","obo:DOID_0060157 oboInOwl:hasDbXref MSH:C531609","obo:DOID_0050591 oboInOwl:hasDbXref SNOMEDCT_US_2015_03_01:26624006","obo:DOID_8452 owl:deprecated true^^http://www.w3.org/2001/XMLSchema#boolean","463d818b-3995-4c22-8a8e-0cdee357d694 rdf:type owl:Axiom","obo:DOID_1923 oboInOwl:hasDbXref UMLS_CUI:C0036875","6b07707e-7bde-493d-9d04-da05c1c8711a owl:annotatedProperty oboInOwl:hasExactSynonym","obo:DOID_9847 rdfs:subClassOf obo:DOID_3426","obo:DOID_4812 oboInOwl:hasDbXref UMLS_CUI:C1377914","463d818b-3995-4c22-8a8e-0cdee357d694 oboInOwl:hasDbXref SNOMEDCT_2005_07_31:65753008","e86e0244-70b1-43a2-ab88-4a8d5994ccce owl:annotatedProperty oboInOwl:hasExactSynonym","9cea1f10-1e7c-4710-983d-21c0fcabae2c oboInOwl:hasDbXref SNOMEDCT_2005_07_31:985004","0219c5b3-ebf0-4ac2-952a-6775b564ee20 rdf:type owl:Axiom","obo:DOID_0050591 oboInOwl:hasExactSynonym familial tooth agenesis","obo:DOID_3153 oboInOwl:hasDbXref MSH:D008068","obo:DOID_0060157 oboInOwl:hasDbXref UMLS_CUI:C1274706","1a1dd3bf-a82f-42a3-a569-3becf6817620 owl:annotatedSource obo:DOID_13149","ab9b2aba-73be-4df3-9eb1-1c9b76cf10c7 owl:annotatedProperty oboInOwl:hasExactSynonym","2a528344-543b-4330-b940-51726a5964c5 rdf:type owl:Axiom","obo:DOID_0060157 obo:IAO_0000115 An alopecia areata that involves diffuse loss of hair over the whole scalp.","obo:DOID_10790 oboInOwl:hasDbXref UMLS_CUI:C0008683","obo:DOID_9935 oboInOwl:id DOID:9935","obo:DOID_252 oboInOwl:hasDbXref SNOMEDCT_US_2015_03_01:191482008","obo:DOID_1835 oboInOwl:hasDbXref UMLS_CUI:C0151295","35b9fa14-f35f-4069-858a-b6a9e6138f76 rdf:type owl:Axiom","obo:DOID_0060370 oboInOwl:id DOID:0060370","9dbfdc68-2c8f-4550-ae63-026699185593 rdf:type owl:Axiom","obo:DOID_164 rdfs:label cystic, mucinous, and serous neoplasm","obo:DOID_4548 oboInOwl:hasOBONamespace disease_ontology","obo:DOID_4548 oboInOwl:hasDbXref SNOMEDCT_US_2015_03_01:404080006","obo:DOID_0050378 rdfs:label opportunistic Campylobacteraceae infectious disease","54d234ff-41be-4965-91ee-cc3d663ada34 owl:annotatedProperty oboInOwl:hasExactSynonym","obo:DOID_0050591 oboInOwl:hasDbXref OMIM:313500","obo:DOID_69 oboInOwl:hasOBONamespace disease_ontology","bc1dab9e-f28f-4d46-8cfb-811816087435 owl:annotatedTarget acute salpingitis and oophoritis","obo:DOID_9011 oboInOwl:hasDbXref ICD9CM:231.0","97e4c35e-60cf-4edf-a2c3-b7f3d7689fd9 rdf:type owl:Axiom","obo:DOID_3241 rdfs:subClassOf obo:DOID_3240","obo:DOID_11312 rdfs:subClassOf obo:DOID_0050822","obo:DOID_1659 oboInOwl:hasAlternativeId DOID:1658","7e4d8a8f-1937-4b31-94a8-f86d2404f05e owl:annotatedSource obo:DOID_1003","187e4436-47e0-4d06-8230-a241245c0532 owl:annotatedProperty oboInOwl:hasExactSynonym","obo:DOID_5358 oboInOwl:id DOID:5358","obo:DOID_0050591 oboInOwl:hasDbXref OMIM:602639","obo:DOID_5446 rdfs:subClassOf obo:DOID_173","cca4184a-88f9-4079-a307-59d679e238bc rdf:type owl:Axiom","obo:DOID_13378 oboInOwl:hasDbXref SNOMEDCT_US_2015_03_01:155444003","1a579ef9-24f4-4d0b-9fa5-58ff603eb3d8 owl:annotatedTarget Thyrotoxic exophthalmos disorder","832fc6de-ca90-46ea-a978-1e0d36b7224d owl:annotatedSource obo:DOID_5915","ea1d61fa-9cf2-4781-8e1a-1216efa74d94 owl:annotatedProperty oboInOwl:hasRelatedSynonym","obo:DOID_5446 oboInOwl:hasExactSynonym  Eccrine papillary adenoma morphologic abnormality","40a76db6-59f5-4df6-b33d-a7731bedecce owl:annotatedSource obo:DOID_8580","fca93d9e-ba25-4bb4-bdaa-13dbc70f0f67 owl:annotatedProperty oboInOwl:hasExactSynonym","obo:DOID_3241 oboInOwl:hasDbXref SNOMEDCT_US_2015_03_01:416916004","d5e9f635-2b1c-4cce-a225-d82fc05fb85b owl:annotatedTarget Cerebral atherosclerosis","obo:DOID_4548 oboInOwl:hasDbXref UMLS_CUI:C1275279","obo:DOID_13378 rdfs:label Kawasaki disease","obo:DOID_2469 oboInOwl:hasExactSynonym Erysipelas in swine","77f5ce2a-9d4d-4f3c-878f-631376c06857 oboInOwl:hasDbXref url:http://www.ebi.ac.uk/2can/genomes/bacteria/Neorickettsia_sennetsu.html","obo:DOID_3028 oboInOwl:hasExactSynonym Colonic adenoma with Intramucosal adenocarcinoma","obo:DOID_12707 rdfs:subClassOf obo:DOID_1289","ea1d61fa-9cf2-4781-8e1a-1216efa74d94 owl:annotatedTarget Laurence-Moon-Biedl syndrome","603df0d7-2994-40ce-9689-7b7faf1ab5a5 owl:annotatedTarget Raynauds disease","obo:DOID_6210 rdf:type owl:Class","obo:DOID_3153 rdfs:subClassOf obo:DOID_37","obo:DOID_3204 oboInOwl:hasDbXref OMIM:162091","b74debac-a23c-468e-89a8-37f8c2e61568 owl:annotatedSource obo:DOID_13636","ec500bde-d6d6-49e5-9e9a-006db7d1e229 rdf:type owl:Axiom","obo:DOID_8239 rdfs:label lower clivus meningioma","obo:DOID_4636 oboInOwl:hasDbXref SNOMEDCT_US_2015_03_01:15170009","b853c641-9c58-41be-adbd-d7a0559eb975 owl:annotatedProperty oboInOwl:hasExactSynonym","obo:DOID_12707 oboInOwl:hasOBONamespace disease_ontology","obo:DOID_252 rdfs:label alcoholic psychosis","obo:DOID_8188 rdfs:label uterine corpus choriocarcinoma","obo:DOID_7517 rdfs:label central nervous system mixed germ cell tumor","obo:DOID_6995 oboInOwl:hasExactSynonym metastatic neoplasm to the kidney","obo:DOID_0060069 oboInOwl:id DOID:0060069","664d326d-e546-4beb-95aa-fcf375737045 owl:annotatedTarget An endocrine system disease that is located_in the parathyroid gland.","obo:DOID_11312 oboInOwl:hasExactSynonym Mobitz type II atrioventricular block","2b11f478-1e0a-4393-a2d0-c772306fc2d6 owl:annotatedProperty oboInOwl:hasExactSynonym","obo:DOID_6995 oboInOwl:id DOID:6995","obo:DOID_14150 oboInOwl:hasDbXref NCI:C5157","obo:DOID_9011 rdfs:label larynx carcinoma in situ","obo:DOID_0050591 oboInOwl:hasDbXref SNOMEDCT_US_2015_03_01:196269004","obo:DOID_0060282 oboInOwl:hasDbXref OMIM:611308","56592a02-deb6-452f-aa2a-c43fae00e2cc owl:annotatedSource obo:DOID_4684","2fd5173b-4e42-4bb4-94f3-f2f2837055a7 rdf:type owl:Axiom","obo:DOID_0060370 oboInOwl:hasExactSynonym PARK7","40d263c8-1d96-4c74-83a2-6bf66b14d5ba owl:annotatedProperty obo:IAO_0000115","b3180ae8-2d82-4401-a34e-562e6706c62e oboInOwl:hasDbXref url:http://en.wikipedia.org/wiki/Nasal_cavity","obo:DOID_7642 rdfs:label cholangiolocellular carcinoma","b5747384-fe3b-44ed-9650-a60d4df75adf rdf:type owl:Axiom","9a95880f-d14f-4a61-9fe4-ac1790abfc93 owl:annotatedProperty obo:IAO_0000115","obo:DOID_10790 oboInOwl:hasDbXref SNOMEDCT_US_2015_03_01:60130002"],"InferredAxioms":["obo:DOID_5446 rdf:type rdfs:Class","obo:DOID_986 rdf:type rdfs:Class","obo:DOID_7429 rdfs:subClassOf obo:DOID_7429","obo:DOID_4813 rdfs:subClassOf obo:DOID_4813","rdf:object rdfs:domain rdf:Statement","obo:DOID_8188 rdfs:subClassOf obo:DOID_8188","rdf:Bag rdfs:subClassOf rdf:Bag","obo:DOID_936 rdf:type rdfs:Resource","obo:DOID_731 rdf:type rdfs:Class","obo:DOID_2682 rdf:type rdfs:Class","obo:DOID_7642 rdf:type rdfs:Resource","obo:DOID_4928 rdfs:subClassOf obo:DOID_4928","obo:DOID_9011 rdfs:subClassOf obo:DOID_9011","obo:DOID_0050822 rdfs:subClassOf obo:DOID_0050822","obo:DOID_3426 rdf:type rdfs:Resource","rdfs:Resource rdf:type rdfs:Class","obo:DOID_9935 rdf:type rdfs:Class","rdf:XMLLiteral rdf:type rdfs:Datatype","rdf:XMLLiteral rdf:type rdfs:Class","obo:DOID_173 rdfs:subClassOf obo:DOID_173","obo:DOID_11312 rdf:type rdfs:Class","rdfs:domain rdfs:domain rdf:Property","rdf:first rdfs:domain rdf:List","obo:DOID_0060370 rdf:type rdfs:Class","obo:DOID_3116 rdf:type rdfs:Class","obo:DOID_14150 rdfs:subClassOf obo:DOID_14150","owl:AnnotationProperty rdf:type rdfs:Resource","rdf:predicate rdfs:domain rdf:Statement","obo:DOID_173 rdf:type rdfs:Resource","obo:DOID_1289 rdf:type rdfs:Class","obo:DOID_4928 rdf:type rdfs:Resource","obo:DOID_0050822 rdf:type rdfs:Resource","rdfs:domain rdf:type rdfs:Resource","rdfs:subPropertyOf rdfs:range rdf:Property","obo:DOID_9460 rdfs:subClassOf obo:DOID_9460","obo:DOID_2127 rdfs:subClassOf obo:DOID_2127","rdf:Seq rdf:type rdfs:Class","obo:DOID_37 rdfs:subClassOf obo:DOID_37","obo:DOID_6210 rdf:type rdfs:Resource","rdf:predicate rdfs:subPropertyOf rdf:predicate","obo:DOID_9972 rdf:type rdfs:Resource","obo:DOID_252 rdf:type rdfs:Resource","obo:DOID_5262 rdfs:subClassOf obo:DOID_5262","obo:DOID_5395 rdfs:subClassOf obo:DOID_5395","rdf:Alt rdfs:subClassOf rdf:Alt","obo:DOID_4812 rdfs:subClassOf obo:DOID_4812","obo:DOID_9847 rdfs:subClassOf obo:DOID_9847","owl:Class rdf:type rdfs:Resource","obo:DOID_0060282 rdf:type rdfs:Class","rdfs:domain rdf:type rdf:Property","obo:DOID_572 rdfs:subClassOf obo:DOID_572","obo:DOID_7429 rdf:type rdfs:Class","obo:DOID_251 rdf:type rdfs:Resource","obo:DOID_14330 rdfs:subClassOf obo:DOID_14330","obo:DOID_3204 rdfs:subClassOf obo:DOID_3204","rdfs:subClassOf rdf:type rdfs:Resource","obo:DOID_14150 rdf:type rdfs:Class","rdf:rest rdfs:range rdf:List","obo:DOID_1400 rdf:type rdfs:Resource","rdf:first rdfs:subPropertyOf rdf:first","rdf:Alt rdf:type rdfs:Class","obo:DOID_9847 rdf:type rdfs:Class","obo:DOID_3192 rdf:type rdfs:Resource","obo:DOID_9720 rdf:type rdfs:Resource","obo:DOID_2127 rdf:type rdfs:Class","obo:DOID_654 rdfs:subClassOf obo:DOID_654","rdf:List rdf:type rdfs:Class","rdfs:subClassOf rdf:type rdf:Property","obo:DOID_0060157 rdf:type rdfs:Resource","obo:DOID_12707 rdfs:subClassOf obo:DOID_12707","obo:DOID_6003 rdf:type rdfs:Resource","obo:DOID_8239 rdfs:subClassOf obo:DOID_8239","obo:DOID_5306 rdfs:subClassOf obo:DOID_5306","obo:DOID_3204 rdf:type rdfs:Class","rdf:Bag rdfs:subClassOf rdfs:Container","rdf:Property rdfs:subClassOf rdfs:Resource","obo:DOID_572 rdf:type rdfs:Resource","obo:DOID_5612 rdf:type rdfs:Class","obo:DOID_4812 rdf:type rdfs:Resource","obo:DOID_1802 rdfs:subClassOf obo:DOID_1802","obo:DOID_5262 rdf:type rdfs:Resource","obo:DOID_5395 rdf:type rdfs:Resource","rdf:predicate rdf:type rdf:Property","obo:DOID_7642 rdfs:subClassOf obo:DOID_7642","obo:DOID_3594 rdf:type rdfs:Class","obo:DOID_8239 rdf:type rdfs:Resource","obo:DOID_0060194 rdf:type rdfs:Class","rdf:Statement rdf:type rdfs:Resource","rdf:Bag rdf:type rdfs:Resource","obo:DOID_4813 rdf:type rdfs:Resource","rdf:nil rdf:type rdf:List","rdf:object rdfs:subPropertyOf rdf:object","obo:DOID_4548 rdf:type rdfs:Class","rdfs:comment rdfs:range rdfs:Literal","owl:Axiom rdf:type rdfs:Class","rdf:predicate rdf:type rdfs:Resource","obo:DOID_1923 rdfs:subClassOf obo:DOID_1923","rdf:Property rdfs:subClassOf rdf:Property","obo:DOID_2277 rdfs:subClassOf obo:DOID_2277","obo:DOID_423 rdf:type rdfs:Class","obo:DOID_1091 rdf:type rdfs:Resource","obo:DOID_9884 rdf:type rdfs:Resource","rdf:object rdf:type rdfs:Resource","obo:DOID_4549 rdf:type rdfs:Class","obo:DOID_6517 rdfs:subClassOf obo:DOID_6517","obo:DOID_1319 rdf:type rdfs:Resource","obo:DOID_3241 rdf:type rdfs:Class","obo:DOID_6034 rdf:type rdfs:Resource","rdfs:Container rdf:type rdfs:Class","obo:DOID_3426 rdfs:subClassOf obo:DOID_3426","obo:DOID_0050591 rdfs:subClassOf obo:DOID_0050591","obo:DOID_2615 rdf:type rdfs:Resource","obo:DOID_13378 rdf:type rdfs:Resource","rdf:Statement rdfs:subClassOf rdfs:Resource","obo:DOID_1835 rdf:type rdfs:Class","obo:DOID_0050591 rdf:type rdfs:Resource","obo:DOID_1659 rdfs:subClassOf obo:DOID_1659","obo:DOID_1659 rdf:type rdfs:Resource","rdfs:isDefinedBy rdfs:subPropertyOf rdfs:seeAlso","rdf:Seq rdfs:subClassOf rdf:Seq","obo:DOID_3240 rdf:type rdfs:Class","obo:DOID_6958 rdf:type rdfs:Class","rdf:object rdf:type rdf:Property","rdf:Property rdf:type rdfs:Resource","rdfs:Literal rdf:type rdfs:Class","rdfs:Class rdfs:subClassOf rdfs:Class","obo:DOID_8188 rdf:type rdfs:Class","obo:DOID_13378 rdfs:subClassOf obo:DOID_13378","rdfs:subClassOf rdfs:range rdfs:Class","obo:DOID_2615 rdfs:subClassOf obo:DOID_2615","obo:DOID_0060282 rdfs:subClassOf obo:DOID_0060282","obo:DOID_9011 rdf:type rdfs:Class","obo:DOID_654 rdf:type rdfs:Class","rdfs:Datatype rdf:type rdfs:Resource","obo:DOID_6034 rdfs:subClassOf obo:DOID_6034","obo:DOID_12707 rdf:type rdfs:Class","obo:DOID_5306 rdf:type rdfs:Class","obo:DOID_4724 rdf:type rdfs:Resource","obo:DOID_14330 rdf:type rdfs:Class","rdfs:ContainerMembershipProperty rdf:type rdfs:Resource","obo:DOID_37 rdf:type rdfs:Class","obo:DOID_9460 rdf:type rdfs:Class","rdf:rest rdf:type rdf:Property","obo:DOID_1802 rdf:type rdfs:Class","obo:DOID_1319 rdfs:subClassOf obo:DOID_1319","rdfs:seeAlso rdf:type rdfs:Resource","rdfs:comment rdf:type rdfs:Resource","obo:DOID_4636 rdf:type rdfs:Resource","obo:DOID_3829 rdf:type rdfs:Resource","obo:DOID_2277 rdf:type rdfs:Class","obo:DOID_1923 rdf:type rdfs:Class","obo:DOID_332 rdf:type rdfs:Resource","rdfs:domain rdfs:range rdfs:Class","obo:DOID_1602 rdf:type rdfs:Resource","obo:DOID_6517 rdf:type rdfs:Class","obo:DOID_4637 rdf:type rdfs:Resource","rdfs:Class rdf:type rdfs:Class","obo:DOID_936 rdfs:subClassOf obo:DOID_936","obo:DOID_8719 rdf:type rdfs:Class","rdf:rest rdf:type rdfs:Resource","obo:DOID_8719 rdfs:subClassOf obo:DOID_8719","obo:DOID_1091 rdfs:subClassOf obo:DOID_1091","rdfs:seeAlso rdf:type rdf:Property","obo:DOID_9884 rdfs:subClassOf obo:DOID_9884","rdfs:ContainerMembershipProperty rdfs:subClassOf rdf:Property","rdfs:comment rdf:type rdf:Property","obo:DOID_3153 rdf:type rdfs:Resource","obo:DOID_1319 rdf:type rdfs:Class","obo:DOID_4549 rdf:type rdfs:Resource","obo:DOID_1091 rdf:type rdfs:Class","obo:DOID_9884 rdf:type rdfs:Class","obo:DOID_423 rdf:type rdfs:Resource","obo:DOID_2615 rdf:type rdfs:Class","obo:DOID_13378 rdf:type rdfs:Class","rdf:nil rdf:type rdfs:Resource","rdfs:Container rdf:type rdfs:Resource","rdf:subject rdf:type rdf:Property","rdf:Seq rdfs:subClassOf rdfs:Container","obo:DOID_6034 rdf:type rdfs:Class","obo:DOID_3241 rdf:type rdfs:Resource","obo:DOID_1659 rdf:type rdfs:Class","rdf:rest rdfs:domain rdf:List","rdf:subject rdf:type rdfs:Resource","obo:DOID_0050591 rdf:type rdfs:Class","obo:DOID_1835 rdf:type rdfs:Resource","rdfs:isDefinedBy rdfs:subPropertyOf rdfs:isDefinedBy","rdf:Property rdf:type rdfs:Class","obo:DOID_1400 rdfs:subClassOf obo:DOID_1400","obo:DOID_3240 rdf:type rdfs:Resource","obo:DOID_6958 rdf:type rdfs:Resource","obo:DOID_4548 rdfs:subClassOf obo:DOID_4548","obo:DOID_4812 rdf:type rdfs:Class","obo:DOID_5262 rdf:type rdfs:Class","obo:DOID_5395 rdf:type rdfs:Class","obo:DOID_572 rdf:type rdfs:Class","obo:DOID_5612 rdf:type rdfs:Resource","rdf:Statement rdf:type rdfs:Class","obo:DOID_0060194 rdf:type rdfs:Resource","obo:DOID_8239 rdf:type rdfs:Class","obo:DOID_1289 rdfs:subClassOf obo:DOID_1289","rdfs:label rdf:type rdf:Property","obo:DOID_3594 rdf:type rdfs:Resource","rdfs:label rdf:type rdfs:Resource","obo:DOID_4548 rdf:type rdfs:Resource","obo:DOID_4813 rdf:type rdfs:Class","rdf:Bag rdf:type rdfs:Class","obo:DOID_251 rdfs:subClassOf obo:DOID_251","rdf:Alt rdfs:subClassOf rdfs:Container","rdfs:subPropertyOf rdfs:domain rdf:Property","owl:Axiom rdf:type rdfs:Resource","obo:DOID_2277 rdf:type rdfs:Resource","obo:DOID_332 rdf:type rdfs:Class","obo:DOID_1923 rdf:type rdfs:Resource","obo:DOID_4724 rdfs:subClassOf obo:DOID_4724","obo:DOID_3829 rdf:type rdfs:Class","rdfs:label rdfs:range rdfs:Literal","obo:DOID_0060157 rdfs:subClassOf obo:DOID_0060157","obo:DOID_4636 rdf:type rdfs:Class","obo:DOID_1802 rdf:type rdfs:Resource","rdfs:Datatype rdfs:subClassOf rdfs:Datatype","rdfs:Datatype rdfs:subClassOf rdfs:Class","obo:DOID_3594 rdfs:subClassOf obo:DOID_3594","obo:DOID_9935 rdfs:subClassOf obo:DOID_9935","rdfs:subPropertyOf rdf:type rdf:Property","obo:DOID_6003 rdfs:subClassOf obo:DOID_6003","obo:DOID_6517 rdf:type rdfs:Resource","obo:DOID_1602 rdf:type rdfs:Class","rdfs:Class rdf:type rdfs:Resource","rdfs:range rdfs:range rdfs:Class","obo:DOID_4637 rdf:type rdfs:Class","rdfs:subPropertyOf rdf:type rdfs:Resource","obo:DOID_0060194 rdfs:subClassOf obo:DOID_0060194","rdfs:Literal rdfs:subClassOf rdfs:Resource","obo:DOID_3153 rdf:type rdfs:Class","obo:DOID_11312 rdfs:subClassOf obo:DOID_11312","obo:DOID_8719 rdf:type rdfs:Resource","obo:DOID_9720 rdfs:subClassOf obo:DOID_9720","obo:DOID_5612 rdfs:subClassOf obo:DOID_5612","obo:DOID_3192 rdfs:subClassOf obo:DOID_3192","rdfs:Literal rdf:type rdfs:Resource","rdf:type rdf:type rdf:Property","obo:DOID_9011 rdf:type rdfs:Resource","rdfs:Class rdfs:subClassOf rdfs:Resource","obo:DOID_8188 rdf:type rdfs:Resource","rdfs:ContainerMembershipProperty rdfs:subClassOf rdfs:ContainerMembershipProperty","obo:DOID_14330 rdf:type rdfs:Resource","obo:DOID_12707 rdf:type rdfs:Resource","obo:DOID_4724 rdf:type rdfs:Class","obo:DOID_5306 rdf:type rdfs:Resource","obo:DOID_3116 rdfs:subClassOf obo:DOID_3116","rdfs:Datatype rdf:type rdfs:Class","obo:DOID_654 rdf:type rdfs:Resource","obo:DOID_9460 rdf:type rdfs:Resource","rdfs:ContainerMembershipProperty rdf:type rdfs:Class","rdf:type rdf:type rdfs:Resource","obo:DOID_37 rdf:type rdfs:Resource","obo:DOID_0060370 rdfs:subClassOf obo:DOID_0060370","obo:DOID_11312 rdf:type rdfs:Resource","obo:DOID_9935 rdf:type rdfs:Resource","rdf:XMLLiteral rdf:type rdfs:Resource","obo:DOID_3116 rdf:type rdfs:Resource","rdfs:isDefinedBy rdf:type rdfs:Resource","obo:DOID_0060370 rdf:type rdfs:Resource","obo:DOID_1602 rdfs:subClassOf obo:DOID_1602","obo:DOID_1835 rdfs:subClassOf obo:DOID_1835","obo:DOID_173 rdf:type rdfs:Class","rdfs:range rdfs:domain rdf:Property","rdfs:isDefinedBy rdf:type rdf:Property","owl:AnnotationProperty rdf:type rdfs:Class","obo:DOID_0050822 rdf:type rdfs:Class","obo:DOID_1289 rdf:type rdfs:Resource","obo:DOID_4928 rdf:type rdfs:Class","obo:DOID_986 rdf:type rdfs:Resource","obo:DOID_332 rdfs:subClassOf obo:DOID_332","obo:DOID_5446 rdf:type rdfs:Resource","obo:DOID_3829 rdfs:subClassOf obo:DOID_3829","obo:DOID_936 rdf:type rdfs:Class","obo:DOID_6210 rdfs:subClassOf obo:DOID_6210","obo:DOID_3240 rdfs:subClassOf obo:DOID_3240","obo:DOID_4636 rdfs:subClassOf obo:DOID_4636","rdf:rest rdfs:subPropertyOf rdf:rest","rdfs:subClassOf rdfs:domain rdfs:Class","obo:DOID_731 rdfs:subClassOf obo:DOID_731","obo:DOID_6958 rdfs:subClassOf obo:DOID_6958","obo:DOID_7642 rdf:type rdfs:Class","obo:DOID_2682 rdf:type rdfs:Resource","obo:DOID_731 rdf:type rdfs:Resource","rdfs:Resource rdf:type rdfs:Resource","rdf:subject rdfs:domain rdf:Statement","obo:DOID_2682 rdfs:subClassOf obo:DOID_2682","obo:DOID_3426 rdf:type rdfs:Class","obo:DOID_423 rdfs:subClassOf obo:DOID_423","rdf:first rdf:type rdfs:Resource","obo:DOID_7429 rdf:type rdfs:Resource","obo:DOID_251 rdf:type rdfs:Class","obo:DOID_252 rdfs:subClassOf obo:DOID_252","obo:DOID_9972 rdfs:subClassOf obo:DOID_9972","obo:DOID_1400 rdf:type rdfs:Class","obo:DOID_14150 rdf:type rdfs:Resource","rdfs:seeAlso rdfs:subPropertyOf rdfs:seeAlso","obo:DOID_2127 rdf:type rdfs:Resource","rdf:type rdfs:range rdfs:Class","obo:DOID_3192 rdf:type rdfs:Class","obo:DOID_9847 rdf:type rdfs:Resource","obo:DOID_9720 rdf:type rdfs:Class","obo:DOID_4549 rdfs:subClassOf obo:DOID_4549","rdf:Alt rdf:type rdfs:Resource","rdf:first rdf:type rdf:Property","obo:DOID_3204 rdf:type rdfs:Resource","obo:DOID_6003 rdf:type rdfs:Class","obo:DOID_3153 rdfs:subClassOf obo:DOID_3153","obo:DOID_0060157 rdf:type rdfs:Class","rdf:List rdf:type rdfs:Resource","obo:DOID_5446 rdfs:subClassOf obo:DOID_5446","rdfs:range rdf:type rdf:Property","rdf:subject rdfs:subPropertyOf rdf:subject","rdf:List rdfs:subClassOf rdfs:Resource","rdf:Seq rdf:type rdfs:Resource","rdfs:Container rdfs:subClassOf rdfs:Container","obo:DOID_4637 rdfs:subClassOf obo:DOID_4637","obo:DOID_986 rdfs:subClassOf obo:DOID_986","obo:DOID_3241 rdfs:subClassOf obo:DOID_3241","obo:DOID_6210 rdf:type rdfs:Class","obo:DOID_9972 rdf:type rdfs:Class","obo:DOID_252 rdf:type rdfs:Class","obo:DOID_0060282 rdf:type rdfs:Resource","rdfs:range rdf:type rdfs:Resource","owl:Class rdf:type rdfs:Class"],"InvalidAxioms":["rdfs:Datatype rdfs:subClassOf obo:DOID_5262","obo:DOID_1289 rdfs:subClassOf obo:DOID_252","obo:DOID_3426 rdfs:subClassOf obo:DOID_0050591","obo:DOID_6958 rdfs:subClassOf obo:DOID_3192","rdf:rest rdfs:subClassOf obo:DOID_8239","obo:DOID_3426 rdfs:subClassOf obo:DOID_173","obo:DOID_6517 rdfs:subClassOf obo:DOID_332","obo:DOID_252 rdfs:subClassOf obo:DOID_1091","obo:DOID_9720 rdfs:subClassOf obo:DOID_2615","obo:DOID_3153 rdfs:subClassOf rdfs:Container","rdf:first rdfs:domain rdfs:Class","obo:DOID_9720 rdfs:subClassOf obo:DOID_3594","obo:DOID_7429 rdfs:subClassOf obo:DOID_2277","rdf:Statement rdfs:subClassOf obo:DOID_7642","obo:DOID_0060282 rdfs:subClassOf obo:DOID_14150","obo:DOID_0060370 rdfs:subClassOf obo:DOID_4724","rdf:predicate rdfs:subClassOf obo:DOID_1835","obo:DOID_4724 rdfs:subClassOf obo:DOID_936","obo:DOID_3829 rdfs:subClassOf obo:DOID_423","rdfs:Resource rdfs:subClassOf rdfs:Datatype","rdfs:range rdfs:subClassOf obo:DOID_2277","obo:DOID_3426 rdfs:subClassOf rdfs:Resource","obo:DOID_9460 rdfs:subClassOf obo:DOID_4636","rdfs:isDefinedBy rdf:type rdfs:Class","rdfs:seeAlso rdfs:subClassOf obo:DOID_9935","obo:DOID_9847 rdfs:subClassOf obo:DOID_6210","obo:DOID_173 rdf:type rdf:Property","obo:DOID_9460 rdfs:subClassOf obo:DOID_3829","rdf:List rdfs:domain rdf:List","rdfs:Container rdfs:subClassOf obo:DOID_0060157","rdf:predicate rdfs:range rdfs:Class","rdfs:comment rdfs:subPropertyOf rdf:predicate","obo:DOID_1319 rdfs:subClassOf obo:DOID_7642","obo:DOID_936 rdfs:subClassOf rdfs:Resource","rdfs:isDefinedBy rdfs:subClassOf obo:DOID_3204","obo:DOID_572 rdfs:subClassOf obo:DOID_3426","obo:DOID_5612 rdfs:subClassOf obo:DOID_9720","rdfs:range rdfs:subClassOf obo:DOID_7429","obo:DOID_9460 rdfs:subClassOf obo:DOID_332","obo:DOID_731 rdfs:subClassOf obo:DOID_9847","obo:DOID_986 rdfs:subClassOf rdfs:Class","rdf:predicate rdfs:subClassOf obo:DOID_572","obo:DOID_654 rdfs:subPropertyOf rdfs:seeAlso","obo:DOID_1835 rdfs:subClassOf obo:DOID_4636","rdfs:seeAlso rdfs:range rdfs:Class","obo:DOID_6210 rdfs:subClassOf obo:DOID_731","rdf:object rdfs:subClassOf rdfs:Container","obo:DOID_3829 rdfs:subClassOf obo:DOID_3426","obo:DOID_1400 rdfs:subClassOf rdfs:Resource","rdfs:seeAlso rdfs:subClassOf obo:DOID_3426","rdfs:label rdfs:subClassOf obo:DOID_8188","rdfs:isDefinedBy rdfs:domain rdfs:Class","obo:DOID_4549 rdfs:subClassOf rdf:Seq","rdfs:range rdf:type rdfs:Class","rdfs:subClassOf rdfs:subClassOf rdfs:Resource","obo:DOID_1400 rdfs:subPropertyOf rdf:object","rdf:first rdfs:subClassOf rdfs:Class","obo:DOID_5446 rdfs:subClassOf obo:DOID_6210","rdf:first rdf:type rdfs:Class","obo:DOID_1659 rdfs:subClassOf obo:DOID_4549","obo:DOID_0060157 rdf:type rdf:Property","rdfs:range rdfs:subClassOf rdfs:Class","rdf:rest rdfs:subClassOf obo:DOID_7642","obo:DOID_13378 rdfs:subClassOf obo:DOID_423","obo:DOID_37 rdfs:subClassOf obo:DOID_3192","obo:DOID_3153 rdfs:subClassOf obo:DOID_4813","obo:DOID_2615 rdfs:subClassOf obo:DOID_572","rdfs:comment rdfs:subPropertyOf rdfs:isDefinedBy","obo:DOID_0060194 rdfs:subClassOf obo:DOID_251","obo:DOID_1319 rdfs:subClassOf obo:DOID_4549","rdf:predicate rdfs:subClassOf rdfs:Container","rdf:predicate rdfs:subClassOf obo:DOID_3241","rdf:rest rdfs:subClassOf obo:DOID_1835","obo:DOID_251 rdf:type rdf:Property","obo:DOID_13378 rdfs:subClassOf obo:DOID_5262","obo:DOID_8188 rdfs:subClassOf obo:DOID_9720","obo:DOID_4812 rdfs:subClassOf obo:DOID_1659","rdfs:Resource rdfs:subClassOf obo:DOID_9460","rdf:Property rdfs:subPropertyOf rdf:object","obo:DOID_3204 rdfs:subClassOf obo:DOID_4636","obo:DOID_1659 rdfs:subClassOf rdfs:Resource","obo:DOID_2682 rdfs:subClassOf obo:DOID_9460","obo:DOID_6958 rdfs:subClassOf obo:DOID_4724","obo:DOID_12707 rdfs:subClassOf obo:DOID_6210","obo:DOID_0050591 rdfs:subClassOf rdfs:Resource","obo:DOID_4724 rdfs:subClassOf obo:DOID_5612","obo:DOID_0050822 rdfs:subClassOf obo:DOID_3240","obo:DOID_0050822 rdfs:range rdfs:Class","rdf:rest rdfs:domain rdf:Property","rdfs:domain rdfs:subClassOf obo:DOID_4812","rdfs:label rdf:type rdfs:Class","obo:DOID_14330 rdfs:domain rdf:List","obo:DOID_3241 rdfs:subClassOf obo:DOID_4724","rdfs:ContainerMembershipProperty rdfs:subClassOf obo:DOID_5612","obo:DOID_1319 rdfs:subClassOf obo:DOID_1659","obo:DOID_936 rdfs:range rdfs:Class","obo:DOID_423 rdfs:subClassOf obo:DOID_8719","rdfs:seeAlso rdfs:subClassOf obo:DOID_1319","obo:DOID_9972 rdfs:subClassOf obo:DOID_8239","obo:DOID_3116 rdfs:subClassOf obo:DOID_3153","rdf:nil rdf:type rdfs:Class","obo:DOID_4548 rdfs:subClassOf rdfs:Datatype","obo:DOID_1602 rdfs:subClassOf obo:DOID_5612","obo:DOID_1923 rdfs:domain rdf:List","obo:DOID_5306 rdfs:subClassOf obo:DOID_7429","obo:DOID_6958 rdfs:subClassOf rdfs:ContainerMembershipProperty","obo:DOID_13378 rdf:type rdf:Property","rdf:subject rdf:type rdfs:Class","obo:DOID_3153 rdfs:subClassOf obo:DOID_5446","rdfs:Datatype rdfs:domain rdf:Property","obo:DOID_5395 rdfs:subClassOf rdfs:Resource","obo:DOID_0050822 rdfs:subClassOf obo:DOID_3116","obo:DOID_4724 rdfs:subClassOf obo:DOID_173","rdf:predicate rdfs:subClassOf obo:DOID_9884","obo:DOID_1835 rdfs:subClassOf obo:DOID_2277","rdf:object rdfs:domain rdf:Property","rdf:rest rdfs:subPropertyOf rdf:object","obo:DOID_1835 rdfs:subClassOf obo:DOID_1923","obo:DOID_1923 rdfs:subClassOf obo:DOID_2127","obo:DOID_3594 rdfs:subClassOf obo:DOID_6210","rdf:type rdfs:subClassOf obo:DOID_8719","rdfs:domain rdfs:subClassOf rdf:Bag","obo:DOID_3829 rdfs:subClassOf rdfs:Resource","obo:DOID_423 rdfs:subClassOf obo:DOID_1923","rdf:type rdf:type rdfs:Class","obo:DOID_9720 rdfs:subClassOf obo:DOID_3240","obo:DOID_12707 rdfs:subClassOf obo:DOID_2127","obo:DOID_5395 rdfs:subClassOf obo:DOID_2615","obo:DOID_332 rdfs:subClassOf obo:DOID_1659","rdf:Statement rdfs:domain rdf:Property","obo:DOID_7642 rdfs:subClassOf obo:DOID_8239","obo:DOID_9460 rdfs:subClassOf obo:DOID_4724","obo:DOID_5306 rdfs:subClassOf rdfs:Datatype","obo:DOID_12707 rdfs:subClassOf rdfs:Class","rdf:predicate rdfs:range rdfs:Literal","rdfs:isDefinedBy rdfs:subClassOf obo:DOID_8188","rdfs:Resource rdfs:subPropertyOf rdf:rest","rdfs:subPropertyOf rdf:type rdfs:Class","rdfs:Datatype rdfs:subClassOf rdf:Property","obo:DOID_3241 rdfs:subClassOf obo:DOID_6210","rdfs:Class rdf:type rdfs:Datatype","rdfs:isDefinedBy rdfs:subClassOf obo:DOID_1400","obo:DOID_1319 rdfs:subClassOf obo:DOID_1091","rdf:rest rdfs:subClassOf obo:DOID_1659","obo:DOID_7429 rdfs:subClassOf obo:DOID_9460","rdf:XMLLiteral rdfs:subClassOf obo:DOID_9011","obo:DOID_332 rdf:type rdf:Property","rdf:object rdfs:subClassOf obo:DOID_9884","rdfs:subPropertyOf rdfs:subPropertyOf rdf:first","obo:DOID_3240 rdf:type rdf:Property","obo:DOID_6958 rdfs:subClassOf obo:DOID_0050591","obo:DOID_12707 rdfs:range rdfs:Literal","owl:Axiom rdfs:subClassOf rdfs:Resource","obo:DOID_7429 rdfs:subClassOf obo:DOID_423","obo:DOID_1602 rdfs:subClassOf obo:DOID_6517","rdf:object rdf:type rdfs:Class","rdfs:label rdfs:subPropertyOf rdf:object","obo:DOID_1835 rdf:type rdf:Property","obo:DOID_3241 rdfs:subClassOf obo:DOID_1659","rdf:predicate rdfs:subClassOf obo:DOID_4724","rdfs:comment rdfs:domain rdf:List","obo:DOID_9972 rdfs:subClassOf obo:DOID_332","rdf:type rdfs:domain rdf:Property","rdfs:Literal rdfs:range rdfs:Literal","obo:DOID_8239 rdfs:subClassOf rdfs:Datatype","rdfs:Datatype rdfs:subClassOf obo:DOID_7429","obo:DOID_6034 rdfs:subClassOf obo:DOID_3204","obo:DOID_423 rdfs:subClassOf obo:DOID_4548","obo:DOID_572 rdfs:subClassOf rdfs:Class","obo:DOID_37 rdfs:subClassOf obo:DOID_3594","rdf:Statement rdfs:subClassOf obo:DOID_4724","obo:DOID_1802 rdfs:subClassOf obo:DOID_3594","rdfs:isDefinedBy rdfs:range rdfs:Class","rdfs:subPropertyOf rdfs:range rdfs:Literal","rdf:Seq rdfs:subClassOf obo:DOID_423","rdf:subject rdfs:subPropertyOf rdf:object","rdfs:range rdfs:subClassOf obo:DOID_4812","obo:DOID_4928 rdfs:subClassOf obo:DOID_3192","obo:DOID_0050591 rdfs:subClassOf obo:DOID_252","rdfs:subClassOf rdfs:subPropertyOf rdf:rest","obo:DOID_3426 rdfs:subClassOf obo:DOID_6003","obo:DOID_0050822 rdfs:subClassOf obo:DOID_9720","rdf:List rdfs:subClassOf rdfs:Container","obo:DOID_9720 rdfs:subClassOf obo:DOID_332","obo:DOID_3594 rdf:type rdf:Property","obo:DOID_9460 rdfs:subClassOf obo:DOID_986","obo:DOID_7429 rdfs:subClassOf obo:DOID_936","rdf:first rdfs:subPropertyOf rdf:subject","obo:DOID_2615 rdf:type rdf:List","rdfs:ContainerMembershipProperty rdfs:subClassOf obo:DOID_6517","obo:DOID_9847 rdfs:subClassOf rdfs:Container","rdf:predicate rdf:type rdfs:Class","rdf:List rdfs:subClassOf obo:DOID_3241","obo:DOID_1319 rdfs:subClassOf obo:DOID_252","obo:DOID_3116 rdfs:subClassOf obo:DOID_3426","obo:DOID_2615 rdfs:domain rdf:List","rdfs:seeAlso rdf:type rdfs:Class","rdfs:ContainerMembershipProperty rdf:type rdf:List","rdfs:comment rdf:type rdfs:Class","rdfs:Literal rdfs:subClassOf rdf:Property","obo:DOID_9460 rdfs:subClassOf rdfs:Resource","owl:Axiom rdfs:range rdfs:Literal","obo:DOID_936 rdfs:subClassOf obo:DOID_332","obo:DOID_8188 rdfs:subClassOf rdfs:Resource","obo:DOID_37 rdfs:subClassOf rdf:Property","obo:DOID_4812 rdfs:subClassOf obo:DOID_1923","rdf:rest rdf:type rdfs:Class","rdf:object rdfs:subClassOf obo:DOID_6210","rdf:rest rdf:type rdfs:Datatype","obo:DOID_1802 rdf:type rdf:Property","rdfs:label rdfs:domain rdf:Property","rdf:predicate rdfs:subClassOf obo:DOID_7429","rdf:rest rdfs:subClassOf obo:DOID_9972","rdfs:comment rdfs:subClassOf rdf:Alt","rdfs:subPropertyOf rdfs:subPropertyOf rdf:object","obo:DOID_2682 rdfs:subClassOf obo:DOID_4549","rdf:subject rdfs:subClassOf obo:DOID_0060194","obo:DOID_731 rdfs:subClassOf obo:DOID_4549","rdfs:Literal rdfs:subClassOf obo:DOID_1659","obo:DOID_4549 rdfs:subClassOf obo:DOID_3594","obo:DOID_3153 rdfs:subClassOf rdfs:Class","rdfs:range rdfs:subClassOf rdf:Bag","obo:DOID_37 rdf:type rdf:Property","obo:DOID_3426 rdfs:subClassOf obo:DOID_1400","obo:DOID_654 rdf:type rdf:Property","rdf:first rdfs:domain rdf:Statement","obo:DOID_9972 rdfs:subClassOf obo:DOID_9460","rdf:predicate rdfs:subClassOf obo:DOID_6517","owl:Axiom rdfs:subClassOf obo:DOID_986","rdfs:subClassOf rdfs:subClassOf obo:DOID_9720","obo:DOID_6210 rdfs:subClassOf obo:DOID_9460","rdfs:domain rdfs:subClassOf obo:DOID_6003","rdf:subject rdfs:domain rdf:Property","rdf:type rdfs:subClassOf obo:DOID_731","rdfs:isDefinedBy rdfs:subPropertyOf rdf:subject","obo:DOID_14150 rdfs:subClassOf obo:DOID_1289","obo:DOID_2127 rdfs:range rdfs:Class","rdfs:isDefinedBy rdfs:subClassOf obo:DOID_8239","rdfs:isDefinedBy rdfs:subClassOf obo:DOID_2682","rdf:subject rdfs:range rdf:List","rdfs:Datatype rdfs:subClassOf obo:DOID_251","obo:DOID_731 rdfs:subClassOf rdfs:Resource","rdf:Property rdfs:subClassOf obo:DOID_6003","rdf:first rdfs:subClassOf obo:DOID_986","obo:DOID_14150 rdfs:subClassOf obo:DOID_5446","obo:DOID_3153 rdfs:subClassOf obo:DOID_1400","obo:DOID_0060370 rdfs:subClassOf obo:DOID_1659","obo:DOID_572 rdfs:subClassOf obo:DOID_9720","rdfs:seeAlso rdfs:subClassOf obo:DOID_1400","obo:DOID_2277 rdfs:subPropertyOf rdf:predicate","rdf:object rdfs:subPropertyOf rdfs:seeAlso","rdfs:subPropertyOf rdfs:subClassOf obo:DOID_423","obo:DOID_9935 rdf:type rdf:Property","rdfs:label rdfs:range rdfs:Class","rdfs:Class rdfs:subClassOf obo:DOID_9935","obo:DOID_9884 rdfs:subClassOf obo:DOID_9460","rdfs:subPropertyOf rdfs:subClassOf obo:DOID_8239","rdfs:Container rdfs:subClassOf obo:DOID_3240","obo:DOID_6517 rdfs:subClassOf rdfs:Container","rdf:nil rdfs:range rdfs:Class","rdfs:Resource rdf:type rdf:Property","obo:DOID_9460 rdfs:subClassOf obo:DOID_5395","rdfs:domain rdfs:domain rdf:List","rdf:Bag rdfs:subClassOf obo:DOID_9460","obo:DOID_4549 rdfs:subClassOf obo:DOID_3240","rdf:first rdfs:domain rdf:Property","rdf:Property rdfs:subClassOf obo:DOID_9720","obo:DOID_332 rdfs:subClassOf obo:DOID_3829","obo:DOID_1923 rdfs:subClassOf rdfs:Container","obo:DOID_6958 rdfs:subClassOf obo:DOID_3240","rdf:object rdfs:range rdf:Property","obo:DOID_7429 rdfs:range rdfs:Literal","obo:DOID_3829 rdfs:subClassOf obo:DOID_4636","obo:DOID_0060370 rdfs:subClassOf rdfs:Resource","obo:DOID_0060282 rdfs:subClassOf obo:DOID_986","rdfs:subPropertyOf rdfs:subClassOf rdfs:Container","obo:DOID_5446 rdf:type rdf:Property","rdfs:Container rdfs:subClassOf obo:DOID_1289","obo:DOID_3426 rdf:type rdfs:Datatype","rdf:rest rdfs:subClassOf obo:DOID_332","rdfs:isDefinedBy rdfs:subPropertyOf rdf:object","obo:DOID_3594 rdfs:subClassOf obo:DOID_4813","rdfs:subClassOf rdf:type rdfs:Class","rdfs:comment rdfs:subClassOf obo:DOID_3153","obo:DOID_0060282 rdfs:subClassOf rdfs:Resource","obo:DOID_9972 rdf:type rdf:List","rdfs:range rdfs:subPropertyOf rdf:object","obo:DOID_11312 rdfs:subClassOf obo:DOID_986","obo:DOID_37 rdfs:subClassOf obo:DOID_3426","obo:DOID_2127 rdf:type rdf:Property","obo:DOID_9460 rdfs:subClassOf obo:DOID_3426","obo:DOID_986 rdfs:domain rdf:Property","obo:DOID_4637 rdfs:subClassOf obo:DOID_0060157","obo:DOID_0050822 rdfs:domain rdf:List","obo:DOID_423 rdfs:subClassOf obo:DOID_4812","rdfs:Container rdfs:subClassOf obo:DOID_11312","rdfs:isDefinedBy rdfs:subClassOf obo:DOID_9884","obo:DOID_0050822 rdfs:subClassOf obo:DOID_6517","rdfs:seeAlso rdfs:subClassOf obo:DOID_0060282","obo:DOID_6034 rdfs:subClassOf obo:DOID_9011","obo:DOID_5262 rdfs:subClassOf rdf:Seq","obo:DOID_5306 rdfs:subClassOf obo:DOID_6958","rdfs:isDefinedBy rdfs:domain rdf:Property","owl:Axiom rdfs:subClassOf obo:DOID_11312","rdfs:range rdfs:subClassOf obo:DOID_0050591","owl:Axiom rdfs:subClassOf obo:DOID_572","obo:DOID_14330 rdfs:subClassOf obo:DOID_4813","obo:DOID_3116 rdfs:domain rdf:Property","obo:DOID_6517 rdfs:subClassOf obo:DOID_6958","rdf:subject rdfs:subClassOf obo:DOID_8239","rdfs:domain rdf:type rdfs:Class","obo:DOID_3829 rdfs:subClassOf obo:DOID_654","rdfs:comment rdfs:subClassOf obo:DOID_5306","obo:DOID_5612 rdfs:subClassOf obo:DOID_9935","rdf:rest rdfs:subClassOf obo:DOID_4637","rdf:Bag rdfs:subClassOf obo:DOID_9011","obo:DOID_2127 rdfs:subClassOf obo:DOID_0050822","obo:DOID_1835 rdfs:subClassOf obo:DOID_3241","rdfs:comment rdfs:subClassOf obo:DOID_3192","obo:DOID_13378 rdfs:subClassOf obo:DOID_251","obo:DOID_7429 rdfs:subClassOf rdfs:Resource","obo:DOID_2682 rdfs:subClassOf obo:DOID_986","rdf:object rdfs:subClassOf obo:DOID_251","obo:DOID_0050822 rdfs:subClassOf obo:DOID_1802","rdf:subject rdfs:subClassOf rdfs:Container","obo:DOID_3241 rdfs:subClassOf obo:DOID_936","obo:DOID_1602 rdfs:subClassOf obo:DOID_3192","rdf:rest rdfs:subClassOf obo:DOID_654"]}