{"OntologyName":"http://purl.obolibrary.org/obo/doid.owl#","Prefixes":{"":"http://purl.obolibrary.org/obo/doid.owl#","owl":"http://www.w3.org/2002/07/owl#","rdf":"http://www.w3.org/1999/02/22-rdf-syntax-ns#","oboInOwl":"http://www.geneontology.org/formats/oboInOwl#","xsd":"http://www.w3.org/2001/XMLSchema#","doid":"http://purl.obolibrary.org/obo/doid#","rdfs":"http://www.w3.org/2000/01/rdf-schema#","obo":"http://purl.obolibrary.org/obo/"},"TotalBase Triples":1000,"Axiomatic Triples in Base":0,"rdf:TypeTriples in Base":129,"TotalUniqueSubjects in base":129,"TotalUniquePredicates in base":17,"TotalUniqueObjects in base":727,"TotalInferred Triples":314,"AxiomaticTriples in inferred":100,"rdf:TypeTriples in inferred":201,"TotalUniqueSubjects in inferred":100,"TotalUniquePredicates in inferred":5,"TotalUniqueObjects in inferred":89,"TotalInvalid Triples":314,"AxiomaticTriples in invalid":59,"rdf:TypeTriples in invalid":34,"fullRandomTriples in invalid":0,"trickyTriplesInInvalid in invalid":314,"TotalUniqueSubjects in invalid":95,"TotalUniquePredicates in invalid":5,"TotalUniqueObjects in invalid":82,"Inference_time (miliseconds)":6,"Invalid triples generation time (miliseconds)":45,"Output (json_format) writing time (miliseconds)":0,"OriginalAxioms":["obo:DOID_4852 oboInOwl:hasDbXref NCI:C4323","obo:DOID_1787 rdfs:label pericarditis","obo:DOID_9938 rdfs:subClassOf obo:DOID_6970","obo:DOID_255 oboInOwl:hasDbXref ICD9CM:228.0","44d19887-89bf-49a4-b44e-0c7371872383 rdf:type owl:Axiom","obo:DOID_1002 oboInOwl:hasDbXref SNOMEDCT_US_2015_03_01:266653006","43293d79-8fc3-4801-a54d-4bb5b569c46b owl:annotatedProperty oboInOwl:hasExactSynonym","obo:DOID_14116 oboInOwl:hasOBONamespace disease_ontology","obo:DOID_6250 rdfs:label Epstein-Barr virus related carcinoma","obo:DOID_255 oboInOwl:hasDbXref SNOMEDCT_US_2015_03_01:367337005","obo:DOID_3332 rdfs:label haemonchiasis","obo:DOID_5398 oboInOwl:id DOID:5398","f41ea032-70c8-4260-bc50-c3872207506c oboInOwl:hasDbXref NCI2004_11_17:C7286","obo:DOID_8455 oboInOwl:hasDbXref ICD10CM:E53.1","obo:DOID_4727 oboInOwl:hasOBONamespace disease_ontology","obo:DOID_11352 rdfs:label epilepsia partialis continua with intractable epilepsy","obo:DOID_1926 oboInOwl:hasDbXref OMIM:610539","obo:DOID_3156 oboInOwl:hasExactSynonym Incontinentia pigmenti achromians syndrome disorder","obo:DOID_7733 rdf:type owl:Class","obo:DOID_3156 oboInOwl:hasExactSynonym Hypomelanosis of Ito","21ac639b-5d8e-4473-9151-d9ed37819884 owl:annotatedSource obo:DOID_12662","779ee9c5-dafe-451a-9bdb-8b49b7751cf1 owl:annotatedSource obo:DOID_13743","obo:DOID_3420 rdf:type owl:Class","obo:DOID_1875 oboInOwl:hasOBONamespace disease_ontology","obo:DOID_1963 obo:IAO_0000115 A fallopian tube cancer that is located_in the fallopian tube.","obo:DOID_4639 oboInOwl:hasDbXref SNOMEDCT_US_2015_03_01:48573006","aaa6b90a-8dfd-40c5-ba9b-07f43735126b owl:annotatedProperty oboInOwl:hasExactSynonym","obo:DOID_14116 oboInOwl:hasDbXref OMIM:151800","c1f23bfc-d946-4b9b-81b0-394e69c609f5 oboInOwl:hasDbXref url:http://neurolex.org/wiki/Category:Combat_Disorder","d1fb4003-b18c-4b94-bf27-dd4f12c84866 owl:annotatedSource obo:DOID_4152","obo:DOID_0050306 owl:deprecated true^^http://www.w3.org/2001/XMLSchema#boolean","36156967-d249-421c-b448-f4c865c67dec rdf:type owl:Axiom","44d19887-89bf-49a4-b44e-0c7371872383 owl:annotatedTarget Bronchioalveolar lung carcinoma","obo:DOID_5574 oboInOwl:hasDbXref UMLS_CUI:C0011993","obo:DOID_928 oboInOwl:id DOID:928","5c4f0c0f-330c-46f7-8736-87a8203891e4 oboInOwl:hasDbXref SNOMEDCT_2005_07_31:64586002","obo:DOID_3119 rdf:type owl:Class","obo:DOID_0060285 rdfs:label parietal foramina","obo:DOID_1963 oboInOwl:hasOBONamespace disease_ontology","f41ea032-70c8-4260-bc50-c3872207506c owl:annotatedProperty oboInOwl:hasExactSynonym","obo:DOID_4091 rdf:type owl:Class","obo:DOID_8455 rdfs:subClassOf obo:DOID_5113","obo:DOID_11264 oboInOwl:hasOBONamespace disease_ontology","af14d385-aa7e-4155-badb-f3c9e74385a0 rdf:type owl:Axiom","3aaa62ed-ddfc-4091-81b7-5a6e6f4bae77 rdf:type owl:Axiom","fe981bb3-43b6-4a50-8fbf-aafa41858468 oboInOwl:hasDbXref NCI2004_11_17:C7014","obo:DOID_4903 oboInOwl:hasExactSynonym granular cell carcinoma morphologic abnormality","obo:DOID_1787 obo:IAO_0000115 A pericardium disease that is characterized by an inflammation of the pericardium and has_symptom chest pain.","obo:DOID_12835 oboInOwl:hasDbXref ICD10CM:G82.5","obo:DOID_4639 oboInOwl:hasOBONamespace disease_ontology","obo:DOID_3119 oboInOwl:hasExactSynonym digestive system cancer","obo:DOID_5486 oboInOwl:hasOBONamespace disease_ontology","39193f93-f18a-4acc-83e4-2f425cc5202f owl:annotatedProperty oboInOwl:hasExactSynonym","30e6bb02-99ee-4952-9499-d46649d18cb1 rdf:type owl:Axiom","obo:DOID_3156 rdf:type owl:Class","feffcd1c-3486-4fcc-a663-6c46799ca23a owl:annotatedTarget Retinal tear disorder","obo:DOID_2597 oboInOwl:hasDbXref SNOMEDCT_US_2015_03_01:126693009","obo:DOID_4903 oboInOwl:hasOBONamespace disease_ontology","obo:DOID_12960 oboInOwl:hasDbXref SNOMEDCT_US_2015_03_01:63661009","obo:DOID_8580 rdf:type owl:Class","obo:DOID_5574 oboInOwl:hasDbXref NCI:C26749","obo:DOID_4727 oboInOwl:hasExactSynonym Synechiae NOS","obo:DOID_6162 oboInOwl:hasRelatedSynonym childhood embryonal carcinoma of the testis","6c384e6e-4642-436c-a06b-d13d8b96951f oboInOwl:hasDbXref CSP2005:1849-4064","2658b664-0df1-424b-b0d5-2fcb2a05e999 owl:annotatedSource obo:DOID_1919","obo:DOID_14116 oboInOwl:id DOID:14116","obo:DOID_9975 oboInOwl:hasOBONamespace disease_ontology","6b392978-a2c5-41ba-b7d9-fd5ce7018873 owl:annotatedProperty oboInOwl:hasExactSynonym","obo:DOID_0060197 oboInOwl:hasExactSynonym amyotrophic lateral sclerosis 5","obo:DOID_11352 oboInOwl:hasOBONamespace disease_ontology","obo:DOID_1875 oboInOwl:id DOID:1875","c1f23bfc-d946-4b9b-81b0-394e69c609f5 owl:annotatedTarget An acute stress disorder that involves neurotic reactions to unusual, severe, or overwhelming military stress.","a8f0dff4-cdb2-4be4-ab2e-dce65c5a18d9 owl:annotatedProperty obo:IAO_0000115","obo:DOID_12923 oboInOwl:id DOID:12923","obo:DOID_6250 oboInOwl:hasExactSynonym EBV Related carcinoma","obo:DOID_7608 oboInOwl:hasDbXref NCI:C3916","obo:DOID_3068 oboInOwl:hasExactSynonym adult glioblastoma multiforme","obo:DOID_7608 rdf:type owl:Class","obo:DOID_5574 oboInOwl:hasOBONamespace disease_ontology","obo:DOID_11227 oboInOwl:hasDbXref NCI:C34505","obo:DOID_3156 oboInOwl:hasDbXref SNOMEDCT_US_2015_03_01:254816001","93ac0f91-deaa-48c5-916d-c159f2d22399 rdf:type owl:Axiom","obo:DOID_1787 oboInOwl:hasDbXref MSH:D010493","obo:DOID_4091 obo:IAO_0000115 A +ssRNA virus infectious disease that results_in infection in animals and humans, has_material_basis_in Caliciviridae viruses.","93ac0f91-deaa-48c5-916d-c159f2d22399 owl:annotatedTarget carbohydrate induced hyperlipemia","d902bdb0-5257-4db8-8413-41e7b3b5a594 owl:annotatedProperty oboInOwl:hasExactSynonym","d902bdb0-5257-4db8-8413-41e7b3b5a594 owl:annotatedTarget Alveolar adenoma morphologic abnormality","obo:DOID_1787 oboInOwl:hasOBONamespace disease_ontology","obo:DOID_9975 obo:IAO_0000115 A drug dependence that is a psychological dependency on the regular use of cocaine.","779ee9c5-dafe-451a-9bdb-8b49b7751cf1 owl:annotatedTarget Spinal Cord Lipoma","obo:DOID_5398 oboInOwl:hasOBONamespace disease_ontology","3de6acc8-3fd1-4a18-a0be-82996ecff1c1 owl:annotatedTarget cecum neoplasm","obo:DOID_9938 oboInOwl:hasDbXref SNOMEDCT_US_2015_03_01:193989000","obo:DOID_255 oboInOwl:hasDbXref MSH:D006391","obo:DOID_3332 oboInOwl:hasDbXref MSH:D006188","25af4630-558c-4052-b78e-75bf5272e813 owl:annotatedSource obo:DOID_11603","obo:DOID_1002 oboInOwl:hasDbXref SNOMEDCT_US_2015_03_01:78623009","obo:DOID_10630 oboInOwl:hasExactSynonym optic atrophy associated with retinal dystrophies","8fb58702-e1c5-4b69-81a6-f836b576c0db owl:annotatedSource obo:DOID_2642","obo:DOID_3068 oboInOwl:hasDbXref UMLS_CUI:C0017636","obo:DOID_3332 rdf:type owl:Class","obo:DOID_3156 oboInOwl:hasDbXref SNOMEDCT_US_2015_03_01:48543002","obo:DOID_8580 oboInOwl:hasDbXref SNOMEDCT_US_2015_03_01:8139000","546ea6d9-ddda-4728-a93d-d13c15a25d80 owl:annotatedTarget Dermatitis herpetiformis","d0d36beb-a1cb-43cd-8476-e851a363f138 owl:annotatedSource obo:DOID_0060209","79c3458e-a643-4bb4-96f6-dcf9a2da8984 owl:annotatedProperty oboInOwl:hasExactSynonym","obo:DOID_1002 rdfs:subClassOf obo:DOID_1005","obo:DOID_14116 oboInOwl:hasExactSynonym Madelungs neck","obo:DOID_4903 oboInOwl:hasDbXref SNOMEDCT_US_2015_03_01:69028005","obo:DOID_12835 oboInOwl:hasDbXref ICD9CM:344.00","obo:DOID_12835 oboInOwl:hasDbXref SNOMEDCT_US_2015_03_01:155030003","2cb67fe4-1992-4d7a-96e7-61e8aa176ac1 oboInOwl:hasDbXref url:http://www.ninds.nih.gov/disorders/lissencephaly/lissencephaly.htm","obo:DOID_3281 rdf:type owl:Class","fbea0ab5-0258-4d74-843a-7faea1473fa7 owl:annotatedTarget Vernal Conjunctivitis","obo:DOID_4727 owl:deprecated true^^http://www.w3.org/2001/XMLSchema#boolean","obo:DOID_3119 oboInOwl:hasDbXref ICD9CM:239.0","obo:DOID_2597 oboInOwl:hasOBONamespace disease_ontology","obo:DOID_11315 oboInOwl:hasOBONamespace disease_ontology","obo:DOID_1838 oboInOwl:hasDbXref OMIM:309400","b7a71101-613d-475f-9f95-765621ed2aca owl:annotatedSource obo:DOID_2410","obo:DOID_0060197 oboInOwl:created_by emitraka","obo:DOID_11227 oboInOwl:hasDbXref SNOMEDCT_US_2015_03_01:186677009","obo:DOID_9938 oboInOwl:hasOBONamespace disease_ontology","39193f93-f18a-4acc-83e4-2f425cc5202f rdf:type owl:Axiom","30e6bb02-99ee-4952-9499-d46649d18cb1 owl:annotatedProperty oboInOwl:hasExactSynonym","obo:DOID_1787 oboInOwl:id DOID:1787","obo:DOID_12835 oboInOwl:id DOID:12835","obo:DOID_11227 oboInOwl:hasOBONamespace disease_ontology","obo:DOID_9975 oboInOwl:hasDbXref ICD9CM:304.2","93ac0f91-deaa-48c5-916d-c159f2d22399 owl:annotatedProperty oboInOwl:hasExactSynonym","obo:DOID_255 rdf:type owl:Class","obo:DOID_0060285 oboInOwl:hasOBONamespace disease_ontology","obo:DOID_12835 oboInOwl:hasDbXref SNOMEDCT_US_2015_03_01:11538006","obo:DOID_4639 oboInOwl:id DOID:4639","36156967-d249-421c-b448-f4c865c67dec oboInOwl:hasDbXref CSP2005:1754-7196","obo:DOID_6998 oboInOwl:hasOBONamespace disease_ontology","obo:DOID_13682 rdf:type owl:Class","6b392978-a2c5-41ba-b7d9-fd5ce7018873 rdf:type owl:Axiom","obo:DOID_6037 rdfs:label spindle cell intraocular melanoma","c9675cca-44c4-4220-9f3d-6b43f531e0d6 oboInOwl:hasDbXref CSP2005:1248-4501","obo:DOID_12960 oboInOwl:hasAlternativeId DOID:0080004","obo:DOID_0060285 oboInOwl:inSubset doid:DO_MGI_slim","50926937-dddd-4298-865f-1ed6531e8bc1 owl:annotatedTarget Phlebitis and thrombophlebitis of femoral vein deep superficial","obo:DOID_4852 oboInOwl:hasDbXref UMLS_CUI:C0334586","obo:DOID_5398 oboInOwl:hasDbXref UMLS_CUI:C0334325","25af4630-558c-4052-b78e-75bf5272e813 owl:annotatedTarget breast engorgement in newborn","d371c5b5-1dd9-4784-82dd-ddae656f3425 owl:annotatedTarget Circumscribed solid basal cell carcinoma","obo:DOID_11264 owl:deprecated true^^http://www.w3.org/2001/XMLSchema#boolean","21ac639b-5d8e-4473-9151-d9ed37819884 oboInOwl:hasDbXref CSP2005:1988-4119","39193f93-f18a-4acc-83e4-2f425cc5202f owl:annotatedSource obo:DOID_4857","d902bdb0-5257-4db8-8413-41e7b3b5a594 rdf:type owl:Axiom","obo:DOID_8580 oboInOwl:hasAlternativeId DOID:8579","obo:DOID_0060197 oboInOwl:hasOBONamespace disease_ontology","obo:DOID_3068 oboInOwl:hasDbXref NCI:C3058","obo:DOID_9938 oboInOwl:hasDbXref SNOMEDCT_US_2015_03_01:155183008","obo:DOID_4639 oboInOwl:hasDbXref UMLS_CUI:C0392051","obo:DOID_1926 oboInOwl:hasExactSynonym glocucerebrosidase deficiency","59cd5134-d85a-49b0-aed2-ff9fda10bfef owl:annotatedSource obo:DOID_5981","obo:DOID_3068 rdfs:label glioblastoma multiforme","d1fb4003-b18c-4b94-bf27-dd4f12c84866 rdf:type owl:Axiom","obo:DOID_0060285 oboInOwl:created_by emitraka","obo:DOID_8580 oboInOwl:hasExactSynonym Histiocytic medullary reticulosis [obs]","obo:DOID_1002 oboInOwl:hasOBONamespace disease_ontology","obo:DOID_6301 oboInOwl:hasRelatedSynonym basal cell carcinoma of the prostate","obo:DOID_7733 rdfs:label signet ring cell intrahepatic cholangiocarcinoma","89ce0d13-f275-4571-bf68-af457de58732 rdf:type owl:Axiom","obo:DOID_0050306 oboInOwl:hasOBONamespace disease_ontology","obo:DOID_1926 obo:IAO_0000115 A sphingolipidosis characterized by deficiency of the enzyme glucocerebrosidase which results in the accumulation of harmful quantities of the glycolipid glucocerebroside throughout the body, especially within the bone marrow, spleen and liver.","79c3458e-a643-4bb4-96f6-dcf9a2da8984 rdf:type owl:Axiom","fa31ca81-8978-4cc8-867a-089f50935ab3 owl:annotatedSource obo:DOID_754","obo:DOID_2597 oboInOwl:hasDbXref NCI:C4425","89ce0d13-f275-4571-bf68-af457de58732 oboInOwl:hasDbXref url:http://en.wikipedia.org/wiki/Marshall%E2%80%93Smith_syndrome","obo:DOID_3156 oboInOwl:hasDbXref SNOMEDCT_US_2015_03_01:806001","159f7f8b-cdc8-4787-ab52-f3b30245ffd1 owl:annotatedSource obo:DOID_2163","obo:DOID_4091 rdfs:label Caliciviridae infectious disease","c47e05ca-d52f-4385-b31b-44d64ca54aa6 owl:annotatedSource obo:DOID_2324","obo:DOID_1787 oboInOwl:hasDbXref SNOMEDCT_US_2015_03_01:3238004","obo:DOID_3068 rdf:type owl:Class","obo:DOID_255 oboInOwl:hasDbXref SNOMEDCT_US_2015_03_01:269646001","21ac639b-5d8e-4473-9151-d9ed37819884 owl:annotatedTarget paracoccidioidal mycosis","6c384e6e-4642-436c-a06b-d13d8b96951f owl:annotatedSource obo:DOID_2754","obo:DOID_6162 oboInOwl:hasDbXref UMLS_CUI:C1333007","obo:DOID_11352 owl:deprecated true^^http://www.w3.org/2001/XMLSchema#boolean","obo:DOID_4852 rdfs:label pleomorphic xanthoastrocytoma","obo:DOID_3068 rdfs:subClassOf obo:DOID_3069","obo:DOID_7608 oboInOwl:hasRelatedSynonym adenoma of parathyroid","43293d79-8fc3-4801-a54d-4bb5b569c46b rdf:type owl:Axiom","obo:DOID_13469 rdf:type owl:Class","obo:DOID_3281 rdfs:label combined thymoma","obo:DOID_9975 oboInOwl:hasDbXref ICD10CM:F14.2","obo:DOID_1875 oboInOwl:hasExactSynonym erectile dysfunction","44d19887-89bf-49a4-b44e-0c7371872383 owl:annotatedProperty oboInOwl:hasExactSynonym","obo:DOID_13469 oboInOwl:hasExactSynonym secondary syphilis of skin and mucous membrane disorder","93ac0f91-deaa-48c5-916d-c159f2d22399 oboInOwl:hasDbXref CSP2005:1849-4681","obo:DOID_11315 oboInOwl:hasDbXref UMLS_CUI:C0153270","obo:DOID_1926 rdfs:subClassOf obo:DOID_1927","obo:DOID_9975 oboInOwl:hasDbXref SNOMEDCT_US_2015_03_01:31956009","aaa6b90a-8dfd-40c5-ba9b-07f43735126b rdf:type owl:Axiom","obo:DOID_11264 rdfs:label Chlamydophila infectious disease","obo:DOID_3156 oboInOwl:hasExactSynonym Bloch-Siemans syndrome","3b7f2aae-4371-4f80-8c09-e68391e10957 owl:annotatedProperty obo:IAO_0000115","obo:DOID_4727 oboInOwl:id DOID:4727","obo:DOID_5486 owl:deprecated true^^http://www.w3.org/2001/XMLSchema#boolean","obo:DOID_5574 oboInOwl:hasDbXref SNOMEDCT_US_2015_03_01:253005002","obo:DOID_6037 oboInOwl:id DOID:6037","obo:DOID_12960 oboInOwl:hasExactSynonym Apert syndrome","9bbee750-dffd-4032-b37d-2b6720514f3a owl:annotatedSource obo:DOID_2297","obo:DOID_1926 oboInOwl:inSubset doid:DO_MGI_slim","a8f0dff4-cdb2-4be4-ab2e-dce65c5a18d9 oboInOwl:hasDbXref url:http://www.merriam-webster.com/medical/aleukemic%20leukemia","obo:DOID_4903 rdfs:label granular cell carcinoma","81b94972-2a98-4cea-bd39-6cefb88bfab1 rdf:type owl:Axiom","42c64c46-17ce-47f4-b2ee-fcbf7b4a6a64 owl:annotatedTarget Rhodesian sleeping sickness","0820e7a3-96da-4706-8893-938caa8cd92a owl:annotatedSource obo:DOID_13689","a8f0dff4-cdb2-4be4-ab2e-dce65c5a18d9 owl:annotatedSource obo:DOID_6004","obo:DOID_1926 oboInOwl:hasOBONamespace disease_ontology","36156967-d249-421c-b448-f4c865c67dec owl:annotatedProperty oboInOwl:hasExactSynonym","obo:DOID_11227 oboInOwl:hasDbXref SNOMEDCT_US_2015_03_01:398273006","0ea0e6b5-8cb6-4549-be2a-e28d082a040f owl:annotatedSource obo:DOID_12733","obo:DOID_8580 oboInOwl:hasDbXref ICD10CM:C96.A","43293d79-8fc3-4801-a54d-4bb5b569c46b oboInOwl:hasDbXref NCI2004_11_17:C39851","d902bdb0-5257-4db8-8413-41e7b3b5a594 owl:annotatedSource obo:DOID_8003","obo:DOID_11315 obo:IAO_0000115 A histoplasmosis that results_in systemic fungal infection, has_material_basis_in Histoplasma capsulatum var duboisii, transmitted_by airborne spores and results_in_formation_of nodules, results_in_formation_of ulcers and results_in_formation_of osteolytic bone lesions.","obo:DOID_6213 oboInOwl:hasExactSynonym Ovarian serous tumour","3aaa62ed-ddfc-4091-81b7-5a6e6f4bae77 owl:annotatedProperty oboInOwl:hasExactSynonym","obo:DOID_2597 rdfs:subClassOf obo:DOID_2598","obo:DOID_1963 oboInOwl:hasDbXref SNOMEDCT_US_2015_03_01:154529008","obo:DOID_3420 oboInOwl:id DOID:3420","obo:DOID_1838 oboInOwl:hasOBONamespace disease_ontology","af14d385-aa7e-4155-badb-f3c9e74385a0 owl:annotatedProperty oboInOwl:hasExactSynonym","obo:DOID_3119 oboInOwl:hasDbXref NCI:C3052","obo:DOID_8455 oboInOwl:hasDbXref UMLS_CUI:C0936215","obo:DOID_0060285 rdfs:subClassOf obo:DOID_0080074","obo:DOID_1838 oboInOwl:hasExactSynonym COPPER TRANSPORT DISEASE","obo:DOID_3281 rdfs:subClassOf obo:DOID_3275","f41ea032-70c8-4260-bc50-c3872207506c rdf:type owl:Axiom","obo:DOID_3332 oboInOwl:id DOID:3332","obo:DOID_3068 oboInOwl:hasAlternativeId DOID:3080","obo:DOID_11264 oboInOwl:id DOID:11264","obo:DOID_0060285 oboInOwl:hasDbXref OMIM:609566","d371c5b5-1dd9-4784-82dd-ddae656f3425 oboInOwl:hasDbXref SNOMEDCT_2005_07_31:403910009","9bbee750-dffd-4032-b37d-2b6720514f3a oboInOwl:hasDbXref CSP2005:0368-3335","obo:DOID_3119 oboInOwl:hasDbXref UMLS_CUI:C0012243","42c64c46-17ce-47f4-b2ee-fcbf7b4a6a64 rdf:type owl:Axiom","obo:DOID_9975 rdfs:label cocaine dependence","c9675cca-44c4-4220-9f3d-6b43f531e0d6 owl:annotatedTarget duodenum disorder","obo:DOID_3068 oboInOwl:hasDbXref NCI:C39750","obo:DOID_3119 oboInOwl:hasDbXref SNOMEDCT_US_2015_03_01:128348002","c87d2342-57e7-4641-8337-51606514e4f3 rdf:type owl:Axiom","obo:DOID_14116 rdfs:label multiple symmetric lipomatosis","obo:DOID_8455 oboInOwl:hasDbXref SNOMEDCT_US_2015_03_01:18881008","5c4f0c0f-330c-46f7-8736-87a8203891e4 owl:annotatedProperty oboInOwl:hasExactSynonym","97de27ff-d401-4149-a8a1-dbdfd7976abe owl:annotatedProperty oboInOwl:hasExactSynonym","d1fb4003-b18c-4b94-bf27-dd4f12c84866 owl:annotatedProperty obo:IAO_0000115","obo:DOID_11315 rdfs:label African histoplasmosis","obo:DOID_3068 oboInOwl:hasDbXref SNOMEDCT_US_2015_03_01:63634009","obo:DOID_4639 oboInOwl:hasDbXref NCI:C27135","89ce0d13-f275-4571-bf68-af457de58732 owl:annotatedProperty obo:IAO_0000115","obo:DOID_12960 rdf:type owl:Class","30e6bb02-99ee-4952-9499-d46649d18cb1 oboInOwl:hasDbXref ICD9CM_2006:615.9","obo:DOID_12835 rdfs:subClassOf obo:DOID_331","obo:DOID_6037 oboInOwl:hasOBONamespace disease_ontology","obo:DOID_3156 oboInOwl:hasExactSynonym nevus of Ito disorder","obo:DOID_3119 oboInOwl:hasDbXref MSH:D004067","obo:DOID_12960 rdfs:label acrocephalosyndactylia","59cd5134-d85a-49b0-aed2-ff9fda10bfef owl:annotatedTarget hamartoma of hypothalamus disorder","obo:DOID_928 oboInOwl:hasExactSynonym CNS metastases tumor staging","obo:DOID_14116 oboInOwl:hasExactSynonym LIPODYSTROPHY, CEPHALOTHORACIC","85cb45a3-b3f4-4bfc-9cd9-616174e42b57 owl:annotatedSource obo:DOID_5501","eaf5bfe2-76ca-4083-83c9-df82d1385b14 owl:annotatedSource obo:DOID_14773","obo:DOID_6162 oboInOwl:hasOBONamespace disease_ontology","obo:DOID_1838 rdfs:subClassOf obo:DOID_896","obo:DOID_1838 oboInOwl:hasExactSynonym Menkes kinky-hair syndrome disorder","obo:DOID_10630 owl:deprecated true^^http://www.w3.org/2001/XMLSchema#boolean","eaf5bfe2-76ca-4083-83c9-df82d1385b14 rdf:type owl:Axiom","4874fa21-b82c-4ac8-87fc-5b0eefe1f3d1 owl:annotatedProperty oboInOwl:hasExactSynonym","2658b664-0df1-424b-b0d5-2fcb2a05e999 oboInOwl:hasDbXref SNOMEDCT_2005_07_31:190921003","obo:DOID_0060197 oboInOwl:hasDbXref OMIM:602099","obo:DOID_11227 obo:IAO_0000115 A viral infectious disease that results_in inflammation located in conjunctiva, has_material_basis_in Human coxsackievirus A24 or has_material_basis_in Human enterovirus 70, which are transmitted_by contaminated fomites or transmitted_by contact with contaminated hands. The infection has_symptom vascular dilation, has_symptom eyelid edema, has_symptom photophobia, has_symptom redness of the eyes, has_symptom watering of the eye, has_symptom conjunctival congestion, and has_symptom superficial punctate epithelial keratitis.","b7a71101-613d-475f-9f95-765621ed2aca rdf:type owl:Axiom","af14d385-aa7e-4155-badb-f3c9e74385a0 owl:annotatedSource obo:DOID_4051","8d1f4ffa-0852-49c3-90ad-8dddba673d88 owl:annotatedTarget Pinealoma disorder","21ac639b-5d8e-4473-9151-d9ed37819884 owl:annotatedProperty oboInOwl:hasExactSynonym","obo:DOID_1963 rdfs:label fallopian tube carcinoma","obo:DOID_1963 oboInOwl:hasDbXref NCI:C3867","obo:DOID_255 oboInOwl:hasDbXref SNOMEDCT_US_2015_03_01:154625006","8fb58702-e1c5-4b69-81a6-f836b576c0db oboInOwl:hasDbXref SNOMEDCT_2005_07_31:25239006","81b94972-2a98-4cea-bd39-6cefb88bfab1 owl:annotatedSource obo:DOID_3502","f48dd8ce-8822-4d15-a4e2-bf73a081003c oboInOwl:hasDbXref SNOMEDCT_2005_07_31:186670006","obo:DOID_10630 oboInOwl:hasExactSynonym optic atrophy associated with retinal dystrophy disorder","2610c56d-3a8f-4483-9ec2-9fdcd5ecb8f9 oboInOwl:hasDbXref SNOMEDCT_2005_07_31:111513000","44d19887-89bf-49a4-b44e-0c7371872383 owl:annotatedSource obo:DOID_4926","obo:DOID_9975 oboInOwl:hasDbXref ICD9CM:304.20","obo:DOID_3119 oboInOwl:hasDbXref UMLS_CUI:C0017185","obo:DOID_6301 owl:deprecated true^^http://www.w3.org/2001/XMLSchema#boolean","d1fb4003-b18c-4b94-bf27-dd4f12c84866 owl:annotatedTarget A chordoma that histologically derives_from chordoma, derives_from chondroma, and derives_from chondrosarcoma.","obo:DOID_3156 oboInOwl:hasDbXref UMLS_CUI:C0022283","0820e7a3-96da-4706-8893-938caa8cd92a rdf:type owl:Axiom","obo:DOID_9975 oboInOwl:hasDbXref SNOMEDCT_US_2015_03_01:191829009","obo:DOID_6250 oboInOwl:hasOBONamespace disease_ontology","feffcd1c-3486-4fcc-a663-6c46799ca23a owl:annotatedSource obo:DOID_12514","obo:DOID_4852 rdfs:subClassOf obo:DOID_3069","81b94972-2a98-4cea-bd39-6cefb88bfab1 owl:annotatedProperty obo:IAO_0000115","obo:DOID_4852 rdf:type owl:Class","fa1cc0a1-0cc4-40c9-a05f-4f8240040384 rdf:type owl:Axiom","obo:DOID_9938 oboInOwl:hasDbXref ICD9CM:375.30","f48dd8ce-8822-4d15-a4e2-bf73a081003c owl:annotatedTarget Pfeiffers disease","obo:DOID_1926 oboInOwl:hasExactSynonym glucosylceramide beta-glucosidase deficiency","89ce0d13-f275-4571-bf68-af457de58732 owl:annotatedSource obo:DOID_0050858","97de27ff-d401-4149-a8a1-dbdfd7976abe owl:annotatedSource obo:DOID_112","obo:DOID_6037 oboInOwl:inSubset doid:DO_cancer_slim","aaa6b90a-8dfd-40c5-ba9b-07f43735126b oboInOwl:hasDbXref SNOMEDCT_2005_07_31:155501004","obo:DOID_6213 oboInOwl:hasOBONamespace disease_ontology","obo:DOID_1002 rdfs:label endometritis","obo:DOID_0050306 rdfs:label familial abdominal aortic aneurysm","obo:DOID_9938 oboInOwl:hasDbXref NCI:C34521","obo:DOID_1926 oboInOwl:hasDbXref SNOMEDCT_US_2015_03_01:62201009","5382fba5-7b07-474f-9427-e66175169eb0 rdf:type owl:Axiom","obo:DOID_1926 oboInOwl:hasDbXref SNOMEDCT_US_2015_03_01:2859005","obo:DOID_11264 oboInOwl:inSubset doid:gram-negative_bacterial_infectious_disease","d0d36beb-a1cb-43cd-8476-e851a363f138 owl:annotatedTarget amyotrophic lateral sclerosis 18","2123c7ce-beb7-4761-9137-7fc7f05fa220 owl:annotatedSource obo:DOID_1519","5c4f0c0f-330c-46f7-8736-87a8203891e4 owl:annotatedSource obo:DOID_13001","74ac6590-90e6-4824-933f-8c4d55368e90 rdf:type owl:Axiom","obo:DOID_1838 oboInOwl:hasDbXref NCI:C75486","c1f23bfc-d946-4b9b-81b0-394e69c609f5 owl:annotatedSource obo:DOID_6950","obo:DOID_12835 rdf:type owl:Class","obo:DOID_0060285 oboInOwl:hasExactSynonym Caitlin marks","obo:DOID_12835 oboInOwl:hasExactSynonym Quadriplegia, unspecified","546ea6d9-ddda-4728-a93d-d13c15a25d80 owl:annotatedProperty oboInOwl:hasExactSynonym","8fb58702-e1c5-4b69-81a6-f836b576c0db owl:annotatedProperty oboInOwl:hasExactSynonym","obo:DOID_6998 oboInOwl:hasDbXref NCI:C5744","obo:DOID_10505 owl:deprecated true^^http://www.w3.org/2001/XMLSchema#boolean","779ee9c5-dafe-451a-9bdb-8b49b7751cf1 rdf:type owl:Axiom","fa31ca81-8978-4cc8-867a-089f50935ab3 oboInOwl:hasDbXref url:http://www.pneumonologia.gr/articlefiles/20070307_EXTRAPULMONARY_tbc.pdf","obo:DOID_8580 oboInOwl:hasDbXref NCI:C7202","d41d16d4-0436-42c3-be9e-bf54968847b1 oboInOwl:hasDbXref SNOMEDCT_2005_07_31:253023005","obo:DOID_255 obo:IAO_0000115 A cell type benign neoplasm that has_physical_basis_in endothelial cells that line blood vessels and is characterised by increased number of normal or abnormal vessels filled with blood.","obo:DOID_0060197 rdfs:label amyotrophic lateral sclerosis type 5","2cb67fe4-1992-4d7a-96e7-61e8aa176ac1 owl:annotatedSource obo:DOID_0050453","obo:DOID_12960 oboInOwl:hasDbXref MSH:D000168","obo:DOID_8455 oboInOwl:hasDbXref ICD9CM:266.1","obo:DOID_1002 oboInOwl:id DOID:1002","obo:DOID_12923 rdf:type owl:Class","obo:DOID_14116 oboInOwl:hasDbXref SNOMEDCT_US_2015_03_01:63365006","f41ea032-70c8-4260-bc50-c3872207506c owl:annotatedTarget Ovarian Monodermal teratoma","obo:DOID_14116 oboInOwl:hasExactSynonym Launois-Bensaudes lipomatosis","3b7f2aae-4371-4f80-8c09-e68391e10957 rdf:type owl:Axiom","2cb67fe4-1992-4d7a-96e7-61e8aa176ac1 owl:annotatedTarget A congenital nervous system abnormality characterized by the absence of folds in the cerebral cortex and caused_by defective neuronal migration during the 12th to 24th weeks of gestation.","36156967-d249-421c-b448-f4c865c67dec owl:annotatedSource obo:DOID_1884","obo:DOID_11352 oboInOwl:id DOID:11352","6c384e6e-4642-436c-a06b-d13d8b96951f owl:annotatedProperty oboInOwl:hasExactSynonym","obo:DOID_11227 oboInOwl:hasExactSynonym Apollo disease","26f3299b-c463-4248-bcf4-f64bd4d8abeb owl:annotatedSource obo:DOID_10983","2610c56d-3a8f-4483-9ec2-9fdcd5ecb8f9 owl:annotatedProperty oboInOwl:hasExactSynonym","5382fba5-7b07-474f-9427-e66175169eb0 owl:annotatedProperty oboInOwl:hasExactSynonym","obo:DOID_1838 rdfs:subClassOf obo:DOID_421","obo:DOID_11227 oboInOwl:hasDbXref MSH:D003232","c37b27b1-feb2-41ed-b696-469cbd3855d5 owl:annotatedSource obo:DOID_8601","obo:DOID_7608 oboInOwl:hasDbXref UMLS_CUI:C0262587","obo:DOID_6250 oboInOwl:id DOID:6250","obo:DOID_3156 oboInOwl:hasDbXref MSH:D010859","6e02c179-3b0c-430c-a8fd-52ea7c96663d oboInOwl:hasDbXref url:http://www.ncbi.nlm.nih.gov/pmc/articles/PMC2627607/pdf/9204291.pdf","obo:DOID_1963 oboInOwl:hasExactSynonym cancer of the fallopian tube","obo:DOID_12835 oboInOwl:hasDbXref ICD10CM:G82.50","obo:DOID_3156 oboInOwl:id DOID:3156","c87d2342-57e7-4641-8337-51606514e4f3 owl:annotatedSource obo:DOID_7465","obo:DOID_3156 oboInOwl:hasDbXref SNOMEDCT_US_2015_03_01:218358001","obo:DOID_3119 oboInOwl:hasDbXref SNOMEDCT_US_2015_03_01:126768004","fa1cc0a1-0cc4-40c9-a05f-4f8240040384 owl:annotatedProperty oboInOwl:hasExactSynonym","obo:DOID_4639 oboInOwl:hasExactSynonym Suppurative lymphadenopathy disorder","9bbee750-dffd-4032-b37d-2b6720514f3a owl:annotatedTarget spirochetal jaundice","obo:DOID_10505 oboInOwl:hasAlternativeId DOID:10504","85cb45a3-b3f4-4bfc-9cd9-616174e42b57 oboInOwl:hasDbXref ICD9CM_2006:132.0","8fb58702-e1c5-4b69-81a6-f836b576c0db rdf:type owl:Axiom","obo:DOID_6998 rdfs:label gallbladder mucinous carcinoma","546ea6d9-ddda-4728-a93d-d13c15a25d80 rdf:type owl:Axiom","obo:DOID_255 oboInOwl:hasDbXref SNOMEDCT_US_2015_03_01:189863005","obo:DOID_6998 oboInOwl:hasDbXref UMLS_CUI:C1333750","obo:DOID_8455 rdf:type owl:Class","3b445f6e-c4f0-4ed4-ae5e-1f4651ae26f5 owl:annotatedTarget A mycoplasmal pneumonia that is a highly contagious infection usually associated with pleurisy of cattle, goats, and sheep, which is caused by bacteria of the genus Mycoplasma especially M. mycoides.","5382fba5-7b07-474f-9427-e66175169eb0 oboInOwl:hasDbXref MTHICD9_2006:359.1","74ac6590-90e6-4824-933f-8c4d55368e90 owl:annotatedProperty oboInOwl:hasExactSynonym","39193f93-f18a-4acc-83e4-2f425cc5202f oboInOwl:hasDbXref SNOMEDCT_2005_07_31:397381007","obo:DOID_255 oboInOwl:hasDbXref SNOMEDCT_US_2015_03_01:400210000","obo:DOID_3068 oboInOwl:hasExactSynonym GBM Glioblastoma","obo:DOID_8580 oboInOwl:hasExactSynonym malignant reticulosis","obo:DOID_3119 oboInOwl:hasDbXref NCI:C4890","obo:DOID_6301 oboInOwl:hasOBONamespace disease_ontology","obo:DOID_0060197 oboInOwl:hasExactSynonym ALS5","c8fbb574-8ed2-4896-b13d-c339840f0a1f owl:annotatedSource obo:DOID_4029","27f77c71-ed54-4f3b-b6c8-36aacae19bc0 owl:annotatedSource obo:DOID_339","obo:DOID_6250 owl:deprecated true^^http://www.w3.org/2001/XMLSchema#boolean","a30bf67d-2635-4f9d-8b67-f01e0dc6b086 oboInOwl:hasDbXref SNOMEDCT_2005_07_31:154344005","obo:DOID_5398 obo:IAO_0000115 An adenoma that is composed_of adipose tissue.","fbea0ab5-0258-4d74-843a-7faea1473fa7 owl:annotatedSource obo:DOID_2474","obo:DOID_7733 oboInOwl:hasDbXref NCI:C41619","obo:DOID_7608 oboInOwl:hasDbXref MSH:D010282","779ee9c5-dafe-451a-9bdb-8b49b7751cf1 owl:annotatedProperty oboInOwl:hasExactSynonym","obo:DOID_9938 oboInOwl:hasDbXref SNOMEDCT_US_2015_03_01:193987003","3aaa62ed-ddfc-4091-81b7-5a6e6f4bae77 owl:annotatedSource obo:DOID_9093","obo:DOID_14116 oboInOwl:hasDbXref NCI:C4392","2610c56d-3a8f-4483-9ec2-9fdcd5ecb8f9 rdf:type owl:Axiom","obo:DOID_8580 rdfs:subClassOf obo:DOID_3405","obo:DOID_10630 oboInOwl:hasOBONamespace disease_ontology","6ca077e2-74d1-49c9-9b08-17cc2a225c68 owl:annotatedSource obo:DOID_13471","2418df9d-e71e-4100-acd2-dfeb161d693e owl:annotatedTarget A cardiovascular cancer that is located_in blood vessels.","obo:DOID_8580 oboInOwl:hasDbXref SNOMEDCT_US_2015_03_01:128920006","obo:DOID_12960 oboInOwl:hasDbXref SNOMEDCT_US_2015_03_01:205257004","obo:DOID_292 oboInOwl:hasOBONamespace disease_ontology","6c384e6e-4642-436c-a06b-d13d8b96951f rdf:type owl:Axiom","c47e05ca-d52f-4385-b31b-44d64ca54aa6 oboInOwl:hasDbXref SNOMEDCT_2005_07_31:186487000","obo:DOID_4903 oboInOwl:hasDbXref UMLS_CUI:C0205644","obo:DOID_14116 oboInOwl:hasDbXref MSH:D008069","59cd5134-d85a-49b0-aed2-ff9fda10bfef oboInOwl:hasDbXref SNOMEDCT_2005_07_31:237714006","26f3299b-c463-4248-bcf4-f64bd4d8abeb owl:annotatedTarget Hereditary Nephritis","obo:DOID_1926 oboInOwl:hasDbXref MSH:D005776","obo:DOID_8455 oboInOwl:hasExactSynonym vitamin B6 deficiency syndrome","obo:DOID_13682 rdfs:label simple type schizophrenia chronic state","00a19c7b-b143-4e6a-a0e3-9d504f3aa682 owl:annotatedTarget A disease of anatomical entity that located_in the respiratory system which extends from the nasal sinuses to the diaphragm.","obo:DOID_12923 rdfs:label chronic undifferentiated schizophrenia","obo:DOID_9975 oboInOwl:hasDbXref SNOMEDCT_US_2015_03_01:191834008","97de27ff-d401-4149-a8a1-dbdfd7976abe rdf:type owl:Axiom","obo:DOID_1002 oboInOwl:hasDbXref UMLS_CUI:C0014179","obo:DOID_13469 oboInOwl:hasExactSynonym secondary syphilis of skin or mucus membranes NOS disorder","obo:DOID_255 rdfs:label hemangioma","5c4f0c0f-330c-46f7-8736-87a8203891e4 rdf:type owl:Axiom","a8f0dff4-cdb2-4be4-ab2e-dce65c5a18d9 owl:annotatedTarget A leukemia that arises from changes in the tissues forming white blood cells and characterized by a normal or decreased number of white blood cells in the circulating blood.","obo:DOID_3119 oboInOwl:hasDbXref SNOMEDCT_US_2015_03_01:189527000","fa31ca81-8978-4cc8-867a-089f50935ab3 owl:annotatedTarget An urogenital tuberculosis that is located_in urinary bladder, which results in fibrosis of bladder wall muscles.","c87d2342-57e7-4641-8337-51606514e4f3 owl:annotatedProperty oboInOwl:hasExactSynonym","8fb58702-e1c5-4b69-81a6-f836b576c0db owl:annotatedTarget Lymphangiomyoma morphologic abnormality","obo:DOID_5398 oboInOwl:hasDbXref SNOMEDCT_US_2015_03_01:22024005","obo:DOID_12835 oboInOwl:hasExactSynonym Quadriplegia disorder","f984851c-faf8-4659-9b3c-d24187a2ff5e oboInOwl:hasDbXref SNOMEDCT_2005_07_31:189859003","42c64c46-17ce-47f4-b2ee-fcbf7b4a6a64 owl:annotatedProperty oboInOwl:hasExactSynonym","obo:DOID_255 oboInOwl:hasDbXref UMLS_CUI:C0018916","c47e05ca-d52f-4385-b31b-44d64ca54aa6 owl:annotatedTarget Coxsackie viral meningitis","obo:DOID_3119 oboInOwl:hasAlternativeId DOID:4945","obo:DOID_5574 oboInOwl:hasExactSynonym VIP- Secreting tumor","fa1cc0a1-0cc4-40c9-a05f-4f8240040384 owl:annotatedTarget Hodgkins disease, nodular sclerosis of intra-abdominal lymph nodes disorder","obo:DOID_9975 oboInOwl:hasDbXref SNOMEDCT_US_2015_03_01:192254002","obo:DOID_7733 rdfs:subClassOf obo:DOID_4928","obo:DOID_1926 oboInOwl:hasDbXref NCI:C61268","obo:DOID_4903 rdfs:subClassOf obo:DOID_305","3c5bf0be-466e-4f6d-87e8-fc616c4bc61e owl:annotatedSource obo:DOID_11714","obo:DOID_3119 oboInOwl:hasAlternativeId DOID:8377","obo:DOID_3068 oboInOwl:id DOID:3068","obo:DOID_1926 oboInOwl:hasDbXref UMLS_CUI:C0017205","obo:DOID_3068 oboInOwl:hasAlternativeId DOID:3075","obo:DOID_5398 rdfs:subClassOf obo:DOID_657","81b94972-2a98-4cea-bd39-6cefb88bfab1 owl:annotatedTarget An ampulla of Vater carcinoma that derives_from epithelial cells of glandular origin.","obo:DOID_6213 owl:deprecated true^^http://www.w3.org/2001/XMLSchema#boolean","obo:DOID_1002 oboInOwl:hasDbXref SNOMEDCT_US_2015_03_01:266652001","2543d721-cf2f-4479-9d4d-2a392c6813af owl:annotatedSource obo:DOID_1130","obo:DOID_6037 obo:IAO_0000115 An ocular malanoma that derives_from melanocytes in the uveal tract that results_in_formation_of spindle-shaped cells.","21ac639b-5d8e-4473-9151-d9ed37819884 rdf:type owl:Axiom","72444bf7-34c5-461c-84a3-1421a6a7ddc6 owl:annotatedSource obo:DOID_13757","50926937-dddd-4298-865f-1ed6531e8bc1 owl:annotatedSource obo:DOID_12282","b7a71101-613d-475f-9f95-765621ed2aca owl:annotatedProperty oboInOwl:hasExactSynonym","obo:DOID_928 rdf:type owl:Class","eaf5bfe2-76ca-4083-83c9-df82d1385b14 owl:annotatedProperty oboInOwl:hasExactSynonym","4874fa21-b82c-4ac8-87fc-5b0eefe1f3d1 rdf:type owl:Axiom","obo:DOID_3068 oboInOwl:hasDbXref NCI:C9094","2123c7ce-beb7-4761-9137-7fc7f05fa220 owl:annotatedTarget A cecum cancer that has_material_basis_in abnormally proliferating cells derives_from epithelial cells.","546ea6d9-ddda-4728-a93d-d13c15a25d80 oboInOwl:hasDbXref ICD9CM_2006:694.0","b92c83c0-1f52-41a1-9d3d-4e494e91043b oboInOwl:hasDbXref SNOMEDCT_2005_07_31:126952004","obo:DOID_8580 oboInOwl:hasExactSynonym Stewarts granuloma","obo:DOID_10505 oboInOwl:hasOBONamespace disease_ontology","a8f0dff4-cdb2-4be4-ab2e-dce65c5a18d9 rdf:type owl:Axiom","obo:DOID_10630 rdfs:label optic atrophy associated with retinal dystrophy","obo:DOID_12960 oboInOwl:id DOID:12960","0820e7a3-96da-4706-8893-938caa8cd92a owl:annotatedProperty oboInOwl:hasExactSynonym","26f3299b-c463-4248-bcf4-f64bd4d8abeb oboInOwl:hasDbXref NCI2004_11_17:C34842","c87d2342-57e7-4641-8337-51606514e4f3 owl:annotatedTarget NK-cell large granular Lymphocyte Lymphocytosis","obo:DOID_5574 rdfs:label VIPoma","119fc641-a75a-4770-93a4-7b180b27c016 oboInOwl:hasDbXref NCI2004_11_17:C4868","obo:DOID_0060197 obo:IAO_0000115 A type of ALS with juvenile onset caused_by  homozygous or compound heterozygous mutation in the spatacsin gene SPG11 on chromosome 15q21.","obo:DOID_6162 oboInOwl:id DOID:6162","obo:DOID_7733 oboInOwl:id DOID:7733","obo:DOID_4727 oboInOwl:hasExactSynonym Synechia iris","obo:DOID_1963 oboInOwl:hasDbXref SNOMEDCT_US_2015_03_01:269602009","obo:DOID_292 oboInOwl:hasExactSynonym tumor of the lacrimal system","89ce0d13-f275-4571-bf68-af457de58732 oboInOwl:hasDbXref url:http://rarediseases.info.nih.gov/gard/6985/marshall-smith-syndrome/resources/1","obo:DOID_255 oboInOwl:hasOBONamespace disease_ontology","obo:DOID_11227 rdf:type owl:Class","obo:DOID_3156 oboInOwl:hasDbXref NCI:C7582","obo:DOID_3068 oboInOwl:hasDbXref SNOMEDCT_US_2015_03_01:189917003","50926937-dddd-4298-865f-1ed6531e8bc1 rdf:type owl:Axiom","27f77c71-ed54-4f3b-b6c8-36aacae19bc0 owl:annotatedProperty oboInOwl:hasExactSynonym","obo:DOID_0060285 rdf:type owl:Class","eaf5bfe2-76ca-4083-83c9-df82d1385b14 owl:annotatedTarget Metaphyseal chondrodysplasia, McKusick type","obo:DOID_10505 oboInOwl:id DOID:10505","obo:DOID_9975 oboInOwl:id DOID:9975","b6bd0c3e-71dc-4c3e-8c88-7bfc99340e9e owl:annotatedTarget Adamantinous craniopharyngioma morphologic abnormality","obo:DOID_5574 rdfs:subClassOf obo:DOID_169","obo:DOID_1963 oboInOwl:hasExactSynonym carcinoma of fallopian tube disorder","5c4f0c0f-330c-46f7-8736-87a8203891e4 owl:annotatedTarget Carotid artery stenosis disorder","obo:DOID_6998 rdf:type owl:Class","obo:DOID_13682 oboInOwl:hasOBONamespace disease_ontology","obo:DOID_1787 rdfs:subClassOf obo:DOID_0050829","obo:DOID_12960 oboInOwl:hasDbXref ICD9CM:755.55","0ea0e6b5-8cb6-4549-be2a-e28d082a040f owl:annotatedProperty oboInOwl:hasExactSynonym","119fc641-a75a-4770-93a4-7b180b27c016 owl:annotatedProperty oboInOwl:hasExactSynonym","obo:DOID_4727 oboInOwl:hasExactSynonym adhesions of iris disorder","fa31ca81-8978-4cc8-867a-089f50935ab3 owl:annotatedProperty obo:IAO_0000115","obo:DOID_3281 oboInOwl:hasOBONamespace disease_ontology","obo:DOID_9938 rdf:type owl:Class","obo:DOID_4852 oboInOwl:id DOID:4852","3c5bf0be-466e-4f6d-87e8-fc616c4bc61e owl:annotatedTarget GDM","obo:DOID_2597 rdf:type owl:Class","obo:DOID_11315 rdf:type owl:Class","bf2af851-b90d-48a6-8acc-111027d0294b owl:annotatedSource obo:DOID_6132","obo:DOID_3420 owl:deprecated true^^http://www.w3.org/2001/XMLSchema#boolean","119fc641-a75a-4770-93a4-7b180b27c016 owl:annotatedTarget Placental hemangioma","obo:DOID_11227 oboInOwl:hasDbXref SNOMEDCT_US_2015_03_01:31502007","obo:DOID_3119 oboInOwl:hasDbXref MSH:D005770","af14d385-aa7e-4155-badb-f3c9e74385a0 oboInOwl:hasDbXref SNOMEDCT_2005_07_31:404053004","3c5bf0be-466e-4f6d-87e8-fc616c4bc61e oboInOwl:hasDbXref CSP2005:0862-6650","obo:DOID_3156 rdfs:label incontinentia pigmenti achromians","obo:DOID_255 oboInOwl:hasDbXref ICD9CM:228.00","obo:DOID_12835 oboInOwl:hasDbXref UMLS_CUI:C0034372","obo:DOID_0050306 rdf:type owl:Class","obo:DOID_1926 oboInOwl:hasExactSynonym acid beta-glucosidase deficiency","00a19c7b-b143-4e6a-a0e3-9d504f3aa682 owl:annotatedSource obo:DOID_1579","obo:DOID_1002 rdf:type owl:Class","obo:DOID_7608 rdfs:subClassOf obo:DOID_0060089","85cb45a3-b3f4-4bfc-9cd9-616174e42b57 rdf:type owl:Axiom","obo:DOID_3119 oboInOwl:hasDbXref SNOMEDCT_US_2015_03_01:128415001","6ca077e2-74d1-49c9-9b08-17cc2a225c68 owl:annotatedProperty oboInOwl:hasExactSynonym","fa1cc0a1-0cc4-40c9-a05f-4f8240040384 owl:annotatedSource obo:DOID_9025","30e6bb02-99ee-4952-9499-d46649d18cb1 owl:annotatedTarget Unspecified inflammatory disease of uterus","obo:DOID_5574 oboInOwl:hasExactSynonym Vipoma, malignant","obo:DOID_3068 oboInOwl:hasExactSynonym GBM","0820e7a3-96da-4706-8893-938caa8cd92a owl:annotatedTarget calculus of prostate disorder","obo:DOID_12960 oboInOwl:hasDbXref NCI:C34348","obo:DOID_8455 oboInOwl:hasDbXref SNOMEDCT_US_2015_03_01:386080007","obo:DOID_3068 oboInOwl:hasOBONamespace disease_ontology","f984851c-faf8-4659-9b3c-d24187a2ff5e owl:annotatedSource obo:DOID_198","3b7f2aae-4371-4f80-8c09-e68391e10957 owl:annotatedSource obo:DOID_0080026","obo:DOID_1926 oboInOwl:hasDbXref OMIM:230900","96d70ee2-a9cc-46c3-bf0e-0230d97d1adb owl:annotatedProperty oboInOwl:hasExactSynonym","obo:DOID_0060285 oboInOwl:creation_date 2015-02-04T16:36:15Z","59cd5134-d85a-49b0-aed2-ff9fda10bfef rdf:type owl:Axiom","c47e05ca-d52f-4385-b31b-44d64ca54aa6 owl:annotatedProperty oboInOwl:hasExactSynonym","81b94972-2a98-4cea-bd39-6cefb88bfab1 oboInOwl:hasDbXref url:http://en.wikipedia.org/wiki/Adenocarcinoma","obo:DOID_0060285 oboInOwl:hasDbXref MSH:C566826","obo:DOID_12835 oboInOwl:hasDbXref MSH:D011782","obo:DOID_255 oboInOwl:hasDbXref ICD10CM:D18.00","obo:DOID_0060285 oboInOwl:id DOID:0060285","3b445f6e-c4f0-4ed4-ae5e-1f4651ae26f5 owl:annotatedProperty obo:IAO_0000115","obo:DOID_4091 owl:deprecated true^^http://www.w3.org/2001/XMLSchema#boolean","b7a71101-613d-475f-9f95-765621ed2aca oboInOwl:hasDbXref NCI2004_11_17:C5617","00a19c7b-b143-4e6a-a0e3-9d504f3aa682 oboInOwl:hasDbXref url:http://www2.merriam-webster.com/cgi-bin/mwmednlm?book\u003dMedical\u0026va\u003drespiratory%20system","obo:DOID_255 oboInOwl:hasDbXref ICD10CM:D18.0","obo:DOID_8580 oboInOwl:hasDbXref SNOMEDCT_US_2015_03_01:188690006","obo:DOID_8455 oboInOwl:id DOID:8455","obo:DOID_0060197 rdf:type owl:Class","c1f23bfc-d946-4b9b-81b0-394e69c609f5 owl:annotatedProperty obo:IAO_0000115","2418df9d-e71e-4100-acd2-dfeb161d693e owl:annotatedSource obo:DOID_175","3c5bf0be-466e-4f6d-87e8-fc616c4bc61e owl:annotatedProperty oboInOwl:hasExactSynonym","3de6acc8-3fd1-4a18-a0be-82996ecff1c1 oboInOwl:hasDbXref NCI2004_11_17:C4433","obo:DOID_3068 oboInOwl:hasExactSynonym spongioblastoma multiforme","2418df9d-e71e-4100-acd2-dfeb161d693e owl:annotatedProperty obo:IAO_0000115","obo:DOID_0050306 oboInOwl:id DOID:0050306","obo:DOID_255 oboInOwl:hasDbXref SNOMEDCT_US_2015_03_01:189199003","obo:DOID_3068 oboInOwl:hasDbXref UMLS_CUI:C0278878","obo:DOID_3068 oboInOwl:hasDbXref MSH:D005909","obo:DOID_3156 oboInOwl:hasDbXref SNOMEDCT_US_2015_03_01:367520004","d41d16d4-0436-42c3-be9e-bf54968847b1 owl:annotatedProperty oboInOwl:hasExactSynonym","2543d721-cf2f-4479-9d4d-2a392c6813af owl:annotatedProperty oboInOwl:hasExactSynonym","bf2af851-b90d-48a6-8acc-111027d0294b oboInOwl:hasDbXref url:http://www2.merriam-webster.com/cgi-bin/mwmednlm?book\u003dMedical\u0026va\u003dbronchitis","obo:DOID_8580 oboInOwl:hasDbXref SNOMEDCT_US_2015_03_01:188643009","obo:DOID_3281 oboInOwl:id DOID:3281","obo:DOID_5574 oboInOwl:hasDbXref SNOMEDCT_US_2015_03_01:447643008","obo:DOID_13469 oboInOwl:hasOBONamespace disease_ontology","f41ea032-70c8-4260-bc50-c3872207506c owl:annotatedSource obo:DOID_5207","obo:DOID_3068 oboInOwl:hasExactSynonym primary glioblastoma multiforme","obo:DOID_9975 oboInOwl:hasDbXref SNOMEDCT_US_2015_03_01:286934009","obo:DOID_6162 rdfs:subClassOf obo:DOID_5680","obo:DOID_3068 oboInOwl:hasDbXref UMLS_CUI:C1514422","b92c83c0-1f52-41a1-9d3d-4e494e91043b rdf:type owl:Axiom","obo:DOID_11227 oboInOwl:hasDbXref UMLS_CUI:C0009765","27f77c71-ed54-4f3b-b6c8-36aacae19bc0 oboInOwl:hasDbXref NCI2004_11_17:C26953","30e6bb02-99ee-4952-9499-d46649d18cb1 owl:annotatedSource obo:DOID_13736","obo:DOID_1838 oboInOwl:id DOID:1838","obo:DOID_9975 oboInOwl:hasDbXref MSH:D019970","obo:DOID_0060197 rdfs:subClassOf obo:DOID_332","obo:DOID_255 oboInOwl:hasDbXref SNOMEDCT_US_2015_03_01:254822005","obo:DOID_5574 oboInOwl:hasExactSynonym Vasoactive intestinal peptide-secreting tumor disorder","2658b664-0df1-424b-b0d5-2fcb2a05e999 rdf:type owl:Axiom","0032e917-3724-4518-9a96-99cc0f6900d6 owl:annotatedTarget chronic Lymphadenitis","6e02c179-3b0c-430c-a8fd-52ea7c96663d rdf:type owl:Axiom","obo:DOID_0060197 oboInOwl:id DOID:0060197","obo:DOID_1838 rdf:type owl:Class","26f3299b-c463-4248-bcf4-f64bd4d8abeb owl:annotatedProperty oboInOwl:hasExactSynonym","c8fbb574-8ed2-4896-b13d-c339840f0a1f owl:annotatedTarget GASTRITIS HEMORRHAGIC","3b7f2aae-4371-4f80-8c09-e68391e10957 oboInOwl:hasDbXref url:http://www.ncbi.nlm.nih.gov/omim/215150","obo:DOID_3119 oboInOwl:hasExactSynonym gastrointestinal tract cancer","a30bf67d-2635-4f9d-8b67-f01e0dc6b086 owl:annotatedTarget Fifth disease","obo:DOID_1963 oboInOwl:hasExactSynonym fallopian tube Ca","obo:DOID_1787 oboInOwl:hasDbXref NCI:C34915","obo:DOID_3420 rdfs:label neoplasm of visual pathway","obo:DOID_3156 oboInOwl:hasExactSynonym Incontinentia pigmenti syndrome disorder [Ambiguous]","obo:DOID_3119 rdfs:label gastrointestinal system cancer","obo:DOID_1926 oboInOwl:hasDbXref OMIM:231000","96d70ee2-a9cc-46c3-bf0e-0230d97d1adb owl:annotatedTarget Moderate major depression, single episode disorder","obo:DOID_5574 oboInOwl:hasExactSynonym malignant vasoactive intestinal peptide-secreting tumor","obo:DOID_1875 rdfs:subClassOf obo:DOID_1876","obo:DOID_4903 oboInOwl:hasExactSynonym granular cell adenocarcinoma","a30bf67d-2635-4f9d-8b67-f01e0dc6b086 owl:annotatedSource obo:DOID_8743","2543d721-cf2f-4479-9d4d-2a392c6813af owl:annotatedTarget Pituitary infarction disorder","obo:DOID_11227 oboInOwl:hasExactSynonym Epidemic hemorrhagic conjunctivitis","obo:DOID_6213 oboInOwl:hasExactSynonym Ovarian serous tumor morphologic abnormality","obo:DOID_3068 oboInOwl:inSubset doid:DO_cancer_slim","obo:DOID_0060285 oboInOwl:hasDbXref OMIM:168500","obo:DOID_1926 rdf:type owl:Class","6b392978-a2c5-41ba-b7d9-fd5ce7018873 owl:annotatedTarget ALS 4","obo:DOID_1963 oboInOwl:hasDbXref SNOMEDCT_US_2015_03_01:276870001","obo:DOID_4852 oboInOwl:hasDbXref SNOMEDCT_US_2015_03_01:189924002","c8fbb574-8ed2-4896-b13d-c339840f0a1f rdf:type owl:Axiom","obo:DOID_292 oboInOwl:hasExactSynonym lacrimal system neoplasm","d41d16d4-0436-42c3-be9e-bf54968847b1 rdf:type owl:Axiom","27f77c71-ed54-4f3b-b6c8-36aacae19bc0 owl:annotatedTarget Eleventh nerve disorder","obo:DOID_292 oboInOwl:hasExactSynonym neoplasm of lacrimal system disorder","6c384e6e-4642-436c-a06b-d13d8b96951f owl:annotatedTarget hepatophosphorylase deficiency glycogenosis","2610c56d-3a8f-4483-9ec2-9fdcd5ecb8f9 owl:annotatedSource obo:DOID_1067","obo:DOID_4727 rdf:type owl:Class","obo:DOID_12960 oboInOwl:hasDbXref UMLS_CUI:C1510455","obo:DOID_8455 rdfs:label pyridoxine deficiency anemia","obo:DOID_8580 oboInOwl:hasDbXref SNOMEDCT_US_2015_03_01:118612006","obo:DOID_3068 oboInOwl:hasDbXref SNOMEDCT_US_2015_03_01:269506004","obo:DOID_1926 oboInOwl:hasExactSynonym kerasin thesaurismosis","obo:DOID_14116 oboInOwl:hasExactSynonym LIPOMATOSIS, FAMILIAL BENIGN CERVICAL","obo:DOID_1838 oboInOwl:hasExactSynonym steely hair syndrome","obo:DOID_3332 oboInOwl:hasDbXref UMLS_CUI:C0018477","obo:DOID_8580 oboInOwl:hasDbXref SNOMEDCT_US_2015_03_01:134179007","obo:DOID_7733 oboInOwl:hasOBONamespace disease_ontology","obo:DOID_1926 oboInOwl:hasDbXref ORDO:355","obo:DOID_11227 oboInOwl:id DOID:11227","3c5bf0be-466e-4f6d-87e8-fc616c4bc61e rdf:type owl:Axiom","obo:DOID_3420 oboInOwl:hasOBONamespace disease_ontology","6b392978-a2c5-41ba-b7d9-fd5ce7018873 owl:annotatedSource obo:DOID_0060196","obo:DOID_1875 rdf:type owl:Class","obo:DOID_12835 rdfs:label quadriplegia","obo:DOID_8580 oboInOwl:hasDbXref MSH:D054747","2658b664-0df1-424b-b0d5-2fcb2a05e999 owl:annotatedProperty oboInOwl:hasExactSynonym","00a19c7b-b143-4e6a-a0e3-9d504f3aa682 owl:annotatedProperty obo:IAO_0000115","obo:DOID_9938 oboInOwl:hasDbXref UMLS_CUI:C0010930","obo:DOID_6037 oboInOwl:hasExactSynonym Uveal spindle cell melanoma","b92c83c0-1f52-41a1-9d3d-4e494e91043b owl:annotatedSource obo:DOID_1319","obo:DOID_3068 oboInOwl:hasExactSynonym grade IV adult Astrocytic tumor","b92c83c0-1f52-41a1-9d3d-4e494e91043b owl:annotatedProperty oboInOwl:hasExactSynonym","fe981bb3-43b6-4a50-8fbf-aafa41858468 owl:annotatedSource obo:DOID_6019","44d19887-89bf-49a4-b44e-0c7371872383 oboInOwl:hasDbXref NCI2004_11_17:C2923","obo:DOID_14116 rdf:type owl:Class","obo:DOID_0060285 oboInOwl:hasDbXref UMLS_CUI:C1868598","3b445f6e-c4f0-4ed4-ae5e-1f4651ae26f5 owl:annotatedSource obo:DOID_5460","obo:DOID_13469 oboInOwl:hasExactSynonym secondary syphilis of skin or mucous membranes","obo:DOID_3156 oboInOwl:hasDbXref SNOMEDCT_US_2015_03_01:254202001","obo:DOID_1838 oboInOwl:hasDbXref MSH:D007706","obo:DOID_6250 obo:IAO_0000115 An Epstein-Barr virus infectious disease and is_a carcinoma that derives_from epithelial cells, has_material_basis_in Human herpesvirus 4, which causes a growth activation of the epithelial cells that it infects.","2543d721-cf2f-4479-9d4d-2a392c6813af rdf:type owl:Axiom","obo:DOID_13682 owl:deprecated true^^http://www.w3.org/2001/XMLSchema#boolean","obo:DOID_12835 oboInOwl:hasExactSynonym tetraplegia","779ee9c5-dafe-451a-9bdb-8b49b7751cf1 oboInOwl:hasDbXref NCI2004_11_17:C4619","obo:DOID_1963 rdf:type owl:Class","2cb67fe4-1992-4d7a-96e7-61e8aa176ac1 rdf:type owl:Axiom","obo:DOID_11264 rdf:type owl:Class","obo:DOID_4091 oboInOwl:hasOBONamespace disease_ontology","79c3458e-a643-4bb4-96f6-dcf9a2da8984 owl:annotatedSource obo:DOID_13194","obo:DOID_4639 rdf:type owl:Class","5382fba5-7b07-474f-9427-e66175169eb0 owl:annotatedSource obo:DOID_11723","obo:DOID_13682 oboInOwl:id DOID:13682","25af4630-558c-4052-b78e-75bf5272e813 oboInOwl:hasDbXref ICD9CM_2006:778.7","26f3299b-c463-4248-bcf4-f64bd4d8abeb rdf:type owl:Axiom","obo:DOID_3332 rdfs:subClassOf obo:DOID_1255","36156967-d249-421c-b448-f4c865c67dec owl:annotatedTarget animal viral hepatitis","c8fbb574-8ed2-4896-b13d-c339840f0a1f owl:annotatedProperty oboInOwl:hasExactSynonym","74ac6590-90e6-4824-933f-8c4d55368e90 owl:annotatedTarget metastatic neoplasm to the Ureter","f48dd8ce-8822-4d15-a4e2-bf73a081003c owl:annotatedSource obo:DOID_8568","obo:DOID_10505 rdfs:label generalized nonconvulsive epilepsy disease","obo:DOID_1926 oboInOwl:hasExactSynonym Gaucher disease","obo:DOID_7608 oboInOwl:id DOID:7608","obo:DOID_1963 rdfs:subClassOf obo:DOID_1964","obo:DOID_10630 oboInOwl:id DOID:10630","obo:DOID_10505 oboInOwl:hasExactSynonym generalized nonconvulsive epilepsy with intractable epilepsy","6e02c179-3b0c-430c-a8fd-52ea7c96663d owl:annotatedTarget A spotted fever that has_material_basis_in Rickettsia japonica, which is transmitted_by ticks Dermacentor taiwanensis and Haemaphysalis flava. The infection has_symptom fever, has_symptom eschars, has_symptom regional adenopathy, and has_symptom rash on extremities.","obo:DOID_3119 oboInOwl:hasOBONamespace disease_ontology","obo:DOID_4727 oboInOwl:hasExactSynonym Unspecified adhesions of iris disorder","d371c5b5-1dd9-4784-82dd-ddae656f3425 owl:annotatedSource obo:DOID_4280","obo:DOID_255 oboInOwl:hasDbXref SNOMEDCT_US_2015_03_01:189192007","obo:DOID_6213 oboInOwl:hasExactSynonym serous tumor of Ovary","obo:DOID_11352 rdf:type owl:Class","obo:DOID_255 oboInOwl:hasDbXref SNOMEDCT_US_2015_03_01:253053003","obo:DOID_9975 rdf:type owl:Class","obo:DOID_13469 owl:deprecated true^^http://www.w3.org/2001/XMLSchema#boolean","c8fbb574-8ed2-4896-b13d-c339840f0a1f oboInOwl:hasDbXref MTH:NOCODE","obo:DOID_4903 obo:IAO_0000115 A carcinoma that derives_from epithelial cells, with polygonal accumulation of secondary lysosomes in the cytoplasm.","97de27ff-d401-4149-a8a1-dbdfd7976abe oboInOwl:hasDbXref ICD9CM_2006:456.20","obo:DOID_3332 obo:IAO_0000115 A trichostrongyloidiasis that involves parasitic infection of the ruminant abomasum by nematodes of the genus Haemonchus resulting in anemia, dehydration, diarrhea and accumulation of fluid in the abdomen, gut wall, thoracic cavity and submandibular tissue.","obo:DOID_7608 oboInOwl:hasOBONamespace disease_ontology","obo:DOID_5574 rdf:type owl:Class","obo:DOID_14116 rdfs:subClassOf obo:DOID_3153","27f77c71-ed54-4f3b-b6c8-36aacae19bc0 rdf:type owl:Axiom","50926937-dddd-4298-865f-1ed6531e8bc1 owl:annotatedProperty oboInOwl:hasExactSynonym","c9675cca-44c4-4220-9f3d-6b43f531e0d6 owl:annotatedSource obo:DOID_4072","obo:DOID_4903 oboInOwl:hasDbXref MSH:D000230","obo:DOID_1963 oboInOwl:hasDbXref MSH:D005185","obo:DOID_3119 oboInOwl:hasDbXref SNOMEDCT_US_2015_03_01:428905002","obo:DOID_5486 rdf:type owl:Class","obo:DOID_4639 rdfs:subClassOf obo:DOID_1602","obo:DOID_4903 rdf:type owl:Class","obo:DOID_6037 rdfs:subClassOf obo:DOID_1752","obo:DOID_3156 oboInOwl:hasOBONamespace disease_ontology","obo:DOID_1963 oboInOwl:hasDbXref UMLS_CUI:C0238122","obo:DOID_1926 oboInOwl:hasDbXref OMIM:230800","obo:DOID_14116 oboInOwl:hasDbXref UMLS_CUI:C0024445","2123c7ce-beb7-4761-9137-7fc7f05fa220 rdf:type owl:Axiom","obo:DOID_2597 oboInOwl:hasExactSynonym neoplasm of glottis disorder","b6bd0c3e-71dc-4c3e-8c88-7bfc99340e9e oboInOwl:hasDbXref SNOMEDCT_2005_07_31:134216001","obo:DOID_8580 oboInOwl:hasOBONamespace disease_ontology","obo:DOID_4852 oboInOwl:hasDbXref SNOMEDCT_US_2015_03_01:78838008","6ca077e2-74d1-49c9-9b08-17cc2a225c68 oboInOwl:hasDbXref SNOMEDCT_2005_07_31:59934002","119fc641-a75a-4770-93a4-7b180b27c016 rdf:type owl:Axiom","0ea0e6b5-8cb6-4549-be2a-e28d082a040f rdf:type owl:Axiom","fe981bb3-43b6-4a50-8fbf-aafa41858468 owl:annotatedTarget Immature teratoma of the CNS","obo:DOID_1926 oboInOwl:id DOID:1926","obo:DOID_3119 oboInOwl:hasDbXref SNOMEDCT_US_2015_03_01:276806006","obo:DOID_1926 rdfs:label Gauchers disease","obo:DOID_8580 oboInOwl:id DOID:8580","6ca077e2-74d1-49c9-9b08-17cc2a225c68 rdf:type owl:Axiom","obo:DOID_11315 rdfs:subClassOf obo:DOID_1731","obo:DOID_3332 oboInOwl:hasOBONamespace disease_ontology","85cb45a3-b3f4-4bfc-9cd9-616174e42b57 owl:annotatedProperty oboInOwl:hasExactSynonym","obo:DOID_0060285 oboInOwl:hasDbXref ORDO:60015","obo:DOID_3119 oboInOwl:hasDbXref ICD10CM:C26.9","obo:DOID_292 oboInOwl:hasDbXref UMLS_CUI:C1334361","bf2af851-b90d-48a6-8acc-111027d0294b rdf:type owl:Axiom","eaf5bfe2-76ca-4083-83c9-df82d1385b14 oboInOwl:hasDbXref SNOMEDCT_2005_07_31:234421004","obo:DOID_255 oboInOwl:id DOID:255","obo:DOID_3156 oboInOwl:hasExactSynonym Itos nevus","obo:DOID_292 oboInOwl:hasDbXref SNOMEDCT_US_2015_03_01:416510003","3aaa62ed-ddfc-4091-81b7-5a6e6f4bae77 owl:annotatedTarget Hodgkins paragranuloma of intra-abdominal lymph nodes disorder","obo:DOID_255 oboInOwl:hasDbXref SNOMEDCT_US_2015_03_01:2099007","obo:DOID_11315 oboInOwl:id DOID:11315","2cb67fe4-1992-4d7a-96e7-61e8aa176ac1 oboInOwl:hasDbXref url:http://en.wikipedia.org/wiki/Lissencephaly","obo:DOID_1787 rdf:type owl:Class","obo:DOID_5398 oboInOwl:hasDbXref NCI:C4159","bf2af851-b90d-48a6-8acc-111027d0294b oboInOwl:hasDbXref url:http://www.nhlbi.nih.gov/health/dci/Diseases/brnchi/brnchi_whatis.html","obo:DOID_5398 rdf:type owl:Class","c47e05ca-d52f-4385-b31b-44d64ca54aa6 rdf:type owl:Axiom","42c64c46-17ce-47f4-b2ee-fcbf7b4a6a64 oboInOwl:hasDbXref MTHICD9_2006:086.4","59cd5134-d85a-49b0-aed2-ff9fda10bfef owl:annotatedProperty oboInOwl:hasExactSynonym","96d70ee2-a9cc-46c3-bf0e-0230d97d1adb rdf:type owl:Axiom","obo:DOID_2597 oboInOwl:id DOID:2597","obo:DOID_6162 oboInOwl:hasExactSynonym pediatric testicular Embryonal carcinoma","0ea0e6b5-8cb6-4549-be2a-e28d082a040f owl:annotatedTarget hypercementosis disorder","159f7f8b-cdc8-4787-ab52-f3b30245ffd1 oboInOwl:hasDbXref SNOMEDCT_2005_07_31:195823002","obo:DOID_12960 oboInOwl:hasDbXref SNOMEDCT_US_2015_03_01:268262006","obo:DOID_292 oboInOwl:hasDbXref NCI:C5102","obo:DOID_5398 oboInOwl:hasExactSynonym Lipoadenoma morphologic abnormality","obo:DOID_8455 oboInOwl:hasOBONamespace disease_ontology","c9675cca-44c4-4220-9f3d-6b43f531e0d6 rdf:type owl:Axiom","bf2af851-b90d-48a6-8acc-111027d0294b oboInOwl:hasDbXref url:http://www.nlm.nih.gov/medlineplus/bronchitis.html","fbea0ab5-0258-4d74-843a-7faea1473fa7 rdf:type owl:Axiom","af14d385-aa7e-4155-badb-f3c9e74385a0 owl:annotatedTarget Alveolar rhabdomyosarcoma disorder","2cb67fe4-1992-4d7a-96e7-61e8aa176ac1 owl:annotatedProperty obo:IAO_0000115","obo:DOID_3119 oboInOwl:id DOID:3119","obo:DOID_1787 oboInOwl:hasDbXref UMLS_CUI:C0031046","a30bf67d-2635-4f9d-8b67-f01e0dc6b086 owl:annotatedProperty oboInOwl:hasExactSynonym","c87d2342-57e7-4641-8337-51606514e4f3 oboInOwl:hasDbXref NCI2004_11_17:C39591","d41d16d4-0436-42c3-be9e-bf54968847b1 owl:annotatedSource obo:DOID_6214","159f7f8b-cdc8-4787-ab52-f3b30245ffd1 rdf:type owl:Axiom","obo:DOID_11227 oboInOwl:hasDbXref ICD9CM:077.4","obo:DOID_3119 oboInOwl:hasDbXref SNOMEDCT_US_2015_03_01:93811007","obo:DOID_928 oboInOwl:hasExactSynonym metastatic tumor to the CNS","aaa6b90a-8dfd-40c5-ba9b-07f43735126b owl:annotatedTarget Sphenoidal sinus -acute","obo:DOID_1926 oboInOwl:hasDbXref OMIM:608013","2543d721-cf2f-4479-9d4d-2a392c6813af oboInOwl:hasDbXref SNOMEDCT_2005_07_31:95830009","obo:DOID_12960 obo:IAO_0000115 A synostosis that results_in craniosynostosis and syndactyly.","obo:DOID_4727 oboInOwl:hasExactSynonym adhesions of iris, unspecified","79c3458e-a643-4bb4-96f6-dcf9a2da8984 owl:annotatedTarget Non-toxic nodular goiter disorder","89ce0d13-f275-4571-bf68-af457de58732 owl:annotatedTarget A syndrome that is characterized by advanced bone age, failure to thrive, respiratory problems, dysmorphic facial features, and variable mental retardation.","159f7f8b-cdc8-4787-ab52-f3b30245ffd1 owl:annotatedTarget nasal cavity disease NOS","obo:DOID_1002 oboInOwl:hasDbXref SNOMEDCT_US_2015_03_01:155975003","obo:DOID_0060285 oboInOwl:hasDbXref HP:0002697","4874fa21-b82c-4ac8-87fc-5b0eefe1f3d1 owl:annotatedSource obo:DOID_13096","c37b27b1-feb2-41ed-b696-469cbd3855d5 owl:annotatedProperty oboInOwl:hasExactSynonym","obo:DOID_8580 rdfs:label malignant histiocytosis","obo:DOID_12960 rdfs:subClassOf obo:DOID_11971","obo:DOID_6162 rdfs:label childhood embryonal testis carcinoma","obo:DOID_8580 oboInOwl:hasDbXref ICD9CM:202.3","obo:DOID_3156 rdfs:subClassOf obo:DOID_37","obo:DOID_9938 rdfs:label dacryocystitis","72444bf7-34c5-461c-84a3-1421a6a7ddc6 owl:annotatedTarget Has watering eyes finding","d902bdb0-5257-4db8-8413-41e7b3b5a594 oboInOwl:hasDbXref SNOMEDCT_2005_07_31:8097004","f984851c-faf8-4659-9b3c-d24187a2ff5e owl:annotatedProperty oboInOwl:hasExactSynonym","obo:DOID_3119 rdfs:subClassOf obo:DOID_0050686","fa1cc0a1-0cc4-40c9-a05f-4f8240040384 oboInOwl:hasDbXref SNOMEDCT_2005_07_31:188567005","obo:DOID_10630 rdf:type owl:Class","feffcd1c-3486-4fcc-a663-6c46799ca23a rdf:type owl:Axiom","74ac6590-90e6-4824-933f-8c4d55368e90 owl:annotatedSource obo:DOID_14490","obo:DOID_292 rdf:type owl:Class","f48dd8ce-8822-4d15-a4e2-bf73a081003c owl:annotatedProperty oboInOwl:hasExactSynonym","obo:DOID_3119 obo:IAO_0000115 An organ system cancer located_in gastrointestinal tract that is manifested in organs of the gastrointestinal system.","b6bd0c3e-71dc-4c3e-8c88-7bfc99340e9e owl:annotatedSource obo:DOID_3846","obo:DOID_5486 rdfs:label metastatic synovial sarcoma","00a19c7b-b143-4e6a-a0e3-9d504f3aa682 rdf:type owl:Axiom","3b7f2aae-4371-4f80-8c09-e68391e10957 owl:annotatedTarget An osteochondrodysplasia that results from mutations in the COL11A2 gene which results_in enlargement of the located_in epiphysis in located_in hand and located_in foot, distinct facial features, platyspondyly and hearing loss.","c37b27b1-feb2-41ed-b696-469cbd3855d5 owl:annotatedTarget malignant tumour of upper gum","obo:DOID_1838 oboInOwl:hasDbXref UMLS_CUI:C0022716","obo:DOID_0060197 oboInOwl:creation_date 2014-09-16T14:17:01Z","obo:DOID_6301 rdf:type owl:Class","obo:DOID_1875 oboInOwl:hasDbXref EFO:0004234","8d1f4ffa-0852-49c3-90ad-8dddba673d88 owl:annotatedSource obo:DOID_5032","obo:DOID_13469 oboInOwl:inSubset doid:gram-negative_bacterial_infectious_disease","obo:DOID_1002 oboInOwl:hasDbXref SNOMEDCT_US_2015_03_01:198192000","obo:DOID_6301 oboInOwl:id DOID:6301","0032e917-3724-4518-9a96-99cc0f6900d6 owl:annotatedProperty oboInOwl:hasExactSynonym","obo:DOID_1926 oboInOwl:hasDbXref SNOMEDCT_US_2015_03_01:190794006","5382fba5-7b07-474f-9427-e66175169eb0 owl:annotatedTarget Muscular dystrophy, Duchenne","3b7f2aae-4371-4f80-8c09-e68391e10957 oboInOwl:hasDbXref url:http://ghr.nlm.nih.gov/condition/otospondylomegaepiphyseal-dysplasia","3de6acc8-3fd1-4a18-a0be-82996ecff1c1 owl:annotatedProperty oboInOwl:hasExactSynonym","obo:DOID_0060285 oboInOwl:hasExactSynonym enlarged parietal foramina","obo:DOID_8580 oboInOwl:hasDbXref UMLS_CUI:C0019623","feffcd1c-3486-4fcc-a663-6c46799ca23a oboInOwl:hasDbXref SNOMEDCT_2005_07_31:95690009","obo:DOID_6213 oboInOwl:id DOID:6213","obo:DOID_12923 oboInOwl:hasExactSynonym chronic undifferentiated schizophrenia disorder","b6bd0c3e-71dc-4c3e-8c88-7bfc99340e9e owl:annotatedProperty oboInOwl:hasExactSynonym","obo:DOID_6998 oboInOwl:hasExactSynonym Colloidal carcinoma of the gallbladder","obo:DOID_255 rdfs:subClassOf obo:DOID_0060084","obo:DOID_292 rdfs:subClassOf obo:DOID_2174","obo:DOID_13469 rdfs:label secondary cutaneous syphilis","bf2af851-b90d-48a6-8acc-111027d0294b owl:annotatedProperty obo:IAO_0000115","obo:DOID_1002 oboInOwl:hasDbXref NCI:C26764","obo:DOID_7608 oboInOwl:hasExactSynonym adenoma of the Parathyroid gland","0ea0e6b5-8cb6-4549-be2a-e28d082a040f oboInOwl:hasDbXref SNOMEDCT_2005_07_31:78537008","0820e7a3-96da-4706-8893-938caa8cd92a oboInOwl:hasDbXref SNOMEDCT_2005_07_31:85324003","2418df9d-e71e-4100-acd2-dfeb161d693e oboInOwl:hasDbXref url:http://en.wikipedia.org/wiki/Vascular","obo:DOID_6998 oboInOwl:id DOID:6998","obo:DOID_4091 oboInOwl:id DOID:4091","9bbee750-dffd-4032-b37d-2b6720514f3a rdf:type owl:Axiom","obo:DOID_0060285 oboInOwl:hasDbXref OMIM:609597","72444bf7-34c5-461c-84a3-1421a6a7ddc6 rdf:type owl:Axiom","obo:DOID_1963 oboInOwl:hasDbXref SNOMEDCT_US_2015_03_01:93794008","obo:DOID_5574 oboInOwl:id DOID:5574","obo:DOID_10505 rdf:type owl:Class","obo:DOID_1926 oboInOwl:hasDbXref SNOMEDCT_US_2015_03_01:180485001","obo:DOID_13469 oboInOwl:inSubset doid:sexually_transmitted_infectious_disease","obo:DOID_6162 obo:IAO_0000115 An embryonal testis carcinoma that occurs in children.","obo:DOID_8455 oboInOwl:hasDbXref MSH:D026681","obo:DOID_7608 oboInOwl:hasDbXref SNOMEDCT_US_2015_03_01:128474007","obo:DOID_12960 oboInOwl:hasDbXref OMIM:101200","3b7f2aae-4371-4f80-8c09-e68391e10957 oboInOwl:hasDbXref url:http://www.medic8.com/genetics/otospondylomegaepiphyseal-dysplasia.htm","obo:DOID_1875 rdfs:label impotence","fe981bb3-43b6-4a50-8fbf-aafa41858468 rdf:type owl:Axiom","96d70ee2-a9cc-46c3-bf0e-0230d97d1adb owl:annotatedSource obo:DOID_1599","obo:DOID_9938 oboInOwl:hasDbXref MSH:D003607","obo:DOID_11227 rdfs:label acute hemorrhagic conjunctivitis","obo:DOID_292 rdfs:label lacrimal system cancer","obo:DOID_12923 owl:deprecated true^^http://www.w3.org/2001/XMLSchema#boolean","obo:DOID_13469 oboInOwl:id DOID:13469","25af4630-558c-4052-b78e-75bf5272e813 rdf:type owl:Axiom","d1fb4003-b18c-4b94-bf27-dd4f12c84866 oboInOwl:hasDbXref url:http://www.bcm.edu/oto/grand/10192.html","b92c83c0-1f52-41a1-9d3d-4e494e91043b owl:annotatedTarget neoplasm of brain disorder","8d1f4ffa-0852-49c3-90ad-8dddba673d88 owl:annotatedProperty oboInOwl:hasExactSynonym","obo:DOID_3420 oboInOwl:hasExactSynonym tumor of the visual pathway","obo:DOID_9938 oboInOwl:id DOID:9938","4874fa21-b82c-4ac8-87fc-5b0eefe1f3d1 owl:annotatedTarget Idiopathic livedo reticularis with systemic involvement disorder","obo:DOID_3119 oboInOwl:hasDbXref UMLS_CUI:C0685938","obo:DOID_928 oboInOwl:hasOBONamespace disease_ontology","2123c7ce-beb7-4761-9137-7fc7f05fa220 owl:annotatedProperty obo:IAO_0000115","d0d36beb-a1cb-43cd-8476-e851a363f138 rdf:type owl:Axiom","obo:DOID_255 oboInOwl:hasDbXref SNOMEDCT_US_2015_03_01:189194008","b7a71101-613d-475f-9f95-765621ed2aca owl:annotatedTarget granular cell neoplasm of the skin","obo:DOID_12835 oboInOwl:hasDbXref NCI:C50721","8d1f4ffa-0852-49c3-90ad-8dddba673d88 oboInOwl:hasDbXref SNOMEDCT_2005_07_31:359619007","3b7f2aae-4371-4f80-8c09-e68391e10957 oboInOwl:hasDbXref url:http://en.wikipedia.org/wiki/Otospondylomegaepiphyseal_dysplasia","0032e917-3724-4518-9a96-99cc0f6900d6 oboInOwl:hasDbXref NCI2004_11_17:C26966","6ca077e2-74d1-49c9-9b08-17cc2a225c68 owl:annotatedTarget secondary syphilitic adenopathy disorder","d371c5b5-1dd9-4784-82dd-ddae656f3425 owl:annotatedProperty oboInOwl:hasExactSynonym","obo:DOID_11227 oboInOwl:hasDbXref SNOMEDCT_US_2015_03_01:398264003","obo:DOID_1875 oboInOwl:hasExactSynonym Sexual impotence finding","obo:DOID_9938 oboInOwl:hasDbXref SNOMEDCT_US_2015_03_01:267738004","obo:DOID_8580 oboInOwl:hasDbXref SNOMEDCT_US_2015_03_01:277648007","b6bd0c3e-71dc-4c3e-8c88-7bfc99340e9e rdf:type owl:Axiom","obo:DOID_12960 oboInOwl:hasOBONamespace disease_ontology","obo:DOID_1838 oboInOwl:hasDbXref SNOMEDCT_US_2015_03_01:59178007","obo:DOID_3156 oboInOwl:hasExactSynonym Hypomelanosis of Ito [Ambiguous]","obo:DOID_9975 oboInOwl:hasDbXref SNOMEDCT_US_2015_03_01:191830004","obo:DOID_9975 rdfs:subClassOf obo:DOID_9974","obo:DOID_2597 oboInOwl:hasExactSynonym tumor of the Glottis","obo:DOID_11315 oboInOwl:hasDbXref ICD9CM:115.10","3de6acc8-3fd1-4a18-a0be-82996ecff1c1 rdf:type owl:Axiom","obo:DOID_255 oboInOwl:hasDbXref SNOMEDCT_US_2015_03_01:189193002","obo:DOID_6162 oboInOwl:hasDbXref NCI:C6545","obo:DOID_1926 oboInOwl:hasDbXref ICD10CM:E75.22","0032e917-3724-4518-9a96-99cc0f6900d6 rdf:type owl:Axiom","obo:DOID_9975 oboInOwl:hasDbXref NCI:C34492","obo:DOID_3119 oboInOwl:inSubset doid:TopNodes_DOcancerslim","obo:DOID_6037 rdf:type owl:Class","obo:DOID_4852 oboInOwl:hasExactSynonym Pleomorphic Xantho-astrocytoma","obo:DOID_3119 oboInOwl:hasExactSynonym GI tumor","6b392978-a2c5-41ba-b7d9-fd5ce7018873 oboInOwl:hasDbXref OMIM:602433","bf2af851-b90d-48a6-8acc-111027d0294b owl:annotatedTarget A bronchial disease that is an inflammation of the bronchial tubes. It is caused by bacteria and viruses. The disease has_symptom cough with mucus, has_symptom shortness of breath, has_symptom low fever and has_symptom chest tightness.","72444bf7-34c5-461c-84a3-1421a6a7ddc6 owl:annotatedProperty oboInOwl:hasExactSynonym","obo:DOID_1963 oboInOwl:id DOID:1963","3b445f6e-c4f0-4ed4-ae5e-1f4651ae26f5 rdf:type owl:Axiom","9bbee750-dffd-4032-b37d-2b6720514f3a owl:annotatedProperty oboInOwl:hasExactSynonym","97de27ff-d401-4149-a8a1-dbdfd7976abe owl:annotatedTarget esophageal varices in disease classified elsewhere, with bleeding","obo:DOID_5574 oboInOwl:hasDbXref MSH:D003969","2610c56d-3a8f-4483-9ec2-9fdcd5ecb8f9 owl:annotatedTarget glaucoma simplex","25af4630-558c-4052-b78e-75bf5272e813 owl:annotatedProperty oboInOwl:hasExactSynonym","39193f93-f18a-4acc-83e4-2f425cc5202f owl:annotatedTarget Diffuse astrocytoma morphologic abnormality","obo:DOID_4639 rdfs:label suppurative lymphadenitis","93ac0f91-deaa-48c5-916d-c159f2d22399 owl:annotatedSource obo:DOID_3145","obo:DOID_4903 oboInOwl:hasDbXref NCI:C3681","fe981bb3-43b6-4a50-8fbf-aafa41858468 owl:annotatedProperty oboInOwl:hasExactSynonym","4874fa21-b82c-4ac8-87fc-5b0eefe1f3d1 oboInOwl:hasDbXref SNOMEDCT_2005_07_31:238776001","85cb45a3-b3f4-4bfc-9cd9-616174e42b57 owl:annotatedTarget Pediculus capitis [head louse]","obo:DOID_6250 rdf:type owl:Class","546ea6d9-ddda-4728-a93d-d13c15a25d80 owl:annotatedSource obo:DOID_8505","obo:DOID_255 oboInOwl:hasDbXref NCI:C3085","obo:DOID_8455 oboInOwl:hasDbXref NCI:C85221","obo:DOID_4727 rdfs:label adhesions of iris","obo:DOID_6162 rdf:type owl:Class","d371c5b5-1dd9-4784-82dd-ddae656f3425 rdf:type owl:Axiom","obo:DOID_6998 rdfs:subClassOf obo:DOID_3500","2658b664-0df1-424b-b0d5-2fcb2a05e999 owl:annotatedTarget Complete hypoxanthine-guanine phosphoribosyltransferase deficiency","fa31ca81-8978-4cc8-867a-089f50935ab3 rdf:type owl:Axiom","d0d36beb-a1cb-43cd-8476-e851a363f138 owl:annotatedProperty oboInOwl:hasExactSynonym","6e02c179-3b0c-430c-a8fd-52ea7c96663d owl:annotatedSource obo:DOID_0050050","72444bf7-34c5-461c-84a3-1421a6a7ddc6 oboInOwl:hasDbXref SNOMEDCT_2005_07_31:267094008","8d1f4ffa-0852-49c3-90ad-8dddba673d88 rdf:type owl:Axiom","obo:DOID_14116 oboInOwl:hasExactSynonym Multiple symmetric lipomatosis","obo:DOID_7733 oboInOwl:hasDbXref UMLS_CUI:C1519321","a30bf67d-2635-4f9d-8b67-f01e0dc6b086 rdf:type owl:Axiom","3de6acc8-3fd1-4a18-a0be-82996ecff1c1 owl:annotatedSource obo:DOID_1517","96d70ee2-a9cc-46c3-bf0e-0230d97d1adb oboInOwl:hasDbXref SNOMEDCT_2005_07_31:15639000","obo:DOID_4903 oboInOwl:id DOID:4903","obo:DOID_6213 rdfs:label ovarian serous tumor","obo:DOID_9975 oboInOwl:hasDbXref UMLS_CUI:C0600427","obo:DOID_9938 oboInOwl:hasDbXref SNOMEDCT_US_2015_03_01:85777005","obo:DOID_6037 oboInOwl:hasDbXref NCI:C7986","obo:DOID_12835 oboInOwl:hasOBONamespace disease_ontology","2123c7ce-beb7-4761-9137-7fc7f05fa220 oboInOwl:hasDbXref url:http://en.wikipedia.org/wiki/Carcinoma","6e02c179-3b0c-430c-a8fd-52ea7c96663d oboInOwl:hasDbXref url:http://www.cdc.gov/otherspottedfever/index.html","obo:DOID_6037 oboInOwl:hasDbXref UMLS_CUI:C0279687","obo:DOID_11227 oboInOwl:hasRelatedSynonym viral conjunctivitis","obo:DOID_12923 oboInOwl:hasExactSynonym Unspecified schizophrenia, chronic state","3aaa62ed-ddfc-4091-81b7-5a6e6f4bae77 oboInOwl:hasDbXref SNOMEDCT_2005_07_31:93538005","obo:DOID_6301 rdfs:label prostate basal cell carcinoma","c9675cca-44c4-4220-9f3d-6b43f531e0d6 owl:annotatedProperty oboInOwl:hasExactSynonym","obo:DOID_14116 oboInOwl:hasExactSynonym cervical Symmetrical Lipomatosis","d0d36beb-a1cb-43cd-8476-e851a363f138 oboInOwl:hasDbXref OMIM:614808","obo:DOID_1002 oboInOwl:hasDbXref MSH:D004716","f984851c-faf8-4659-9b3c-d24187a2ff5e owl:annotatedTarget Mesonephric tumor morphologic abnormality","obo:DOID_7608 rdfs:label parathyroid adenoma","obo:DOID_4852 oboInOwl:hasOBONamespace disease_ontology","obo:DOID_8580 oboInOwl:hasExactSynonym malignant midline reticulosis","c37b27b1-feb2-41ed-b696-469cbd3855d5 rdf:type owl:Axiom","obo:DOID_255 oboInOwl:hasDbXref SNOMEDCT_US_2015_03_01:93474003","119fc641-a75a-4770-93a4-7b180b27c016 owl:annotatedSource obo:DOID_277","c37b27b1-feb2-41ed-b696-469cbd3855d5 oboInOwl:hasDbXref SNOMEDCT_2005_07_31:94114005","0032e917-3724-4518-9a96-99cc0f6900d6 owl:annotatedSource obo:DOID_1602","obo:DOID_5486 oboInOwl:id DOID:5486","obo:DOID_5398 rdfs:label lipoadenoma","d41d16d4-0436-42c3-be9e-bf54968847b1 owl:annotatedTarget Ovarian papillary tumor morphologic abnormality","159f7f8b-cdc8-4787-ab52-f3b30245ffd1 owl:annotatedProperty oboInOwl:hasExactSynonym","obo:DOID_1838 rdfs:label Menkes disease","obo:DOID_0060285 oboInOwl:hasExactSynonym hereditary cranium bifidum","obo:DOID_6213 rdf:type owl:Class","00a19c7b-b143-4e6a-a0e3-9d504f3aa682 oboInOwl:hasDbXref url:http://en.wikipedia.org/wiki/File:Respiratory_system_complete_en.svg","50926937-dddd-4298-865f-1ed6531e8bc1 oboInOwl:hasDbXref ICD9CM_2006:451.11","obo:DOID_2597 rdfs:label glottis neoplasm","obo:DOID_928 rdfs:label CNS metastases","c1f23bfc-d946-4b9b-81b0-394e69c609f5 rdf:type owl:Axiom","43293d79-8fc3-4801-a54d-4bb5b569c46b owl:annotatedTarget urinary bladder Urothelial carcinoma","f48dd8ce-8822-4d15-a4e2-bf73a081003c rdf:type owl:Axiom","obo:DOID_1926 oboInOwl:hasExactSynonym lipoid histiocytosis kerasin type","74ac6590-90e6-4824-933f-8c4d55368e90 oboInOwl:hasDbXref NCI2004_11_17:C7544","aaa6b90a-8dfd-40c5-ba9b-07f43735126b owl:annotatedSource obo:DOID_13046","obo:DOID_3068 obo:IAO_0000115 An astrocytoma characterized by the presence of small areas of necrotizing tissue that is surrounded by anaplastic cells as well as the presence of hyperplastic blood vessels, and that has_material_basis_in abnormally proliferating cells derived_from multiple cell types including astrocytes and oligondroctyes.","fbea0ab5-0258-4d74-843a-7faea1473fa7 oboInOwl:hasDbXref NCI2004_11_17:C34508","feffcd1c-3486-4fcc-a663-6c46799ca23a owl:annotatedProperty oboInOwl:hasExactSynonym","2418df9d-e71e-4100-acd2-dfeb161d693e rdf:type owl:Axiom","obo:DOID_928 owl:deprecated true^^http://www.w3.org/2001/XMLSchema#boolean","obo:DOID_2597 oboInOwl:hasDbXref UMLS_CUI:C0345713","obo:DOID_9938 oboInOwl:hasDbXref ICD10CM:H04.30","f984851c-faf8-4659-9b3c-d24187a2ff5e rdf:type owl:Axiom","42c64c46-17ce-47f4-b2ee-fcbf7b4a6a64 owl:annotatedSource obo:DOID_10114","3b445f6e-c4f0-4ed4-ae5e-1f4651ae26f5 oboInOwl:hasDbXref url:http://www2.merriam-webster.com/cgi-bin/mwmednlm?book\u003dMedical\u0026va\u003dpleuropneumonia","obo:DOID_8580 oboInOwl:hasDbXref SNOMEDCT_US_2015_03_01:66855003","obo:DOID_11227 rdfs:subClassOf obo:DOID_934","79c3458e-a643-4bb4-96f6-dcf9a2da8984 oboInOwl:hasDbXref SNOMEDCT_2005_07_31:190236006","obo:DOID_12923 oboInOwl:hasOBONamespace disease_ontology","obo:DOID_3119 oboInOwl:hasDbXref SNOMEDCT_US_2015_03_01:367543008","6e02c179-3b0c-430c-a8fd-52ea7c96663d owl:annotatedProperty obo:IAO_0000115","43293d79-8fc3-4801-a54d-4bb5b569c46b owl:annotatedSource obo:DOID_4006","obo:DOID_292 oboInOwl:id DOID:292"],"InferredAxioms":["obo:DOID_5113 rdf:type rdfs:Resource","obo:DOID_9975 rdf:type rdfs:Resource","obo:DOID_2598 rdf:type rdfs:Class","rdf:object rdfs:domain rdf:Statement","obo:DOID_0080074 rdf:type rdfs:Class","obo:DOID_3500 rdf:type rdfs:Resource","obo:DOID_3332 rdfs:subClassOf obo:DOID_3332","rdf:Bag rdfs:subClassOf rdf:Bag","obo:DOID_12960 rdf:type rdfs:Class","obo:DOID_5574 rdf:type rdfs:Resource","obo:DOID_9938 rdf:type rdfs:Class","obo:DOID_7733 rdf:type rdfs:Class","obo:DOID_2597 rdf:type rdfs:Class","obo:DOID_11315 rdf:type rdfs:Class","obo:DOID_4928 rdfs:subClassOf obo:DOID_4928","obo:DOID_1255 rdf:type rdfs:Class","rdfs:Resource rdf:type rdfs:Class","obo:DOID_5680 rdf:type rdfs:Resource","rdf:XMLLiteral rdf:type rdfs:Datatype","rdf:XMLLiteral rdf:type rdfs:Class","obo:DOID_1875 rdfs:subClassOf obo:DOID_1875","obo:DOID_1927 rdf:type rdfs:Class","obo:DOID_11227 rdf:type rdfs:Class","rdfs:domain rdfs:domain rdf:Property","rdf:first rdfs:domain rdf:List","obo:DOID_6037 rdfs:subClassOf obo:DOID_6037","obo:DOID_934 rdf:type rdfs:Resource","obo:DOID_3405 rdf:type rdfs:Resource","obo:DOID_4903 rdf:type rdfs:Resource","obo:DOID_0060285 rdf:type rdfs:Class","rdf:predicate rdfs:domain rdf:Statement","obo:DOID_1002 rdfs:subClassOf obo:DOID_1002","obo:DOID_6998 rdf:type rdfs:Class","obo:DOID_4928 rdf:type rdfs:Resource","obo:DOID_11971 rdfs:subClassOf obo:DOID_11971","obo:DOID_292 rdfs:subClassOf obo:DOID_292","rdfs:domain rdf:type rdfs:Resource","obo:DOID_4903 rdfs:subClassOf obo:DOID_4903","rdfs:subPropertyOf rdfs:range rdf:Property","rdf:Seq rdf:type rdfs:Class","obo:DOID_37 rdfs:subClassOf obo:DOID_37","rdf:predicate rdfs:subPropertyOf rdf:predicate","obo:DOID_0060089 rdf:type rdfs:Class","rdf:Alt rdfs:subClassOf rdf:Alt","owl:Class rdf:type rdfs:Resource","obo:DOID_3405 rdfs:subClassOf obo:DOID_3405","obo:DOID_0060197 rdf:type rdfs:Class","rdfs:domain rdf:type rdf:Property","obo:DOID_934 rdfs:subClassOf obo:DOID_934","obo:DOID_1005 rdf:type rdfs:Class","obo:DOID_1926 rdfs:subClassOf obo:DOID_1926","rdfs:subClassOf rdf:type rdfs:Resource","obo:DOID_6970 rdfs:subClassOf obo:DOID_6970","obo:DOID_3281 rdfs:subClassOf obo:DOID_3281","obo:DOID_1787 rdf:type rdfs:Resource","rdf:rest rdfs:range rdf:List","rdf:first rdfs:subPropertyOf rdf:first","obo:DOID_1002 rdf:type rdfs:Class","obo:DOID_3119 rdfs:subClassOf obo:DOID_3119","obo:DOID_5398 rdf:type rdfs:Resource","rdf:Alt rdf:type rdfs:Class","obo:DOID_9974 rdf:type rdfs:Resource","obo:DOID_11971 rdf:type rdfs:Class","obo:DOID_292 rdf:type rdfs:Class","obo:DOID_5680 rdfs:subClassOf obo:DOID_5680","obo:DOID_896 rdfs:subClassOf obo:DOID_896","rdf:List rdf:type rdfs:Class","rdfs:subClassOf rdf:type rdf:Property","obo:DOID_1752 rdf:type rdfs:Resource","obo:DOID_3119 rdf:type rdfs:Class","obo:DOID_6970 rdf:type rdfs:Class","rdf:Bag rdfs:subClassOf rdfs:Container","rdf:Property rdfs:subClassOf rdfs:Resource","obo:DOID_421 rdf:type rdfs:Class","rdf:predicate rdf:type rdf:Property","obo:DOID_1838 rdfs:subClassOf obo:DOID_1838","obo:DOID_657 rdfs:subClassOf obo:DOID_657","obo:DOID_12835 rdf:type rdfs:Class","obo:DOID_3281 rdf:type rdfs:Resource","obo:DOID_5574 rdfs:subClassOf obo:DOID_5574","rdf:Statement rdf:type rdfs:Resource","obo:DOID_0060089 rdfs:subClassOf obo:DOID_0060089","obo:DOID_7608 rdf:type rdfs:Class","rdf:Bag rdf:type rdfs:Resource","rdf:object rdfs:subPropertyOf rdf:object","rdf:nil rdf:type rdf:List","rdfs:comment rdfs:range rdfs:Literal","owl:Axiom rdf:type rdfs:Class","obo:DOID_1875 rdf:type rdfs:Resource","rdf:predicate rdf:type rdfs:Resource","obo:DOID_6037 rdf:type rdfs:Resource","rdf:Property rdfs:subClassOf rdf:Property","obo:DOID_0060084 rdf:type rdfs:Class","rdf:object rdf:type rdfs:Resource","obo:DOID_4852 rdf:type rdfs:Class","obo:DOID_255 rdf:type rdfs:Resource","obo:DOID_3156 rdf:type rdfs:Class","obo:DOID_1731 rdf:type rdfs:Resource","obo:DOID_1876 rdf:type rdfs:Resource","rdfs:Container rdf:type rdfs:Class","obo:DOID_0050829 rdf:type rdfs:Resource","obo:DOID_8455 rdf:type rdfs:Resource","rdf:Statement rdfs:subClassOf rdfs:Resource","obo:DOID_8580 rdf:type rdfs:Class","obo:DOID_169 rdfs:subClassOf obo:DOID_169","obo:DOID_14116 rdf:type rdfs:Resource","obo:DOID_169 rdf:type rdfs:Resource","obo:DOID_14116 rdfs:subClassOf obo:DOID_14116","rdfs:isDefinedBy rdfs:subPropertyOf rdfs:seeAlso","rdf:Seq rdfs:subClassOf rdf:Seq","rdf:object rdf:type rdf:Property","rdf:Property rdf:type rdfs:Resource","rdfs:Literal rdf:type rdfs:Class","obo:DOID_1005 rdfs:subClassOf obo:DOID_1005","obo:DOID_0050686 rdfs:subClassOf obo:DOID_0050686","rdfs:Class rdfs:subClassOf rdfs:Class","obo:DOID_3332 rdf:type rdfs:Class","rdfs:subClassOf rdfs:range rdfs:Class","obo:DOID_0060197 rdfs:subClassOf obo:DOID_0060197","obo:DOID_1963 rdf:type rdfs:Resource","obo:DOID_896 rdf:type rdfs:Class","rdfs:Datatype rdf:type rdfs:Resource","obo:DOID_1876 rdfs:subClassOf obo:DOID_1876","obo:DOID_9975 rdfs:subClassOf obo:DOID_9975","obo:DOID_1926 rdf:type rdfs:Class","obo:DOID_1731 rdfs:subClassOf obo:DOID_1731","obo:DOID_305 rdfs:subClassOf obo:DOID_305","obo:DOID_8455 rdfs:subClassOf obo:DOID_8455","rdfs:ContainerMembershipProperty rdf:type rdfs:Resource","obo:DOID_37 rdf:type rdfs:Class","obo:DOID_4639 rdf:type rdfs:Resource","obo:DOID_5113 rdfs:subClassOf obo:DOID_5113","obo:DOID_0050829 rdfs:subClassOf obo:DOID_0050829","obo:DOID_1964 rdf:type rdfs:Resource","rdf:rest rdf:type rdf:Property","obo:DOID_1838 rdf:type rdfs:Class","rdfs:seeAlso rdf:type rdfs:Resource","obo:DOID_657 rdf:type rdfs:Class","rdfs:comment rdf:type rdfs:Resource","obo:DOID_255 rdfs:subClassOf obo:DOID_255","obo:DOID_2174 rdf:type rdfs:Resource","obo:DOID_332 rdf:type rdfs:Resource","obo:DOID_6162 rdf:type rdfs:Resource","rdfs:domain rdfs:range rdfs:Class","obo:DOID_1602 rdf:type rdfs:Resource","obo:DOID_3069 rdf:type rdfs:Resource","obo:DOID_3275 rdf:type rdfs:Resource","obo:DOID_3500 rdfs:subClassOf obo:DOID_3500","obo:DOID_331 rdf:type rdfs:Resource","obo:DOID_305 rdf:type rdfs:Class","obo:DOID_0050686 rdf:type rdfs:Class","rdfs:Class rdf:type rdfs:Class","rdf:rest rdf:type rdfs:Resource","rdfs:seeAlso rdf:type rdf:Property","obo:DOID_3068 rdf:type rdfs:Resource","rdfs:ContainerMembershipProperty rdfs:subClassOf rdf:Property","rdfs:comment rdf:type rdf:Property","obo:DOID_3153 rdf:type rdfs:Resource","obo:DOID_4852 rdf:type rdfs:Resource","obo:DOID_255 rdf:type rdfs:Class","obo:DOID_0060084 rdfs:subClassOf obo:DOID_0060084","obo:DOID_0050829 rdf:type rdfs:Class","rdf:nil rdf:type rdfs:Resource","rdfs:Container rdf:type rdfs:Resource","obo:DOID_8455 rdf:type rdfs:Class","obo:DOID_1731 rdf:type rdfs:Class","rdf:subject rdf:type rdf:Property","obo:DOID_3156 rdf:type rdfs:Resource","rdf:Seq rdfs:subClassOf rdfs:Container","obo:DOID_1876 rdf:type rdfs:Class","obo:DOID_169 rdf:type rdfs:Class","rdf:rest rdfs:domain rdf:List","obo:DOID_14116 rdf:type rdfs:Class","rdf:subject rdf:type rdfs:Resource","obo:DOID_1787 rdfs:subClassOf obo:DOID_1787","obo:DOID_8580 rdf:type rdfs:Resource","rdfs:isDefinedBy rdfs:subPropertyOf rdfs:isDefinedBy","rdf:Property rdf:type rdfs:Class","obo:DOID_421 rdf:type rdfs:Resource","rdf:Statement rdf:type rdfs:Class","obo:DOID_3281 rdf:type rdfs:Class","obo:DOID_12835 rdf:type rdfs:Resource","obo:DOID_1963 rdfs:subClassOf obo:DOID_1963","rdfs:label rdf:type rdf:Property","rdfs:label rdf:type rdfs:Resource","obo:DOID_7608 rdfs:subClassOf obo:DOID_7608","rdf:Bag rdf:type rdfs:Class","obo:DOID_7608 rdf:type rdfs:Resource","rdf:Alt rdfs:subClassOf rdfs:Container","obo:DOID_0060084 rdf:type rdfs:Resource","rdfs:subPropertyOf rdfs:domain rdf:Property","obo:DOID_6037 rdf:type rdfs:Class","obo:DOID_6998 rdfs:subClassOf obo:DOID_6998","obo:DOID_1875 rdf:type rdfs:Class","owl:Axiom rdf:type rdfs:Resource","obo:DOID_2174 rdf:type rdfs:Class","obo:DOID_332 rdf:type rdfs:Class","obo:DOID_6162 rdf:type rdfs:Class","obo:DOID_1838 rdf:type rdfs:Resource","rdfs:label rdfs:range rdfs:Literal","obo:DOID_657 rdf:type rdfs:Resource","rdfs:Datatype rdfs:subClassOf rdfs:Datatype","rdfs:Datatype rdfs:subClassOf rdfs:Class","obo:DOID_3275 rdf:type rdfs:Class","obo:DOID_1752 rdfs:subClassOf obo:DOID_1752","rdfs:subPropertyOf rdf:type rdf:Property","obo:DOID_1602 rdf:type rdfs:Class","obo:DOID_3069 rdf:type rdfs:Class","obo:DOID_1927 rdfs:subClassOf obo:DOID_1927","rdfs:Class rdf:type rdfs:Resource","obo:DOID_11227 rdfs:subClassOf obo:DOID_11227","obo:DOID_0050686 rdf:type rdfs:Resource","rdfs:range rdfs:range rdfs:Class","obo:DOID_305 rdf:type rdfs:Resource","obo:DOID_331 rdf:type rdfs:Class","rdfs:subPropertyOf rdf:type rdfs:Resource","obo:DOID_3068 rdf:type rdfs:Class","rdfs:Literal rdfs:subClassOf rdfs:Resource","obo:DOID_12835 rdfs:subClassOf obo:DOID_12835","obo:DOID_3153 rdf:type rdfs:Class","obo:DOID_9974 rdfs:subClassOf obo:DOID_9974","rdfs:Literal rdf:type rdfs:Resource","obo:DOID_421 rdfs:subClassOf obo:DOID_421","rdf:type rdf:type rdf:Property","obo:DOID_1963 rdf:type rdfs:Class","rdfs:Class rdfs:subClassOf rdfs:Resource","obo:DOID_5398 rdfs:subClassOf obo:DOID_5398","obo:DOID_3332 rdf:type rdfs:Resource","rdfs:ContainerMembershipProperty rdfs:subClassOf rdfs:ContainerMembershipProperty","obo:DOID_1926 rdf:type rdfs:Resource","obo:DOID_4639 rdfs:subClassOf obo:DOID_4639","rdfs:Datatype rdf:type rdfs:Class","obo:DOID_896 rdf:type rdfs:Resource","obo:DOID_1964 rdf:type rdfs:Class","obo:DOID_0060285 rdfs:subClassOf obo:DOID_0060285","obo:DOID_1964 rdfs:subClassOf obo:DOID_1964","rdfs:ContainerMembershipProperty rdf:type rdfs:Class","obo:DOID_4639 rdf:type rdfs:Class","rdf:type rdf:type rdfs:Resource","obo:DOID_37 rdf:type rdfs:Resource","obo:DOID_1927 rdf:type rdfs:Resource","obo:DOID_11227 rdf:type rdfs:Resource","obo:DOID_5680 rdf:type rdfs:Class","rdf:XMLLiteral rdf:type rdfs:Resource","obo:DOID_4903 rdf:type rdfs:Class","rdfs:isDefinedBy rdf:type rdfs:Resource","obo:DOID_1255 rdfs:subClassOf obo:DOID_1255","obo:DOID_0060285 rdf:type rdfs:Resource","obo:DOID_934 rdf:type rdfs:Class","obo:DOID_3405 rdf:type rdfs:Class","obo:DOID_3275 rdfs:subClassOf obo:DOID_3275","obo:DOID_3069 rdfs:subClassOf obo:DOID_3069","obo:DOID_1602 rdfs:subClassOf obo:DOID_1602","rdfs:range rdfs:domain rdf:Property","rdfs:isDefinedBy rdf:type rdf:Property","obo:DOID_8580 rdfs:subClassOf obo:DOID_8580","obo:DOID_4928 rdf:type rdfs:Class","obo:DOID_6998 rdf:type rdfs:Resource","obo:DOID_2597 rdfs:subClassOf obo:DOID_2597","obo:DOID_11315 rdfs:subClassOf obo:DOID_11315","obo:DOID_2598 rdf:type rdfs:Resource","obo:DOID_2174 rdfs:subClassOf obo:DOID_2174","obo:DOID_9975 rdf:type rdfs:Class","obo:DOID_5113 rdf:type rdfs:Class","obo:DOID_332 rdfs:subClassOf obo:DOID_332","obo:DOID_6162 rdfs:subClassOf obo:DOID_6162","obo:DOID_12960 rdf:type rdfs:Resource","obo:DOID_3500 rdf:type rdfs:Class","obo:DOID_0080074 rdf:type rdfs:Resource","obo:DOID_2597 rdf:type rdfs:Resource","obo:DOID_11315 rdf:type rdfs:Resource","rdf:rest rdfs:subPropertyOf rdf:rest","rdfs:subClassOf rdfs:domain rdfs:Class","obo:DOID_7733 rdf:type rdfs:Resource","obo:DOID_5574 rdf:type rdfs:Class","obo:DOID_9938 rdfs:subClassOf obo:DOID_9938","obo:DOID_9938 rdf:type rdfs:Resource","rdfs:Resource rdf:type rdfs:Resource","rdf:subject rdfs:domain rdf:Statement","obo:DOID_7733 rdfs:subClassOf obo:DOID_7733","obo:DOID_1255 rdf:type rdfs:Resource","rdf:first rdf:type rdfs:Resource","obo:DOID_1002 rdf:type rdfs:Resource","obo:DOID_1787 rdf:type rdfs:Class","obo:DOID_0080074 rdfs:subClassOf obo:DOID_0080074","rdfs:seeAlso rdfs:subPropertyOf rdfs:seeAlso","rdf:type rdfs:range rdfs:Class","obo:DOID_11971 rdf:type rdfs:Resource","obo:DOID_292 rdf:type rdfs:Resource","obo:DOID_9974 rdf:type rdfs:Class","obo:DOID_12960 rdfs:subClassOf obo:DOID_12960","obo:DOID_5398 rdf:type rdfs:Class","rdf:Alt rdf:type rdfs:Resource","rdf:first rdf:type rdf:Property","obo:DOID_3068 rdfs:subClassOf obo:DOID_3068","obo:DOID_6970 rdf:type rdfs:Resource","obo:DOID_3119 rdf:type rdfs:Resource","obo:DOID_1752 rdf:type rdfs:Class","obo:DOID_3153 rdfs:subClassOf obo:DOID_3153","obo:DOID_4852 rdfs:subClassOf obo:DOID_4852","rdf:List rdf:type rdfs:Resource","rdfs:range rdf:type rdf:Property","rdf:List rdfs:subClassOf rdfs:Resource","rdf:subject rdfs:subPropertyOf rdf:subject","rdf:Seq rdf:type rdfs:Resource","rdfs:Container rdfs:subClassOf rdfs:Container","obo:DOID_3156 rdfs:subClassOf obo:DOID_3156","obo:DOID_0060089 rdf:type rdfs:Resource","obo:DOID_331 rdfs:subClassOf obo:DOID_331","obo:DOID_2598 rdfs:subClassOf obo:DOID_2598","obo:DOID_1005 rdf:type rdfs:Resource","obo:DOID_0060197 rdf:type rdfs:Resource","rdfs:range rdf:type rdfs:Resource","owl:Class rdf:type rdfs:Class"],"InvalidAxioms":["rdfs:label rdfs:subClassOf obo:DOID_1752","obo:DOID_0080074 rdfs:subClassOf rdfs:ContainerMembershipProperty","obo:DOID_1731 rdfs:domain rdf:Statement","obo:DOID_5398 rdfs:range rdfs:Literal","obo:DOID_3069 rdfs:subClassOf rdfs:Container","obo:DOID_2174 rdfs:subClassOf rdfs:Container","rdfs:label rdfs:subClassOf obo:DOID_1005","obo:DOID_1927 rdfs:subClassOf obo:DOID_0050686","rdfs:Class rdfs:subClassOf obo:DOID_2174","rdf:first rdfs:domain rdfs:Class","rdf:type rdfs:subClassOf obo:DOID_3275","obo:DOID_169 rdfs:domain rdf:Statement","rdf:Alt rdfs:subClassOf obo:DOID_657","rdfs:subPropertyOf rdfs:subPropertyOf rdf:rest","rdf:Property rdfs:subClassOf obo:DOID_5574","obo:DOID_11315 rdfs:subClassOf obo:DOID_11971","obo:DOID_1963 rdfs:subClassOf rdfs:Container","rdfs:isDefinedBy rdfs:subPropertyOf rdf:first","rdfs:ContainerMembershipProperty rdfs:subClassOf obo:DOID_3500","rdfs:Datatype rdfs:subClassOf obo:DOID_3500","obo:DOID_6998 rdfs:subClassOf obo:DOID_3119","rdfs:isDefinedBy rdf:type rdfs:Class","obo:DOID_3281 rdfs:subClassOf obo:DOID_6998","obo:DOID_0060285 rdfs:subClassOf obo:DOID_1964","rdf:List rdfs:domain rdf:List","rdfs:comment rdfs:subPropertyOf rdf:predicate","obo:DOID_4639 rdfs:subClassOf rdfs:Container","obo:DOID_305 rdfs:subClassOf obo:DOID_3275","rdf:subject rdfs:subClassOf obo:DOID_3068","obo:DOID_934 rdf:type rdf:Property","obo:DOID_896 rdfs:subClassOf obo:DOID_6162","obo:DOID_5680 rdf:type rdf:Property","rdfs:domain rdfs:subClassOf obo:DOID_9938","obo:DOID_1602 rdfs:range rdfs:Class","rdf:predicate rdfs:subClassOf obo:DOID_5113","obo:DOID_305 rdfs:range rdf:Property","obo:DOID_4928 rdfs:subClassOf obo:DOID_1876","rdf:first rdfs:subClassOf rdf:Alt","rdf:predicate rdfs:subClassOf obo:DOID_1927","rdf:type rdfs:subClassOf obo:DOID_37","rdfs:Container rdfs:subClassOf obo:DOID_2174","obo:DOID_255 rdfs:subClassOf obo:DOID_3281","obo:DOID_5680 rdfs:subClassOf obo:DOID_12835","rdf:rest rdfs:range rdfs:Class","rdfs:Literal rdfs:subClassOf obo:DOID_1752","rdf:rest rdfs:domain rdf:Statement","obo:DOID_1963 rdfs:range rdf:List","rdfs:range rdf:type rdfs:Class","obo:DOID_657 rdfs:subClassOf obo:DOID_331","rdf:subject rdfs:subPropertyOf rdf:rest","obo:DOID_1731 rdfs:subClassOf obo:DOID_0060285","obo:DOID_934 rdfs:subClassOf obo:DOID_8455","rdfs:subClassOf rdfs:subClassOf rdfs:Resource","rdf:first rdf:type rdfs:Class","rdf:List rdfs:subClassOf obo:DOID_6970","obo:DOID_1963 rdfs:domain rdf:Statement","obo:DOID_37 rdfs:subClassOf obo:DOID_5398","rdfs:subPropertyOf rdfs:subClassOf obo:DOID_1752","obo:DOID_169 rdfs:subClassOf obo:DOID_4852","rdfs:Datatype rdfs:subClassOf obo:DOID_1875","rdfs:Container rdfs:subClassOf obo:DOID_3275","obo:DOID_5398 rdf:type rdf:Property","rdf:subject rdfs:subClassOf obo:DOID_1787","obo:DOID_0060089 rdfs:subClassOf rdfs:Class","obo:DOID_3332 rdfs:subClassOf obo:DOID_331","obo:DOID_12835 rdfs:subClassOf rdf:Seq","rdfs:seeAlso rdfs:range rdf:List","obo:DOID_332 rdfs:subPropertyOf rdfs:isDefinedBy","rdf:first rdfs:subClassOf obo:DOID_6970","obo:DOID_8455 rdfs:subClassOf obo:DOID_1927","rdfs:label rdfs:subPropertyOf rdf:rest","owl:Class rdfs:subClassOf rdf:Property","rdf:Bag rdfs:subClassOf obo:DOID_3281","obo:DOID_0080074 rdfs:domain rdfs:Class","rdfs:domain rdfs:subClassOf rdfs:Resource","obo:DOID_421 rdf:type rdfs:Datatype","rdfs:Container rdfs:subClassOf obo:DOID_305","obo:DOID_421 rdfs:subClassOf obo:DOID_1964","obo:DOID_7733 rdfs:subClassOf obo:DOID_37","rdfs:subPropertyOf rdfs:domain rdfs:Class","rdfs:ContainerMembershipProperty rdfs:subClassOf obo:DOID_5680","obo:DOID_3068 rdfs:subClassOf obo:DOID_934","rdf:subject rdf:type rdf:List","obo:DOID_11971 rdfs:subClassOf rdf:Seq","obo:DOID_2598 rdfs:subPropertyOf rdfs:seeAlso","obo:DOID_9938 rdfs:subClassOf obo:DOID_3068","rdf:Statement rdf:type rdf:Property","obo:DOID_3275 rdfs:subClassOf obo:DOID_1876","obo:DOID_292 rdfs:subClassOf obo:DOID_2174","rdfs:label rdf:type rdfs:Class","obo:DOID_6162 rdfs:subClassOf obo:DOID_3405","rdf:predicate rdfs:subClassOf obo:DOID_7608","obo:DOID_331 rdfs:domain rdf:Property","obo:DOID_3069 rdfs:subClassOf obo:DOID_0050829","rdfs:subPropertyOf rdfs:subClassOf obo:DOID_657","obo:DOID_3500 rdfs:range rdfs:Class","obo:DOID_7733 rdfs:range rdf:Property","obo:DOID_14116 rdf:type rdf:Property","rdf:nil rdf:type rdfs:Class","rdf:XMLLiteral rdfs:subClassOf obo:DOID_0060197","obo:DOID_5113 rdfs:subClassOf obo:DOID_6037","obo:DOID_0060197 rdfs:subPropertyOf rdf:rest","rdf:subject rdf:type rdfs:Class","obo:DOID_1876 rdf:type rdf:Property","obo:DOID_8455 rdf:type rdf:Property","rdfs:domain rdfs:subClassOf obo:DOID_3500","obo:DOID_169 rdfs:subClassOf obo:DOID_14116","obo:DOID_1964 rdfs:subClassOf obo:DOID_0080074","obo:DOID_1876 rdfs:domain rdf:Property","obo:DOID_1838 rdfs:subClassOf rdf:Alt","obo:DOID_3405 rdfs:subClassOf obo:DOID_3156","obo:DOID_7733 rdfs:subClassOf obo:DOID_0060089","rdfs:range rdfs:subPropertyOf rdfs:seeAlso","rdfs:subClassOf rdfs:domain rdf:Statement","obo:DOID_5113 rdfs:subPropertyOf rdf:predicate","obo:DOID_4928 rdfs:subClassOf rdfs:Container","obo:DOID_6162 rdfs:subClassOf obo:DOID_0060084","obo:DOID_1005 rdfs:subClassOf obo:DOID_3153","obo:DOID_6162 rdfs:subClassOf rdfs:Resource","obo:DOID_6998 rdfs:subClassOf obo:DOID_2174","obo:DOID_2598 rdfs:subClassOf obo:DOID_3069","rdf:first rdfs:subClassOf obo:DOID_331","obo:DOID_1731 rdfs:subClassOf obo:DOID_0050829","rdf:type rdf:type rdfs:Class","obo:DOID_1926 rdfs:subClassOf obo:DOID_292","rdfs:Datatype rdfs:subClassOf obo:DOID_0060084","obo:DOID_2598 rdfs:subClassOf obo:DOID_332","rdf:Bag rdfs:subClassOf obo:DOID_12835","owl:Class rdfs:subClassOf obo:DOID_1875","obo:DOID_2174 rdfs:subClassOf obo:DOID_9938","obo:DOID_9975 rdfs:subClassOf obo:DOID_3281","rdfs:domain rdfs:domain rdf:Statement","obo:DOID_1875 rdfs:subClassOf obo:DOID_934","obo:DOID_3281 rdfs:subClassOf obo:DOID_12960","obo:DOID_3153 rdfs:subClassOf obo:DOID_7733","rdf:first rdfs:subClassOf obo:DOID_0060197","rdfs:subPropertyOf rdf:type rdfs:Class","rdf:Statement rdfs:subClassOf obo:DOID_1731","rdfs:subPropertyOf rdf:type rdfs:Datatype","obo:DOID_11315 rdfs:subClassOf obo:DOID_332","obo:DOID_1787 rdfs:subClassOf rdf:Bag","rdf:first rdfs:subClassOf obo:DOID_1752","obo:DOID_3069 rdf:type rdf:Property","rdf:first rdfs:subPropertyOf rdfs:seeAlso","obo:DOID_5574 rdfs:subClassOf obo:DOID_3156","obo:DOID_2174 rdf:type rdf:Property","obo:DOID_1255 rdfs:subClassOf obo:DOID_6162","obo:DOID_934 rdfs:subPropertyOf rdf:predicate","rdf:rest rdfs:subClassOf obo:DOID_7608","rdf:subject rdfs:subClassOf obo:DOID_11315","obo:DOID_3332 rdfs:domain rdf:Property","rdf:object rdf:type rdfs:Class","rdfs:domain rdfs:subClassOf obo:DOID_2174","obo:DOID_4928 rdfs:subClassOf obo:DOID_1005","obo:DOID_3153 rdfs:domain rdf:List","obo:DOID_3156 rdf:type rdf:Property","obo:DOID_4852 rdfs:subClassOf obo:DOID_2597","obo:DOID_4903 rdfs:subClassOf obo:DOID_1005","rdfs:subPropertyOf rdfs:subClassOf obo:DOID_421","obo:DOID_7733 rdfs:domain rdf:Statement","rdf:subject rdfs:subClassOf obo:DOID_0060084","obo:DOID_1002 rdfs:subClassOf obo:DOID_3281","obo:DOID_11315 rdfs:subPropertyOf rdfs:isDefinedBy","owl:Axiom rdf:type rdf:Property","obo:DOID_6998 rdfs:subClassOf obo:DOID_1875","obo:DOID_14116 rdfs:subClassOf obo:DOID_292","obo:DOID_305 rdfs:subClassOf obo:DOID_1731","rdfs:subClassOf rdfs:subPropertyOf rdf:rest","rdf:subject rdfs:subClassOf rdfs:Resource","rdfs:range rdfs:subClassOf obo:DOID_1927","obo:DOID_1838 rdfs:domain rdf:Property","obo:DOID_9974 rdfs:subClassOf obo:DOID_6162","rdf:List rdfs:subClassOf obo:DOID_3281","obo:DOID_896 rdfs:subClassOf obo:DOID_255","obo:DOID_6970 rdfs:subClassOf rdfs:Container","obo:DOID_12960 rdfs:subClassOf obo:DOID_5574","obo:DOID_255 rdfs:subClassOf obo:DOID_0050686","rdf:Statement rdfs:subClassOf obo:DOID_3119","rdf:predicate rdf:type rdfs:Class","obo:DOID_3119 rdfs:subClassOf obo:DOID_3156","rdf:predicate rdfs:subClassOf obo:DOID_1964","obo:DOID_0050686 rdfs:subClassOf obo:DOID_4903","rdfs:Class rdfs:subClassOf obo:DOID_11315","rdfs:subClassOf rdfs:subClassOf obo:DOID_3068","rdfs:seeAlso rdf:type rdfs:Class","rdf:type rdfs:subClassOf rdfs:Resource","rdfs:comment rdf:type rdfs:Class","rdfs:subPropertyOf rdfs:subClassOf obo:DOID_11315","obo:DOID_1964 rdfs:subClassOf rdfs:Class","obo:DOID_2174 rdfs:subClassOf rdfs:ContainerMembershipProperty","obo:DOID_934 rdfs:subClassOf obo:DOID_3275","rdf:predicate rdfs:domain rdfs:Class","obo:DOID_2174 rdfs:subPropertyOf rdf:first","obo:DOID_1875 rdfs:subClassOf obo:DOID_657","rdfs:subClassOf rdfs:subClassOf obo:DOID_1752","owl:Axiom rdfs:domain rdf:Property","obo:DOID_4903 rdfs:subClassOf obo:DOID_3069","obo:DOID_11227 rdfs:subClassOf obo:DOID_9975","rdfs:seeAlso rdfs:subClassOf obo:DOID_3119","owl:Class rdfs:subClassOf obo:DOID_896","obo:DOID_7733 rdfs:subClassOf rdfs:Container","rdf:rest rdf:type rdfs:Class","obo:DOID_2597 rdfs:subClassOf rdfs:Container","rdf:nil rdfs:subClassOf obo:DOID_4903","obo:DOID_3332 rdfs:subClassOf obo:DOID_7733","rdf:Bag rdfs:subClassOf obo:DOID_1002","rdfs:isDefinedBy rdfs:subClassOf rdfs:Container","obo:DOID_9938 rdfs:subClassOf obo:DOID_1927","obo:DOID_0060197 rdfs:subClassOf obo:DOID_5574","rdfs:Container rdfs:domain rdf:Property","obo:DOID_37 rdf:type rdf:Property","obo:DOID_11227 rdfs:subClassOf obo:DOID_3281","rdf:subject rdfs:subClassOf obo:DOID_1876","obo:DOID_331 rdfs:subClassOf rdfs:Class","obo:DOID_305 rdfs:subClassOf rdfs:Resource","rdf:object rdfs:subClassOf obo:DOID_1838","obo:DOID_3275 rdfs:subClassOf rdf:Alt","rdf:first rdfs:domain rdf:Statement","rdfs:label rdfs:subClassOf obo:DOID_421","rdfs:seeAlso rdfs:subClassOf obo:DOID_11971","rdfs:domain rdfs:subPropertyOf rdfs:seeAlso","obo:DOID_934 rdfs:subClassOf rdf:Seq","rdfs:isDefinedBy rdfs:subClassOf obo:DOID_3500","obo:DOID_1787 rdfs:subClassOf obo:DOID_5398","rdfs:isDefinedBy rdfs:subPropertyOf rdf:subject","obo:DOID_6970 rdfs:subClassOf obo:DOID_6998","obo:DOID_5680 rdfs:subClassOf rdf:Seq","obo:DOID_3119 rdfs:subClassOf obo:DOID_6998","owl:Class rdfs:subClassOf obo:DOID_3068","rdf:subject rdfs:subPropertyOf rdfs:isDefinedBy","rdfs:subPropertyOf rdfs:subPropertyOf rdf:predicate","obo:DOID_9938 rdfs:subClassOf rdfs:Resource","rdfs:Resource rdfs:subClassOf obo:DOID_1255","obo:DOID_11227 rdfs:subClassOf obo:DOID_7733","owl:Axiom rdfs:subClassOf obo:DOID_6037","obo:DOID_5113 rdfs:subClassOf obo:DOID_0050686","obo:DOID_11227 rdfs:subClassOf obo:DOID_2597","obo:DOID_6998 rdfs:subClassOf obo:DOID_7733","obo:DOID_255 rdfs:subClassOf obo:DOID_0060197","owl:Axiom rdfs:range rdfs:Class","obo:DOID_12960 rdfs:subClassOf rdfs:Resource","obo:DOID_5113 rdf:type rdf:List","rdfs:Datatype rdfs:subPropertyOf rdf:rest","obo:DOID_4903 rdfs:subClassOf obo:DOID_3119","rdfs:label rdfs:domain rdf:Statement","rdfs:ContainerMembershipProperty rdfs:subClassOf obo:DOID_6162","obo:DOID_1926 rdfs:subClassOf rdfs:Container","obo:DOID_6998 rdfs:subClassOf obo:DOID_7608","rdfs:Container rdfs:range rdfs:Class","rdf:Bag rdfs:subClassOf obo:DOID_0060197","obo:DOID_896 rdfs:subClassOf obo:DOID_1927","obo:DOID_11227 rdfs:subClassOf obo:DOID_4928","rdf:type rdfs:subPropertyOf rdf:predicate","rdfs:subClassOf rdfs:subClassOf obo:DOID_1838","obo:DOID_1875 rdfs:subClassOf obo:DOID_37","obo:DOID_11971 rdfs:subClassOf obo:DOID_1731","obo:DOID_305 rdfs:subClassOf obo:DOID_3500","obo:DOID_1002 rdfs:subClassOf obo:DOID_1876","obo:DOID_1752 rdfs:subClassOf obo:DOID_657","obo:DOID_0060285 rdfs:subClassOf rdfs:Resource","obo:DOID_3281 rdfs:subClassOf obo:DOID_1005","rdfs:Literal rdfs:subClassOf obo:DOID_5113","rdf:subject rdfs:range rdfs:Class","rdfs:isDefinedBy rdfs:subClassOf obo:DOID_1255","rdf:object rdfs:subClassOf obo:DOID_331","obo:DOID_4639 rdfs:subClassOf obo:DOID_3275","obo:DOID_0080074 rdfs:subClassOf obo:DOID_11315","obo:DOID_1002 rdfs:range rdfs:Literal","rdfs:Class rdfs:subClassOf rdfs:Container","rdf:first rdfs:subClassOf obo:DOID_169","rdfs:subClassOf rdf:type rdfs:Class","rdf:Seq rdfs:subClassOf rdf:Property","rdf:predicate rdfs:subClassOf rdf:Seq","rdf:object rdfs:subClassOf obo:DOID_3275","obo:DOID_6970 rdf:type rdf:Property","rdf:subject rdfs:subClassOf obo:DOID_9975","rdfs:seeAlso rdfs:subClassOf obo:DOID_3068","obo:DOID_9938 rdfs:subClassOf obo:DOID_12835","obo:DOID_12835 rdfs:subClassOf rdfs:Container","rdfs:Resource rdfs:subClassOf obo:DOID_1731","obo:DOID_305 rdfs:subPropertyOf rdfs:isDefinedBy","obo:DOID_11315 rdfs:range rdfs:Literal","obo:DOID_0060197 rdfs:subClassOf obo:DOID_0060084","obo:DOID_6970 rdfs:subClassOf obo:DOID_11315","obo:DOID_0060089 rdfs:subClassOf rdf:Property","rdfs:Resource rdfs:subClassOf obo:DOID_12835","obo:DOID_6998 rdfs:subClassOf obo:DOID_5680","rdfs:subClassOf rdfs:subPropertyOf rdf:first","obo:DOID_292 rdf:type rdf:Property","rdf:type rdfs:domain rdf:Statement","obo:DOID_0060197 rdfs:subClassOf obo:DOID_4928","obo:DOID_8455 rdfs:subClassOf obo:DOID_1787","obo:DOID_1002 rdfs:subClassOf obo:DOID_2597","rdf:type rdfs:subClassOf obo:DOID_6998","obo:DOID_3275 rdfs:subClassOf obo:DOID_0060197","obo:DOID_6998 rdfs:subClassOf obo:DOID_1731","obo:DOID_1005 rdf:type rdf:Property","rdfs:domain rdf:type rdfs:Class","obo:DOID_1752 rdfs:subClassOf obo:DOID_0050686","rdf:rest rdfs:subClassOf obo:DOID_1926","obo:DOID_3068 rdfs:subClassOf obo:DOID_9974","rdfs:seeAlso rdfs:subClassOf obo:DOID_9974","rdf:first rdfs:subPropertyOf rdf:object","obo:DOID_5398 rdfs:subClassOf rdf:Alt","obo:DOID_1002 rdfs:subClassOf rdfs:Resource","rdf:XMLLiteral rdfs:subClassOf obo:DOID_3405","obo:DOID_0050686 rdfs:domain rdf:Statement","obo:DOID_421 rdfs:subClassOf obo:DOID_4852","rdf:first rdfs:subClassOf rdfs:Resource","obo:DOID_6970 rdfs:subClassOf rdf:Property","rdfs:range rdfs:subClassOf obo:DOID_9938","obo:DOID_4639 rdfs:subClassOf obo:DOID_3153","rdf:rest rdfs:subClassOf obo:DOID_896","obo:DOID_1963 rdfs:subClassOf obo:DOID_37"]}