{"OntologyName":"http://purl.obolibrary.org/obo/doid.owl#","Prefixes":{"":"http://purl.obolibrary.org/obo/doid.owl#","owl":"http://www.w3.org/2002/07/owl#","rdf":"http://www.w3.org/1999/02/22-rdf-syntax-ns#","oboInOwl":"http://www.geneontology.org/formats/oboInOwl#","xsd":"http://www.w3.org/2001/XMLSchema#","doid":"http://purl.obolibrary.org/obo/doid#","rdfs":"http://www.w3.org/2000/01/rdf-schema#","obo":"http://purl.obolibrary.org/obo/"},"TotalBase Triples":1000,"Axiomatic Triples in Base":0,"rdf:TypeTriples in Base":126,"TotalUniqueSubjects in base":127,"TotalUniquePredicates in base":17,"TotalUniqueObjects in base":730,"TotalInferred Triples":350,"AxiomaticTriples in inferred":100,"rdf:TypeTriples in inferred":225,"TotalUniqueSubjects in inferred":112,"TotalUniquePredicates in inferred":5,"TotalUniqueObjects in inferred":101,"TotalInvalid Triples":350,"AxiomaticTriples in invalid":66,"rdf:TypeTriples in invalid":41,"fullRandomTriples in invalid":0,"trickyTriplesInInvalid in invalid":350,"TotalUniqueSubjects in invalid":101,"TotalUniquePredicates in invalid":5,"TotalUniqueObjects in invalid":89,"Inference_time (miliseconds)":5,"Invalid triples generation time (miliseconds)":57,"Output (json_format) writing time (miliseconds)":0,"OriginalAxioms":["obo:DOID_14452 oboInOwl:hasDbXref MSH:D020514","obo:DOID_4051 oboInOwl:hasExactSynonym Alveolar rhabdomyosarcoma morphologic abnormality","8756b954-4a5c-4755-b275-ea9954bab49a owl:annotatedSource obo:DOID_0050882","2a089446-f1e7-4cb2-a598-f9a214f51f1b owl:annotatedProperty oboInOwl:hasExactSynonym","obo:DOID_0050466 oboInOwl:hasDbXref OMIM:610380","816481a8-752c-4122-bd98-b7eaa0d0a2cb rdf:type owl:Axiom","obo:DOID_0050517 oboInOwl:inSubset doid:zoonotic_infectious_disease","38b32c0f-85f0-4312-a498-f8676e5b3a54 rdf:type owl:Axiom","818104b1-c775-45ff-b9f8-75e0eea8e00a oboInOwl:hasDbXref NCI2004_11_17:C36086","obo:DOID_12210 oboInOwl:hasExactSynonym Bancroftian filariasis","12ae2076-4624-4122-8931-adf1adfb1c4e owl:annotatedProperty oboInOwl:hasExactSynonym","2e404393-b1c7-49a9-a7db-3edf14a49658 owl:annotatedSource obo:DOID_4757","36f3b197-aa6a-4c0e-b55f-d6d3480f5bfa owl:annotatedProperty oboInOwl:hasExactSynonym","4a35cf97-b525-4c9e-b764-f08733c3a039 owl:annotatedProperty oboInOwl:hasExactSynonym","obo:DOID_11299 oboInOwl:hasExactSynonym Occlusion and stenosis of vertebral artery","obo:DOID_3492 oboInOwl:hasDbXref NCI:C84892","2e63463e-6cfa-470b-bf44-2dbe1f044899 owl:annotatedSource obo:DOID_1659","0d6a3c11-1277-4cb9-816e-7e46aed12cc3 rdf:type owl:Axiom","8340d49c-1648-4945-bb06-24f22ff4fb9f owl:annotatedProperty oboInOwl:hasExactSynonym","obo:DOID_2645 oboInOwl:hasDbXref UMLS_CUI:C0025500","obo:DOID_2770 oboInOwl:hasDbXref SNOMEDCT_US_2015_03_01:91487003","obo:DOID_0050730 oboInOwl:hasDbXref OMIM:614652","obo:DOID_2733 oboInOwl:hasDbXref ICD10CM:L90.9","obo:DOID_4051 oboInOwl:hasExactSynonym alveolar childhood rhabdomyosarcoma","obo:DOID_4014 oboInOwl:hasExactSynonym transitional cell carcinoma, sarcomatoid","75da4a32-b027-4ed1-8ecf-366f1d3e33e0 owl:annotatedTarget anaplastic oligoastrocytoma","obo:DOID_5534 oboInOwl:hasExactSynonym Epidermoid carcinoma of the kidney Pelvis","obo:DOID_2770 oboInOwl:hasDbXref NCI:C111886","32556507-8cb9-4125-9485-0dd78b3d6c54 owl:annotatedTarget degenerative progressive high myopia disorder","7c9d652e-8f16-4107-ba0c-e6be27be15a2 owl:annotatedSource obo:DOID_11177","obo:DOID_4051 oboInOwl:hasDbXref SNOMEDCT_US_2015_03_01:63449009","764b1d07-853f-40ee-9fbf-803b791fb00b rdf:type owl:Axiom","obo:DOID_12995 oboInOwl:hasDbXref SNOMEDCT_US_2015_03_01:268785008","obo:DOID_2770 owl:deprecated true^^http://www.w3.org/2001/XMLSchema#boolean","19011c39-0128-44c8-b4a7-eeedb93d57fc oboInOwl:hasDbXref ICD9CM_2006:582.0","obo:DOID_14239 oboInOwl:inSubset doid:tick-borne_infectious_disease","obo:DOID_11387 oboInOwl:hasExactSynonym Epidural abscess","12ae2076-4624-4122-8931-adf1adfb1c4e oboInOwl:hasDbXref CSP2005:4006-0049","f4dbce0c-5861-4715-b29b-436ed6bf44f3 oboInOwl:hasDbXref ICD9CM_2006:184.0","obo:DOID_12995 rdfs:label conduct disorder","obo:DOID_14239 oboInOwl:hasExactSynonym intestinal tularaemia","obo:DOID_0060208 oboInOwl:hasExactSynonym CHMP2B-related amyotrophic lateral sclerosis","obo:DOID_11387 oboInOwl:id DOID:11387","obo:DOID_2557 oboInOwl:hasDbXref ICD10CM:M94.20","obo:DOID_2733 oboInOwl:hasDbXref SNOMEDCT_US_2015_03_01:399979006","818104b1-c775-45ff-b9f8-75e0eea8e00a owl:annotatedTarget Flat ductal epithelial Atypia","obo:DOID_0060208 obo:IAO_0000115 A type of ALS caused_by mutation located_in CHMP2B gene located_in chromosome 3.","obo:DOID_6285 oboInOwl:hasOBONamespace disease_ontology","obo:DOID_14276 oboInOwl:hasExactSynonym Subacromial impingement disorder","8340d49c-1648-4945-bb06-24f22ff4fb9f oboInOwl:hasDbXref SNOMEDCT_2005_07_31:95187002","2e63463e-6cfa-470b-bf44-2dbe1f044899 owl:annotatedProperty oboInOwl:hasExactSynonym","obo:DOID_2557 oboInOwl:id DOID:2557","obo:DOID_13605 rdf:type owl:Class","obo:DOID_0050730 oboInOwl:hasDbXref OMIM:614651","cff6fc14-1da1-4a76-922d-5582df972109 rdf:type owl:Axiom","49232ea9-c241-4d03-90f9-9d0201c80555 owl:annotatedTarget Naevus fuscocerulophthalmomaxillaris","3275b043-4ec4-4b30-8686-7154a8d5ce90 owl:annotatedProperty oboInOwl:hasExactSynonym","24c5d9f7-1a40-4251-9813-e7f64b5b1fc2 owl:annotatedSource obo:DOID_3691","obo:DOID_2645 rdfs:subClassOf obo:DOID_0060084","7c9d652e-8f16-4107-ba0c-e6be27be15a2 owl:annotatedProperty oboInOwl:hasExactSynonym","obo:DOID_9225 oboInOwl:hasOBONamespace disease_ontology","obo:DOID_14188 rdf:type owl:Class","fcafbeb2-69ed-4c1c-9dda-70bbc131fc87 rdf:type owl:Axiom","9e9343de-6744-4bff-af23-2b9fbbf1a62f owl:annotatedProperty oboInOwl:hasExactSynonym","obo:DOID_0050730 oboInOwl:hasDbXref OMIM:607426","c6e74b81-2811-402f-b013-9d151df94f9f owl:annotatedTarget Fibroepithelial polyp of skin","obo:DOID_3580 oboInOwl:hasExactSynonym testicular mixed germ cell-Sex Cord tumor","obo:DOID_2770 oboInOwl:hasDbXref SNOMEDCT_US_2015_03_01:238582000","obo:DOID_11400 oboInOwl:hasDbXref NCI:C34965","obo:DOID_14276 rdf:type owl:Class","764b1d07-853f-40ee-9fbf-803b791fb00b owl:annotatedSource obo:DOID_8907","obo:DOID_1074 oboInOwl:hasDbXref SNOMEDCT_US_2015_03_01:198524000","f930d838-bf73-450d-bef4-8aa284b7d746 owl:annotatedSource obo:DOID_8635","obo:DOID_14276 oboInOwl:hasDbXref UMLS_CUI:C0376685","obo:DOID_0050730 oboInOwl:hasDbXref OMIM:614650","obo:DOID_6197 rdfs:subClassOf obo:DOID_264","8dad6cff-3a19-48ce-8560-80e35c6920cd oboInOwl:hasDbXref NCI2004_11_17:C34733","2e404393-b1c7-49a9-a7db-3edf14a49658 rdf:type owl:Axiom","4be22810-abdf-45bc-ba55-597053d249aa oboInOwl:hasDbXref SNOMEDCT_2005_07_31:238848002","da826c77-12ad-49a4-a0c4-62cb77a434d9 owl:annotatedProperty oboInOwl:hasExactSynonym","obo:DOID_14452 oboInOwl:hasDbXref NCI:C84775","264975c9-3632-4f81-864b-c2c986195b52 rdf:type owl:Axiom","obo:DOID_14239 oboInOwl:inSubset doid:gram-negative_bacterial_infectious_disease","13e4f77d-92dc-4a75-9964-9f20ec0fb587 owl:annotatedSource obo:DOID_10588","obo:DOID_12995 oboInOwl:hasDbXref SNOMEDCT_US_2015_03_01:192104004","obo:DOID_0050466 oboInOwl:id DOID:0050466","102b81bd-fac8-4320-9af2-89a0728a87eb rdf:type owl:Axiom","obo:DOID_5710 owl:deprecated true^^http://www.w3.org/2001/XMLSchema#boolean","obo:DOID_4887 rdf:type owl:Class","obo:DOID_13605 oboInOwl:id DOID:13605","obo:DOID_13730 rdfs:label malignant renovascular hypertension","ce350f9d-d4ed-4386-b975-477d2c96da45 owl:annotatedProperty oboInOwl:hasExactSynonym","obo:DOID_303 oboInOwl:hasDbXref UMLS_CUI:C0236969","obo:DOID_4014 rdfs:label sarcomatoid transitional cell carcinoma","obo:DOID_3279 oboInOwl:hasExactSynonym Thymoma, medullary","139c6645-e7e1-4a01-ba21-bc3aa6c0c557 owl:annotatedProperty oboInOwl:hasExactSynonym","27e85116-b67b-4f29-9e4b-194c06f89ac7 owl:annotatedSource obo:DOID_4446","obo:DOID_11299 oboInOwl:hasDbXref ICD9CM:433.2","obo:DOID_5622 owl:deprecated true^^http://www.w3.org/2001/XMLSchema#boolean","obo:DOID_14452 oboInOwl:hasExactSynonym periodic hypokalemic paralysis","obo:DOID_4799 rdf:type owl:Class","139c6645-e7e1-4a01-ba21-bc3aa6c0c557 owl:annotatedTarget Cholesteatoma of middle ear and mastoid","obo:DOID_0080000 rdf:type owl:Class","obo:DOID_10841 oboInOwl:hasDbXref SNOMEDCT_US_2015_03_01:417496004","2d4385a1-e9cc-4188-bee2-fe7abda339b0 owl:annotatedTarget Sphingolipidosis, NOS","2e35c92a-fdc2-44d0-acbf-00dfdd9ad39a oboInOwl:hasDbXref SNOMEDCT_2005_07_31:48190005","fcafbeb2-69ed-4c1c-9dda-70bbc131fc87 oboInOwl:hasDbXref SNOMEDCT_2005_07_31:154290000","obo:DOID_1074 oboInOwl:hasDbXref ICD9CM:586","obo:DOID_11299 oboInOwl:hasDbXref UMLS_CUI:C0155724","obo:DOID_9174 oboInOwl:hasDbXref SNOMEDCT_US_2015_03_01:308879003","obo:DOID_0050429 rdfs:subClassOf obo:DOID_37","obo:DOID_14239 oboInOwl:inSubset doid:zoonotic_infectious_disease","obo:DOID_1074 oboInOwl:hasDbXref SNOMEDCT_US_2015_03_01:42399005","obo:DOID_14452 rdf:type owl:Class","obo:DOID_12995 oboInOwl:hasDbXref SNOMEDCT_US_2015_03_01:430909002","obo:DOID_14188 oboInOwl:id DOID:14188","4be22810-abdf-45bc-ba55-597053d249aa owl:annotatedTarget Cutis hyperelastica","obo:DOID_303 rdf:type owl:Class","obo:DOID_5534 rdfs:subClassOf obo:DOID_4919","obo:DOID_127 oboInOwl:hasDbXref UMLS_CUI:C0023267","89ea389d-b43e-4682-a8b8-d2bdc2cde923 rdf:type owl:Axiom","obo:DOID_14276 rdfs:label shoulder impingement syndrome","obo:DOID_10841 rdf:type owl:Class","obo:DOID_11299 rdfs:subClassOf obo:DOID_5976","obo:DOID_11400 oboInOwl:hasDbXref ICD10CM:N12","a8fb5b61-be58-4e1d-a78e-8b3c32fbcefb owl:annotatedSource obo:DOID_10652","obo:DOID_1998 oboInOwl:id DOID:1998","2e404393-b1c7-49a9-a7db-3edf14a49658 owl:annotatedProperty oboInOwl:hasExactSynonym","d0441e62-7520-4a06-b4e2-b3e923dd2b44 owl:annotatedTarget malignant neoplasm of liver, not specified as primary or secondary","obo:DOID_9174 oboInOwl:hasDbXref ICD9CM:230.4","eecfac95-d4ce-40f7-8b01-53a1cc5acaf1 oboInOwl:hasDbXref SNOMEDCT_2005_07_31:75403004","obo:DOID_14452 oboInOwl:hasExactSynonym Hypokalemic familial periodic paralysis","27e85116-b67b-4f29-9e4b-194c06f89ac7 owl:annotatedTarget Cyst of the CNS","obo:DOID_11400 oboInOwl:hasOBONamespace disease_ontology","obo:DOID_3279 oboInOwl:hasExactSynonym Medullary Thymoma","obo:DOID_0050554 oboInOwl:hasExactSynonym X-linked sideroblastic anemia and ataxia","obo:DOID_5409 oboInOwl:inSubset doid:DO_cancer_slim","8340d49c-1648-4945-bb06-24f22ff4fb9f owl:annotatedTarget nodular lymphoma of intrapelvic lymph nodes disorder","obo:DOID_11387 oboInOwl:hasExactSynonym abscess epidural","obo:DOID_12210 oboInOwl:hasExactSynonym Infection by Wuchereria bancrofti disorder","obo:DOID_11400 oboInOwl:hasDbXref SNOMEDCT_US_2015_03_01:45816000","139c6645-e7e1-4a01-ba21-bc3aa6c0c557 rdf:type owl:Axiom","obo:DOID_2645 oboInOwl:hasDbXref ICD10CM:C45.9","ce350f9d-d4ed-4386-b975-477d2c96da45 rdf:type owl:Axiom","obo:DOID_14276 oboInOwl:hasDbXref ICD10CM:M75.4","cff6fc14-1da1-4a76-922d-5582df972109 owl:annotatedTarget familial hyperbetalipoproteinaemia","obo:DOID_9225 oboInOwl:id DOID:9225","obo:DOID_0050642 obo:IAO_0000115 A microcytic anemia characterized by paler than normal blood cells.","obo:DOID_0050466 oboInOwl:hasDbXref UMLS_CUI:C1836635","102b81bd-fac8-4320-9af2-89a0728a87eb owl:annotatedProperty oboInOwl:hasExactSynonym","obo:DOID_5534 oboInOwl:hasOBONamespace disease_ontology","13e4f77d-92dc-4a75-9964-9f20ec0fb587 oboInOwl:hasDbXref MTHICD9_2006:341.1","obo:DOID_12995 oboInOwl:hasDbXref UMLS_CUI:C0149654","86bb33fc-e7de-47fd-9c39-23d866f87d5e oboInOwl:hasDbXref SNOMEDCT_2005_07_31:23615008","obo:DOID_12995 oboInOwl:hasOBONamespace disease_ontology","obo:DOID_303 rdfs:label substance-related disorder","264975c9-3632-4f81-864b-c2c986195b52 owl:annotatedProperty oboInOwl:hasExactSynonym","da826c77-12ad-49a4-a0c4-62cb77a434d9 rdf:type owl:Axiom","48bbe40f-184d-4d0d-926b-7acbe8eb4202 owl:annotatedTarget disorder of adrenal cortex disorder","obo:DOID_1998 rdfs:subClassOf obo:DOID_1882","8f0fe592-52f8-4218-8974-807c124a2cac owl:annotatedSource obo:DOID_10808","obo:DOID_2770 oboInOwl:hasExactSynonym Jacquets dermatitis","obo:DOID_0050605 rdfs:subClassOf obo:DOID_896","obo:DOID_127 rdf:type owl:Class","obo:DOID_9225 owl:deprecated true^^http://www.w3.org/2001/XMLSchema#boolean","obo:DOID_5409 obo:IAO_0000115 A lung carcinoma that has_material_basis_in primitive-appearing cells that are smaller than normal cells.","obo:DOID_11387 oboInOwl:hasDbXref MSH:D020802","obo:DOID_1074 rdfs:label kidney failure","da826c77-12ad-49a4-a0c4-62cb77a434d9 oboInOwl:hasDbXref SNOMEDCT_2005_07_31:285344007","obo:DOID_0050730 oboInOwl:hasDbXref OMIM:612016","obo:DOID_2733 oboInOwl:hasDbXref SNOMEDCT_US_2015_03_01:267857003","89ea389d-b43e-4682-a8b8-d2bdc2cde923 owl:annotatedProperty oboInOwl:hasExactSynonym","obo:DOID_2770 oboInOwl:hasOBONamespace disease_ontology","obo:DOID_14452 oboInOwl:hasDbXref OMIM:170400","obo:DOID_4051 oboInOwl:hasAlternativeId DOID:4382","obo:DOID_6285 oboInOwl:id DOID:6285","8c273ea9-7553-43be-b759-254b965c455a oboInOwl:hasDbXref url:http://birdflubook.com/resources/0Kallio-Kokkoxxx.pdf","obo:DOID_1074 oboInOwl:hasDbXref ICD10CM:N19","49232ea9-c241-4d03-90f9-9d0201c80555 oboInOwl:hasDbXref SNOMEDCT_2005_07_31:414929001","obo:DOID_4799 oboInOwl:id DOID:4799","obo:DOID_0060245 oboInOwl:creation_date 2015-01-28T16:42:37Z","obo:DOID_14239 obo:IAO_0000115 A tularemia that results in formation of ulcerative lesions located_in gastrointestinal tract. The infection has_symptom fever, has_symptom chills, has_symptom malaise, has_symptom muscle aches, and has_symptom vomiting.","obo:DOID_13605 rdfs:label acute schizophrenic episode chronic state","beaaed1e-c5e9-4461-8d63-ab47c5ba9f23 rdf:type owl:Axiom","obo:DOID_0080000 rdfs:subClassOf obo:DOID_17","obo:DOID_12995 oboInOwl:hasDbXref ICD10CM:F91.9","obo:DOID_3367 oboInOwl:hasDbXref NCI:C7154","12ae2076-4624-4122-8931-adf1adfb1c4e rdf:type owl:Axiom","38b32c0f-85f0-4312-a498-f8676e5b3a54 owl:annotatedProperty oboInOwl:hasExactSynonym","816481a8-752c-4122-bd98-b7eaa0d0a2cb owl:annotatedProperty oboInOwl:hasExactSynonym","5e236879-19c2-4b2a-9633-a4ded3964bb9 owl:annotatedTarget Thymoma malignant recurrent","b71ab745-554b-4caf-8b14-fc58eef651d4 oboInOwl:hasDbXref NCI2004_11_17:C8707","c6a89576-d409-4556-89cf-02c4d83d1cec owl:annotatedSource obo:DOID_3883","obo:DOID_0060421 rdfs:subClassOf obo:DOID_0060388","obo:DOID_8503 rdfs:label impetigo herpetiformis","obo:DOID_5710 oboInOwl:hasOBONamespace disease_ontology","2a089446-f1e7-4cb2-a598-f9a214f51f1b rdf:type owl:Axiom","b71ab745-554b-4caf-8b14-fc58eef651d4 owl:annotatedTarget relapsed malignant Pleural Mesothelioma","obo:DOID_1037 oboInOwl:hasDbXref ICD10CM:C91.90","obo:DOID_5409 rdfs:label lung small cell carcinoma","obo:DOID_2733 rdfs:subClassOf obo:DOID_37","obo:DOID_0050730 oboInOwl:hasDbXref OMIM:614654","obo:DOID_4014 oboInOwl:id DOID:4014","obo:DOID_14276 oboInOwl:hasDbXref MSH:D019534","24c5d9f7-1a40-4251-9813-e7f64b5b1fc2 oboInOwl:hasDbXref NCI2004_11_17:C5606","obo:DOID_0060208 rdfs:label amyotrophic lateral sclerosis type 17","obo:DOID_14276 oboInOwl:hasDbXref SNOMEDCT_US_2015_03_01:239960007","beaaed1e-c5e9-4461-8d63-ab47c5ba9f23 oboInOwl:hasDbXref url:http://www.cdc.gov/rotavirus/about/symptoms.html","0d6a3c11-1277-4cb9-816e-7e46aed12cc3 owl:annotatedProperty oboInOwl:hasExactSynonym","8340d49c-1648-4945-bb06-24f22ff4fb9f rdf:type owl:Axiom","obo:DOID_127 oboInOwl:hasDbXref SNOMEDCT_US_2015_03_01:702978006","obo:DOID_0060333 oboInOwl:hasExactSynonym MC5DN4","obo:DOID_0050466 rdfs:label Loeys-Dietz syndrome","obo:DOID_14276 oboInOwl:hasExactSynonym Shoulder impingement syndrome disorder [Ambiguous]","obo:DOID_0050466 oboInOwl:hasDbXref OMIM:613795","obo:DOID_5409 oboInOwl:hasOBONamespace disease_ontology","obo:DOID_5409 oboInOwl:hasExactSynonym small cell carcinoma of lung disorder","obo:DOID_10790 oboInOwl:hasDbXref NCI:C34473","36f3b197-aa6a-4c0e-b55f-d6d3480f5bfa rdf:type owl:Axiom","4a35cf97-b525-4c9e-b764-f08733c3a039 rdf:type owl:Axiom","obo:DOID_1037 oboInOwl:hasDbXref ICD9CM:204.9","fcafbeb2-69ed-4c1c-9dda-70bbc131fc87 owl:annotatedSource obo:DOID_5380","obo:DOID_303 oboInOwl:hasDbXref NCI:C92203","obo:DOID_0050605 rdfs:label acrodermatitis enteropathica","655b8577-1f36-4cad-9fca-7423f96dfa0c oboInOwl:hasDbXref SNOMEDCT_2005_07_31:197906006","0f3a1afb-ea13-4ff7-99ad-301a392d2c2c owl:annotatedTarget peripheral motor neuropathy disorder","0f77c674-b91c-4c96-8f90-9a56b1ca7b92 owl:annotatedSource obo:DOID_445","obo:DOID_1074 oboInOwl:id DOID:1074","cdb18134-aca5-435c-b30d-fd65645db750 owl:annotatedTarget Lipoma of skin and subcutaneous tissue of face NOS disorder","obo:DOID_127 oboInOwl:hasDbXref SNOMEDCT_US_2015_03_01:189793008","obo:DOID_0050466 oboInOwl:hasDbXref OMIM:609192","obo:DOID_14239 oboInOwl:hasDbXref SNOMEDCT_US_2015_03_01:186296003","obo:DOID_3492 oboInOwl:hasDbXref MSH:D008947","obo:DOID_12995 oboInOwl:hasDbXref ICD9CM:312.9","764b1d07-853f-40ee-9fbf-803b791fb00b owl:annotatedProperty oboInOwl:hasExactSynonym","6663eb4a-e78f-4849-9ba7-0c6b2469c38e owl:annotatedProperty obo:IAO_0000115","obo:DOID_14188 oboInOwl:hasDbXref SNOMEDCT_US_2015_03_01:8753005","obo:DOID_14276 oboInOwl:hasDbXref SNOMEDCT_US_2015_03_01:128498000","9e9343de-6744-4bff-af23-2b9fbbf1a62f rdf:type owl:Axiom","obo:DOID_5622 oboInOwl:hasOBONamespace disease_ontology","obo:DOID_14239 oboInOwl:hasExactSynonym Enteric tularemia","fcafbeb2-69ed-4c1c-9dda-70bbc131fc87 owl:annotatedProperty oboInOwl:hasExactSynonym","7c9d652e-8f16-4107-ba0c-e6be27be15a2 rdf:type owl:Axiom","obo:DOID_13730 rdf:type owl:Class","8c273ea9-7553-43be-b759-254b965c455a rdf:type owl:Axiom","obo:DOID_0060208 oboInOwl:hasExactSynonym amyotrophic lateral sclerosis 17","3275b043-4ec4-4b30-8686-7154a8d5ce90 rdf:type owl:Axiom","4a35cf97-b525-4c9e-b764-f08733c3a039 oboInOwl:hasDbXref SNOMEDCT_2005_07_31:134208005","cff6fc14-1da1-4a76-922d-5582df972109 owl:annotatedProperty oboInOwl:hasExactSynonym","obo:DOID_0060245 oboInOwl:id DOID:0060245","2e63463e-6cfa-470b-bf44-2dbe1f044899 rdf:type owl:Axiom","obo:DOID_9174 oboInOwl:id DOID:9174","49232ea9-c241-4d03-90f9-9d0201c80555 owl:annotatedSource obo:DOID_11654","obo:DOID_9174 oboInOwl:hasExactSynonym carcinoma in situ of rectum disorder","obo:DOID_9174 rdf:type owl:Class","2f891f50-a762-4bef-a6ef-8e4ef0ec41ff owl:annotatedTarget An inherited metabolic disorder that involves elevated levels of bilirubin resulting from disruption of bilirubin metabolism.","obo:DOID_2733 oboInOwl:hasDbXref UMLS_CUI:C0151514","obo:DOID_0060208 rdfs:subClassOf obo:DOID_332","obo:DOID_9174 oboInOwl:hasDbXref SNOMEDCT_US_2015_03_01:92696009","obo:DOID_14239 oboInOwl:hasDbXref UMLS_CUI:C0029835","obo:DOID_11387 obo:IAO_0000115 Epidural abscess is a CNS abscess characterized by a collection of pus infected material between the outer covering of the brain and spinal cord and the bones of the skull or spine. The abscess causes swelling in the area. Epidural abscess is a rare disorder caused by infection in the area between the bones of the skull or spine, and the membranes covering the brain and spinal cord meninges. This infectious disease is called an intracranial epidural abscess if it is inside the skull area, or a spinal epidural abscess if it is found in the spine area. Nine out of 10 cases are located in the spine.","13e4f77d-92dc-4a75-9964-9f20ec0fb587 owl:annotatedTarget Encephalitis periaxialis, Schilders","84c79059-ab54-461a-b0a0-58312afa97be owl:annotatedSource obo:DOID_10323","2e63463e-6cfa-470b-bf44-2dbe1f044899 owl:annotatedTarget malignant Supratentorial tumor","obo:DOID_14239 oboInOwl:hasDbXref SNOMEDCT_US_2015_03_01:186299005","0f3a1afb-ea13-4ff7-99ad-301a392d2c2c owl:annotatedSource obo:DOID_683","c6a89576-d409-4556-89cf-02c4d83d1cec oboInOwl:hasDbXref SNOMEDCT_2005_07_31:315058005","obo:DOID_5409 oboInOwl:hasExactSynonym Oat cell carcinoma of lung disorder","obo:DOID_14239 oboInOwl:hasDbXref UMLS_CUI:C0152942","f930d838-bf73-450d-bef4-8aa284b7d746 owl:annotatedProperty oboInOwl:hasExactSynonym","obo:DOID_1074 oboInOwl:hasDbXref UMLS_CUI:C0035078","obo:DOID_2733 oboInOwl:hasOBONamespace disease_ontology","beaaed1e-c5e9-4461-8d63-ab47c5ba9f23 owl:annotatedProperty obo:IAO_0000115","a0b53aab-70a3-4b4f-bb9b-66654e893ec1 owl:annotatedProperty oboInOwl:hasExactSynonym","84c79059-ab54-461a-b0a0-58312afa97be owl:annotatedTarget Flax-dressers disease","obo:DOID_1037 rdf:type owl:Class","d0441e62-7520-4a06-b4e2-b3e923dd2b44 owl:annotatedProperty oboInOwl:hasExactSynonym","obo:DOID_14239 oboInOwl:hasDbXref SNOMEDCT_US_2015_03_01:186298002","obo:DOID_2733 oboInOwl:id DOID:2733","obo:DOID_5534 oboInOwl:hasRelatedSynonym squamous cell carcinoma of renal pelvis","obo:DOID_8415 oboInOwl:hasDbXref UMLS_CUI:C1332840","obo:DOID_4014 oboInOwl:hasDbXref UMLS_CUI:C0334271","obo:DOID_14239 rdfs:subClassOf obo:DOID_2123","5e236879-19c2-4b2a-9633-a4ded3964bb9 rdf:type owl:Axiom","cdb18134-aca5-435c-b30d-fd65645db750 owl:annotatedProperty oboInOwl:hasExactSynonym","obo:DOID_4014 oboInOwl:hasDbXref NCI:C4120","bbc1101c-ac22-4792-9b9c-e87aa105c4c9 owl:annotatedTarget peroxisomal disorder","obo:DOID_1074 oboInOwl:hasDbXref MSH:D051437","obo:DOID_11387 oboInOwl:hasOBONamespace disease_ontology","8f0fe592-52f8-4218-8974-807c124a2cac rdf:type owl:Axiom","obo:DOID_3492 oboInOwl:hasOBONamespace disease_ontology","obo:DOID_11299 oboInOwl:hasOBONamespace disease_ontology","obo:DOID_2733 oboInOwl:hasDbXref SNOMEDCT_US_2015_03_01:400190005","obo:DOID_2770 oboInOwl:hasExactSynonym Diaper or napkin rash","obo:DOID_14188 oboInOwl:hasDbXref UMLS_CUI:C0311223","obo:DOID_5710 oboInOwl:id DOID:5710","117342ea-03fa-4c4e-82aa-6ef781204c89 oboInOwl:hasDbXref SNOMEDCT_2005_07_31:26638004","obo:DOID_3492 rdfs:subClassOf obo:DOID_854","obo:DOID_10790 oboInOwl:hasDbXref ICD10CM:J32.1","obo:DOID_14239 oboInOwl:hasOBONamespace disease_ontology","obo:DOID_8415 rdfs:subClassOf obo:DOID_4931","obo:DOID_8503 rdf:type owl:Class","obo:DOID_0060421 rdfs:label chromosome 5q12 deletion syndrome","obo:DOID_14188 oboInOwl:hasDbXref SNOMEDCT_US_2015_03_01:202847004","eecfac95-d4ce-40f7-8b01-53a1cc5acaf1 rdf:type owl:Axiom","obo:DOID_3492 obo:IAO_0000115 A collagen disease that is considered an overlap of three diseases, systemic lupus erythematosus, scleroderma, and polymyositis with very high titers of circulating antinuclear antibody to a ribonucleoprotein antigen.","obo:DOID_1074 oboInOwl:hasDbXref SNOMEDCT_US_2015_03_01:266616000","obo:DOID_9225 rdfs:label Hodgkins sarcoma involving intrapelvic lymph nodes","obo:DOID_1074 rdf:type owl:Class","5949f6bc-f750-4bf3-a2c3-96e4dec65d70 owl:annotatedProperty oboInOwl:hasExactSynonym","obo:DOID_3580 owl:deprecated true^^http://www.w3.org/2001/XMLSchema#boolean","obo:DOID_11400 oboInOwl:hasDbXref ICD10CM:N10-N16","obo:DOID_0050730 rdfs:subClassOf obo:DOID_700","obo:DOID_6197 rdf:type owl:Class","86bb33fc-e7de-47fd-9c39-23d866f87d5e owl:annotatedProperty oboInOwl:hasExactSynonym","obo:DOID_2557 oboInOwl:hasOBONamespace disease_ontology","obo:DOID_14188 oboInOwl:hasDbXref SNOMEDCT_US_2015_03_01:156664007","obo:DOID_4051 oboInOwl:hasExactSynonym Alveolar rhabdomyosarcoma disorder","264975c9-3632-4f81-864b-c2c986195b52 oboInOwl:hasDbXref SNOMEDCT_2005_07_31:93961004","obo:DOID_1037 oboInOwl:hasDbXref NCI:C7539","obo:DOID_11387 oboInOwl:hasDbXref UMLS_CUI:C0270629","obo:DOID_4014 rdf:type owl:Class","6663eb4a-e78f-4849-9ba7-0c6b2469c38e rdf:type owl:Axiom","obo:DOID_0060245 obo:IAO_0000115 A hereditary spastic paraplegia associated with dementia.","16748cef-c3cb-4705-beaa-33dcd5199684 owl:annotatedTarget Motion sickness disorder","2d4385a1-e9cc-4188-bee2-fe7abda339b0 owl:annotatedProperty oboInOwl:hasExactSynonym","c6e74b81-2811-402f-b013-9d151df94f9f owl:annotatedSource obo:DOID_6873","0f3a1afb-ea13-4ff7-99ad-301a392d2c2c rdf:type owl:Axiom","obo:DOID_4102 rdf:type owl:Class","818104b1-c775-45ff-b9f8-75e0eea8e00a owl:annotatedSource obo:DOID_6841","8c273ea9-7553-43be-b759-254b965c455a owl:annotatedProperty obo:IAO_0000115","obo:DOID_4975 rdfs:label Actinobacillus infectious disease","38f3052f-c22d-41ea-99b6-72983987dc72 owl:annotatedSource obo:DOID_4556","obo:DOID_0060421 oboInOwl:created_by elvira","f4dbce0c-5861-4715-b29b-436ed6bf44f3 rdf:type owl:Axiom","obo:DOID_14452 oboInOwl:hasDbXref ICD10CM:G72.3","obo:DOID_0050517 oboInOwl:hasOBONamespace disease_ontology","48bbe40f-184d-4d0d-926b-7acbe8eb4202 oboInOwl:hasDbXref SNOMEDCT_2005_07_31:129636003","13f77a31-8219-4eee-9781-b97edd82c6e1 oboInOwl:hasDbXref SNOMEDCT_2005_07_31:155110004","01786970-df37-4c6d-ae46-207c821db214 owl:annotatedTarget Apert syndrome","obo:DOID_2770 oboInOwl:id DOID:2770","8756b954-4a5c-4755-b275-ea9954bab49a oboInOwl:hasDbXref url:http://www.orpha.net/consor/cgi-bin/OC_Exp.php?lng\u003dEN\u0026Expert\u003d98766","obo:DOID_0050642 oboInOwl:hasDbXref OMIM:615234","obo:DOID_8415 oboInOwl:id DOID:8415","obo:DOID_1074 oboInOwl:hasDbXref NCI:C4376","obo:DOID_8503 oboInOwl:hasDbXref ICD10CM:L40.1","12ae2076-4624-4122-8931-adf1adfb1c4e owl:annotatedSource obo:DOID_11123","obo:DOID_0060208 rdf:type owl:Class","obo:DOID_8503 oboInOwl:id DOID:8503","9e2796ae-544d-4442-be36-803d7ab01dc6 owl:annotatedTarget A lymph node disease characterized by enlarged, non-painful lymph nodes occurring for more than three to six months for which no other reason can be found.","obo:DOID_3580 rdfs:label testicular mixed germ cell-sex cord-stromal neoplasm","obo:DOID_8503 oboInOwl:hasDbXref SNOMEDCT_US_2015_03_01:200973000","obo:DOID_4102 oboInOwl:id DOID:4102","38b32c0f-85f0-4312-a498-f8676e5b3a54 owl:annotatedTarget Occult squamous cell carcinoma of the lung","obo:DOID_2645 oboInOwl:hasOBONamespace disease_ontology","obo:DOID_3492 rdfs:label mixed connective tissue disease","obo:DOID_12995 oboInOwl:hasDbXref SNOMEDCT_US_2015_03_01:192106002","75da4a32-b027-4ed1-8ecf-366f1d3e33e0 owl:annotatedSource obo:DOID_7306","obo:DOID_2645 oboInOwl:hasDbXref SNOMEDCT_US_2015_03_01:189837000","obo:DOID_127 oboInOwl:hasDbXref NCI:C3157","obo:DOID_14276 oboInOwl:hasDbXref SNOMEDCT_US_2015_03_01:202851002","a8fb5b61-be58-4e1d-a78e-8b3c32fbcefb oboInOwl:hasDbXref MSH:C536597","obo:DOID_2645 oboInOwl:hasDbXref SNOMEDCT_US_2015_03_01:62064005","obo:DOID_14239 oboInOwl:hasDbXref SNOMEDCT_US_2015_03_01:398599000","a8fb5b61-be58-4e1d-a78e-8b3c32fbcefb owl:annotatedTarget Alzheimer disease, familial","2e404393-b1c7-49a9-a7db-3edf14a49658 owl:annotatedTarget Sex Cord-Stromal tumor of testis","obo:DOID_10841 oboInOwl:id DOID:10841","da826c77-12ad-49a4-a0c4-62cb77a434d9 owl:annotatedSource obo:DOID_2327","obo:DOID_0060245 oboInOwl:hasExactSynonym autosomal recessive spastic paraplegia 21","obo:DOID_4051 rdfs:label alveolar rhabdomyosarcoma","obo:DOID_5710 oboInOwl:hasExactSynonym relapsed Liposarcoma","f930d838-bf73-450d-bef4-8aa284b7d746 oboInOwl:hasDbXref NCI2004_11_17:C35177","7c9d652e-8f16-4107-ba0c-e6be27be15a2 oboInOwl:hasDbXref ICD9CM_2006:367.52","obo:DOID_14188 oboInOwl:hasDbXref SNOMEDCT_US_2015_03_01:268087008","102b81bd-fac8-4320-9af2-89a0728a87eb owl:annotatedSource obo:DOID_4085","8f0fe592-52f8-4218-8974-807c124a2cac oboInOwl:hasDbXref ICD9CM_2006:531.01","obo:DOID_10841 rdfs:subClassOf obo:DOID_934","86bb33fc-e7de-47fd-9c39-23d866f87d5e rdf:type owl:Axiom","8756b954-4a5c-4755-b275-ea9954bab49a owl:annotatedTarget An autosomal dominant cerebellar ataxia that is characterized by the early-onset of cerebellar signs and eye movement abnormalities with a very slow disease progression, and has_physical_basis_in a mutation in the SPTBN2 gene.","obo:DOID_6285 rdfs:subClassOf obo:DOID_0060091","5949f6bc-f750-4bf3-a2c3-96e4dec65d70 rdf:type owl:Axiom","d44bdf9f-89c8-4fbb-9d13-f9be8649d4dc owl:annotatedSource obo:DOID_5576","obo:DOID_5409 rdfs:subClassOf obo:DOID_3905","obo:DOID_303 rdfs:subClassOf obo:DOID_150","obo:DOID_14239 oboInOwl:id DOID:14239","obo:DOID_2770 rdfs:label diaper rash","obo:DOID_14276 oboInOwl:hasExactSynonym Impingement syndrome of shoulder region","9e2796ae-544d-4442-be36-803d7ab01dc6 oboInOwl:hasDbXref url:http://en.wikipedia.org/wiki/Persistent_generalized_lymphadenopathy","obo:DOID_11299 oboInOwl:id DOID:11299","obo:DOID_2645 rdfs:label benign mesothelioma","f4dbce0c-5861-4715-b29b-436ed6bf44f3 owl:annotatedProperty oboInOwl:hasExactSynonym","obo:DOID_0050642 oboInOwl:hasOBONamespace disease_ontology","obo:DOID_12995 oboInOwl:hasDbXref ICD10CM:F91","0f3a1afb-ea13-4ff7-99ad-301a392d2c2c oboInOwl:hasDbXref SNOMEDCT_2005_07_31:95663000","obo:DOID_1037 oboInOwl:hasDbXref SNOMEDCT_US_2015_03_01:190033006","obo:DOID_1998 rdf:type owl:Class","0f3a1afb-ea13-4ff7-99ad-301a392d2c2c owl:annotatedProperty oboInOwl:hasExactSynonym","obo:DOID_9174 oboInOwl:hasExactSynonym Severe Rectal Dysplasia","2d4385a1-e9cc-4188-bee2-fe7abda339b0 rdf:type owl:Axiom","obo:DOID_3367 rdfs:subClassOf obo:DOID_3347","obo:DOID_14276 oboInOwl:id DOID:14276","9e9343de-6744-4bff-af23-2b9fbbf1a62f oboInOwl:hasDbXref SNOMEDCT_2005_07_31:190566000","obo:DOID_2770 oboInOwl:hasDbXref UMLS_CUI:C0011974","obo:DOID_4102 rdfs:label secondary carcinoma","obo:DOID_13730 rdfs:subClassOf obo:DOID_13731","obo:DOID_0050429 oboInOwl:hasOBONamespace disease_ontology","obo:DOID_0050554 rdfs:subClassOf obo:DOID_8955","obo:DOID_2645 oboInOwl:hasDbXref SNOMEDCT_US_2015_03_01:190110008","8340d49c-1648-4945-bb06-24f22ff4fb9f owl:annotatedSource obo:DOID_8664","13f77a31-8219-4eee-9781-b97edd82c6e1 owl:annotatedTarget Retinopathy of prematurity","obo:DOID_2645 oboInOwl:id DOID:2645","117342ea-03fa-4c4e-82aa-6ef781204c89 owl:annotatedSource obo:DOID_5401","obo:DOID_0060333 rdf:type owl:Class","42678090-fc08-45b6-a19e-b66bdebe9463 owl:annotatedSource obo:DOID_11459","obo:DOID_0050642 oboInOwl:inSubset doid:DO_MGI_slim","19011c39-0128-44c8-b4a7-eeedb93d57fc owl:annotatedTarget chronic glomerulonephritis with lesion of proliferative glomerulonephritis","obo:DOID_0060208 oboInOwl:creation_date 2014-09-16T15:20:50Z","obo:DOID_11299 rdfs:label vertebral artery occlusion","obo:DOID_0050730 oboInOwl:hasOBONamespace disease_ontology","obo:DOID_4975 rdf:type owl:Class","obo:DOID_14452 oboInOwl:hasDbXref SNOMEDCT_US_2015_03_01:240093008","obo:DOID_1037 oboInOwl:hasDbXref SNOMEDCT_US_2015_03_01:154587007","obo:DOID_0060421 rdf:type owl:Class","8756b954-4a5c-4755-b275-ea9954bab49a oboInOwl:hasDbXref url:http://www.ncbi.nlm.nih.gov/pubmed/?term\u003d20368622","8f0fe592-52f8-4218-8974-807c124a2cac owl:annotatedTarget acute gastric ulcer with hemorrhage, with obstruction","obo:DOID_11400 oboInOwl:hasDbXref SNOMEDCT_US_2015_03_01:197784003","obo:DOID_2733 rdfs:label skin atrophy","obo:DOID_10841 rdfs:label Eastern equine encephalitis","obo:DOID_0060245 oboInOwl:hasDbXref ORDO:101001","obo:DOID_12210 rdf:type owl:Class","obo:DOID_2770 oboInOwl:hasDbXref ICD10CM:L22","obo:DOID_14276 oboInOwl:hasDbXref SNOMEDCT_US_2015_03_01:366831005","obo:DOID_9174 oboInOwl:hasDbXref ICD10CM:D01.2","bfaa64d0-d2c3-4859-a84f-30f557ca3b4e owl:annotatedSource obo:DOID_8946","obo:DOID_2557 oboInOwl:hasDbXref ICD10CM:M94.2","obo:DOID_3279 oboInOwl:hasOBONamespace disease_ontology","obo:DOID_0060245 rdf:type owl:Class","eecfac95-d4ce-40f7-8b01-53a1cc5acaf1 owl:annotatedTarget Cardiac sarcoidosis disorder","obo:DOID_0050730 oboInOwl:hasExactSynonym COENZYME Q10 DEFICIENCY, PRIMARY","obo:DOID_0050466 oboInOwl:hasOBONamespace disease_ontology","86bb33fc-e7de-47fd-9c39-23d866f87d5e owl:annotatedSource obo:DOID_4406","obo:DOID_0050730 oboInOwl:created_by lschriml","obo:DOID_14276 rdfs:subClassOf obo:DOID_381","0f77c674-b91c-4c96-8f90-9a56b1ca7b92 owl:annotatedTarget Aldosteronism with hyperplasia of the adrenal cortex","obo:DOID_8503 oboInOwl:hasDbXref SNOMEDCT_US_2015_03_01:65539006","3bd25aa5-cae9-409f-89c1-13de75c61051 owl:annotatedSource obo:DOID_12298","obo:DOID_0050429 oboInOwl:hasDbXref MSH:D016506","obo:DOID_14239 oboInOwl:hasAlternativeId DOID:0050071","obo:DOID_0060245 oboInOwl:hasDbXref ICD10CM:G11.4","obo:DOID_6285 oboInOwl:hasExactSynonym Lipoma of Heart","obo:DOID_8503 oboInOwl:hasExactSynonym Impetigo herpetiformis disorder","a0b53aab-70a3-4b4f-bb9b-66654e893ec1 rdf:type owl:Axiom","obo:DOID_8415 rdf:type owl:Class","obo:DOID_0050429 rdfs:label Hailey-Hailey disease","f930d838-bf73-450d-bef4-8aa284b7d746 rdf:type owl:Axiom","obo:DOID_3580 oboInOwl:hasOBONamespace disease_ontology","obo:DOID_10790 rdfs:subClassOf obo:DOID_10791","obo:DOID_0050730 obo:IAO_0000115 A mitochondrial metabolism disease that is characterized by a deficiency of CoQ10 resulting from reduced biosynthesis.","cdb18134-aca5-435c-b30d-fd65645db750 owl:annotatedSource obo:DOID_10188","obo:DOID_2645 oboInOwl:hasDbXref ICD10CM:C45","obo:DOID_1037 oboInOwl:hasDbXref SNOMEDCT_US_2015_03_01:188725004","obo:DOID_0050554 oboInOwl:hasOBONamespace disease_ontology","obo:DOID_0050429 oboInOwl:hasDbXref ICD10CM:Q82.8","2a089446-f1e7-4cb2-a598-f9a214f51f1b owl:annotatedSource obo:DOID_288","obo:DOID_5409 oboInOwl:hasDbXref MSH:D055752","obo:DOID_14452 oboInOwl:hasExactSynonym familial periodic paralysis \u0026 [hypokalaemic]","obo:DOID_0050730 oboInOwl:creation_date 2012-07-17T12:58:37Z","obo:DOID_4799 rdfs:label AIDS-related idiopathic thrombocytopenic purpura","obo:DOID_11387 oboInOwl:hasDbXref SNOMEDCT_US_2015_03_01:310671007","obo:DOID_2557 oboInOwl:hasDbXref UMLS_CUI:C0085700","obo:DOID_11400 oboInOwl:hasDbXref SNOMEDCT_US_2015_03_01:197779009","8f0fe592-52f8-4218-8974-807c124a2cac owl:annotatedProperty oboInOwl:hasExactSynonym","b0a85e52-ae96-408c-8282-204dd42d01b1 owl:annotatedSource obo:DOID_8866","01786970-df37-4c6d-ae46-207c821db214 owl:annotatedSource obo:DOID_12960","obo:DOID_4051 rdf:type owl:Class","cdb18134-aca5-435c-b30d-fd65645db750 rdf:type owl:Axiom","5e236879-19c2-4b2a-9633-a4ded3964bb9 owl:annotatedProperty oboInOwl:hasExactSynonym","obo:DOID_3367 oboInOwl:hasOBONamespace disease_ontology","d0441e62-7520-4a06-b4e2-b3e923dd2b44 rdf:type owl:Axiom","obo:DOID_1037 oboInOwl:hasDbXref ICD10CM:C91","obo:DOID_303 oboInOwl:hasDbXref MSH:D019966","obo:DOID_5409 oboInOwl:id DOID:5409","eecfac95-d4ce-40f7-8b01-53a1cc5acaf1 owl:annotatedProperty oboInOwl:hasExactSynonym","obo:DOID_3492 oboInOwl:hasExactSynonym mixed collagen vascular disease disorder","cdb18134-aca5-435c-b30d-fd65645db750 oboInOwl:hasDbXref SNOMEDCT_2005_07_31:188989000","obo:DOID_1998 rdfs:label Lutembachers syndrome","obo:DOID_11400 oboInOwl:hasDbXref UMLS_CUI:C0034186","obo:DOID_4014 oboInOwl:hasDbXref SNOMEDCT_US_2015_03_01:112676006","obo:DOID_1037 oboInOwl:hasDbXref SNOMEDCT_US_2015_03_01:269631008","obo:DOID_1037 obo:IAO_0000115 A leukemia that has_material_basis_in lymphoblasts immature white blood cells.","ce350f9d-d4ed-4386-b975-477d2c96da45 owl:annotatedTarget Specialized gonadal neoplasm NOS morphologic abnormality","obo:DOID_0060333 oboInOwl:creation_date 2015-03-12T16:04:59Z","obo:DOID_0050466 oboInOwl:inSubset doid:DO_MGI_slim","obo:DOID_2733 oboInOwl:hasDbXref SNOMEDCT_US_2015_03_01:16343004","obo:DOID_0060333 rdfs:label mitochondrial complex V ATP synthase deficiency nuclear type 4","obo:DOID_2557 rdfs:label chondromalacia","obo:DOID_1074 rdfs:subClassOf obo:DOID_557","obo:DOID_0080000 rdfs:label muscular disease","2f891f50-a762-4bef-a6ef-8e4ef0ec41ff owl:annotatedProperty obo:IAO_0000115","obo:DOID_3492 oboInOwl:hasDbXref ICD10CM:M35.1","obo:DOID_0050517 obo:IAO_0000115 A viral infectious disease that results_in infection located_in joint, has_material_basis_in Barmah Forest virus, which is transmitted_by mosquito bite. The infection has_symptom fever, has_symptom arthralgia, and has_symptom rash.","obo:DOID_1037 oboInOwl:id DOID:1037","a8fb5b61-be58-4e1d-a78e-8b3c32fbcefb owl:annotatedProperty oboInOwl:hasRelatedSynonym","0d6a3c11-1277-4cb9-816e-7e46aed12cc3 oboInOwl:hasDbXref SNOMEDCT_2005_07_31:269528004","obo:DOID_5534 rdf:type owl:Class","obo:DOID_11400 oboInOwl:id DOID:11400","obo:DOID_4051 oboInOwl:hasDbXref OMIM:268220","obo:DOID_9174 oboInOwl:hasExactSynonym Severe dysplasia of rectum disorder","obo:DOID_0050517 oboInOwl:id DOID:0050517","obo:DOID_12995 rdf:type owl:Class","655b8577-1f36-4cad-9fca-7423f96dfa0c owl:annotatedProperty oboInOwl:hasExactSynonym","ce350f9d-d4ed-4386-b975-477d2c96da45 owl:annotatedSource obo:DOID_192","cff6fc14-1da1-4a76-922d-5582df972109 oboInOwl:hasDbXref SNOMEDCT_2005_07_31:190776000","obo:DOID_2733 oboInOwl:hasDbXref NCI:C35163","a0b53aab-70a3-4b4f-bb9b-66654e893ec1 owl:annotatedTarget sarcoma of the brain","c6a89576-d409-4556-89cf-02c4d83d1cec owl:annotatedProperty oboInOwl:hasExactSynonym","obo:DOID_9174 rdfs:subClassOf obo:DOID_8719","obo:DOID_4102 oboInOwl:hasExactSynonym secondary carcinoma NOS disorder","c6e74b81-2811-402f-b013-9d151df94f9f oboInOwl:hasDbXref NCI2004_11_17:C3374","49232ea9-c241-4d03-90f9-9d0201c80555 rdf:type owl:Axiom","obo:DOID_11400 rdf:type owl:Class","obo:DOID_1037 oboInOwl:hasDbXref MSH:D007945","obo:DOID_1998 oboInOwl:hasDbXref MSH:D008185","obo:DOID_1037 rdfs:label lymphoblastic leukemia","32556507-8cb9-4125-9485-0dd78b3d6c54 owl:annotatedProperty oboInOwl:hasExactSynonym","obo:DOID_2770 rdf:type owl:Class","5949f6bc-f750-4bf3-a2c3-96e4dec65d70 owl:annotatedSource obo:DOID_11721","42678090-fc08-45b6-a19e-b66bdebe9463 owl:annotatedTarget Pseudotumor cerebri","13e4f77d-92dc-4a75-9964-9f20ec0fb587 owl:annotatedProperty oboInOwl:hasExactSynonym","obo:DOID_4975 oboInOwl:id DOID:4975","obo:DOID_14239 oboInOwl:hasDbXref SNOMEDCT_US_2015_03_01:111834003","obo:DOID_2733 oboInOwl:hasDbXref ICD10CM:L90","38f3052f-c22d-41ea-99b6-72983987dc72 owl:annotatedTarget large cell lung carcinoma","obo:DOID_3279 oboInOwl:hasDbXref NCI:C6454","obo:DOID_14452 rdfs:subClassOf obo:DOID_1029","84c79059-ab54-461a-b0a0-58312afa97be oboInOwl:hasDbXref MTHICD9_2006:504","cff6fc14-1da1-4a76-922d-5582df972109 owl:annotatedSource obo:DOID_13810","obo:DOID_5409 oboInOwl:hasDbXref NCI:C4917","obo:DOID_0050517 rdfs:subClassOf obo:DOID_934","a0b53aab-70a3-4b4f-bb9b-66654e893ec1 oboInOwl:hasDbXref NCI2004_11_17:C5154","obo:DOID_13605 owl:deprecated true^^http://www.w3.org/2001/XMLSchema#boolean","3bd25aa5-cae9-409f-89c1-13de75c61051 owl:annotatedTarget Ca intrahepatic bile ducts disorder","12ae2076-4624-4122-8931-adf1adfb1c4e owl:annotatedTarget Henoch-Scholein purpura","obo:DOID_1074 oboInOwl:hasDbXref SNOMEDCT_US_2015_03_01:266553002","b0a85e52-ae96-408c-8282-204dd42d01b1 owl:annotatedTarget actinic Solar Keratosis","5e236879-19c2-4b2a-9633-a4ded3964bb9 oboInOwl:hasDbXref NCI2004_11_17:C7905","obo:DOID_14239 oboInOwl:hasDbXref SNOMEDCT_US_2015_03_01:62769007","obo:DOID_5409 oboInOwl:hasExactSynonym SCLC","obo:DOID_10841 oboInOwl:hasDbXref MSH:D020242","obo:DOID_127 oboInOwl:hasOBONamespace disease_ontology","obo:DOID_12210 oboInOwl:id DOID:12210","655b8577-1f36-4cad-9fca-7423f96dfa0c owl:annotatedTarget urethral syndrome NOS disorder","38f3052f-c22d-41ea-99b6-72983987dc72 rdf:type owl:Axiom","3275b043-4ec4-4b30-8686-7154a8d5ce90 owl:annotatedTarget Exaggerated placental site morphologic abnormality","8dad6cff-3a19-48ce-8560-80e35c6920cd owl:annotatedSource obo:DOID_3878","38b32c0f-85f0-4312-a498-f8676e5b3a54 owl:annotatedSource obo:DOID_6510","obo:DOID_5534 oboInOwl:hasDbXref NCI:C7732","obo:DOID_6285 rdfs:label heart lipoma","obo:DOID_127 oboInOwl:hasExactSynonym leiomyomatous neoplasm morphologic abnormality","816481a8-752c-4122-bd98-b7eaa0d0a2cb oboInOwl:hasDbXref SNOMEDCT_2005_07_31:196998009","113e207c-cad6-4422-b48e-4c153eba1b52 rdf:type owl:Axiom","42678090-fc08-45b6-a19e-b66bdebe9463 oboInOwl:hasDbXref MTHICD9_2006:348.2","obo:DOID_0050554 oboInOwl:hasExactSynonym Anemia sideroblastic and spinocerebellar ataxia","obo:DOID_14188 oboInOwl:hasDbXref MSH:D002062","764b1d07-853f-40ee-9fbf-803b791fb00b owl:annotatedTarget Nonspecific ulcerative proctitis disorder","obo:DOID_0050554 rdfs:label X-linked sideroblastic anemia with ataxia","obo:DOID_127 oboInOwl:id DOID:127","ce350f9d-d4ed-4386-b975-477d2c96da45 oboInOwl:hasDbXref SNOMEDCT_2005_07_31:189741006","obo:DOID_4975 oboInOwl:inSubset doid:gram-negative_bacterial_infectious_disease","obo:DOID_0050466 oboInOwl:hasDbXref MSH:D055947","obo:DOID_2557 rdfs:subClassOf obo:DOID_6227","obo:DOID_4051 oboInOwl:hasDbXref MSH:D018232","obo:DOID_5409 rdf:type owl:Class","obo:DOID_127 obo:IAO_0000115 A cell type benign neoplasm that is a benign tumor of smooth muscle cells.","obo:DOID_11387 oboInOwl:hasDbXref SNOMEDCT_US_2015_03_01:192752004","obo:DOID_4102 oboInOwl:hasExactSynonym secondary carcinoma","7c9d652e-8f16-4107-ba0c-e6be27be15a2 owl:annotatedTarget Total or complete internal ophthalmoplegia","obo:DOID_0050466 oboInOwl:hasDbXref SNOMEDCT_US_2015_03_01:446263001","13f77a31-8219-4eee-9781-b97edd82c6e1 rdf:type owl:Axiom","obo:DOID_5710 rdf:type owl:Class","obo:DOID_4887 owl:deprecated true^^http://www.w3.org/2001/XMLSchema#boolean","264975c9-3632-4f81-864b-c2c986195b52 owl:annotatedTarget malignant neoplasm of pharynx, NOS","32556507-8cb9-4125-9485-0dd78b3d6c54 oboInOwl:hasDbXref SNOMEDCT_2005_07_31:32022003","obo:DOID_2733 oboInOwl:hasDbXref SNOMEDCT_US_2015_03_01:201090001","312e8205-66f4-44fb-9c84-44bab3287ff6 owl:annotatedProperty oboInOwl:hasExactSynonym","b0a85e52-ae96-408c-8282-204dd42d01b1 oboInOwl:hasDbXref NCI2004_11_17:C3148","obo:DOID_5622 rdf:type owl:Class","3bd25aa5-cae9-409f-89c1-13de75c61051 owl:annotatedProperty oboInOwl:hasExactSynonym","obo:DOID_4799 owl:deprecated true^^http://www.w3.org/2001/XMLSchema#boolean","obo:DOID_127 rdfs:label leiomyoma","obo:DOID_13730 oboInOwl:hasOBONamespace disease_ontology","obo:DOID_0050517 rdfs:label Barmah Forest virus disease","obo:DOID_1037 oboInOwl:hasDbXref UMLS_CUI:C0023448","obo:DOID_14188 rdfs:subClassOf obo:DOID_65","obo:DOID_8415 oboInOwl:hasDbXref NCI:C27389","117342ea-03fa-4c4e-82aa-6ef781204c89 owl:annotatedTarget Water-clear cell adenoma morphologic abnormality","obo:DOID_2645 oboInOwl:hasDbXref SNOMEDCT_US_2015_03_01:187873000","4be22810-abdf-45bc-ba55-597053d249aa owl:annotatedProperty oboInOwl:hasExactSynonym","obo:DOID_14452 oboInOwl:hasExactSynonym Periodic paralysis I","86bb33fc-e7de-47fd-9c39-23d866f87d5e owl:annotatedTarget Spongiotic dermatitis disorder","obo:DOID_2645 oboInOwl:hasAlternativeId DOID:2644","312e8205-66f4-44fb-9c84-44bab3287ff6 oboInOwl:hasDbXref SNOMEDCT_2005_07_31:255110003","f930d838-bf73-450d-bef4-8aa284b7d746 owl:annotatedTarget malignant Uvular tumor","obo:DOID_14239 oboInOwl:hasDbXref SNOMEDCT_US_2015_03_01:186292001","obo:DOID_1998 oboInOwl:hasExactSynonym Lutembacher syndrome","48bbe40f-184d-4d0d-926b-7acbe8eb4202 owl:annotatedProperty oboInOwl:hasExactSynonym","19011c39-0128-44c8-b4a7-eeedb93d57fc rdf:type owl:Axiom","2a089446-f1e7-4cb2-a598-f9a214f51f1b oboInOwl:hasDbXref SNOMEDCT_2005_07_31:155988000","655b8577-1f36-4cad-9fca-7423f96dfa0c owl:annotatedSource obo:DOID_13498","3275b043-4ec4-4b30-8686-7154a8d5ce90 oboInOwl:hasDbXref SNOMEDCT_2005_07_31:416635001","obo:DOID_3367 rdfs:label bone leiomyosarcoma","obo:DOID_303 obo:IAO_0000115 A disease of mental health involving the abuse or dependence on a substance that is ingested in order to produce a high, alter ones senses, or otherwise affect functioning.","38b32c0f-85f0-4312-a498-f8676e5b3a54 oboInOwl:hasDbXref NCI2004_11_17:C6686","obo:DOID_0050429 oboInOwl:hasExactSynonym BENIGN CHRONIC PEMPHIGUS","bfaa64d0-d2c3-4859-a84f-30f557ca3b4e owl:annotatedTarget High risk non proliferative diabetic retinopathy disorder","obo:DOID_12210 obo:IAO_0000115 A filarial elephantiasis that involves parasitic infection of the lymphatic system by a filarial worm Wuchereria bancrofti, which is transmitted by mosquitoes. The symptoms include lymphedema, fever, chills, skin infections, painful lymph nodes, orchitis and epididymitis.","obo:DOID_0050429 oboInOwl:hasExactSynonym Pemphigus, Benign Familial","obo:DOID_0050605 oboInOwl:id DOID:0050605","obo:DOID_14188 oboInOwl:hasExactSynonym adhesions-capsulitis,shoulder","2f891f50-a762-4bef-a6ef-8e4ef0ec41ff owl:annotatedSource obo:DOID_2741","obo:DOID_12210 oboInOwl:hasExactSynonym Wuchereria bancrofti infectious disease","obo:DOID_14452 oboInOwl:hasExactSynonym familial hypokalemic periodic paralysis disorder","113e207c-cad6-4422-b48e-4c153eba1b52 owl:annotatedProperty oboInOwl:hasExactSynonym","obo:DOID_127 oboInOwl:hasDbXref MSH:D007889","obo:DOID_3279 oboInOwl:hasDbXref UMLS_CUI:C1266091","obo:DOID_2557 oboInOwl:hasDbXref SNOMEDCT_US_2015_03_01:203512007","obo:DOID_12210 rdfs:label Wuchereria bancrofti filariasis","9e2796ae-544d-4442-be36-803d7ab01dc6 owl:annotatedProperty obo:IAO_0000115","da826c77-12ad-49a4-a0c4-62cb77a434d9 owl:annotatedTarget Viral gastritis disorder","0f77c674-b91c-4c96-8f90-9a56b1ca7b92 oboInOwl:hasDbXref SNOMEDCT_2005_07_31:71275003","obo:DOID_0050429 oboInOwl:id DOID:0050429","obo:DOID_0060421 oboInOwl:hasDbXref OMIM:615668","obo:DOID_14239 oboInOwl:hasDbXref ICD9CM:021.1","obo:DOID_12995 oboInOwl:hasDbXref SNOMEDCT_US_2015_03_01:192597006","13f77a31-8219-4eee-9781-b97edd82c6e1 owl:annotatedProperty oboInOwl:hasExactSynonym","obo:DOID_3580 oboInOwl:id DOID:3580","3bd25aa5-cae9-409f-89c1-13de75c61051 oboInOwl:hasDbXref SNOMEDCT_2005_07_31:269549003","16748cef-c3cb-4705-beaa-33dcd5199684 oboInOwl:hasDbXref SNOMEDCT_2005_07_31:37031009","obo:DOID_9174 rdfs:label rectum carcinoma in situ","obo:DOID_4051 rdfs:subClassOf obo:DOID_3247","obo:DOID_8503 oboInOwl:hasDbXref UMLS_CUI:C1314968","19011c39-0128-44c8-b4a7-eeedb93d57fc owl:annotatedSource obo:DOID_11020","obo:DOID_9174 oboInOwl:hasDbXref UMLS_CUI:C0154062","obo:DOID_0050429 oboInOwl:hasDbXref NCI:C82865","obo:DOID_0050466 oboInOwl:hasDbXref ORDO:60030","4be22810-abdf-45bc-ba55-597053d249aa rdf:type owl:Axiom","obo:DOID_0050466 oboInOwl:hasDbXref OMIM:614816","obo:DOID_5534 oboInOwl:id DOID:5534","obo:DOID_13605 oboInOwl:hasOBONamespace disease_ontology","obo:DOID_9225 rdf:type owl:Class","obo:DOID_14188 oboInOwl:hasOBONamespace disease_ontology","obo:DOID_0050466 rdfs:subClassOf obo:DOID_0050736","3275b043-4ec4-4b30-8686-7154a8d5ce90 owl:annotatedSource obo:DOID_6991","obo:DOID_11387 oboInOwl:hasDbXref SNOMEDCT_US_2015_03_01:61974008","obo:DOID_3279 rdfs:label spindle cell thymoma","3bd25aa5-cae9-409f-89c1-13de75c61051 rdf:type owl:Axiom","a8fcc49d-b4db-427c-9005-ab00ef7ae6f6 owl:annotatedTarget hemangiosarcoma of the Liver","312e8205-66f4-44fb-9c84-44bab3287ff6 rdf:type owl:Axiom","obo:DOID_5622 oboInOwl:id DOID:5622","obo:DOID_8503 obo:IAO_0000115 An impetigo that is characterized as a form of severe pustular psoriasis occurring in pregnancy.","obo:DOID_1074 oboInOwl:hasDbXref SNOMEDCT_US_2015_03_01:156092003","obo:DOID_2645 oboInOwl:hasDbXref NCI:C3234","beaaed1e-c5e9-4461-8d63-ab47c5ba9f23 owl:annotatedTarget A Reoviridae infectious disease that results_in inflammation located_in stomach and located_in intestine, has_material_basis_in Rotavirus, which is transmitted_by ingestion of contaminated food or water, or transmitted_by fomites. The infection has_symptom fever, has_symptom vomiting, has_symptom diarrhea, and has_symptom abdominal pain.","obo:DOID_2770 oboInOwl:hasExactSynonym Diaper rash disorder","obo:DOID_12995 oboInOwl:hasDbXref SNOMEDCT_US_2015_03_01:268782006","19011c39-0128-44c8-b4a7-eeedb93d57fc owl:annotatedProperty oboInOwl:hasExactSynonym","48bbe40f-184d-4d0d-926b-7acbe8eb4202 rdf:type owl:Axiom","obo:DOID_11387 oboInOwl:hasExactSynonym Epidural abscess disorder","obo:DOID_2557 oboInOwl:hasDbXref ICD9CM:733.92","obo:DOID_12210 oboInOwl:hasExactSynonym Infection due to Wuchereria bancrofti","obo:DOID_6285 rdf:type owl:Class","655b8577-1f36-4cad-9fca-7423f96dfa0c rdf:type owl:Axiom","obo:DOID_4051 oboInOwl:hasExactSynonym pediatric Alveolar Rhabdomyosarcoma","obo:DOID_2770 oboInOwl:hasDbXref ICD9CM:691.0","obo:DOID_0050642 rdfs:label hypochromic microcytic anemia","obo:DOID_5409 oboInOwl:hasDbXref UMLS_CUI:C0149925","obo:DOID_0060333 obo:IAO_0000115 A mitochondrial metabolism disease that has material basis in mutation in the ATP5A1 gene on chromosome 18q.","obo:DOID_4975 oboInOwl:hasExactSynonym Actinobacillus infection disorder","36f3b197-aa6a-4c0e-b55f-d6d3480f5bfa owl:annotatedTarget meningioma of the Clivus","36f3b197-aa6a-4c0e-b55f-d6d3480f5bfa oboInOwl:hasDbXref NCI2004_11_17:C5289","8756b954-4a5c-4755-b275-ea9954bab49a owl:annotatedProperty obo:IAO_0000115","obo:DOID_2733 oboInOwl:hasExactSynonym Atrophy - skin","obo:DOID_4051 oboInOwl:hasDbXref NCI:C3749","obo:DOID_4887 oboInOwl:hasOBONamespace disease_ontology","obo:DOID_3492 oboInOwl:hasDbXref SNOMEDCT_US_2015_03_01:398021003","obo:DOID_14188 oboInOwl:hasDbXref SNOMEDCT_US_2015_03_01:399114005","13f77a31-8219-4eee-9781-b97edd82c6e1 owl:annotatedSource obo:DOID_13025","obo:DOID_3492 oboInOwl:id DOID:3492","obo:DOID_12995 oboInOwl:id DOID:12995","32556507-8cb9-4125-9485-0dd78b3d6c54 owl:annotatedSource obo:DOID_11829","obo:DOID_10841 oboInOwl:hasDbXref UMLS_CUI:C0153065","obo:DOID_4051 oboInOwl:hasDbXref SNOMEDCT_US_2015_03_01:404053004","a8fb5b61-be58-4e1d-a78e-8b3c32fbcefb rdf:type owl:Axiom","32556507-8cb9-4125-9485-0dd78b3d6c54 rdf:type owl:Axiom","obo:DOID_14276 oboInOwl:hasOBONamespace disease_ontology","d0441e62-7520-4a06-b4e2-b3e923dd2b44 oboInOwl:hasDbXref ICD9CM_2006:155.2","obo:DOID_14452 oboInOwl:id DOID:14452","obo:DOID_4051 oboInOwl:hasDbXref NCI:C7958","49232ea9-c241-4d03-90f9-9d0201c80555 owl:annotatedProperty oboInOwl:hasExactSynonym","d0441e62-7520-4a06-b4e2-b3e923dd2b44 owl:annotatedSource obo:DOID_3571","113e207c-cad6-4422-b48e-4c153eba1b52 owl:annotatedSource obo:DOID_4727","a0b53aab-70a3-4b4f-bb9b-66654e893ec1 owl:annotatedSource obo:DOID_2132","4be22810-abdf-45bc-ba55-597053d249aa owl:annotatedSource obo:DOID_13359","fcafbeb2-69ed-4c1c-9dda-70bbc131fc87 owl:annotatedTarget Lupus vulgaris","6663eb4a-e78f-4849-9ba7-0c6b2469c38e owl:annotatedTarget An epididymis cancer that derives_from epithelial cells of glandular origin.","c6a89576-d409-4556-89cf-02c4d83d1cec rdf:type owl:Axiom","obo:DOID_6285 oboInOwl:hasDbXref NCI:C6741","5949f6bc-f750-4bf3-a2c3-96e4dec65d70 oboInOwl:hasDbXref SNOMEDCT_2005_07_31:89597008","obo:DOID_14452 oboInOwl:hasOBONamespace disease_ontology","102b81bd-fac8-4320-9af2-89a0728a87eb owl:annotatedTarget Trophoblastic neoplasm NOS morphologic abnormality","2e404393-b1c7-49a9-a7db-3edf14a49658 oboInOwl:hasDbXref NCI2004_11_17:C6358","obo:DOID_1074 oboInOwl:hasDbXref SNOMEDCT_US_2015_03_01:197656003","obo:DOID_10841 oboInOwl:hasDbXref ICD9CM:062.2","13e4f77d-92dc-4a75-9964-9f20ec0fb587 rdf:type owl:Axiom","obo:DOID_2645 obo:IAO_0000115 A cell type benign neoplasm that has_material_basis in mesothelium.","obo:DOID_3279 oboInOwl:hasDbXref SNOMEDCT_US_2015_03_01:128707003","obo:DOID_2645 oboInOwl:hasDbXref MSH:D008654","5e236879-19c2-4b2a-9633-a4ded3964bb9 owl:annotatedSource obo:DOID_7815","obo:DOID_303 oboInOwl:hasOBONamespace disease_ontology","obo:DOID_10841 oboInOwl:hasOBONamespace disease_ontology","obo:DOID_2733 oboInOwl:hasExactSynonym Atrophoderma","obo:DOID_1037 oboInOwl:hasDbXref ICD10CM:C91.9","obo:DOID_14188 oboInOwl:hasDbXref SNOMEDCT_US_2015_03_01:202837002","obo:DOID_4799 oboInOwl:hasOBONamespace disease_ontology","obo:DOID_12995 oboInOwl:hasDbXref EFO:0004216","38f3052f-c22d-41ea-99b6-72983987dc72 owl:annotatedProperty oboInOwl:hasExactSynonym","obo:DOID_127 oboInOwl:hasDbXref SNOMEDCT_US_2015_03_01:189788005","obo:DOID_0050429 oboInOwl:hasDbXref SNOMEDCT_US_2015_03_01:79468000","obo:DOID_5409 oboInOwl:hasDbXref SNOMEDCT_US_2015_03_01:254633006","obo:DOID_4051 oboInOwl:hasExactSynonym Alveolar Rhabdomyosarcoma","obo:DOID_0080000 oboInOwl:hasOBONamespace disease_ontology","f4dbce0c-5861-4715-b29b-436ed6bf44f3 owl:annotatedSource obo:DOID_119","obo:DOID_5409 oboInOwl:hasDbXref SNOMEDCT_US_2015_03_01:254632001","obo:DOID_0060208 oboInOwl:id DOID:0060208","obo:DOID_5409 oboInOwl:hasExactSynonym small cell neuroendocrine carcinoma of lung","obo:DOID_127 oboInOwl:hasDbXref SNOMEDCT_US_2015_03_01:189787000","obo:DOID_0050554 oboInOwl:hasDbXref OMIM:301310","obo:DOID_0060333 oboInOwl:hasDbXref OMIM:615228","obo:DOID_5622 rdfs:label Major puerperal infectious disease","obo:DOID_1998 oboInOwl:hasDbXref SNOMEDCT_US_2015_03_01:204319006","obo:DOID_3492 oboInOwl:hasDbXref SNOMEDCT_US_2015_03_01:33110008","117342ea-03fa-4c4e-82aa-6ef781204c89 rdf:type owl:Axiom","obo:DOID_5534 rdfs:label renal pelvis squamous cell carcinoma","8dad6cff-3a19-48ce-8560-80e35c6920cd rdf:type owl:Axiom","obo:DOID_0050642 rdfs:subClassOf obo:DOID_11252","obo:DOID_0050642 rdf:type owl:Class","obo:DOID_0060333 oboInOwl:inSubset doid:DO_MGI_slim","obo:DOID_11400 oboInOwl:hasDbXref ICD10CM:N16","obo:DOID_2733 oboInOwl:hasExactSynonym atrophic condition of skin disorder","obo:DOID_6197 oboInOwl:hasDbXref UMLS_CUI:C1333158","obo:DOID_0060245 rdfs:subClassOf obo:DOID_2476","obo:DOID_1998 oboInOwl:hasOBONamespace disease_ontology","obo:DOID_8503 oboInOwl:inSubset doid:gram-positive_bacterial_infectious_disease","obo:DOID_2733 oboInOwl:hasDbXref SNOMEDCT_US_2015_03_01:156391001","8c273ea9-7553-43be-b759-254b965c455a oboInOwl:hasDbXref url:http://www.cdc.gov/eid/content/15/2/306.htm","8c273ea9-7553-43be-b759-254b965c455a owl:annotatedTarget A California virus encephalitis that results_in inflammation located_in brain, has_material_basis_in Tahyna virus, which is transmitted_by Aedes, transmitted_by Culex, and transmitted_by Ochlerotatus mosquitoes. The infection has_symptom headache, has_symptom fever, has_symptom anorexia, and has_symptom seizures.","obo:DOID_0060421 oboInOwl:inSubset doid:DO_MGI_slim","5949f6bc-f750-4bf3-a2c3-96e4dec65d70 owl:annotatedTarget Glycogen storage disease, type VII disorder","obo:DOID_3367 oboInOwl:id DOID:3367","24c5d9f7-1a40-4251-9813-e7f64b5b1fc2 owl:annotatedTarget mucinous adenocarcinoma of anus","obo:DOID_0050730 rdfs:label coenzyme Q10 deficiency disease","obo:DOID_0060333 oboInOwl:created_by emitraka","27e85116-b67b-4f29-9e4b-194c06f89ac7 rdf:type owl:Axiom","2d4385a1-e9cc-4188-bee2-fe7abda339b0 owl:annotatedSource obo:DOID_1927","113e207c-cad6-4422-b48e-4c153eba1b52 owl:annotatedTarget Synechiae NOS","obo:DOID_10841 oboInOwl:hasDbXref ICD10CM:A83.2","obo:DOID_4887 oboInOwl:id DOID:4887","obo:DOID_4975 oboInOwl:hasOBONamespace disease_ontology","0f77c674-b91c-4c96-8f90-9a56b1ca7b92 rdf:type owl:Axiom","obo:DOID_0050730 rdf:type owl:Class","obo:DOID_9174 oboInOwl:hasDbXref NCI:C4853","d44bdf9f-89c8-4fbb-9d13-f9be8649d4dc owl:annotatedProperty oboInOwl:hasExactSynonym","139c6645-e7e1-4a01-ba21-bc3aa6c0c557 oboInOwl:hasDbXref ICD9CM_2006:385.33","obo:DOID_3279 rdfs:subClassOf obo:DOID_3275","obo:DOID_0060421 oboInOwl:hasOBONamespace disease_ontology","obo:DOID_2770 oboInOwl:hasExactSynonym Diaper or napkin erythema","24c5d9f7-1a40-4251-9813-e7f64b5b1fc2 owl:annotatedProperty oboInOwl:hasExactSynonym","764b1d07-853f-40ee-9fbf-803b791fb00b oboInOwl:hasDbXref SNOMEDCT_2005_07_31:67038005","obo:DOID_3492 oboInOwl:hasDbXref SNOMEDCT_US_2015_03_01:398049005","obo:DOID_12210 oboInOwl:hasOBONamespace disease_ontology","8c273ea9-7553-43be-b759-254b965c455a owl:annotatedSource obo:DOID_0050126","obo:DOID_3492 oboInOwl:hasExactSynonym Connective tissue disease overlap syndrome disorder","b71ab745-554b-4caf-8b14-fc58eef651d4 rdf:type owl:Axiom","a8fcc49d-b4db-427c-9005-ab00ef7ae6f6 oboInOwl:hasDbXref NCI2004_11_17:C4438","9e2796ae-544d-4442-be36-803d7ab01dc6 rdf:type owl:Axiom","b71ab745-554b-4caf-8b14-fc58eef651d4 owl:annotatedSource obo:DOID_7473","818104b1-c775-45ff-b9f8-75e0eea8e00a owl:annotatedProperty oboInOwl:hasExactSynonym","38f3052f-c22d-41ea-99b6-72983987dc72 oboInOwl:hasDbXref NCI2004_11_17:C4450","obo:DOID_11400 rdfs:label pyelonephritis","obo:DOID_14188 oboInOwl:hasDbXref SNOMEDCT_US_2015_03_01:156658000","01786970-df37-4c6d-ae46-207c821db214 rdf:type owl:Axiom","obo:DOID_0060333 oboInOwl:id DOID:0060333","obo:DOID_0050429 rdf:type owl:Class","obo:DOID_14452 oboInOwl:hasDbXref OMIM:613345","d44bdf9f-89c8-4fbb-9d13-f9be8649d4dc owl:annotatedTarget male Orgasmic disorder","102b81bd-fac8-4320-9af2-89a0728a87eb oboInOwl:hasDbXref SNOMEDCT_2005_07_31:189858006","bfaa64d0-d2c3-4859-a84f-30f557ca3b4e oboInOwl:hasDbXref SNOMEDCT_2005_07_31:391178000","obo:DOID_12995 oboInOwl:hasDbXref SNOMEDCT_US_2015_03_01:154945001","obo:DOID_0060333 oboInOwl:hasDbXref ICD10CM:E88.8","obo:DOID_14452 oboInOwl:hasExactSynonym Hypokalemic periodic paralysis disorder","obo:DOID_14188 rdfs:label frozen shoulder","obo:DOID_0060333 oboInOwl:hasOBONamespace disease_ontology","75da4a32-b027-4ed1-8ecf-366f1d3e33e0 rdf:type owl:Axiom","bbc1101c-ac22-4792-9b9c-e87aa105c4c9 oboInOwl:hasDbXref ICD9CM_2006:277.86","obo:DOID_2557 oboInOwl:hasDbXref SNOMEDCT_US_2015_03_01:63198006","01786970-df37-4c6d-ae46-207c821db214 oboInOwl:hasDbXref SNOMEDCT_2005_07_31:205257004","obo:DOID_3580 rdf:type owl:Class","obo:DOID_8503 oboInOwl:hasDbXref ICD9CM:694.3","obo:DOID_14452 oboInOwl:hasDbXref UMLS_CUI:C0238358","obo:DOID_8415 oboInOwl:hasOBONamespace disease_ontology","obo:DOID_12995 oboInOwl:hasDbXref SNOMEDCT_US_2015_03_01:192603009","4a35cf97-b525-4c9e-b764-f08733c3a039 owl:annotatedSource obo:DOID_3168","obo:DOID_0050730 oboInOwl:id DOID:0050730","obo:DOID_8503 rdfs:subClassOf obo:DOID_8504","bbc1101c-ac22-4792-9b9c-e87aa105c4c9 rdf:type owl:Axiom","84c79059-ab54-461a-b0a0-58312afa97be owl:annotatedProperty oboInOwl:hasExactSynonym","obo:DOID_3367 oboInOwl:hasDbXref UMLS_CUI:C1332579","a8fcc49d-b4db-427c-9005-ab00ef7ae6f6 rdf:type owl:Axiom","obo:DOID_1074 oboInOwl:hasExactSynonym renal failure","obo:DOID_0050605 oboInOwl:hasDbXref OMIM:201100","obo:DOID_0050466 oboInOwl:hasDbXref OMIM:610168","16748cef-c3cb-4705-beaa-33dcd5199684 rdf:type owl:Axiom","obo:DOID_10841 oboInOwl:hasExactSynonym Neuroinvasive Eastern equine encephalitis virus infection","obo:DOID_0060245 oboInOwl:hasOBONamespace disease_ontology","b0a85e52-ae96-408c-8282-204dd42d01b1 owl:annotatedProperty oboInOwl:hasExactSynonym","obo:DOID_2733 oboInOwl:hasExactSynonym Atrophoderma disorder","obo:DOID_3279 rdf:type owl:Class","obo:DOID_4102 owl:deprecated true^^http://www.w3.org/2001/XMLSchema#boolean","obo:DOID_0050466 rdf:type owl:Class","beaaed1e-c5e9-4461-8d63-ab47c5ba9f23 owl:annotatedSource obo:DOID_4887","obo:DOID_303 oboInOwl:id DOID:303","9e2796ae-544d-4442-be36-803d7ab01dc6 oboInOwl:hasDbXref ISBN:978-0-443-06839-3","bfaa64d0-d2c3-4859-a84f-30f557ca3b4e rdf:type owl:Axiom","obo:DOID_3279 oboInOwl:id DOID:3279","2e35c92a-fdc2-44d0-acbf-00dfdd9ad39a rdf:type owl:Axiom","obo:DOID_6285 oboInOwl:hasDbXref UMLS_CUI:C1332849","obo:DOID_10841 oboInOwl:hasDbXref SNOMEDCT_US_2015_03_01:416925005","obo:DOID_6197 rdfs:label conventional malignant hemangiopericytoma","obo:DOID_4051 oboInOwl:hasDbXref UMLS_CUI:C0279613","8756b954-4a5c-4755-b275-ea9954bab49a rdf:type owl:Axiom","f4dbce0c-5861-4715-b29b-436ed6bf44f3 owl:annotatedTarget malignant neoplasm of vagina","obo:DOID_14188 oboInOwl:hasDbXref ICD10CM:M75.0","c6e74b81-2811-402f-b013-9d151df94f9f rdf:type owl:Axiom","42678090-fc08-45b6-a19e-b66bdebe9463 rdf:type owl:Axiom","obo:DOID_3492 oboInOwl:hasDbXref UMLS_CUI:C0026272","obo:DOID_1998 oboInOwl:hasDbXref SNOMEDCT_US_2015_03_01:38842003","264975c9-3632-4f81-864b-c2c986195b52 owl:annotatedSource obo:DOID_3680","obo:DOID_10841 oboInOwl:hasRelatedSynonym EEE","obo:DOID_11400 oboInOwl:hasDbXref ICD9CM:590.80","obo:DOID_0060245 oboInOwl:created_by emitraka","obo:DOID_11387 rdfs:label epidural abscess","obo:DOID_0050554 rdf:type owl:Class","obo:DOID_127 rdfs:subClassOf obo:DOID_0060084","obo:DOID_11400 rdfs:subClassOf obo:DOID_2744","obo:DOID_4051 oboInOwl:hasOBONamespace disease_ontology","2e35c92a-fdc2-44d0-acbf-00dfdd9ad39a owl:annotatedTarget familial combined hyperlipidemia disorder [Ambiguous]","obo:DOID_14188 oboInOwl:hasExactSynonym Adhesive capsulitis of shoulder","89ea389d-b43e-4682-a8b8-d2bdc2cde923 oboInOwl:hasDbXref NCI2004_11_17:C8809","obo:DOID_4014 obo:IAO_0000115 A transitional cell carcinoma that has sarcoma-like components arising from the malignant transitional epithelium.","obo:DOID_1037 oboInOwl:hasDbXref SNOMEDCT_US_2015_03_01:93170002","obo:DOID_2645 oboInOwl:hasExactSynonym benign tumor of Mesothelium","obo:DOID_0050429 oboInOwl:hasDbXref OMIM:169600","obo:DOID_4887 obo:IAO_0000115 A Reoviridae infectious disease that results_in inflammation located_in stomach and located_in intestine, has_material_basis_in Rotavirus, which is transmitted_by ingestion of contaminated food or water, or transmitted_by fomites. The infection has_symptom fever, has_symptom vomiting, has_symptom diarrhea, and has_symptom abdominal pain.","obo:DOID_3367 rdf:type owl:Class","obo:DOID_0060245 rdfs:label Mast syndrome","0d6a3c11-1277-4cb9-816e-7e46aed12cc3 owl:annotatedSource obo:DOID_10538","obo:DOID_8415 rdfs:label carcinoma arising in nasal papillomatosis","a8fcc49d-b4db-427c-9005-ab00ef7ae6f6 owl:annotatedProperty oboInOwl:hasExactSynonym","8c273ea9-7553-43be-b759-254b965c455a oboInOwl:hasDbXref url:http://www.springerlink.com/content/u67424r731431362/","obo:DOID_5409 oboInOwl:hasDbXref KEGG:05222","bbc1101c-ac22-4792-9b9c-e87aa105c4c9 owl:annotatedProperty oboInOwl:hasExactSynonym","84c79059-ab54-461a-b0a0-58312afa97be rdf:type owl:Axiom","obo:DOID_0050466 oboInOwl:hasDbXref UMLS_CUI:C2697932","obo:DOID_1998 oboInOwl:hasDbXref UMLS_CUI:C0024164","9e9343de-6744-4bff-af23-2b9fbbf1a62f owl:annotatedSource obo:DOID_3125","obo:DOID_0050429 oboInOwl:hasDbXref UMLS_CUI:C0085106","obo:DOID_14452 oboInOwl:hasDbXref SNOMEDCT_US_2015_03_01:193241004","obo:DOID_4051 oboInOwl:id DOID:4051","obo:DOID_2733 rdf:type owl:Class","obo:DOID_1037 oboInOwl:hasDbXref ICD9CM:204","obo:DOID_1037 oboInOwl:hasOBONamespace disease_ontology","obo:DOID_12995 rdfs:subClassOf obo:DOID_0060038","2e35c92a-fdc2-44d0-acbf-00dfdd9ad39a owl:annotatedProperty oboInOwl:hasExactSynonym","obo:DOID_2770 oboInOwl:hasExactSynonym Irritant contact dermatitis due to contact with urine and/or faeces","bfaa64d0-d2c3-4859-a84f-30f557ca3b4e owl:annotatedProperty oboInOwl:hasExactSynonym","obo:DOID_1037 oboInOwl:hasDbXref SNOMEDCT_US_2015_03_01:32280000","obo:DOID_9174 oboInOwl:hasOBONamespace disease_ontology","obo:DOID_10790 oboInOwl:id DOID:10790","obo:DOID_14276 oboInOwl:hasExactSynonym Impingement syndrome of shoulder region disorder","obo:DOID_14188 oboInOwl:hasDbXref ICD9CM:726.0","bbc1101c-ac22-4792-9b9c-e87aa105c4c9 owl:annotatedSource obo:DOID_906","b0a85e52-ae96-408c-8282-204dd42d01b1 rdf:type owl:Axiom","6663eb4a-e78f-4849-9ba7-0c6b2469c38e oboInOwl:hasDbXref url:http://en.wikipedia.org/wiki/Adenocarcinoma","16748cef-c3cb-4705-beaa-33dcd5199684 owl:annotatedProperty oboInOwl:hasExactSynonym","2d4385a1-e9cc-4188-bee2-fe7abda339b0 oboInOwl:hasDbXref SNOMEDCT_2005_07_31:58459009","27e85116-b67b-4f29-9e4b-194c06f89ac7 oboInOwl:hasDbXref NCI2004_11_17:C4657","obo:DOID_12995 oboInOwl:hasDbXref NCI:C89329","obo:DOID_11400 oboInOwl:hasDbXref MSH:D011704","obo:DOID_2557 oboInOwl:hasDbXref MSH:D002357","obo:DOID_11299 rdf:type owl:Class","eecfac95-d4ce-40f7-8b01-53a1cc5acaf1 owl:annotatedSource obo:DOID_13405","42678090-fc08-45b6-a19e-b66bdebe9463 owl:annotatedProperty oboInOwl:hasExactSynonym","obo:DOID_127 oboInOwl:hasExactSynonym leiomyomatous tumor","2f891f50-a762-4bef-a6ef-8e4ef0ec41ff rdf:type owl:Axiom","0d6a3c11-1277-4cb9-816e-7e46aed12cc3 owl:annotatedTarget Ca fundus - stomach disorder","obo:DOID_13730 oboInOwl:id DOID:13730","139c6645-e7e1-4a01-ba21-bc3aa6c0c557 owl:annotatedSource obo:DOID_10964","9e2796ae-544d-4442-be36-803d7ab01dc6 owl:annotatedSource obo:DOID_0060314","obo:DOID_14239 rdf:type owl:Class","c6e74b81-2811-402f-b013-9d151df94f9f owl:annotatedProperty oboInOwl:hasExactSynonym","obo:DOID_1037 rdfs:subClassOf obo:DOID_1240","obo:DOID_6197 oboInOwl:hasDbXref NCI:C9425","48bbe40f-184d-4d0d-926b-7acbe8eb4202 owl:annotatedSource obo:DOID_3952","obo:DOID_1037 oboInOwl:hasDbXref SNOMEDCT_US_2015_03_01:188731001","obo:DOID_2770 oboInOwl:hasDbXref MSH:D003963","obo:DOID_4014 rdfs:subClassOf obo:DOID_2671","obo:DOID_0060421 oboInOwl:creation_date 2015-09-28T17:52:47Z","d44bdf9f-89c8-4fbb-9d13-f9be8649d4dc oboInOwl:hasDbXref NCI2004_11_17:C34959","obo:DOID_8503 oboInOwl:hasOBONamespace disease_ontology","obo:DOID_14239 oboInOwl:hasDbXref ICD9CM:021.8","obo:DOID_4975 owl:deprecated true^^http://www.w3.org/2001/XMLSchema#boolean","obo:DOID_12995 obo:IAO_0000115 A specific developmental disorder marked by a pattern of repetitive behavior wherein the rights of others or social norms are violated.","obo:DOID_12995 oboInOwl:hasDbXref MSH:D019955","obo:DOID_10841 oboInOwl:inSubset doid:zoonotic_infectious_disease","obo:DOID_11387 rdf:type owl:Class","obo:DOID_0060245 oboInOwl:hasDbXref OMIM:248900","obo:DOID_12210 owl:deprecated true^^http://www.w3.org/2001/XMLSchema#boolean","obo:DOID_4887 rdfs:label Rotavirus infectious disease","obo:DOID_3492 rdf:type owl:Class","2a089446-f1e7-4cb2-a598-f9a214f51f1b owl:annotatedTarget Adenomyosis - uterine endomet.","6663eb4a-e78f-4849-9ba7-0c6b2469c38e owl:annotatedSource obo:DOID_10368","36f3b197-aa6a-4c0e-b55f-d6d3480f5bfa owl:annotatedSource obo:DOID_6517","obo:DOID_0050642 oboInOwl:id DOID:0050642","obo:DOID_5710 rdfs:label liposarcoma recurrent","obo:DOID_4102 oboInOwl:hasOBONamespace disease_ontology","obo:DOID_2645 oboInOwl:hasDbXref SNOMEDCT_US_2015_03_01:154491004","8dad6cff-3a19-48ce-8560-80e35c6920cd owl:annotatedProperty oboInOwl:hasExactSynonym","obo:DOID_14276 oboInOwl:hasDbXref SNOMEDCT_US_2015_03_01:202849001","obo:DOID_0050466 oboInOwl:hasDbXref OMIM:608967","c6a89576-d409-4556-89cf-02c4d83d1cec owl:annotatedTarget HNPCC - hereditary nonpolyposis colon cancer","obo:DOID_5409 oboInOwl:hasDbXref OMIM:182280","117342ea-03fa-4c4e-82aa-6ef781204c89 owl:annotatedProperty oboInOwl:hasExactSynonym","obo:DOID_0060333 rdfs:subClassOf obo:DOID_700","obo:DOID_0060421 oboInOwl:id DOID:0060421","obo:DOID_0050517 rdf:type owl:Class","9e9343de-6744-4bff-af23-2b9fbbf1a62f owl:annotatedTarget Multiple endocrine adenomatosis","obo:DOID_14452 rdfs:label hypokalemic periodic paralysis","2f891f50-a762-4bef-a6ef-8e4ef0ec41ff oboInOwl:hasDbXref url:http://en.wikipedia.org/wiki/Hereditary_hyperbilirubinemia","27e85116-b67b-4f29-9e4b-194c06f89ac7 owl:annotatedProperty oboInOwl:hasExactSynonym","obo:DOID_6197 oboInOwl:hasOBONamespace disease_ontology","obo:DOID_10841 obo:IAO_0000115 A viral infectious disease that results_in inflammation located_in brain of horses and humans, has_material_basis_in Eastern equine encephalitis virus, which is transmitted_by Aedes, transmitted_by Coquillettidia, and transmitted_by Culex species of mosquitoes. The infection has_symptom sudden onset of headache, has_symptom high fever, has_symptom chills, has_symptom vomiting, has_symptom disorientation, has_symptom seizures, and has_symptom coma.","obo:DOID_1074 oboInOwl:hasOBONamespace disease_ontology","4a35cf97-b525-4c9e-b764-f08733c3a039 owl:annotatedTarget squamous cell tumor qualifier value","obo:DOID_2557 rdf:type owl:Class","obo:DOID_1074 obo:IAO_0000115 A kidney disease characterized by the failure of the kidneys to adequately filter waste products from the blood.","obo:DOID_11299 oboInOwl:hasDbXref ICD10CM:I65.0","obo:DOID_1037 oboInOwl:inSubset doid:DO_cancer_slim","obo:DOID_0060208 oboInOwl:hasDbXref OMIM:614696","obo:DOID_1998 oboInOwl:hasExactSynonym Lutembachers anomaly disorder","obo:DOID_4014 oboInOwl:hasOBONamespace disease_ontology","obo:DOID_0050554 oboInOwl:id DOID:0050554","obo:DOID_0060208 oboInOwl:created_by emitraka","312e8205-66f4-44fb-9c84-44bab3287ff6 owl:annotatedSource obo:DOID_3711","818104b1-c775-45ff-b9f8-75e0eea8e00a rdf:type owl:Axiom","816481a8-752c-4122-bd98-b7eaa0d0a2cb owl:annotatedSource obo:DOID_8590","75da4a32-b027-4ed1-8ecf-366f1d3e33e0 oboInOwl:hasDbXref SNOMEDCT_2005_07_31:22217002","obo:DOID_0080000 oboInOwl:id DOID:0080000","obo:DOID_0080000 obo:IAO_0000115 A musculoskeletal system disease that affects the muscles.","obo:DOID_0050642 oboInOwl:hasDbXref OMIM:206100","obo:DOID_2645 rdf:type owl:Class","obo:DOID_0050466 oboInOwl:hasDbXref NCI:C75006","obo:DOID_0060333 oboInOwl:hasDbXref ORDO:254913","312e8205-66f4-44fb-9c84-44bab3287ff6 owl:annotatedTarget adenocarcinoma of bladder disorder","obo:DOID_4014 oboInOwl:hasExactSynonym transitional spindle cell carcinoma","b71ab745-554b-4caf-8b14-fc58eef651d4 owl:annotatedProperty oboInOwl:hasExactSynonym","obo:DOID_0060208 oboInOwl:hasExactSynonym ALS17","obo:DOID_0050605 rdf:type owl:Class","2e35c92a-fdc2-44d0-acbf-00dfdd9ad39a owl:annotatedSource obo:DOID_13809","obo:DOID_5534 oboInOwl:hasDbXref UMLS_CUI:C0238409","a8fcc49d-b4db-427c-9005-ab00ef7ae6f6 owl:annotatedSource obo:DOID_268","24c5d9f7-1a40-4251-9813-e7f64b5b1fc2 rdf:type owl:Axiom","8dad6cff-3a19-48ce-8560-80e35c6920cd owl:annotatedTarget intestinal Pseudo-obstruction","89ea389d-b43e-4682-a8b8-d2bdc2cde923 owl:annotatedTarget Non-metastatic extraskeletal Osteogenic sarcoma","d44bdf9f-89c8-4fbb-9d13-f9be8649d4dc rdf:type owl:Axiom","obo:DOID_14239 rdfs:label gastrointestinal tularemia","obo:DOID_6197 oboInOwl:id DOID:6197","0f77c674-b91c-4c96-8f90-9a56b1ca7b92 owl:annotatedProperty oboInOwl:hasExactSynonym","16748cef-c3cb-4705-beaa-33dcd5199684 owl:annotatedSource obo:DOID_2951","89ea389d-b43e-4682-a8b8-d2bdc2cde923 owl:annotatedSource obo:DOID_7805","113e207c-cad6-4422-b48e-4c153eba1b52 oboInOwl:hasDbXref MTHICD9_2006:364.70","75da4a32-b027-4ed1-8ecf-366f1d3e33e0 owl:annotatedProperty oboInOwl:hasExactSynonym","2e63463e-6cfa-470b-bf44-2dbe1f044899 oboInOwl:hasDbXref NCI2004_11_17:C4964","obo:DOID_11387 rdfs:subClassOf obo:DOID_331","816481a8-752c-4122-bd98-b7eaa0d0a2cb owl:annotatedTarget acute intestinal vascular insufficiency","obo:DOID_14452 oboInOwl:hasDbXref SNOMEDCT_US_2015_03_01:82732003","obo:DOID_4051 oboInOwl:hasDbXref UMLS_CUI:C0206655","obo:DOID_0060208 oboInOwl:hasOBONamespace disease_ontology","obo:DOID_10841 oboInOwl:hasDbXref SNOMEDCT_US_2015_03_01:40177004","01786970-df37-4c6d-ae46-207c821db214 owl:annotatedProperty oboInOwl:hasExactSynonym","obo:DOID_5409 oboInOwl:hasRelatedSynonym small cell carcinoma of lung"],"InferredAxioms":["obo:DOID_2671 rdf:type rdfs:Class","rdf:object rdfs:domain rdf:Statement","obo:DOID_2733 rdfs:subClassOf obo:DOID_2733","obo:DOID_0060245 rdf:type rdfs:Resource","rdf:Bag rdfs:subClassOf rdf:Bag","obo:DOID_0050730 rdfs:subClassOf obo:DOID_0050730","obo:DOID_381 rdf:type rdfs:Resource","obo:DOID_2476 rdf:type rdfs:Class","obo:DOID_3247 rdfs:subClassOf obo:DOID_3247","obo:DOID_11400 rdf:type rdfs:Class","obo:DOID_0060038 rdf:type rdfs:Resource","obo:DOID_8955 rdf:type rdfs:Class","obo:DOID_1037 rdf:type rdfs:Class","obo:DOID_6227 rdf:type rdfs:Resource","rdfs:Resource rdf:type rdfs:Class","obo:DOID_3347 rdf:type rdfs:Class","obo:DOID_0050517 rdf:type rdfs:Resource","obo:DOID_150 rdf:type rdfs:Resource","rdf:XMLLiteral rdf:type rdfs:Datatype","rdf:XMLLiteral rdf:type rdfs:Class","rdfs:domain rdfs:domain rdf:Property","rdf:first rdfs:domain rdf:List","obo:DOID_2557 rdfs:subClassOf obo:DOID_2557","obo:DOID_934 rdf:type rdfs:Resource","obo:DOID_1240 rdf:type rdfs:Class","obo:DOID_8415 rdf:type rdfs:Resource","obo:DOID_0050736 rdf:type rdfs:Resource","obo:DOID_9174 rdf:type rdfs:Class","obo:DOID_0050554 rdfs:subClassOf obo:DOID_0050554","obo:DOID_5534 rdf:type rdfs:Class","rdf:predicate rdfs:domain rdf:Statement","obo:DOID_2557 rdf:type rdfs:Resource","obo:DOID_854 rdf:type rdfs:Class","obo:DOID_0050642 rdf:type rdfs:Class","obo:DOID_2123 rdf:type rdfs:Class","obo:DOID_14452 rdfs:subClassOf obo:DOID_14452","obo:DOID_12995 rdf:type rdfs:Class","obo:DOID_3367 rdfs:subClassOf obo:DOID_3367","rdfs:domain rdf:type rdfs:Resource","obo:DOID_2645 rdf:type rdfs:Resource","obo:DOID_10841 rdfs:subClassOf obo:DOID_10841","obo:DOID_700 rdf:type rdfs:Class","obo:DOID_8415 rdfs:subClassOf obo:DOID_8415","rdfs:subPropertyOf rdfs:range rdf:Property","rdf:Seq rdf:type rdfs:Class","obo:DOID_37 rdfs:subClassOf obo:DOID_37","obo:DOID_4919 rdf:type rdfs:Class","obo:DOID_0050429 rdf:type rdfs:Class","obo:DOID_1882 rdf:type rdfs:Resource","obo:DOID_4051 rdf:type rdfs:Resource","rdf:predicate rdfs:subPropertyOf rdf:predicate","obo:DOID_0050736 rdfs:subClassOf obo:DOID_0050736","obo:DOID_8504 rdf:type rdfs:Class","obo:DOID_10791 rdf:type rdfs:Resource","obo:DOID_0050605 rdf:type rdfs:Resource","obo:DOID_264 rdf:type rdfs:Resource","rdf:Alt rdfs:subClassOf rdf:Alt","obo:DOID_14188 rdf:type rdfs:Class","obo:DOID_65 rdf:type rdfs:Class","owl:Class rdf:type rdfs:Resource","obo:DOID_8503 rdf:type rdfs:Class","rdfs:domain rdf:type rdf:Property","obo:DOID_934 rdfs:subClassOf obo:DOID_934","obo:DOID_10790 rdf:type rdfs:Resource","obo:DOID_1029 rdf:type rdfs:Class","obo:DOID_2744 rdf:type rdfs:Resource","rdfs:subClassOf rdf:type rdfs:Resource","obo:DOID_0050730 rdf:type rdfs:Class","obo:DOID_0060388 rdf:type rdfs:Resource","rdf:rest rdfs:range rdf:List","rdf:first rdfs:subPropertyOf rdf:first","obo:DOID_13730 rdf:type rdfs:Resource","rdf:Alt rdf:type rdfs:Class","obo:DOID_150 rdfs:subClassOf obo:DOID_150","obo:DOID_896 rdfs:subClassOf obo:DOID_896","rdf:List rdf:type rdfs:Class","rdfs:subClassOf rdf:type rdf:Property","obo:DOID_303 rdfs:subClassOf obo:DOID_303","obo:DOID_557 rdfs:subClassOf obo:DOID_557","obo:DOID_13731 rdf:type rdfs:Resource","rdf:Bag rdfs:subClassOf rdfs:Container","rdf:Property rdfs:subClassOf rdfs:Resource","obo:DOID_381 rdfs:subClassOf obo:DOID_381","obo:DOID_8504 rdfs:subClassOf obo:DOID_8504","rdf:predicate rdf:type rdf:Property","obo:DOID_4919 rdfs:subClassOf obo:DOID_4919","obo:DOID_17 rdfs:subClassOf obo:DOID_17","obo:DOID_0050429 rdfs:subClassOf obo:DOID_0050429","obo:DOID_3279 rdf:type rdfs:Class","rdf:Statement rdf:type rdfs:Resource","obo:DOID_3905 rdf:type rdfs:Class","rdf:Bag rdf:type rdfs:Resource","obo:DOID_2733 rdf:type rdfs:Resource","rdf:object rdfs:subPropertyOf rdf:object","rdf:nil rdf:type rdf:List","obo:DOID_0050466 rdf:type rdfs:Class","rdfs:comment rdfs:range rdfs:Literal","obo:DOID_0060038 rdfs:subClassOf obo:DOID_0060038","obo:DOID_1998 rdfs:subClassOf obo:DOID_1998","owl:Axiom rdf:type rdfs:Class","rdf:predicate rdf:type rdfs:Resource","rdf:Property rdfs:subClassOf rdf:Property","obo:DOID_0060084 rdf:type rdfs:Class","obo:DOID_5976 rdf:type rdfs:Class","obo:DOID_4931 rdf:type rdfs:Resource","rdf:object rdf:type rdfs:Resource","obo:DOID_14276 rdf:type rdfs:Class","obo:DOID_0060091 rdfs:subClassOf obo:DOID_0060091","obo:DOID_0080000 rdfs:subClassOf obo:DOID_0080000","rdfs:Container rdf:type rdfs:Class","obo:DOID_700 rdfs:subClassOf obo:DOID_700","obo:DOID_1074 rdf:type rdfs:Class","obo:DOID_6197 rdf:type rdfs:Class","rdf:Statement rdfs:subClassOf rdfs:Resource","obo:DOID_6227 rdfs:subClassOf obo:DOID_6227","rdfs:isDefinedBy rdfs:subPropertyOf rdfs:seeAlso","rdf:Seq rdfs:subClassOf rdf:Seq","obo:DOID_17 rdf:type rdfs:Resource","obo:DOID_5409 rdf:type rdfs:Class","obo:DOID_0050517 rdfs:subClassOf obo:DOID_0050517","obo:DOID_1998 rdf:type rdfs:Resource","rdf:object rdf:type rdf:Property","obo:DOID_4014 rdf:type rdfs:Class","rdf:Property rdf:type rdfs:Resource","rdfs:Literal rdf:type rdfs:Class","obo:DOID_11299 rdf:type rdfs:Resource","obo:DOID_1029 rdfs:subClassOf obo:DOID_1029","obo:DOID_0050554 rdf:type rdfs:Class","obo:DOID_14452 rdf:type rdfs:Class","rdfs:Class rdfs:subClassOf rdfs:Class","rdfs:subClassOf rdfs:range rdfs:Class","obo:DOID_3247 rdf:type rdfs:Class","obo:DOID_896 rdf:type rdfs:Class","rdfs:Datatype rdf:type rdfs:Resource","obo:DOID_557 rdf:type rdfs:Class","obo:DOID_303 rdf:type rdfs:Class","obo:DOID_14239 rdf:type rdfs:Resource","obo:DOID_127 rdf:type rdfs:Resource","obo:DOID_8503 rdfs:subClassOf obo:DOID_8503","obo:DOID_11252 rdf:type rdfs:Resource","obo:DOID_0060333 rdf:type rdfs:Resource","rdfs:ContainerMembershipProperty rdf:type rdfs:Resource","obo:DOID_65 rdfs:subClassOf obo:DOID_65","obo:DOID_0060208 rdfs:subClassOf obo:DOID_0060208","obo:DOID_37 rdf:type rdfs:Class","obo:DOID_10841 rdf:type rdfs:Class","obo:DOID_3367 rdf:type rdfs:Class","rdf:rest rdf:type rdf:Property","rdfs:seeAlso rdf:type rdfs:Resource","rdfs:comment rdf:type rdfs:Resource","obo:DOID_14188 rdfs:subClassOf obo:DOID_14188","obo:DOID_332 rdf:type rdfs:Resource","rdfs:domain rdfs:range rdfs:Class","obo:DOID_0060421 rdf:type rdfs:Resource","obo:DOID_0060091 rdf:type rdfs:Class","obo:DOID_0080000 rdf:type rdfs:Class","obo:DOID_3275 rdf:type rdfs:Resource","obo:DOID_331 rdf:type rdfs:Resource","obo:DOID_11387 rdf:type rdfs:Resource","obo:DOID_0060245 rdfs:subClassOf obo:DOID_0060245","obo:DOID_0060208 rdf:type rdfs:Class","rdfs:Class rdf:type rdfs:Class","obo:DOID_6285 rdf:type rdfs:Resource","obo:DOID_8719 rdf:type rdfs:Class","obo:DOID_4931 rdfs:subClassOf obo:DOID_4931","rdf:rest rdf:type rdfs:Resource","obo:DOID_8719 rdfs:subClassOf obo:DOID_8719","obo:DOID_3492 rdf:type rdfs:Resource","rdfs:seeAlso rdf:type rdf:Property","rdfs:ContainerMembershipProperty rdfs:subClassOf rdf:Property","rdfs:comment rdf:type rdf:Property","obo:DOID_14276 rdf:type rdfs:Resource","obo:DOID_0050642 rdfs:subClassOf obo:DOID_0050642","obo:DOID_5976 rdfs:subClassOf obo:DOID_5976","obo:DOID_4931 rdf:type rdfs:Class","obo:DOID_6197 rdf:type rdfs:Resource","obo:DOID_13730 rdfs:subClassOf obo:DOID_13730","obo:DOID_0060084 rdfs:subClassOf obo:DOID_0060084","rdf:nil rdf:type rdfs:Resource","rdfs:Container rdf:type rdfs:Resource","obo:DOID_2123 rdfs:subClassOf obo:DOID_2123","obo:DOID_1074 rdf:type rdfs:Resource","rdf:subject rdf:type rdf:Property","rdf:Seq rdfs:subClassOf rdfs:Container","obo:DOID_5534 rdfs:subClassOf obo:DOID_5534","obo:DOID_0060388 rdfs:subClassOf obo:DOID_0060388","rdf:rest rdfs:domain rdf:List","rdf:subject rdf:type rdfs:Resource","obo:DOID_854 rdfs:subClassOf obo:DOID_854","rdfs:isDefinedBy rdfs:subPropertyOf rdfs:isDefinedBy","obo:DOID_1998 rdf:type rdfs:Class","rdf:Property rdf:type rdfs:Class","obo:DOID_4014 rdf:type rdfs:Resource","obo:DOID_5409 rdf:type rdfs:Resource","obo:DOID_11299 rdfs:subClassOf obo:DOID_11299","obo:DOID_17 rdf:type rdfs:Class","obo:DOID_12995 rdfs:subClassOf obo:DOID_12995","obo:DOID_0050466 rdfs:subClassOf obo:DOID_0050466","rdf:Statement rdf:type rdfs:Class","obo:DOID_3279 rdf:type rdfs:Resource","rdfs:label rdf:type rdf:Property","obo:DOID_3905 rdfs:subClassOf obo:DOID_3905","rdfs:label rdf:type rdfs:Resource","obo:DOID_0050466 rdf:type rdfs:Resource","obo:DOID_3905 rdf:type rdfs:Resource","rdf:Bag rdf:type rdfs:Class","obo:DOID_2733 rdf:type rdfs:Class","obo:DOID_2744 rdfs:subClassOf obo:DOID_2744","obo:DOID_5976 rdf:type rdfs:Resource","rdf:Alt rdfs:subClassOf rdfs:Container","obo:DOID_0060084 rdf:type rdfs:Resource","rdfs:subPropertyOf rdfs:domain rdf:Property","owl:Axiom rdf:type rdfs:Resource","obo:DOID_332 rdf:type rdfs:Class","rdfs:label rdfs:range rdfs:Literal","rdfs:Datatype rdfs:subClassOf rdfs:Class","rdfs:Datatype rdfs:subClassOf rdfs:Datatype","obo:DOID_3275 rdf:type rdfs:Class","rdfs:subPropertyOf rdf:type rdf:Property","obo:DOID_0060091 rdf:type rdfs:Resource","obo:DOID_0080000 rdf:type rdfs:Resource","obo:DOID_0060421 rdf:type rdfs:Class","obo:DOID_3279 rdfs:subClassOf obo:DOID_3279","rdfs:Class rdf:type rdfs:Resource","rdfs:range rdfs:range rdfs:Class","obo:DOID_0060208 rdf:type rdfs:Resource","obo:DOID_331 rdf:type rdfs:Class","obo:DOID_11252 rdfs:subClassOf obo:DOID_11252","obo:DOID_11387 rdf:type rdfs:Class","rdfs:subPropertyOf rdf:type rdfs:Resource","rdfs:Literal rdfs:subClassOf rdfs:Resource","obo:DOID_13731 rdfs:subClassOf obo:DOID_13731","obo:DOID_3492 rdf:type rdfs:Class","obo:DOID_14239 rdfs:subClassOf obo:DOID_14239","obo:DOID_127 rdfs:subClassOf obo:DOID_127","obo:DOID_6285 rdf:type rdfs:Class","obo:DOID_8719 rdf:type rdfs:Resource","obo:DOID_14452 rdf:type rdfs:Resource","obo:DOID_0060333 rdfs:subClassOf obo:DOID_0060333","obo:DOID_0050554 rdf:type rdfs:Resource","obo:DOID_1240 rdfs:subClassOf obo:DOID_1240","rdfs:Literal rdf:type rdfs:Resource","obo:DOID_11299 rdf:type rdfs:Class","rdf:type rdf:type rdf:Property","obo:DOID_3247 rdf:type rdfs:Resource","rdfs:Class rdfs:subClassOf rdfs:Resource","obo:DOID_9174 rdfs:subClassOf obo:DOID_9174","obo:DOID_11252 rdf:type rdfs:Class","rdfs:ContainerMembershipProperty rdfs:subClassOf rdfs:ContainerMembershipProperty","obo:DOID_14239 rdf:type rdfs:Class","obo:DOID_127 rdf:type rdfs:Class","obo:DOID_557 rdf:type rdfs:Resource","obo:DOID_303 rdf:type rdfs:Resource","rdfs:Datatype rdf:type rdfs:Class","obo:DOID_896 rdf:type rdfs:Resource","obo:DOID_10841 rdf:type rdfs:Resource","obo:DOID_3367 rdf:type rdfs:Resource","rdfs:ContainerMembershipProperty rdf:type rdfs:Class","rdf:type rdf:type rdfs:Resource","obo:DOID_37 rdf:type rdfs:Resource","obo:DOID_0060333 rdf:type rdfs:Class","obo:DOID_150 rdf:type rdfs:Class","obo:DOID_3347 rdfs:subClassOf obo:DOID_3347","rdf:XMLLiteral rdf:type rdfs:Resource","obo:DOID_0050736 rdf:type rdfs:Class","obo:DOID_9174 rdf:type rdfs:Resource","rdfs:isDefinedBy rdf:type rdfs:Resource","obo:DOID_8415 rdf:type rdfs:Class","obo:DOID_1037 rdfs:subClassOf obo:DOID_1037","obo:DOID_934 rdf:type rdfs:Class","obo:DOID_1240 rdf:type rdfs:Resource","obo:DOID_3275 rdfs:subClassOf obo:DOID_3275","obo:DOID_8955 rdfs:subClassOf obo:DOID_8955","obo:DOID_2123 rdf:type rdfs:Resource","obo:DOID_0060421 rdfs:subClassOf obo:DOID_0060421","obo:DOID_0050642 rdf:type rdfs:Resource","obo:DOID_854 rdf:type rdfs:Resource","rdfs:range rdfs:domain rdf:Property","rdfs:isDefinedBy rdf:type rdf:Property","obo:DOID_5534 rdf:type rdfs:Resource","obo:DOID_2557 rdf:type rdfs:Class","obo:DOID_2645 rdfs:subClassOf obo:DOID_2645","obo:DOID_12995 rdf:type rdfs:Resource","obo:DOID_2476 rdfs:subClassOf obo:DOID_2476","obo:DOID_10791 rdfs:subClassOf obo:DOID_10791","obo:DOID_4014 rdfs:subClassOf obo:DOID_4014","obo:DOID_2671 rdf:type rdfs:Resource","obo:DOID_332 rdfs:subClassOf obo:DOID_332","obo:DOID_11400 rdfs:subClassOf obo:DOID_11400","obo:DOID_0050605 rdfs:subClassOf obo:DOID_0050605","obo:DOID_5409 rdfs:subClassOf obo:DOID_5409","obo:DOID_0060245 rdf:type rdfs:Class","obo:DOID_0060038 rdf:type rdfs:Class","obo:DOID_11400 rdf:type rdfs:Resource","obo:DOID_2476 rdf:type rdfs:Resource","rdf:rest rdfs:subPropertyOf rdf:rest","rdfs:subClassOf rdfs:domain rdfs:Class","obo:DOID_381 rdf:type rdfs:Class","rdfs:Resource rdf:type rdfs:Resource","obo:DOID_3347 rdf:type rdfs:Resource","rdf:subject rdfs:domain rdf:Statement","obo:DOID_0050517 rdf:type rdfs:Class","obo:DOID_6227 rdf:type rdfs:Class","obo:DOID_1037 rdf:type rdfs:Resource","obo:DOID_8955 rdf:type rdfs:Resource","obo:DOID_1882 rdfs:subClassOf obo:DOID_1882","obo:DOID_4051 rdfs:subClassOf obo:DOID_4051","obo:DOID_0050730 rdf:type rdfs:Resource","rdf:first rdf:type rdfs:Resource","obo:DOID_6285 rdfs:subClassOf obo:DOID_6285","obo:DOID_2744 rdf:type rdfs:Class","obo:DOID_13730 rdf:type rdfs:Class","obo:DOID_264 rdfs:subClassOf obo:DOID_264","obo:DOID_0060388 rdf:type rdfs:Class","rdfs:seeAlso rdfs:subPropertyOf rdfs:seeAlso","rdf:type rdfs:range rdfs:Class","obo:DOID_3492 rdfs:subClassOf obo:DOID_3492","obo:DOID_14276 rdfs:subClassOf obo:DOID_14276","rdf:Alt rdf:type rdfs:Resource","rdf:first rdf:type rdf:Property","obo:DOID_13731 rdf:type rdfs:Class","rdf:List rdf:type rdfs:Resource","rdfs:range rdf:type rdf:Property","rdf:List rdfs:subClassOf rdfs:Resource","rdf:subject rdfs:subPropertyOf rdf:subject","rdf:Seq rdf:type rdfs:Resource","rdfs:Container rdfs:subClassOf rdfs:Container","obo:DOID_700 rdf:type rdfs:Resource","obo:DOID_1074 rdfs:subClassOf obo:DOID_1074","obo:DOID_2645 rdf:type rdfs:Class","obo:DOID_0050605 rdf:type rdfs:Class","obo:DOID_2671 rdfs:subClassOf obo:DOID_2671","obo:DOID_11387 rdfs:subClassOf obo:DOID_11387","obo:DOID_10791 rdf:type rdfs:Class","obo:DOID_1882 rdf:type rdfs:Class","obo:DOID_4051 rdf:type rdfs:Class","obo:DOID_8504 rdf:type rdfs:Resource","obo:DOID_4919 rdf:type rdfs:Resource","obo:DOID_331 rdfs:subClassOf obo:DOID_331","obo:DOID_0050429 rdf:type rdfs:Resource","obo:DOID_14188 rdf:type rdfs:Resource","obo:DOID_6197 rdfs:subClassOf obo:DOID_6197","obo:DOID_10790 rdfs:subClassOf obo:DOID_10790","obo:DOID_264 rdf:type rdfs:Class","obo:DOID_1029 rdf:type rdfs:Resource","obo:DOID_10790 rdf:type rdfs:Class","rdfs:range rdf:type rdfs:Resource","obo:DOID_8503 rdf:type rdfs:Resource","owl:Class rdf:type rdfs:Class","obo:DOID_65 rdf:type rdfs:Resource"],"InvalidAxioms":["obo:DOID_6227 rdf:type rdf:Property","obo:DOID_6285 rdfs:subClassOf obo:DOID_9174","rdfs:Literal rdfs:subClassOf obo:DOID_4919","obo:DOID_0050554 rdfs:subClassOf obo:DOID_0050429","rdfs:label rdfs:subPropertyOf rdfs:seeAlso","obo:DOID_6285 rdfs:subClassOf obo:DOID_6197","obo:DOID_3275 rdfs:subClassOf obo:DOID_1074","obo:DOID_3247 rdfs:subClassOf obo:DOID_0050429","rdfs:label rdfs:subClassOf obo:DOID_3367","rdfs:isDefinedBy rdfs:subClassOf rdf:Alt","obo:DOID_0050466 rdfs:subClassOf obo:DOID_3367","rdf:Seq rdfs:subClassOf obo:DOID_0060091","rdf:object rdfs:range rdfs:Class","rdf:XMLLiteral rdfs:subClassOf obo:DOID_14239","obo:DOID_1029 rdfs:subClassOf obo:DOID_1882","obo:DOID_854 rdfs:subClassOf rdfs:Class","obo:DOID_381 rdf:type rdf:Property","rdfs:Literal rdfs:subClassOf obo:DOID_8504","obo:DOID_2557 rdfs:subClassOf rdfs:Resource","rdfs:subClassOf rdfs:range rdfs:Literal","obo:DOID_854 rdfs:subClassOf obo:DOID_11252","rdfs:label rdfs:subClassOf obo:DOID_13731","obo:DOID_2733 rdfs:subClassOf obo:DOID_5534","obo:DOID_11400 rdfs:subClassOf obo:DOID_10790","rdfs:label rdfs:subClassOf obo:DOID_3492","obo:DOID_0060208 rdfs:subClassOf obo:DOID_700","obo:DOID_8503 rdfs:subClassOf obo:DOID_0050605","obo:DOID_4051 rdfs:domain rdf:Property","obo:DOID_17 rdfs:subClassOf obo:DOID_2733","rdfs:label rdfs:range rdf:Property","rdf:predicate rdfs:subClassOf obo:DOID_12995","obo:DOID_8503 rdfs:subClassOf obo:DOID_2645","rdfs:isDefinedBy rdfs:subClassOf obo:DOID_8719","rdf:type rdfs:subClassOf obo:DOID_0050554","rdfs:isDefinedBy rdf:type rdfs:Class","obo:DOID_381 rdfs:subClassOf rdfs:Resource","obo:DOID_2557 rdf:type rdf:Property","obo:DOID_2476 rdfs:subClassOf obo:DOID_264","obo:DOID_381 rdfs:subClassOf obo:DOID_3347","rdfs:Resource rdfs:subClassOf obo:DOID_127","obo:DOID_381 rdfs:subClassOf rdf:Property","rdf:predicate rdfs:range rdfs:Class","rdfs:comment rdfs:subPropertyOf rdf:predicate","obo:DOID_0050736 rdf:type rdf:Property","obo:DOID_14452 rdfs:subClassOf obo:DOID_2744","obo:DOID_264 rdfs:domain rdf:Property","obo:DOID_6197 rdfs:subPropertyOf rdfs:seeAlso","rdf:object rdfs:subClassOf obo:DOID_2123","obo:DOID_0050429 rdfs:subClassOf rdfs:ContainerMembershipProperty","rdfs:comment rdfs:domain rdf:Statement","obo:DOID_14452 rdfs:subClassOf obo:DOID_3492","obo:DOID_3367 rdfs:subClassOf obo:DOID_37","rdf:subject rdfs:subClassOf obo:DOID_14452","rdfs:comment rdfs:range rdfs:Class","obo:DOID_10841 rdfs:subPropertyOf rdfs:seeAlso","obo:DOID_10791 rdf:type rdf:Property","obo:DOID_2671 rdfs:subClassOf obo:DOID_4051","obo:DOID_13731 rdfs:subClassOf obo:DOID_8955","rdf:XMLLiteral rdfs:subClassOf obo:DOID_0050730","obo:DOID_0050605 rdfs:subClassOf obo:DOID_11400","rdfs:range rdf:type rdfs:Class","rdfs:subClassOf rdfs:subClassOf rdfs:Resource","obo:DOID_11299 rdfs:subClassOf obo:DOID_2123","obo:DOID_5976 rdfs:subClassOf obo:DOID_13730","rdf:type rdfs:subClassOf obo:DOID_11387","rdfs:isDefinedBy rdfs:subClassOf obo:DOID_0080000","obo:DOID_0050730 rdfs:subClassOf obo:DOID_8719","rdf:first rdf:type rdfs:Class","owl:Class rdfs:subClassOf obo:DOID_3347","rdf:rest rdfs:subClassOf obo:DOID_2733","obo:DOID_0050642 rdfs:subClassOf obo:DOID_4051","obo:DOID_4014 rdfs:subClassOf obo:DOID_3247","obo:DOID_9174 rdfs:domain rdf:List","obo:DOID_2733 rdfs:subClassOf obo:DOID_9174","rdf:subject rdfs:subClassOf obo:DOID_0060388","obo:DOID_5976 rdfs:subClassOf obo:DOID_0050554","obo:DOID_14188 rdfs:subClassOf rdfs:Class","obo:DOID_3905 rdfs:subClassOf obo:DOID_14452","rdfs:Literal rdfs:subClassOf obo:DOID_557","obo:DOID_3905 rdfs:subClassOf obo:DOID_2744","obo:DOID_0060091 rdfs:subClassOf obo:DOID_3367","rdfs:comment rdfs:range rdf:List","obo:DOID_8719 rdfs:subClassOf obo:DOID_8503","rdf:nil rdfs:subClassOf obo:DOID_0060388","obo:DOID_5976 rdfs:subClassOf obo:DOID_700","rdf:Seq rdfs:subClassOf rdfs:Class","obo:DOID_3367 rdfs:subClassOf obo:DOID_896","obo:DOID_0050642 rdfs:subClassOf obo:DOID_0080000","obo:DOID_0080000 rdfs:subClassOf obo:DOID_37","rdfs:domain rdfs:subClassOf obo:DOID_5976","rdfs:subPropertyOf rdfs:subClassOf obo:DOID_3492","obo:DOID_557 rdfs:subClassOf obo:DOID_1882","obo:DOID_381 rdfs:range rdf:List","obo:DOID_3247 rdfs:domain rdf:List","obo:DOID_1029 rdfs:subClassOf obo:DOID_3247","rdfs:subPropertyOf rdfs:domain rdfs:Class","obo:DOID_3247 rdfs:subClassOf obo:DOID_0050605","obo:DOID_2476 rdfs:subClassOf obo:DOID_1029","obo:DOID_12995 rdfs:subClassOf obo:DOID_557","obo:DOID_0060421 rdfs:subClassOf obo:DOID_3279","obo:DOID_14188 rdfs:subClassOf obo:DOID_3275","rdfs:label rdf:type rdfs:Class","obo:DOID_8955 rdfs:subClassOf obo:DOID_13731","rdf:subject rdfs:subClassOf obo:DOID_127","rdf:XMLLiteral rdfs:subClassOf obo:DOID_331","obo:DOID_0050466 rdfs:subClassOf obo:DOID_10790","obo:DOID_11400 rdfs:subClassOf obo:DOID_8503","rdf:first rdfs:subClassOf obo:DOID_14452","rdf:Property rdf:type rdf:Property","obo:DOID_11252 rdfs:range rdfs:Literal","rdfs:ContainerMembershipProperty rdfs:subClassOf obo:DOID_3279","owl:Class rdfs:subClassOf obo:DOID_6197","obo:DOID_2733 rdfs:subPropertyOf rdf:object","obo:DOID_17 rdf:type rdf:Property","rdf:nil rdf:type rdfs:Class","rdf:Bag rdfs:subClassOf obo:DOID_3347","rdf:predicate rdfs:subPropertyOf rdf:object","obo:DOID_2671 rdfs:subClassOf obo:DOID_303","obo:DOID_150 rdfs:subPropertyOf rdfs:isDefinedBy","obo:DOID_3347 rdfs:subClassOf obo:DOID_303","obo:DOID_1240 rdfs:subClassOf obo:DOID_1029","rdf:Bag rdfs:subClassOf rdf:Property","rdf:subject rdf:type rdfs:Class","obo:DOID_0080000 rdfs:subClassOf obo:DOID_1882","rdfs:subPropertyOf rdfs:domain rdf:List","obo:DOID_0060084 rdfs:subClassOf obo:DOID_11252","rdf:subject rdfs:subClassOf rdfs:ContainerMembershipProperty","rdfs:subPropertyOf rdfs:subClassOf obo:DOID_0080000","obo:DOID_0060208 rdfs:subClassOf obo:DOID_0060091","rdfs:domain rdfs:subClassOf obo:DOID_0060038","obo:DOID_0050554 rdfs:subClassOf obo:DOID_8719","obo:DOID_11387 rdfs:subClassOf obo:DOID_0060084","obo:DOID_934 rdfs:subClassOf rdfs:Container","obo:DOID_1240 rdfs:subPropertyOf rdf:rest","obo:DOID_8504 rdfs:subClassOf obo:DOID_3492","obo:DOID_2645 rdfs:subClassOf obo:DOID_5534","obo:DOID_11387 rdfs:subPropertyOf rdf:object","rdf:subject rdfs:subClassOf obo:DOID_11299","obo:DOID_14239 rdf:type rdf:Property","rdf:object rdfs:domain rdf:Property","obo:DOID_11252 rdf:type rdf:Property","rdfs:Datatype rdf:type rdf:Property","obo:DOID_11387 rdfs:subClassOf rdfs:Resource","obo:DOID_331 rdfs:subClassOf rdfs:Resource","rdf:object rdfs:subClassOf obo:DOID_934","obo:DOID_8504 rdfs:subClassOf obo:DOID_10841","obo:DOID_1882 rdfs:subClassOf obo:DOID_2123","obo:DOID_557 rdfs:subClassOf obo:DOID_8719","obo:DOID_150 rdfs:subClassOf obo:DOID_0060245","rdf:type rdfs:subClassOf obo:DOID_8719","obo:DOID_0060421 rdfs:subClassOf obo:DOID_0060084","rdf:type rdf:type rdfs:Class","obo:DOID_11299 rdf:type rdf:Property","rdfs:domain rdfs:subClassOf obo:DOID_0050517","obo:DOID_6197 rdfs:subClassOf obo:DOID_0080000","rdf:type rdfs:subClassOf rdfs:Class","obo:DOID_11400 rdfs:subClassOf obo:DOID_0050554","rdf:rest rdfs:subClassOf obo:DOID_2557","obo:DOID_127 rdfs:subClassOf obo:DOID_3347","obo:DOID_3247 rdfs:subClassOf obo:DOID_11252","obo:DOID_381 rdfs:subClassOf obo:DOID_0060245","obo:DOID_331 rdf:type rdf:Property","rdfs:range rdfs:range rdf:Property","obo:DOID_381 rdfs:subClassOf obo:DOID_6197","rdf:predicate rdfs:range rdfs:Literal","obo:DOID_896 rdf:type rdf:List","rdf:predicate rdfs:domain rdf:Property","rdfs:subPropertyOf rdf:type rdfs:Class","obo:DOID_2476 rdfs:subClassOf obo:DOID_332","obo:DOID_3275 rdf:type rdf:Property","obo:DOID_1037 rdfs:subClassOf obo:DOID_700","obo:DOID_0060421 rdf:type rdf:Property","obo:DOID_3279 rdfs:subClassOf obo:DOID_0050730","obo:DOID_14452 rdfs:subClassOf rdfs:Datatype","rdfs:Container rdfs:subClassOf obo:DOID_4051","rdf:subject rdfs:subClassOf obo:DOID_0060091","obo:DOID_2733 rdfs:domain rdf:Property","rdf:type rdfs:subClassOf obo:DOID_11252","rdfs:comment rdfs:subClassOf obo:DOID_0050605","obo:DOID_2123 rdfs:subPropertyOf rdfs:isDefinedBy","obo:DOID_8504 rdfs:subClassOf rdfs:Container","rdfs:subClassOf rdfs:subClassOf obo:DOID_3275","obo:DOID_3275 rdfs:subClassOf obo:DOID_0060091","rdf:object rdf:type rdfs:Class","obo:DOID_331 rdfs:subClassOf obo:DOID_4051","obo:DOID_0050554 rdfs:domain rdf:Property","obo:DOID_2123 rdfs:subClassOf rdf:Bag","obo:DOID_0050466 rdfs:subClassOf rdfs:Resource","obo:DOID_6285 rdfs:subClassOf obo:DOID_4051","rdfs:label rdfs:subClassOf rdfs:Resource","rdf:type rdfs:domain rdf:Property","rdfs:label rdfs:subClassOf rdf:Property","rdfs:isDefinedBy rdfs:subClassOf obo:DOID_2733","rdf:rest rdfs:subClassOf obo:DOID_10791","obo:DOID_3347 rdfs:subClassOf obo:DOID_0050517","rdfs:domain rdfs:subClassOf obo:DOID_2744","obo:DOID_150 rdfs:subClassOf obo:DOID_3367","rdfs:isDefinedBy rdfs:subClassOf obo:DOID_381","obo:DOID_2476 rdfs:subClassOf obo:DOID_6227","rdf:rest rdfs:subClassOf obo:DOID_0050605","rdfs:isDefinedBy rdfs:range rdfs:Class","rdfs:subPropertyOf rdfs:range rdfs:Literal","obo:DOID_0060245 rdfs:subClassOf obo:DOID_8503","obo:DOID_10791 rdfs:subClassOf obo:DOID_8504","rdf:Statement rdfs:subPropertyOf rdf:first","obo:DOID_1037 rdfs:range rdf:List","rdf:rest rdfs:subClassOf obo:DOID_0050730","obo:DOID_0050517 rdfs:subPropertyOf rdfs:seeAlso","obo:DOID_381 rdfs:subClassOf obo:DOID_65","owl:Class rdfs:subClassOf obo:DOID_8504","obo:DOID_0060333 rdfs:subClassOf obo:DOID_0080000","obo:DOID_3279 rdf:type rdf:Property","rdf:Property rdfs:subClassOf obo:DOID_14239","obo:DOID_264 rdfs:subClassOf obo:DOID_4919","obo:DOID_0050429 rdfs:subClassOf obo:DOID_14276","obo:DOID_5409 rdfs:subClassOf rdf:Property","obo:DOID_0080000 rdfs:range rdfs:Literal","rdfs:Datatype rdfs:subClassOf obo:DOID_0080000","rdf:predicate rdf:type rdfs:Class","obo:DOID_332 rdfs:subClassOf obo:DOID_11299","obo:DOID_1998 rdfs:subClassOf rdf:Alt","rdfs:subClassOf rdfs:subClassOf obo:DOID_2744","obo:DOID_896 rdfs:subPropertyOf rdf:object","obo:DOID_5976 rdfs:subClassOf obo:DOID_3279","obo:DOID_8719 rdf:type rdf:Property","rdf:first rdfs:subClassOf obo:DOID_5534","rdfs:seeAlso rdf:type rdfs:Class","rdf:type rdfs:subClassOf obo:DOID_5976","rdfs:comment rdf:type rdfs:Class","obo:DOID_150 rdfs:subClassOf obo:DOID_4919","obo:DOID_65 rdfs:subClassOf obo:DOID_4014","obo:DOID_6197 rdfs:subClassOf obo:DOID_2671","rdf:List rdfs:subClassOf obo:DOID_2733","obo:DOID_0060208 rdf:type rdf:Property","rdfs:comment rdfs:subPropertyOf rdf:first","rdf:type rdfs:subPropertyOf rdf:object","obo:DOID_5976 rdfs:subClassOf obo:DOID_8415","obo:DOID_10790 rdfs:subClassOf obo:DOID_557","rdf:object rdfs:subClassOf obo:DOID_4051","rdf:type rdfs:subClassOf rdf:Property","rdfs:subClassOf rdfs:subClassOf obo:DOID_1029","obo:DOID_0060388 rdfs:subClassOf obo:DOID_37","rdf:rest rdf:type rdfs:Class","obo:DOID_150 rdfs:subClassOf obo:DOID_0060421","obo:DOID_14452 rdfs:subClassOf obo:DOID_5976","obo:DOID_14452 rdfs:subClassOf rdfs:Resource","obo:DOID_2671 rdfs:subClassOf obo:DOID_0060245","obo:DOID_6285 rdfs:subClassOf rdfs:Class","obo:DOID_0060208 rdfs:subClassOf obo:DOID_17","rdf:rest rdfs:subClassOf rdfs:Class","obo:DOID_3279 rdfs:subClassOf obo:DOID_2671","obo:DOID_0050730 rdfs:domain rdf:Statement","obo:DOID_4919 rdfs:subClassOf obo:DOID_5534","rdf:type rdfs:subClassOf obo:DOID_2476","obo:DOID_896 rdf:type rdf:Property","obo:DOID_10790 rdfs:subPropertyOf rdfs:seeAlso","obo:DOID_3247 rdfs:subClassOf obo:DOID_11400","owl:Class rdfs:subClassOf obo:DOID_3492","obo:DOID_1882 rdfs:subClassOf obo:DOID_10841","obo:DOID_0060091 rdfs:subClassOf rdfs:Resource","rdfs:domain rdfs:subClassOf obo:DOID_37","obo:DOID_65 rdfs:subClassOf obo:DOID_854","rdf:predicate rdfs:domain rdf:List","rdfs:subClassOf rdfs:range rdf:Property","obo:DOID_12995 rdfs:subClassOf rdfs:Container","rdf:subject rdfs:subClassOf obo:DOID_0050736","obo:DOID_13730 rdfs:subClassOf obo:DOID_14188","rdf:subject rdfs:domain rdf:Property","rdfs:Container rdfs:range rdfs:Literal","obo:DOID_6197 rdfs:range rdfs:Literal","rdfs:subPropertyOf rdfs:subClassOf obo:DOID_14276","obo:DOID_0060333 rdfs:subClassOf obo:DOID_2744","obo:DOID_332 rdfs:subClassOf obo:DOID_13730","obo:DOID_10841 rdfs:subClassOf obo:DOID_6197","rdfs:Resource rdfs:subClassOf obo:DOID_3347","obo:DOID_12995 rdf:type rdf:Property","rdf:Statement rdfs:subClassOf obo:DOID_557","obo:DOID_0060333 rdfs:subClassOf obo:DOID_0050554","obo:DOID_11387 rdfs:subClassOf obo:DOID_0060388","obo:DOID_14452 rdfs:subClassOf rdfs:Container","rdf:predicate rdfs:subClassOf obo:DOID_303","obo:DOID_9174 rdf:type rdf:Property","rdfs:label rdfs:range rdfs:Class","rdf:XMLLiteral rdf:type rdf:Property","obo:DOID_0050554 rdfs:subClassOf obo:DOID_0060245","obo:DOID_2476 rdfs:subClassOf obo:DOID_8955","obo:DOID_2557 rdfs:subClassOf rdfs:ContainerMembershipProperty","rdf:Property rdfs:subClassOf obo:DOID_331","obo:DOID_5976 rdfs:subClassOf obo:DOID_2733","obo:DOID_854 rdfs:subClassOf obo:DOID_17","obo:DOID_3347 rdf:type rdf:Property","obo:DOID_14188 rdfs:subClassOf obo:DOID_150","obo:DOID_10791 rdfs:subClassOf obo:DOID_0060091","rdf:predicate rdfs:subPropertyOf rdfs:seeAlso","obo:DOID_0050730 rdfs:domain rdf:Property","rdfs:label rdfs:subClassOf rdf:Bag","obo:DOID_854 rdfs:subClassOf rdfs:Resource","obo:DOID_8719 rdfs:subPropertyOf rdf:subject","rdf:first rdfs:range rdfs:Literal","obo:DOID_4014 rdfs:domain rdf:Statement","owl:Class rdfs:subClassOf obo:DOID_0060091","obo:DOID_10790 rdfs:domain rdf:List","rdfs:isDefinedBy rdfs:subClassOf rdfs:Resource","obo:DOID_9174 rdfs:subClassOf rdfs:Resource","obo:DOID_10790 rdfs:subClassOf obo:DOID_0060091","obo:DOID_0050736 rdfs:subClassOf rdfs:Datatype","obo:DOID_5409 rdfs:subClassOf obo:DOID_6227","obo:DOID_2671 rdf:type rdf:Property","rdf:subject rdfs:range rdfs:Class","obo:DOID_0060084 rdfs:subClassOf obo:DOID_0060038","rdfs:isDefinedBy rdfs:subPropertyOf rdf:object","obo:DOID_11252 rdfs:subClassOf obo:DOID_8504","obo:DOID_150 rdfs:subClassOf obo:DOID_0050605","obo:DOID_3247 rdfs:range rdfs:Class","obo:DOID_0080000 rdfs:subClassOf obo:DOID_854","rdfs:subClassOf rdf:type rdfs:Class","rdf:type rdfs:subClassOf obo:DOID_12995","obo:DOID_11387 rdfs:subPropertyOf rdfs:seeAlso","rdfs:range rdfs:subClassOf rdfs:Resource","obo:DOID_1998 rdfs:subClassOf obo:DOID_0060421","rdfs:subPropertyOf rdfs:subClassOf obo:DOID_2123","rdfs:range rdfs:subClassOf obo:DOID_0060084","obo:DOID_0060245 rdfs:subClassOf obo:DOID_2645","obo:DOID_8504 rdfs:subClassOf rdfs:Resource","obo:DOID_4919 rdfs:subClassOf obo:DOID_3347","obo:DOID_5976 rdfs:subClassOf rdfs:Container","rdfs:Class rdfs:subClassOf obo:DOID_854","rdf:Seq rdfs:subClassOf rdfs:Resource","obo:DOID_1998 rdfs:subClassOf obo:DOID_3275","rdf:Alt rdfs:subPropertyOf rdf:object","obo:DOID_14188 rdfs:subClassOf obo:DOID_2476","obo:DOID_9174 rdfs:domain rdf:Property","obo:DOID_1029 rdf:type rdf:Property","obo:DOID_0050466 rdfs:subClassOf obo:DOID_14276","obo:DOID_0080000 rdfs:range rdfs:Class","rdfs:domain rdf:type rdfs:Class","obo:DOID_332 rdfs:subClassOf obo:DOID_896","obo:DOID_14239 rdfs:subClassOf obo:DOID_1029","rdf:type rdfs:subPropertyOf rdfs:isDefinedBy","obo:DOID_0060084 rdfs:subPropertyOf rdf:predicate","rdfs:comment rdfs:subClassOf obo:DOID_303","rdf:object rdfs:subPropertyOf rdf:rest","obo:DOID_14276 rdfs:subClassOf rdfs:Container","obo:DOID_1037 rdfs:subClassOf obo:DOID_150","obo:DOID_4919 rdf:type rdf:Property","obo:DOID_0050429 rdfs:subClassOf obo:DOID_2557","rdfs:subClassOf rdfs:subClassOf obo:DOID_264","obo:DOID_1240 rdfs:subClassOf obo:DOID_934","obo:DOID_150 rdfs:subClassOf obo:DOID_2645","rdf:Property rdfs:subClassOf obo:DOID_332"]}