{"OntologyName":"http://purl.obolibrary.org/obo/doid.owl#","Prefixes":{"":"http://purl.obolibrary.org/obo/doid.owl#","owl":"http://www.w3.org/2002/07/owl#","rdf":"http://www.w3.org/1999/02/22-rdf-syntax-ns#","oboInOwl":"http://www.geneontology.org/formats/oboInOwl#","xsd":"http://www.w3.org/2001/XMLSchema#","doid":"http://purl.obolibrary.org/obo/doid#","rdfs":"http://www.w3.org/2000/01/rdf-schema#","obo":"http://purl.obolibrary.org/obo/"},"TotalBase Triples":1000,"Axiomatic Triples in Base":0,"rdf:TypeTriples in Base":133,"TotalUniqueSubjects in base":133,"TotalUniquePredicates in base":17,"TotalUniqueObjects in base":715,"TotalInferred Triples":332,"AxiomaticTriples in inferred":100,"rdf:TypeTriples in inferred":213,"TotalUniqueSubjects in inferred":106,"TotalUniquePredicates in inferred":5,"TotalUniqueObjects in inferred":95,"TotalInvalid Triples":332,"AxiomaticTriples in invalid":71,"rdf:TypeTriples in invalid":41,"fullRandomTriples in invalid":0,"trickyTriplesInInvalid in invalid":332,"TotalUniqueSubjects in invalid":99,"TotalUniquePredicates in invalid":5,"TotalUniqueObjects in invalid":83,"Inference_time (miliseconds)":6,"Invalid triples generation time (miliseconds)":57,"Output (json_format) writing time (miliseconds)":0,"OriginalAxioms":["39f998a8-f9e9-4782-85a1-62eece326e17 owl:annotatedTarget Ankylosis of teeth","obo:DOID_11107 rdfs:label glaucoma associated with ocular disorder","6480142f-8ffb-4b5a-8acb-3860c58b120c rdf:type owl:Axiom","obo:DOID_5505 oboInOwl:id DOID:5505","obo:DOID_11320 oboInOwl:hasDbXref ICD9CM:065.2","3c3b5833-f621-4e1b-8278-cdb0a03c76e9 oboInOwl:hasDbXref url:http://books.google.com/books?id\u003dQz-3V6_TatUC\u0026pg\u003dPA177\u0026lpg\u003dPA177\u0026dq#v\u003donepage\u0026q\u0026f\u003dfalse","eda66dbb-5371-4cf2-b986-66e20f87d962 rdf:type owl:Axiom","aa8bbdaa-b85d-430f-a101-cc7f36f6099b owl:annotatedSource obo:DOID_11668","obo:DOID_2477 oboInOwl:id DOID:2477","9ac70405-191d-485d-a766-ca9761f662d1 oboInOwl:hasDbXref SNOMEDCT_2005_07_31:363468009","obo:DOID_2477 oboInOwl:hasDbXref SNOMEDCT_US_2015_03_01:128202008","obo:DOID_0060253 rdfs:subClassOf obo:DOID_9884","9ac70405-191d-485d-a766-ca9761f662d1 owl:annotatedTarget malignant neoplasm of temporal lobe disorder","1bb1b1ca-5528-45dd-8200-620f55193855 owl:annotatedSource obo:DOID_4238","4b416020-3c39-4ba3-83e7-df70d6925159 owl:annotatedSource obo:DOID_11018","obo:DOID_13650 oboInOwl:id DOID:13650","8b12dc20-206a-4060-b297-e850b5b576dc rdf:type owl:Axiom","d8028677-1ef6-4c2c-969b-b7307ad00ace rdf:type owl:Axiom","obo:DOID_0050298 oboInOwl:hasAlternativeId DOID:3123","obo:DOID_2477 oboInOwl:hasExactSynonym Hereditary motor and sensory neuropathy [Ambiguous]","2b0f64d1-3e49-496e-85e8-f89bee991778 owl:annotatedTarget localized malignant gallbladder neoplasm","obo:DOID_13474 oboInOwl:hasDbXref SNOMEDCT_US_2015_03_01:48480005","obo:DOID_10548 oboInOwl:hasExactSynonym Ca cardia - stomach","a505afb8-aaed-4f41-9908-d1e776acaa73 oboInOwl:hasDbXref SNOMEDCT_2005_07_31:13814009","obo:DOID_11320 rdfs:subClassOf obo:DOID_934","obo:DOID_13650 oboInOwl:hasExactSynonym Joint disorder NOS, of the pelvic region and thigh disorder","afa5ccf6-8015-4adb-9cad-a89087f8ea69 owl:annotatedSource obo:DOID_6886","obo:DOID_2741 oboInOwl:hasExactSynonym hereditary hyperbilirubinemia","obo:DOID_2477 rdfs:label motor peripheral neuropathy","obo:DOID_8335 oboInOwl:hasOBONamespace disease_ontology","19bfdc94-b241-45d9-b94a-fd22bf010a58 oboInOwl:hasDbXref SNOMEDCT_2005_07_31:367094007","obo:DOID_2741 oboInOwl:hasDbXref MSH:D006933","0dd8da42-a047-484c-89df-cfcdaf541005 owl:annotatedTarget calculus of gallbladder with cholecystitis disorder","obo:DOID_0050650 oboInOwl:hasDbXref OMIM:615378","7732e8ee-76bf-4234-ae8a-0889ea17d2d0 owl:annotatedTarget An adult sarcoma of soft tissue and extraosseous osteosarcoma that is located in the soft tissues without direct attachment to the skeletal system and results in the production of osteoid, bone, or chondroid material.","a5af76ce-c9ba-4710-ad96-6a030f5d14a4 owl:annotatedTarget recurrent cholesteatoma of postmastoidectomy cavity","obo:DOID_4110 oboInOwl:hasOBONamespace disease_ontology","cfaf6458-a567-497b-9a76-22caf08b81bb owl:annotatedSource obo:DOID_10383","obo:DOID_5505 rdfs:label papillary ependymoma","obo:DOID_2477 oboInOwl:hasDbXref UMLS_CUI:C0027888","d355e2fd-abeb-4b4d-a267-b29f4592144d owl:annotatedProperty oboInOwl:hasExactSynonym","obo:DOID_14159 oboInOwl:hasExactSynonym Obstructive hydrocephalus disorder","a505afb8-aaed-4f41-9908-d1e776acaa73 owl:annotatedSource obo:DOID_205","obo:DOID_13650 oboInOwl:hasExactSynonym Joint disorder NOS, of shoulder region disorder","554e69f8-a45d-411a-9010-cf4d09874089 owl:annotatedSource obo:DOID_2913","obo:DOID_9818 oboInOwl:hasAlternativeId DOID:12513","obo:DOID_9818 rdfs:label retinal defect","459bbcf6-dbfd-4047-a82b-199e4aabbe54 owl:annotatedTarget Hodgkins disease, nodular sclerosis of lymph nodes of axilla and upper limb disorder","obo:DOID_13650 oboInOwl:hasAlternativeId DOID:9932","obo:DOID_4110 rdfs:subClassOf obo:DOID_1398","6480142f-8ffb-4b5a-8acb-3860c58b120c oboInOwl:hasDbXref SNOMEDCT_2005_07_31:195410000","obo:DOID_0050525 owl:deprecated true^^http://www.w3.org/2001/XMLSchema#boolean","39f998a8-f9e9-4782-85a1-62eece326e17 oboInOwl:hasDbXref ICD9CM_2006:521.6","3b39fc49-70f3-4640-ae30-f3714714c323 owl:annotatedSource obo:DOID_3310","obo:DOID_9270 oboInOwl:hasDbXref SNOMEDCT_US_2015_03_01:124207005","eda66dbb-5371-4cf2-b986-66e20f87d962 owl:annotatedSource obo:DOID_10188","obo:DOID_0050474 oboInOwl:id DOID:0050474","obo:DOID_9182 oboInOwl:hasDbXref MSH:D010392","60057764-21f2-479e-9e1a-1e264e035766 owl:annotatedProperty oboInOwl:hasExactSynonym","obo:DOID_1082 oboInOwl:hasOBONamespace disease_ontology","9d5ae529-9209-4d0e-acbd-c8f0747261f4 owl:annotatedProperty oboInOwl:hasExactSynonym","459bbcf6-dbfd-4047-a82b-199e4aabbe54 oboInOwl:hasDbXref SNOMEDCT_2005_07_31:188568000","44a3b9eb-9c00-4ba9-8331-fca971896428 owl:annotatedProperty obo:IAO_0000115","obo:DOID_4022 oboInOwl:hasOBONamespace disease_ontology","cfaf6458-a567-497b-9a76-22caf08b81bb rdf:type owl:Axiom","obo:DOID_12803 oboInOwl:hasDbXref ICD10CM:E76.29","obo:DOID_13650 oboInOwl:hasExactSynonym Joint disorder NOS, of the pelvic region and thigh","obo:DOID_0050474 oboInOwl:hasDbXref SNOMEDCT_US_2015_03_01:312514006","c770c09f-90ce-4fa7-9855-39ad3e00d054 owl:annotatedProperty oboInOwl:hasExactSynonym","obo:DOID_13650 oboInOwl:hasAlternativeId DOID:14273","obo:DOID_4895 oboInOwl:hasDbXref UMLS_CUI:C1514909","3135951d-9eba-4843-a134-2ebfb378b3ac owl:annotatedTarget cellular Neurinoma","obo:DOID_0060216 oboInOwl:hasDbXref SNOMEDCT_US_2015_03_01:405810005","obo:DOID_0060290 oboInOwl:hasExactSynonym Say-Barber-Biesecker-Young-Simpson syndrome","33c52956-9110-4197-8e44-a85b3086a246 owl:annotatedSource obo:DOID_8208","obo:DOID_9182 oboInOwl:hasDbXref SNOMEDCT_US_2015_03_01:156355008","obo:DOID_2741 oboInOwl:hasExactSynonym hyperbilirubinemia","obo:DOID_13650 oboInOwl:hasExactSynonym Unspecified disorder of lower leg joint","obo:DOID_0050349 oboInOwl:inSubset doid:gram-positive_bacterial_infectious_disease","9d5ae529-9209-4d0e-acbd-c8f0747261f4 oboInOwl:hasDbXref NCI2004_11_17:C4985","obo:DOID_0050650 oboInOwl:hasDbXref OMIM:613055","a1e56edf-4cbc-4ce9-a5f2-794e562b60d8 rdf:type owl:Axiom","obo:DOID_9270 oboInOwl:hasExactSynonym Homogentisate 1,2-dioxygenase deficiency","obo:DOID_11320 oboInOwl:hasDbXref UMLS_CUI:C0022810","obo:DOID_0050386 oboInOwl:inSubset doid:gram-negative_bacterial_infectious_disease","obo:DOID_0050437 oboInOwl:hasExactSynonym ANTOPOL DISEASE","obo:DOID_6381 oboInOwl:hasDbXref NCI:C5281","f043f8ad-f42f-48d2-9b43-7d807f5b590b owl:annotatedSource obo:DOID_3696","d3b6839e-183e-4d34-93bb-54884f78793a oboInOwl:hasDbXref SNOMEDCT_2005_07_31:154573007","obo:DOID_2565 oboInOwl:id DOID:2565","obo:DOID_6293 oboInOwl:hasExactSynonym Lipoma of the CNS","ece74ea6-3e5b-47f0-ac10-bf2de39582c8 oboInOwl:hasDbXref SNOMEDCT_2005_07_31:31298003","39f998a8-f9e9-4782-85a1-62eece326e17 owl:annotatedSource obo:DOID_12661","obo:DOID_0060290 rdfs:subClassOf obo:DOID_0060289","a446993e-9cd5-4430-ae70-7f8ccb51f300 owl:annotatedSource obo:DOID_1963","a505afb8-aaed-4f41-9908-d1e776acaa73 owl:annotatedTarget hypertrophy of bone morphologic abnormality","obo:DOID_0050474 rdfs:label Netherton syndrome","obo:DOID_135 rdfs:subClassOf obo:DOID_0060114","d6b6a2d9-d969-43d7-9878-c04af500184d oboInOwl:hasDbXref url:http://en.wikipedia.org/wiki/Osteosarcoma","3b39fc49-70f3-4640-ae30-f3714714c323 owl:annotatedTarget Atopic dermatitis NOS disorder","obo:DOID_0050298 oboInOwl:hasAlternativeId DOID:3124","obo:DOID_0050650 oboInOwl:hasDbXref OMIM:614049","obo:DOID_12803 rdf:type owl:Class","05d05c8b-3b51-43cb-b14d-462ae18b80a2 owl:annotatedProperty oboInOwl:hasExactSynonym","84523f10-93ff-488b-958f-3cc1fc694db8 owl:annotatedSource obo:DOID_3783","c6624b3d-6610-479c-8a9b-315fa099955f oboInOwl:hasDbXref url:http://www.medilexicon.com/medicaldictionary.php?t\u003d49026","05d05c8b-3b51-43cb-b14d-462ae18b80a2 owl:annotatedTarget chronic rheumatic pericarditis disorder","8b12dc20-206a-4060-b297-e850b5b576dc oboInOwl:hasDbXref SNOMEDCT_2005_07_31:66986005","d3b6839e-183e-4d34-93bb-54884f78793a owl:annotatedProperty oboInOwl:hasExactSynonym","obo:DOID_3212 rdfs:label hereditary central nervous system demyelinating disease","a446993e-9cd5-4430-ae70-7f8ccb51f300 rdf:type owl:Axiom","obo:DOID_1931 oboInOwl:hasExactSynonym disorder of hypothalamus disorder","e7c4d97f-aa6c-452d-8d98-ba63b0a49640 oboInOwl:hasDbXref url:http://en.wikipedia.org/wiki/Brugada_syndrome","obo:DOID_0050349 owl:deprecated true^^http://www.w3.org/2001/XMLSchema#boolean","obo:DOID_2741 oboInOwl:hasDbXref MSH:D006932","obo:DOID_1045 owl:deprecated true^^http://www.w3.org/2001/XMLSchema#boolean","obo:DOID_9182 oboInOwl:hasDbXref ICD9CM:694.4","73906544-6723-45fd-9cf8-ffdc6a1780d9 owl:annotatedSource obo:DOID_9340","obo:DOID_3199 oboInOwl:hasDbXref NCI:C5413","4b416020-3c39-4ba3-83e7-df70d6925159 owl:annotatedTarget Postablative testicular hypofunction","a5af76ce-c9ba-4710-ad96-6a030f5d14a4 owl:annotatedSource obo:DOID_11436","obo:DOID_6929 rdf:type owl:Class","c6fecbab-11e3-4f13-9815-abef5c60665c owl:annotatedSource obo:DOID_3003","obo:DOID_2528 rdf:type owl:Class","obo:DOID_0050437 oboInOwl:hasOBONamespace disease_ontology","c770c09f-90ce-4fa7-9855-39ad3e00d054 oboInOwl:hasDbXref SNOMEDCT_2005_07_31:126851005","obo:DOID_0060216 rdf:type owl:Class","c770c09f-90ce-4fa7-9855-39ad3e00d054 rdf:type owl:Axiom","f7439a93-ec60-4284-8213-88301d78a544 owl:annotatedTarget An agnosia that is the loss of the ability to recognize objects by touch based on its texture, size and weight.","obo:DOID_0050474 oboInOwl:hasDbXref OMIM:256500","f7439a93-ec60-4284-8213-88301d78a544 owl:annotatedSource obo:DOID_0060150","aa8bbdaa-b85d-430f-a101-cc7f36f6099b oboInOwl:hasDbXref SNOMEDCT_2005_07_31:193958004","obo:DOID_5505 oboInOwl:hasDbXref SNOMEDCT_US_2015_03_01:128839002","e7c4d97f-aa6c-452d-8d98-ba63b0a49640 owl:annotatedProperty obo:IAO_0000115","obo:DOID_13650 oboInOwl:hasExactSynonym Joint disorder NOS, of multiple sites","obo:DOID_2741 oboInOwl:hasRelatedSynonym hyperbilirubinaemia","2fda5a02-d7a0-48e7-9944-1d7e864071b5 oboInOwl:hasDbXref NCI2004_11_17:C3353","obo:DOID_10548 oboInOwl:hasDbXref ICD10CM:C16.0","obo:DOID_10548 rdfs:subClassOf obo:DOID_10534","obo:DOID_3199 rdfs:label C-P angle neurinoma","44a3b9eb-9c00-4ba9-8331-fca971896428 owl:annotatedSource obo:DOID_12215","obo:DOID_13562 oboInOwl:hasExactSynonym secondary angle-closure glaucoma with pupil block","c59a2258-3a0d-4b35-90c0-ef11e05c8563 oboInOwl:hasDbXref CSP2005:0638-2797","obo:DOID_13474 rdfs:label progressive peripheral pterygium","a1e56edf-4cbc-4ce9-a5f2-794e562b60d8 owl:annotatedProperty oboInOwl:hasExactSynonym","obo:DOID_260 oboInOwl:id DOID:260","8bccc3af-d5c2-44b4-b76e-421f2736fea1 owl:annotatedSource obo:DOID_8938","6480142f-8ffb-4b5a-8acb-3860c58b120c owl:annotatedTarget Thrombophlebitis of the femoral vein disorder","33c52956-9110-4197-8e44-a85b3086a246 oboInOwl:hasDbXref NCI2004_11_17:C7779","obo:DOID_0060128 rdf:type owl:Class","c770c09f-90ce-4fa7-9855-39ad3e00d054 owl:annotatedSource obo:DOID_684","15d2a288-30e1-44fe-b7ee-32b0b8c4ef55 owl:annotatedSource obo:DOID_9078","c770c09f-90ce-4fa7-9855-39ad3e00d054 owl:annotatedTarget Hepatoma","4983fc79-90d9-4765-b8ab-2d151d496268 oboInOwl:hasDbXref SNOMEDCT_2005_07_31:33647009","obo:DOID_1082 rdfs:label dirofilariasis","obo:DOID_0050650 oboInOwl:hasDbXref OMIM:612240","obo:DOID_2565 oboInOwl:hasDbXref NCI:C34793","obo:DOID_9270 oboInOwl:hasOBONamespace disease_ontology","459bbcf6-dbfd-4047-a82b-199e4aabbe54 owl:annotatedSource obo:DOID_8939","obo:DOID_3199 rdf:type owl:Class","obo:DOID_14284 rdfs:label patellofemoral pain syndrome","1ca2c851-9bf9-4863-bb33-65671aae0e6d oboInOwl:hasDbXref SNOMEDCT_2005_07_31:32735002","19bfdc94-b241-45d9-b94a-fd22bf010a58 owl:annotatedTarget Postpolio syndrome","obo:DOID_0050650 oboInOwl:hasDbXref OMIM:615770","obo:DOID_0060077 rdfs:label progesterone-receptor positive breast cancer","obo:DOID_9182 oboInOwl:hasOBONamespace disease_ontology","obo:DOID_0060341 oboInOwl:hasDbXref OMIM:202650","9d5ae529-9209-4d0e-acbd-c8f0747261f4 owl:annotatedSource obo:DOID_2271","d3b6839e-183e-4d34-93bb-54884f78793a rdf:type owl:Axiom","05d05c8b-3b51-43cb-b14d-462ae18b80a2 rdf:type owl:Axiom","obo:DOID_2653 oboInOwl:hasDbXref MSH:D054363","obo:DOID_223 rdfs:label basilar artery insufficiency","obo:DOID_10585 rdfs:label hereditary and idiopathic peripheral neuropathy","obo:DOID_0050525 oboInOwl:hasOBONamespace disease_ontology","obo:DOID_2565 oboInOwl:hasDbXref UMLS_CUI:C0024439","688dc20f-94b4-44a5-83e8-f4a6f28ad33f owl:annotatedTarget Unspecified disorder of joint of shoulder region","obo:DOID_0050386 oboInOwl:inSubset doid:GOLD","obo:DOID_0060165 oboInOwl:id DOID:0060165","obo:DOID_0050562 oboInOwl:hasOBONamespace disease_ontology","d400a33c-7198-4281-9530-e81be73245c8 oboInOwl:hasDbXref SNOMEDCT_2005_07_31:268356004","obo:DOID_13650 oboInOwl:hasAlternativeId DOID:14281","obo:DOID_2653 rdf:type owl:Class","obo:DOID_9182 oboInOwl:hasDbXref SNOMEDCT_US_2015_03_01:200908008","obo:DOID_14159 oboInOwl:hasDbXref ICD10CM:G91.1","aa45f0b3-83f5-484b-9396-750b37a75765 owl:annotatedTarget Residual schizophrenia, unspecified state","obo:DOID_1082 oboInOwl:hasDbXref SNOMEDCT_US_2015_03_01:73328005","eda66dbb-5371-4cf2-b986-66e20f87d962 owl:annotatedProperty oboInOwl:hasExactSynonym","56eb1f2f-e82b-49f3-b24e-a843389597e6 owl:annotatedTarget Occult Non-small cell carcinoma of the lung","obo:DOID_13474 rdfs:subClassOf obo:DOID_10526","6480142f-8ffb-4b5a-8acb-3860c58b120c owl:annotatedProperty oboInOwl:hasExactSynonym","obo:DOID_0050650 oboInOwl:inSubset doid:DO_MGI_slim","obo:DOID_6293 oboInOwl:id DOID:6293","obo:DOID_0060341 rdf:type owl:Class","obo:DOID_0060216 oboInOwl:hasExactSynonym diffuse interstitual keratitis","f1f00614-e969-474d-8923-103bb2a2c1f4 owl:annotatedProperty obo:IAO_0000115","f043f8ad-f42f-48d2-9b43-7d807f5b590b owl:annotatedTarget acute sanguinous otitis media disorder","obo:DOID_6293 oboInOwl:hasOBONamespace disease_ontology","obo:DOID_4110 obo:IAO_0000115 A parasitic infectious disease that is caused by organisms that live primarily on the surface of the host.","05d05c8b-3b51-43cb-b14d-462ae18b80a2 owl:annotatedSource obo:DOID_1869","1015d8ce-e34a-43bc-a6da-754c454a805f oboInOwl:hasDbXref ICD9CM_2006:717.7","obo:DOID_0060341 oboInOwl:hasExactSynonym dysgnathia complex agnathia-holoprosencephaly","554e69f8-a45d-411a-9010-cf4d09874089 owl:annotatedTarget acute necrotizing pancreatitis disorder","obo:DOID_9270 oboInOwl:hasDbXref SNOMEDCT_US_2015_03_01:367388008","8b12dc20-206a-4060-b297-e850b5b576dc owl:annotatedProperty oboInOwl:hasExactSynonym","2fda5a02-d7a0-48e7-9944-1d7e864071b5 owl:annotatedTarget adult RDS","obo:DOID_2653 oboInOwl:hasDbXref SNOMEDCT_US_2015_03_01:254646001","d3b6839e-183e-4d34-93bb-54884f78793a owl:annotatedTarget metastasis to ovary","obo:DOID_13650 oboInOwl:hasExactSynonym Unspecified joint disorder of multiple sites","78173bc2-3f50-4d7d-a716-ce417b57f479 owl:annotatedTarget A bacterial infectious disease that results_in infection by bacteria in individuals whose host defense mechanisms have been compromised.","obo:DOID_0060253 rdf:type owl:Class","d8028677-1ef6-4c2c-969b-b7307ad00ace owl:annotatedTarget A pneumoconiosis caused by inhalation and retention of asbestos fibers.","d355e2fd-abeb-4b4d-a267-b29f4592144d rdf:type owl:Axiom","obo:DOID_2477 oboInOwl:hasExactSynonym Hereditary motor and sensory neuropathy","obo:DOID_9818 oboInOwl:hasAlternativeId DOID:12515","obo:DOID_2741 rdf:type owl:Class","obo:DOID_1045 oboInOwl:hasOBONamespace disease_ontology","obo:DOID_0050349 rdfs:label opportunistic Nocardiaceae infectious disease","obo:DOID_0060341 oboInOwl:creation_date 2015-05-26T16:14:08Z","obo:DOID_9270 oboInOwl:hasAlternativeId DOID:0050714","obo:DOID_10548 oboInOwl:hasDbXref UMLS_CUI:C0153417","d1c0e94f-f751-4d0e-9af8-b9667d2c911c rdf:type owl:Axiom","obo:DOID_0050349 oboInOwl:hasOBONamespace disease_ontology","obo:DOID_260 oboInOwl:hasDbXref ICD10CM:C18.3","cfaf6458-a567-497b-9a76-22caf08b81bb owl:annotatedProperty oboInOwl:hasExactSynonym","d6b6a2d9-d969-43d7-9878-c04af500184d owl:annotatedSource obo:DOID_3347","obo:DOID_260 rdfs:label hepatic flexure cancer","obo:DOID_6929 rdfs:label retinal edema","c8380363-b51f-4aa6-9049-1b4ab283c440 owl:annotatedSource obo:DOID_12842","e01a3fa8-651c-4520-a0a0-8b209480f115 owl:annotatedTarget Congenital anemia","obo:DOID_4022 oboInOwl:hasDbXref SNOMEDCT_US_2015_03_01:12818004","9d5ae529-9209-4d0e-acbd-c8f0747261f4 rdf:type owl:Axiom","obo:DOID_0050650 oboInOwl:hasOBONamespace disease_ontology","60057764-21f2-479e-9e1a-1e264e035766 rdf:type owl:Axiom","73906544-6723-45fd-9cf8-ffdc6a1780d9 oboInOwl:hasDbXref SNOMEDCT_2005_07_31:204612005","obo:DOID_13650 oboInOwl:hasExactSynonym Joint disorder NOS, of ankle and foot disorder","obo:DOID_260 oboInOwl:hasExactSynonym Ca hepatic flexure - colon disorder","ca8a935d-3377-4ecb-bf0c-a140af8393cf oboInOwl:hasDbXref url:http://www2.merriam-webster.com/cgi-bin/mwmednlm?book\u003dMedical\u0026va\u003dtertiary+syphilis","obo:DOID_6381 oboInOwl:hasExactSynonym meningioma of the Anterior Foramen Magnum","obo:DOID_1806 owl:deprecated true^^http://www.w3.org/2001/XMLSchema#boolean","2b0f64d1-3e49-496e-85e8-f89bee991778 owl:annotatedProperty oboInOwl:hasExactSynonym","36dfecb1-683b-49c9-927b-20b8e51c6107 oboInOwl:hasDbXref SNOMEDCT_2005_07_31:188511002","4b416020-3c39-4ba3-83e7-df70d6925159 oboInOwl:hasDbXref ICD9CM_2006:257.1","obo:DOID_8335 oboInOwl:hasDbXref NCI:C5199","obo:DOID_0060077 rdfs:subClassOf obo:DOID_1612","obo:DOID_13650 oboInOwl:hasExactSynonym Joint disorder NOS, of the forearm disorder","obo:DOID_0060341 oboInOwl:hasExactSynonym otocephaly","obo:DOID_2389 owl:deprecated true^^http://www.w3.org/2001/XMLSchema#boolean","obo:DOID_0050650 oboInOwl:hasDbXref OMIM:611494","obo:DOID_11107 rdf:type owl:Class","obo:DOID_11320 oboInOwl:hasDbXref ICD10CM:A98.2","obo:DOID_12803 rdfs:subClassOf obo:DOID_12798","obo:DOID_3212 rdf:type owl:Class","obo:DOID_2389 oboInOwl:hasExactSynonym Fibromuscular hyperplasia of arteries NOS disorder","e90ea5d4-5815-4226-8a7b-9b8402b9d1bb oboInOwl:hasDbXref NCI2004_11_17:C6914","obo:DOID_6929 oboInOwl:hasExactSynonym RETINAL EDEMA","aa45f0b3-83f5-484b-9396-750b37a75765 rdf:type owl:Axiom","obo:DOID_3300 rdf:type owl:Class","obo:DOID_8335 rdfs:label microglandular adenosis of breast","obo:DOID_9818 oboInOwl:hasAlternativeId DOID:9826","obo:DOID_14159 rdfs:label obstructive hydrocephalus","obo:DOID_13650 oboInOwl:hasExactSynonym Unspecified disorder of joint of pelvic region and thigh","obo:DOID_0050298 oboInOwl:hasOBONamespace disease_ontology","obo:DOID_135 oboInOwl:hasDbXref NCI:C40275","obo:DOID_2653 oboInOwl:hasExactSynonym localized benign fibrous Mesothelioma","obo:DOID_8335 oboInOwl:id DOID:8335","8b12dc20-206a-4060-b297-e850b5b576dc owl:annotatedSource obo:DOID_398","36dfecb1-683b-49c9-927b-20b8e51c6107 owl:annotatedTarget Burkitts lymphoma of intrathoracic lymph nodes disorder","7b7dcfa7-8257-4852-924a-5ad6aef6a0ae owl:annotatedTarget Epileptic twilight state","obo:DOID_13474 oboInOwl:hasOBONamespace disease_ontology","obo:DOID_0060165 rdf:type owl:Class","obo:DOID_9270 rdfs:subClassOf obo:DOID_9252","obo:DOID_1931 rdfs:label hypothalamic disease","obo:DOID_4110 oboInOwl:hasDbXref MSH:D004478","obo:DOID_1045 rdfs:label fascia disease","obo:DOID_13650 oboInOwl:hasExactSynonym Unspecified disorder of forearm joint","obo:DOID_0050650 oboInOwl:id DOID:0050650","d400a33c-7198-4281-9530-e81be73245c8 owl:annotatedSource obo:DOID_3491","obo:DOID_0050474 oboInOwl:hasOBONamespace disease_ontology","obo:DOID_12803 oboInOwl:id DOID:12803","obo:DOID_6381 oboInOwl:hasOBONamespace disease_ontology","4b416020-3c39-4ba3-83e7-df70d6925159 rdf:type owl:Axiom","obo:DOID_13650 oboInOwl:hasOBONamespace disease_ontology","obo:DOID_2528 rdfs:label myeloid metaplasia","obo:DOID_0050386 oboInOwl:hasOBONamespace disease_ontology","e7c4d97f-aa6c-452d-8d98-ba63b0a49640 rdf:type owl:Axiom","obo:DOID_0050650 oboInOwl:hasDbXref OMIM:611493","obo:DOID_13562 oboInOwl:hasOBONamespace disease_ontology","obo:DOID_0060253 oboInOwl:hasDbXref OMIM:300695","obo:DOID_0060077 rdf:type owl:Class","obo:DOID_10548 oboInOwl:hasDbXref SNOMEDCT_US_2015_03_01:154447004","926ae9f4-c358-4f8a-8859-f82167247bb2 owl:annotatedSource obo:DOID_13794","obo:DOID_4895 rdfs:label rete ovarii neoplasm","3135951d-9eba-4843-a134-2ebfb378b3ac owl:annotatedProperty oboInOwl:hasExactSynonym","obo:DOID_0060341 obo:IAO_0000115 A physical disorder characterized by mandibular hypoplasia or agnathia, ventromedial auricular malposition melotia and/or auricular fusion synotia, and microstomia with oroglossal hypoplasia or aglossia. Holoprosencephaly is the most commonly identified association, but skeletal, genitourinary and cardiovascular anomalies and situs inversus have been reported.","obo:DOID_5505 oboInOwl:hasDbXref UMLS_CUI:C0334578","d400a33c-7198-4281-9530-e81be73245c8 rdf:type owl:Axiom","a1e56edf-4cbc-4ce9-a5f2-794e562b60d8 owl:annotatedTarget abnormal dark adaptation curve disorder","a1e56edf-4cbc-4ce9-a5f2-794e562b60d8 oboInOwl:hasDbXref SNOMEDCT_2005_07_31:50455002","obo:DOID_5505 oboInOwl:hasDbXref NCI:C4319","da64f997-e8d1-4f87-acaf-ac6d81902df9 owl:annotatedProperty oboInOwl:hasExactSynonym","obo:DOID_0050298 oboInOwl:id DOID:0050298","obo:DOID_0050474 oboInOwl:hasDbXref SNOMEDCT_US_2015_03_01:205555008","2fda5a02-d7a0-48e7-9944-1d7e864071b5 owl:annotatedSource obo:DOID_11394","obo:DOID_2741 rdfs:label bilirubin metabolic disorder","7bdcc5e4-d781-46fd-bbb5-806aeb9646ab owl:annotatedProperty oboInOwl:hasExactSynonym","obo:DOID_0050474 oboInOwl:hasDbXref SNOMEDCT_US_2015_03_01:34638006","84478ef9-5b9c-4e68-b5b7-5e88dd0c8ab3 oboInOwl:hasDbXref url:http://medical-dictionary.thefreedictionary.com/mast+cell+leukemia","2fda5a02-d7a0-48e7-9944-1d7e864071b5 owl:annotatedProperty oboInOwl:hasExactSynonym","e01a3fa8-651c-4520-a0a0-8b209480f115 rdf:type owl:Axiom","obo:DOID_0060077 oboInOwl:id DOID:0060077","a1831dda-945f-4cd0-9fd3-304c45b0b49a owl:annotatedTarget testicular hyperfunction","9ac70405-191d-485d-a766-ca9761f662d1 rdf:type owl:Axiom","d1c0e94f-f751-4d0e-9af8-b9667d2c911c owl:annotatedProperty obo:IAO_0000115","obo:DOID_12803 oboInOwl:hasExactSynonym beta-glucuronidase deficiency","obo:DOID_6293 rdfs:subClassOf obo:DOID_0060090","obo:DOID_4983 rdf:type owl:Class","obo:DOID_9182 oboInOwl:hasDbXref SNOMEDCT_US_2015_03_01:65172003","56eb1f2f-e82b-49f3-b24e-a843389597e6 oboInOwl:hasDbXref NCI2004_11_17:C9038","obo:DOID_9270 oboInOwl:hasDbXref SNOMEDCT_US_2015_03_01:360378009","obo:DOID_0050437 oboInOwl:hasDbXref MSH:D052120","747d844d-47c2-4d38-972d-7284da78af31 owl:annotatedTarget vitamin A deficiency with corneal ulceration and xerosis","obo:DOID_8335 oboInOwl:hasDbXref UMLS_CUI:C1334753","obo:DOID_0050650 oboInOwl:hasDbXref OMIM:608988","obo:DOID_0060253 oboInOwl:id DOID:0060253","obo:DOID_2741 oboInOwl:hasAlternativeId DOID:2740","obo:DOID_0060290 rdf:type owl:Class","obo:DOID_2389 oboInOwl:hasExactSynonym Fibromuscular dysplasia morphologic abnormality","73906544-6723-45fd-9cf8-ffdc6a1780d9 owl:annotatedTarget Unilateral complete cleft palate with cleft lip disorder","obo:DOID_2565 oboInOwl:hasDbXref OMIM:217800","obo:DOID_2477 oboInOwl:hasDbXref SNOMEDCT_US_2015_03_01:193161004","obo:DOID_9818 owl:deprecated true^^http://www.w3.org/2001/XMLSchema#boolean","obo:DOID_6293 rdfs:label central nervous system lipoma","6fa22409-25d2-4a5c-a3fb-5651274837b4 owl:annotatedSource obo:DOID_12857","obo:DOID_0060128 rdfs:subClassOf obo:DOID_0060125","obo:DOID_260 oboInOwl:hasDbXref UMLS_CUI:C0153433","obo:DOID_1082 oboInOwl:inSubset doid:zoonotic_infectious_disease","obo:DOID_0060290 oboInOwl:hasRelatedSynonym SBBYSS","obo:DOID_0060341 oboInOwl:hasDbXref ORDO:990","obo:DOID_0060341 oboInOwl:hasDbXref ICD10CM:Q18.2","d355e2fd-abeb-4b4d-a267-b29f4592144d owl:annotatedTarget Watermelon stomach disorder","obo:DOID_9270 oboInOwl:hasDbXref SNOMEDCT_US_2015_03_01:267418001","obo:DOID_0050437 rdfs:subClassOf obo:DOID_3211","obo:DOID_260 oboInOwl:hasExactSynonym malignant tumor of hepatic flexure disorder","obo:DOID_13650 oboInOwl:hasExactSynonym Joint disorder NOS, of the upper arm","obo:DOID_2477 rdfs:subClassOf obo:DOID_0060053","3135951d-9eba-4843-a134-2ebfb378b3ac owl:annotatedSource obo:DOID_3196","ca8a935d-3377-4ecb-bf0c-a140af8393cf owl:annotatedTarget A syphilis that is characterized as the third stage of syphilis that develops after the disappearance of the secondary symptoms and is marked by ulcers and gummas under the skin and commonly by involvement of the skeletal, cardiovascular, and nervous systems.","f1f00614-e969-474d-8923-103bb2a2c1f4 rdf:type owl:Axiom","c6fecbab-11e3-4f13-9815-abef5c60665c oboInOwl:hasDbXref NCI2004_11_17:C5212","926ae9f4-c358-4f8a-8859-f82167247bb2 rdf:type owl:Axiom","33c52956-9110-4197-8e44-a85b3086a246 owl:annotatedProperty oboInOwl:hasExactSynonym","obo:DOID_10585 oboInOwl:hasOBONamespace disease_ontology","obo:DOID_0060128 rdfs:label mu chain disease","obo:DOID_0060290 oboInOwl:hasDbXref UMLS_CUI:C1863557","39f998a8-f9e9-4782-85a1-62eece326e17 owl:annotatedProperty oboInOwl:hasExactSynonym","926ae9f4-c358-4f8a-8859-f82167247bb2 owl:annotatedTarget Anterior scleritis disorder","cc7123df-97d2-4b2e-87fd-e0140072f94f owl:annotatedSource obo:DOID_3312","obo:DOID_0050562 oboInOwl:id DOID:0050562","obo:DOID_4895 rdf:type owl:Class","84478ef9-5b9c-4e68-b5b7-5e88dd0c8ab3 owl:annotatedSource obo:DOID_9254","d1c0e94f-f751-4d0e-9af8-b9667d2c911c owl:annotatedSource obo:DOID_1575","obo:DOID_14159 oboInOwl:hasDbXref SNOMEDCT_US_2015_03_01:230746009","obo:DOID_2653 rdfs:label benign fibrous mesothelioma","ce980aff-32d8-4376-abd0-023500265fcb owl:annotatedSource obo:DOID_6313","obo:DOID_4022 oboInOwl:hasDbXref MSH:D014518","obo:DOID_13474 oboInOwl:id DOID:13474","obo:DOID_223 oboInOwl:hasDbXref UMLS_CUI:C0004812","obo:DOID_2477 oboInOwl:hasOBONamespace disease_ontology","9ac70405-191d-485d-a766-ca9761f662d1 owl:annotatedProperty oboInOwl:hasExactSynonym","obo:DOID_3199 oboInOwl:id DOID:3199","obo:DOID_9270 oboInOwl:hasDbXref SNOMEDCT_US_2015_03_01:360381004","obo:DOID_2565 oboInOwl:hasDbXref SNOMEDCT_US_2015_03_01:60258001","f1f00614-e969-474d-8923-103bb2a2c1f4 owl:annotatedSource obo:DOID_0060315","obo:DOID_4895 oboInOwl:id DOID:4895","obo:DOID_0060290 oboInOwl:hasDbXref ORDO:3047","e01a3fa8-651c-4520-a0a0-8b209480f115 owl:annotatedProperty oboInOwl:hasExactSynonym","obo:DOID_135 rdf:type owl:Class","2fda5a02-d7a0-48e7-9944-1d7e864071b5 rdf:type owl:Axiom","obo:DOID_0050298 owl:deprecated true^^http://www.w3.org/2001/XMLSchema#boolean","obo:DOID_2741 oboInOwl:hasDbXref SNOMEDCT_US_2015_03_01:14783006","7bdcc5e4-d781-46fd-bbb5-806aeb9646ab rdf:type owl:Axiom","obo:DOID_0050525 rdfs:label acroosteolysis","obo:DOID_0060128 oboInOwl:creation_date 2011-08-22T11:23:09Z","da64f997-e8d1-4f87-acaf-ac6d81902df9 rdf:type owl:Axiom","1ca2c851-9bf9-4863-bb33-65671aae0e6d owl:annotatedSource obo:DOID_10795","obo:DOID_5630 oboInOwl:hasOBONamespace disease_ontology","obo:DOID_8335 rdfs:subClassOf obo:DOID_5998","obo:DOID_1806 oboInOwl:hasOBONamespace disease_ontology","d1ada37a-901e-42cd-b0a5-1b182601be1a owl:annotatedTarget A dsRNA virus infectious disease that results_in infection in animals and humans, has_material_basis_in Reoviridae viruses.","obo:DOID_13562 oboInOwl:hasExactSynonym Glaucoma associated with pupillary block disorder","obo:DOID_12803 oboInOwl:hasDbXref SNOMEDCT_US_2015_03_01:43916004","obo:DOID_2389 oboInOwl:hasOBONamespace disease_ontology","84523f10-93ff-488b-958f-3cc1fc694db8 oboInOwl:hasDbXref SNOMEDCT_2005_07_31:15182000","5fb9ab63-2a25-4bff-8d55-b647e094dbc1 owl:annotatedSource obo:DOID_12328","44a3b9eb-9c00-4ba9-8331-fca971896428 rdf:type owl:Axiom","926ae9f4-c358-4f8a-8859-f82167247bb2 owl:annotatedProperty oboInOwl:hasExactSynonym","obo:DOID_3212 oboInOwl:id DOID:3212","obo:DOID_0050386 owl:deprecated true^^http://www.w3.org/2001/XMLSchema#boolean","c6624b3d-6610-479c-8a9b-315fa099955f owl:annotatedSource obo:DOID_710","obo:DOID_2565 oboInOwl:hasDbXref ICD9CM:371.55","obo:DOID_11107 oboInOwl:id DOID:11107","obo:DOID_6929 oboInOwl:hasDbXref ICD9CM:362.83","obo:DOID_0060253 oboInOwl:creation_date 2015-01-29T16:35:26Z","obo:DOID_13562 owl:deprecated true^^http://www.w3.org/2001/XMLSchema#boolean","3b39fc49-70f3-4640-ae30-f3714714c323 oboInOwl:hasDbXref SNOMEDCT_2005_07_31:200779005","obo:DOID_2565 oboInOwl:hasOBONamespace disease_ontology","145ccd9c-984b-4caf-957f-c1318bb6dccb owl:annotatedTarget notochordoma","obo:DOID_14159 oboInOwl:hasDbXref UMLS_CUI:C0549423","d8028677-1ef6-4c2c-969b-b7307ad00ace owl:annotatedProperty obo:IAO_0000115","d1c0e94f-f751-4d0e-9af8-b9667d2c911c oboInOwl:hasDbXref url:http://www.niams.nih.gov/Health_Info/Scleroderma/default.asp","obo:DOID_223 rdf:type owl:Class","obo:DOID_0050474 oboInOwl:hasDbXref SNOMEDCT_US_2015_03_01:254127001","obo:DOID_223 rdfs:subClassOf obo:DOID_224","obo:DOID_14284 oboInOwl:hasOBONamespace disease_ontology","obo:DOID_13650 rdfs:label joint disorder","obo:DOID_0060216 oboInOwl:hasDbXref SNOMEDCT_US_2015_03_01:231906002","6d574c09-2f0c-4408-a4d1-2677aed2884e oboInOwl:hasDbXref url:http://en.wikipedia.org/wiki/Pheochromocytoma","8b12dc20-206a-4060-b297-e850b5b576dc owl:annotatedTarget Tuberculosis of skin disorder","obo:DOID_13562 oboInOwl:id DOID:13562","5fb9ab63-2a25-4bff-8d55-b647e094dbc1 oboInOwl:hasDbXref MTHICD9_2006:261","obo:DOID_6929 oboInOwl:hasExactSynonym Retinal edema NOS disorder","obo:DOID_0060290 oboInOwl:id DOID:0060290","cfaf6458-a567-497b-9a76-22caf08b81bb oboInOwl:hasDbXref SNOMEDCT_2005_07_31:193113006","obo:DOID_9818 oboInOwl:hasAlternativeId DOID:9817","39f998a8-f9e9-4782-85a1-62eece326e17 rdf:type owl:Axiom","obo:DOID_9182 oboInOwl:hasDbXref ICD10CM:L10","obo:DOID_0060077 oboInOwl:creation_date 2011-06-08T12:23:02Z","aa8bbdaa-b85d-430f-a101-cc7f36f6099b owl:annotatedTarget Hypopigmentation of eyelid [Ambiguous]","da64f997-e8d1-4f87-acaf-ac6d81902df9 owl:annotatedTarget Dermatophytosis of foot \u0026 tinea pedis","33c52956-9110-4197-8e44-a85b3086a246 rdf:type owl:Axiom","obo:DOID_0050386 rdfs:label Acinetobacter baumannii pneumonia","obo:DOID_0050650 oboInOwl:hasExactSynonym ATFB","obo:DOID_13650 owl:deprecated true^^http://www.w3.org/2001/XMLSchema#boolean","obo:DOID_5505 oboInOwl:hasDbXref MSH:D004806","obo:DOID_13650 oboInOwl:hasExactSynonym Joint disorder NOS, of the upper arm disorder","c6624b3d-6610-479c-8a9b-315fa099955f owl:annotatedTarget A leukemia that is located_in the spleen. It results_in an enlargement of the leukemia.","obo:DOID_2477 oboInOwl:hasExactSynonym HSMN - Hereditary sensory and motor neuropathy","obo:DOID_0050386 oboInOwl:id DOID:0050386","145ccd9c-984b-4caf-957f-c1318bb6dccb owl:annotatedSource obo:DOID_3302","obo:DOID_12803 oboInOwl:hasDbXref SNOMEDCT_US_2015_03_01:124470009","obo:DOID_260 rdf:type owl:Class","obo:DOID_6929 oboInOwl:hasDbXref UMLS_CUI:C0242420","2b0f64d1-3e49-496e-85e8-f89bee991778 rdf:type owl:Axiom","obo:DOID_9182 oboInOwl:hasDbXref ICD10CM:L10.9","8bccc3af-d5c2-44b4-b76e-421f2736fea1 oboInOwl:hasDbXref SNOMEDCT_2005_07_31:95226002","obo:DOID_223 oboInOwl:hasDbXref ICD9CM:435.0","cc7123df-97d2-4b2e-87fd-e0140072f94f oboInOwl:hasDbXref url:http://en.wikipedia.org/wiki/Mood_disorder","obo:DOID_2477 oboInOwl:hasDbXref SNOMEDCT_US_2015_03_01:193160003","obo:DOID_0060341 oboInOwl:id DOID:0060341","obo:DOID_2528 obo:IAO_0000115 A myeloma and spenic disease that is located_in the bone marrow that results_in the marrow being replaced by fibrous scar tissue and has_symptom abdominal fullness related to an enlarged spleen, has_symptom bone pain, has_symptom bruising, has_symptom easy bleeding, has_symptom fatigue, has_symptom increased susceptibility to infection, has_symptom pallor, has_symtom shortness of breath while doing physical work.","0aa96ff5-0e8f-4112-9c6d-b0cd2672f21d owl:annotatedSource obo:DOID_6652","obo:DOID_5505 oboInOwl:hasOBONamespace disease_ontology","obo:DOID_2477 oboInOwl:hasDbXref MSH:D015417","obo:DOID_2389 oboInOwl:hasExactSynonym Fibromuscular hyperplasia of artery [Ambiguous]","obo:DOID_2741 oboInOwl:hasDbXref SNOMEDCT_US_2015_03_01:235904007","obo:DOID_1931 oboInOwl:hasOBONamespace disease_ontology","obo:DOID_0060290 rdfs:label blepharophimosis-intellectual disability syndrome, SBBYS type","obo:DOID_6381 oboInOwl:id DOID:6381","afa5ccf6-8015-4adb-9cad-a89087f8ea69 oboInOwl:hasDbXref NCI2004_11_17:C6176","a446993e-9cd5-4430-ae70-7f8ccb51f300 owl:annotatedProperty obo:IAO_0000115","obo:DOID_10548 oboInOwl:hasOBONamespace disease_ontology","obo:DOID_14284 oboInOwl:hasDbXref MSH:D046788","aa45f0b3-83f5-484b-9396-750b37a75765 owl:annotatedProperty oboInOwl:hasExactSynonym","obo:DOID_6929 oboInOwl:hasDbXref SNOMEDCT_US_2015_03_01:193426002","cb83aab4-8aa0-415a-a018-4ce68491541c oboInOwl:hasDbXref SNOMEDCT_2005_07_31:186846005","obo:DOID_5505 oboInOwl:hasDbXref SNOMEDCT_US_2015_03_01:112686007","obo:DOID_0060290 oboInOwl:hasDbXref SNOMEDCT_US_2015_03_01:699298009","obo:DOID_2653 oboInOwl:hasDbXref NCI:C4457","obo:DOID_11320 rdf:type owl:Class","4b416020-3c39-4ba3-83e7-df70d6925159 owl:annotatedProperty oboInOwl:hasExactSynonym","obo:DOID_10585 owl:deprecated true^^http://www.w3.org/2001/XMLSchema#boolean","obo:DOID_260 oboInOwl:hasDbXref SNOMEDCT_US_2015_03_01:269534006","obo:DOID_0060216 obo:IAO_0000115 A rare eye disease characterized by nonsyphilitic interstitial keratitis located_in cornea, has_symptom fever, has_symptom fatigue.","obo:DOID_2653 oboInOwl:hasExactSynonym fibrous mesothelioma, benign morphologic abnormality","7b7dcfa7-8257-4852-924a-5ad6aef6a0ae owl:annotatedSource obo:DOID_1823","obo:DOID_2653 rdfs:subClassOf obo:DOID_2645","obo:DOID_1082 oboInOwl:hasDbXref UMLS_CUI:C0012602","obo:DOID_9818 oboInOwl:hasOBONamespace disease_ontology","obo:DOID_2477 oboInOwl:hasExactSynonym neuropathic muscular atrophy","obo:DOID_14159 oboInOwl:hasOBONamespace disease_ontology","obo:DOID_0050650 oboInOwl:hasDbXref OMIM:607554","d400a33c-7198-4281-9530-e81be73245c8 owl:annotatedProperty oboInOwl:hasExactSynonym","3135951d-9eba-4843-a134-2ebfb378b3ac rdf:type owl:Axiom","obo:DOID_9270 oboInOwl:hasDbXref SNOMEDCT_US_2015_03_01:190689001","7732e8ee-76bf-4234-ae8a-0889ea17d2d0 owl:annotatedSource obo:DOID_7827","obo:DOID_11320 obo:IAO_0000115 A viral infectious disease that is a hemorrhagic fever, has_material_basis_in Kyasanur forest disease virus, which is transmitted_by Haemaphysalis spinigera tick bite. The infection has_symptom fever, has_symptom headache, has_symptom stiffness of the neck, has_symptom severe muscle pain, has_symptom cough, has_symptom dehydration, and has_symptom bleeding problems.","obo:DOID_4022 rdfs:label ureterocele","obo:DOID_223 oboInOwl:hasDbXref MSH:D014715","cc7123df-97d2-4b2e-87fd-e0140072f94f owl:annotatedProperty obo:IAO_0000115","obo:DOID_6929 rdfs:subClassOf obo:DOID_5679","0dd8da42-a047-484c-89df-cfcdaf541005 oboInOwl:hasDbXref SNOMEDCT_2005_07_31:25924004","7b7dcfa7-8257-4852-924a-5ad6aef6a0ae oboInOwl:hasDbXref MTHICD9_2006:293.0","44a3b9eb-9c00-4ba9-8331-fca971896428 oboInOwl:hasDbXref url:http://www.merriam-webster.com/medlineplus/oligohydramnios","d6b6a2d9-d969-43d7-9878-c04af500184d rdf:type owl:Axiom","obo:DOID_12803 oboInOwl:hasDbXref MSH:D016538","obo:DOID_2389 oboInOwl:hasExactSynonym Fibromuscular hyperplasia of artery","d1ada37a-901e-42cd-b0a5-1b182601be1a owl:annotatedSource obo:DOID_1334","cdb62116-a565-47a9-ba91-7f4849b621c1 owl:annotatedSource obo:DOID_5828","obo:DOID_14159 oboInOwl:id DOID:14159","36dfecb1-683b-49c9-927b-20b8e51c6107 owl:annotatedProperty oboInOwl:hasExactSynonym","60057764-21f2-479e-9e1a-1e264e035766 oboInOwl:hasDbXref SNOMEDCT_2005_07_31:17974002","obo:DOID_0060216 oboInOwl:hasDbXref UMLS_CUI:C0271270","obo:DOID_0050650 rdfs:label familial atrial fibrillation","afa5ccf6-8015-4adb-9cad-a89087f8ea69 owl:annotatedProperty oboInOwl:hasExactSynonym","c8380363-b51f-4aa6-9049-1b4ab283c440 owl:annotatedProperty oboInOwl:hasExactSynonym","obo:DOID_6929 oboInOwl:hasOBONamespace disease_ontology","obo:DOID_4022 rdfs:subClassOf obo:DOID_1426","da64f997-e8d1-4f87-acaf-ac6d81902df9 oboInOwl:hasDbXref SNOMEDCT_2005_07_31:186993002","obo:DOID_9270 oboInOwl:hasDbXref SNOMEDCT_US_2015_03_01:24250001","obo:DOID_0050437 rdf:type owl:Class","obo:DOID_9182 rdfs:label pemphigus","obo:DOID_2528 oboInOwl:hasOBONamespace disease_ontology","obo:DOID_0060128 oboInOwl:id DOID:0060128","obo:DOID_6293 oboInOwl:hasDbXref UMLS_CUI:C1332885","obo:DOID_2653 oboInOwl:hasDbXref UMLS_CUI:C0334511","obo:DOID_3300 oboInOwl:id DOID:3300","obo:DOID_0060216 oboInOwl:hasOBONamespace disease_ontology","d1ada37a-901e-42cd-b0a5-1b182601be1a owl:annotatedProperty obo:IAO_0000115","obo:DOID_5630 rdfs:subClassOf obo:DOID_3999","1015d8ce-e34a-43bc-a6da-754c454a805f rdf:type owl:Axiom","eda66dbb-5371-4cf2-b986-66e20f87d962 oboInOwl:hasDbXref SNOMEDCT_2005_07_31:255187008","15d2a288-30e1-44fe-b7ee-32b0b8c4ef55 owl:annotatedTarget Hodgkins paragranuloma of intrapelvic lymph nodes disorder","obo:DOID_1931 oboInOwl:hasDbXref SNOMEDCT_US_2015_03_01:399100005","obo:DOID_2653 oboInOwl:hasDbXref SNOMEDCT_US_2015_03_01:15702005","aa8bbdaa-b85d-430f-a101-cc7f36f6099b rdf:type owl:Axiom","1015d8ce-e34a-43bc-a6da-754c454a805f owl:annotatedSource obo:DOID_13357","obo:DOID_2477 oboInOwl:hasDbXref SNOMEDCT_US_2015_03_01:193158000","f043f8ad-f42f-48d2-9b43-7d807f5b590b owl:annotatedProperty oboInOwl:hasExactSynonym","obo:DOID_13650 oboInOwl:hasExactSynonym Joint disorder NOS, of the lower leg","obo:DOID_3300 oboInOwl:hasExactSynonym Yersiniosis [Ambiguous]","obo:DOID_11320 oboInOwl:hasDbXref MSH:D007733","obo:DOID_9182 rdf:type owl:Class","56eb1f2f-e82b-49f3-b24e-a843389597e6 owl:annotatedProperty oboInOwl:hasExactSynonym","obo:DOID_9270 oboInOwl:hasDbXref OMIM:203500","obo:DOID_9270 oboInOwl:id DOID:9270","d355e2fd-abeb-4b4d-a267-b29f4592144d oboInOwl:hasDbXref SNOMEDCT_2005_07_31:43935004","3c3b5833-f621-4e1b-8278-cdb0a03c76e9 owl:annotatedTarget A viral infectious disease that results_in infection located_in eyes or located_in upper respiratory tract of domestic rabbits, has_material_basis_in Myxoma virus, which is transmitted_by mosquitos, transmitted_by biting flies or transmitted_by direct contact. The infection has_symptom conjunctivitis with a milky discharge from the inflamed eye and has_symptom breathing difficulties.","c8380363-b51f-4aa6-9049-1b4ab283c440 oboInOwl:hasDbXref SNOMEDCT_2005_07_31:40956001","obo:DOID_0050474 oboInOwl:hasDbXref UMLS_CUI:C0265962","obo:DOID_0050525 rdf:type owl:Class","obo:DOID_9818 oboInOwl:id DOID:9818","860713d1-e3ce-491d-8731-fcb3231f8d6d owl:annotatedTarget X-Linked Severe Combined Immunodeficiency","15d2a288-30e1-44fe-b7ee-32b0b8c4ef55 rdf:type owl:Axiom","obo:DOID_5630 oboInOwl:hasDbXref UMLS_CUI:C1511050","84478ef9-5b9c-4e68-b5b7-5e88dd0c8ab3 rdf:type owl:Axiom","obo:DOID_0060128 oboInOwl:hasOBONamespace disease_ontology","cb83aab4-8aa0-415a-a018-4ce68491541c owl:annotatedProperty oboInOwl:hasExactSynonym","obo:DOID_0050437 oboInOwl:id DOID:0050437","7732e8ee-76bf-4234-ae8a-0889ea17d2d0 rdf:type owl:Axiom","2b0f64d1-3e49-496e-85e8-f89bee991778 owl:annotatedSource obo:DOID_3121","obo:DOID_9270 oboInOwl:hasDbXref NCI:C84546","obo:DOID_0060216 oboInOwl:hasDbXref ORDO:1467","obo:DOID_0050474 oboInOwl:hasDbXref NCI:C84922","obo:DOID_3199 rdfs:subClassOf obo:DOID_3200","cb83aab4-8aa0-415a-a018-4ce68491541c owl:annotatedTarget early symptomatic syphilis disorder","6fa22409-25d2-4a5c-a3fb-5651274837b4 owl:annotatedProperty oboInOwl:hasExactSynonym","obo:DOID_1082 oboInOwl:hasExactSynonym Dirofilaria infectious disease","obo:DOID_3199 oboInOwl:hasOBONamespace disease_ontology","obo:DOID_0060216 oboInOwl:created_by emitraka","obo:DOID_9270 rdf:type owl:Class","obo:DOID_6293 rdf:type owl:Class","1832f316-6bb0-4e4c-99be-c5c7e3d77fa5 rdf:type owl:Axiom","obo:DOID_0060216 oboInOwl:hasDbXref SNOMEDCT_US_2015_03_01:26018001","obo:DOID_0060253 oboInOwl:inSubset doid:DO_MGI_slim","obo:DOID_0050437 oboInOwl:hasDbXref SNOMEDCT_US_2015_03_01:419097006","84523f10-93ff-488b-958f-3cc1fc694db8 owl:annotatedProperty oboInOwl:hasExactSynonym","e7c4d97f-aa6c-452d-8d98-ba63b0a49640 owl:annotatedTarget A heart conduction disease that is characterized by abnormal electrocardiogram ECG findings and an increased risk of sudden cardiac death.","7b7dcfa7-8257-4852-924a-5ad6aef6a0ae rdf:type owl:Axiom","obo:DOID_9182 oboInOwl:hasDbXref NCI:C34909","obo:DOID_0050562 rdfs:label West syndrome","obo:DOID_2528 oboInOwl:id DOID:2528","obo:DOID_135 oboInOwl:hasDbXref UMLS_CUI:C1511106","obo:DOID_0060165 oboInOwl:creation_date 2011-09-07T02:46:02Z","obo:DOID_0050650 oboInOwl:hasDbXref OMIM:613980","obo:DOID_0060128 oboInOwl:created_by lschriml","cdb62116-a565-47a9-ba91-7f4849b621c1 owl:annotatedProperty oboInOwl:hasExactSynonym","obo:DOID_0050474 oboInOwl:hasDbXref SNOMEDCT_US_2015_03_01:54336006","obo:DOID_13650 oboInOwl:hasExactSynonym Joint disorder NOS, of multiple sites disorder","obo:DOID_4983 oboInOwl:id DOID:4983","ece74ea6-3e5b-47f0-ac10-bf2de39582c8 owl:annotatedTarget secondary hyperparathyroidism of renal origin disorder","obo:DOID_0060253 oboInOwl:created_by emitraka","obo:DOID_2653 oboInOwl:hasOBONamespace disease_ontology","obo:DOID_9182 oboInOwl:id DOID:9182","obo:DOID_0050562 rdf:type owl:Class","1832f316-6bb0-4e4c-99be-c5c7e3d77fa5 owl:annotatedSource obo:DOID_13223","obo:DOID_3199 oboInOwl:hasDbXref UMLS_CUI:C1332905","747d844d-47c2-4d38-972d-7284da78af31 owl:annotatedProperty oboInOwl:hasExactSynonym","9d5ae529-9209-4d0e-acbd-c8f0747261f4 owl:annotatedTarget Oropharyngeal Candidiasis","obo:DOID_0050650 oboInOwl:hasDbXref OMIM:612201","obo:DOID_4110 oboInOwl:hasExactSynonym ectoparasitism","obo:DOID_0060341 oboInOwl:hasOBONamespace disease_ontology","obo:DOID_14284 oboInOwl:hasDbXref UMLS_CUI:C0877149","6fa22409-25d2-4a5c-a3fb-5651274837b4 owl:annotatedTarget Capped hock","a5af76ce-c9ba-4710-ad96-6a030f5d14a4 rdf:type owl:Axiom","c59a2258-3a0d-4b35-90c0-ef11e05c8563 owl:annotatedTarget chlamydiaceae infection","obo:DOID_11320 oboInOwl:hasDbXref SNOMEDCT_US_2015_03_01:23097003","obo:DOID_14159 rdfs:subClassOf obo:DOID_10908","obo:DOID_223 oboInOwl:hasDbXref SNOMEDCT_US_2015_03_01:64009001","obo:DOID_0050474 rdfs:subClassOf obo:DOID_0050737","obo:DOID_1082 rdfs:subClassOf obo:DOID_1080","obo:DOID_11320 oboInOwl:inSubset doid:tick-borne_infectious_disease","obo:DOID_12803 oboInOwl:hasDbXref NCI:C84903","obo:DOID_0050650 rdfs:subClassOf obo:DOID_0060224","obo:DOID_1082 oboInOwl:hasExactSynonym Infection by Dirofilaria disorder","obo:DOID_0050650 rdf:type owl:Class","obo:DOID_13474 oboInOwl:hasDbXref SNOMEDCT_US_2015_03_01:193881001","obo:DOID_0050525 oboInOwl:id DOID:0050525","eda66dbb-5371-4cf2-b986-66e20f87d962 owl:annotatedTarget Lipoma of skin disorder","e90ea5d4-5815-4226-8a7b-9b8402b9d1bb rdf:type owl:Axiom","a1e56edf-4cbc-4ce9-a5f2-794e562b60d8 owl:annotatedSource obo:DOID_11874","f1f00614-e969-474d-8923-103bb2a2c1f4 oboInOwl:hasDbXref url:http://en.wikipedia.org/wiki/Hairy_leukoplakia","obo:DOID_13650 oboInOwl:hasAlternativeId DOID:14229","0aa96ff5-0e8f-4112-9c6d-b0cd2672f21d owl:annotatedTarget Disseminated idiopathic skeletal hyperostosis disorder","1bb1b1ca-5528-45dd-8200-620f55193855 owl:annotatedTarget malignant soft tissue tumor of CNS","obo:DOID_0060253 oboInOwl:hasOBONamespace disease_ontology","obo:DOID_0060253 rdfs:label scapuloperoneal myopathy","obo:DOID_0050298 oboInOwl:hasExactSynonym Adenoviridae infectious disease","3b39fc49-70f3-4640-ae30-f3714714c323 owl:annotatedProperty oboInOwl:hasExactSynonym","obo:DOID_3300 rdfs:label Yersinia infectious disease","obo:DOID_0060341 oboInOwl:created_by emitraka","obo:DOID_0060341 oboInOwl:hasExactSynonym holoprosencephaly-agnathia","obo:DOID_2741 oboInOwl:hasOBONamespace disease_ontology","obo:DOID_135 rdfs:label benign vaginal carcinosarcoma","obo:DOID_0050349 rdf:type owl:Class","obo:DOID_1045 rdf:type owl:Class","6d574c09-2f0c-4408-a4d1-2677aed2884e owl:annotatedTarget An adrenal medulla cancer that originate in the ganglia of the sympathetic nervous system and are named based upon the primary anatomical site of origin.","obo:DOID_223 oboInOwl:hasExactSynonym Basilar artery syndrome disorder","obo:DOID_13474 oboInOwl:hasExactSynonym progressive peripheral pterygium disorder","obo:DOID_1082 obo:IAO_0000115 A filariasis that is a zoonotic infection caused by nematodes Dirofilaria immitis or Dirofilaria repens, which are transmitted to humans from dogs, cats, wolves and coyotes by infected mosquitoes. The disease manifests as either subcutaneous nodules or pulmonary lesions.","obo:DOID_2528 owl:deprecated true^^http://www.w3.org/2001/XMLSchema#boolean","obo:DOID_13650 oboInOwl:hasExactSynonym Unspecified disorder of upper arm joint","cdb62116-a565-47a9-ba91-7f4849b621c1 rdf:type owl:Axiom","860713d1-e3ce-491d-8731-fcb3231f8d6d oboInOwl:hasDbXref NCI2004_11_17:C4682","7732e8ee-76bf-4234-ae8a-0889ea17d2d0 oboInOwl:hasDbXref url:http://jco.ascopubs.org/cgi/content/full/20/2/521","05d05c8b-3b51-43cb-b14d-462ae18b80a2 oboInOwl:hasDbXref SNOMEDCT_2005_07_31:78069008","ece74ea6-3e5b-47f0-ac10-bf2de39582c8 owl:annotatedSource obo:DOID_12465","7b7dcfa7-8257-4852-924a-5ad6aef6a0ae owl:annotatedProperty oboInOwl:hasExactSynonym","84523f10-93ff-488b-958f-3cc1fc694db8 rdf:type owl:Axiom","obo:DOID_10548 oboInOwl:id DOID:10548","1832f316-6bb0-4e4c-99be-c5c7e3d77fa5 owl:annotatedProperty oboInOwl:hasExactSynonym","obo:DOID_260 rdfs:subClassOf obo:DOID_218","obo:DOID_5630 obo:IAO_0000115 A Bartholins gland carcinoma that derives_from squamous cells and gland-like cells.","c6624b3d-6610-479c-8a9b-315fa099955f owl:annotatedProperty obo:IAO_0000115","obo:DOID_8335 rdf:type owl:Class","obo:DOID_4983 rdfs:label metastatic Ewings sarcoma/peripheral primitive neuroectodermal tumor","obo:DOID_13650 oboInOwl:hasExactSynonym Joint disorder NOS, of the lower leg disorder","obo:DOID_6929 oboInOwl:hasDbXref SNOMEDCT_US_2015_03_01:6141006","obo:DOID_2741 oboInOwl:hasDbXref UMLS_CUI:C0020433","f043f8ad-f42f-48d2-9b43-7d807f5b590b oboInOwl:hasDbXref SNOMEDCT_2005_07_31:77478005","obo:DOID_0060216 oboInOwl:creation_date 2014-09-22T16:29:20Z","a5af76ce-c9ba-4710-ad96-6a030f5d14a4 oboInOwl:hasDbXref ICD9CM_2006:383.32","obo:DOID_2389 rdfs:label fibromuscular dysplasia","obo:DOID_4022 oboInOwl:hasDbXref OMIM:191650","obo:DOID_0060165 obo:IAO_0000115 A recurrent hypersomnia that is characterized by recurring periods of excessive amounts of sleep and altered behavior.","747d844d-47c2-4d38-972d-7284da78af31 rdf:type owl:Axiom","obo:DOID_0060216 oboInOwl:id DOID:0060216","0aa96ff5-0e8f-4112-9c6d-b0cd2672f21d oboInOwl:hasDbXref SNOMEDCT_2005_07_31:31487001","d6b6a2d9-d969-43d7-9878-c04af500184d owl:annotatedTarget A bone cancer that is located_in bone that has_material_basis_in cells of mesenchymal origin.","c6fecbab-11e3-4f13-9815-abef5c60665c owl:annotatedTarget tumor of Nipple","obo:DOID_1082 rdf:type owl:Class","c59a2258-3a0d-4b35-90c0-ef11e05c8563 owl:annotatedSource obo:DOID_3820","33c52956-9110-4197-8e44-a85b3086a246 owl:annotatedTarget Superior Sulcus carcinoma of the lung","60057764-21f2-479e-9e1a-1e264e035766 owl:annotatedSource obo:DOID_8625","f1f00614-e969-474d-8923-103bb2a2c1f4 owl:annotatedTarget A mouth disease characterized by a white patch on the side of the tongue with a corrugated or hairy appearance; caused by Epstein-Barr virus.","obo:DOID_0060165 rdfs:label Kleine-Levin syndrome","obo:DOID_2565 oboInOwl:hasExactSynonym Fehr corneal dystrophy","obo:DOID_4022 oboInOwl:hasDbXref UMLS_CUI:C0041960","1832f316-6bb0-4e4c-99be-c5c7e3d77fa5 owl:annotatedTarget Plexiform leiomyoma","obo:DOID_6929 oboInOwl:hasExactSynonym Retinal edema disorder","ca8a935d-3377-4ecb-bf0c-a140af8393cf owl:annotatedProperty obo:IAO_0000115","obo:DOID_14284 rdfs:subClassOf obo:DOID_381","obo:DOID_10548 oboInOwl:hasExactSynonym malignant neoplasm of cardia of stomach","obo:DOID_6381 rdfs:subClassOf obo:DOID_4708","obo:DOID_9270 oboInOwl:hasDbXref ICD10CM:E70.29","obo:DOID_4022 rdf:type owl:Class","a5af76ce-c9ba-4710-ad96-6a030f5d14a4 owl:annotatedProperty oboInOwl:hasExactSynonym","3135951d-9eba-4843-a134-2ebfb378b3ac oboInOwl:hasDbXref NCI2004_11_17:C4724","obo:DOID_10548 oboInOwl:hasDbXref SNOMEDCT_US_2015_03_01:187732006","e7c4d97f-aa6c-452d-8d98-ba63b0a49640 owl:annotatedSource obo:DOID_0050451","36dfecb1-683b-49c9-927b-20b8e51c6107 owl:annotatedSource obo:DOID_8583","obo:DOID_4110 rdf:type owl:Class","obo:DOID_2741 oboInOwl:hasDbXref SNOMEDCT_US_2015_03_01:143932000","78173bc2-3f50-4d7d-a716-ce417b57f479 owl:annotatedSource obo:DOID_0050340","3b39fc49-70f3-4640-ae30-f3714714c323 rdf:type owl:Axiom","obo:DOID_1931 oboInOwl:hasExactSynonym Hypothalamus disorder","obo:DOID_1931 oboInOwl:hasDbXref UMLS_CUI:C0020655","obo:DOID_13562 rdfs:label glaucoma associated with pupillary block","e90ea5d4-5815-4226-8a7b-9b8402b9d1bb owl:annotatedProperty oboInOwl:hasExactSynonym","obo:DOID_2741 oboInOwl:hasDbXref SNOMEDCT_US_2015_03_01:166612004","afa5ccf6-8015-4adb-9cad-a89087f8ea69 rdf:type owl:Axiom","c8380363-b51f-4aa6-9049-1b4ab283c440 rdf:type owl:Axiom","36dfecb1-683b-49c9-927b-20b8e51c6107 rdf:type owl:Axiom","a1831dda-945f-4cd0-9fd3-304c45b0b49a owl:annotatedSource obo:DOID_11770","d8028677-1ef6-4c2c-969b-b7307ad00ace oboInOwl:hasDbXref url:http://en.wikipedia.org/wiki/Asbestosis","4983fc79-90d9-4765-b8ab-2d151d496268 owl:annotatedTarget Narrow cleft glaucoma","obo:DOID_4895 oboInOwl:hasDbXref NCI:C40016","obo:DOID_0050650 oboInOwl:hasDbXref OMIM:614050","obo:DOID_260 oboInOwl:hasDbXref ICD9CM:153.0","obo:DOID_2741 oboInOwl:id DOID:2741","obo:DOID_2565 obo:IAO_0000115 A corneal dystrophy that is characterized by corneal haze, bilateral loss of vision, eventually necessitating corneal transplantation resulting from progressive punctate opacities in the cornea.","3c3b5833-f621-4e1b-8278-cdb0a03c76e9 owl:annotatedProperty obo:IAO_0000115","1015d8ce-e34a-43bc-a6da-754c454a805f owl:annotatedProperty oboInOwl:hasExactSynonym","obo:DOID_2741 oboInOwl:hasDbXref UMLS_CUI:C0020435","obo:DOID_11320 oboInOwl:id DOID:11320","obo:DOID_2565 rdfs:label macular corneal dystrophy","ce980aff-32d8-4376-abd0-023500265fcb oboInOwl:hasDbXref NCI2004_11_17:C5426","145ccd9c-984b-4caf-957f-c1318bb6dccb oboInOwl:hasDbXref CSP2005:2000-4323","obo:DOID_0060128 obo:IAO_0000115 A heavy chain disease that results from an overproduction of mu antibody IgM.","obo:DOID_0060341 oboInOwl:hasExactSynonym agnathia-holoprosencephaly-situs inversus syndrome","obo:DOID_13650 oboInOwl:hasExactSynonym Joint disorder NOS, of the forearm","f7439a93-ec60-4284-8213-88301d78a544 rdf:type owl:Axiom","obo:DOID_1931 oboInOwl:hasDbXref SNOMEDCT_US_2015_03_01:190463005","obo:DOID_1931 oboInOwl:hasDbXref MSH:D007027","15d2a288-30e1-44fe-b7ee-32b0b8c4ef55 owl:annotatedProperty oboInOwl:hasExactSynonym","15d2a288-30e1-44fe-b7ee-32b0b8c4ef55 oboInOwl:hasDbXref SNOMEDCT_2005_07_31:93539002","obo:DOID_9270 oboInOwl:hasDbXref MSH:D000474","obo:DOID_12803 oboInOwl:hasOBONamespace disease_ontology","d8028677-1ef6-4c2c-969b-b7307ad00ace owl:annotatedSource obo:DOID_10320","e90ea5d4-5815-4226-8a7b-9b8402b9d1bb owl:annotatedSource obo:DOID_8651","56eb1f2f-e82b-49f3-b24e-a843389597e6 rdf:type owl:Axiom","obo:DOID_6929 oboInOwl:hasDbXref ICD10CM:H35.81","f043f8ad-f42f-48d2-9b43-7d807f5b590b rdf:type owl:Axiom","aa8bbdaa-b85d-430f-a101-cc7f36f6099b owl:annotatedProperty oboInOwl:hasExactSynonym","obo:DOID_0060290 oboInOwl:hasDbXref MSH:C536717","obo:DOID_1045 oboInOwl:id DOID:1045","cb83aab4-8aa0-415a-a018-4ce68491541c owl:annotatedSource obo:DOID_4156","obo:DOID_3300 oboInOwl:inSubset doid:gram-negative_bacterial_infectious_disease","obo:DOID_223 oboInOwl:hasExactSynonym Basilar artery syndrome","6fa22409-25d2-4a5c-a3fb-5651274837b4 rdf:type owl:Axiom","78173bc2-3f50-4d7d-a716-ce417b57f479 rdf:type owl:Axiom","d400a33c-7198-4281-9530-e81be73245c8 owl:annotatedTarget Gonadal dysgenesis - Turner","obo:DOID_0050437 oboInOwl:hasDbXref UMLS_CUI:C0878677","obo:DOID_10548 oboInOwl:hasDbXref SNOMEDCT_US_2015_03_01:93738008","obo:DOID_0060216 oboInOwl:hasDbXref MSH:D055952","c8380363-b51f-4aa6-9049-1b4ab283c440 owl:annotatedTarget Guillain-Barre syndrome disorder","obo:DOID_1931 oboInOwl:id DOID:1931","84478ef9-5b9c-4e68-b5b7-5e88dd0c8ab3 owl:annotatedTarget A leukemia that results_in an overwhelming number of tissue mast cells located_in peripheral blood.","cb83aab4-8aa0-415a-a018-4ce68491541c rdf:type owl:Axiom","obo:DOID_0050650 obo:IAO_0000115 An atrial fibrillation that has_material_basis_in autosomal dominant inheritance of the familial atrial fibrillation ATFB genes.","obo:DOID_1082 oboInOwl:hasDbXref ICD10CM:B74.8","obo:DOID_0050650 oboInOwl:hasDbXref ORDO:334","aa45f0b3-83f5-484b-9396-750b37a75765 owl:annotatedSource obo:DOID_795","obo:DOID_2741 oboInOwl:hasDbXref SNOMEDCT_US_2015_03_01:267509000","860713d1-e3ce-491d-8731-fcb3231f8d6d owl:annotatedSource obo:DOID_0060013","6d574c09-2f0c-4408-a4d1-2677aed2884e owl:annotatedProperty obo:IAO_0000115","obo:DOID_1931 rdfs:subClassOf obo:DOID_936","obo:DOID_2477 oboInOwl:hasDbXref SNOMEDCT_US_2015_03_01:155081008","obo:DOID_0050349 oboInOwl:id DOID:0050349","obo:DOID_0050437 oboInOwl:hasExactSynonym PSEUDOGLYCOGENOSIS II","obo:DOID_1806 rdf:type owl:Class","obo:DOID_5630 rdf:type owl:Class","obo:DOID_223 oboInOwl:hasDbXref NCI:C34413","obo:DOID_0050525 oboInOwl:hasExactSynonym acro-osteolysis","obo:DOID_2653 oboInOwl:id DOID:2653","obo:DOID_2389 rdf:type owl:Class","obo:DOID_2741 oboInOwl:hasDbXref NCI:C84761","obo:DOID_11107 owl:deprecated true^^http://www.w3.org/2001/XMLSchema#boolean","ca8a935d-3377-4ecb-bf0c-a140af8393cf rdf:type owl:Axiom","688dc20f-94b4-44a5-83e8-f4a6f28ad33f rdf:type owl:Axiom","obo:DOID_260 oboInOwl:hasDbXref SNOMEDCT_US_2015_03_01:93826009","obo:DOID_3212 owl:deprecated true^^http://www.w3.org/2001/XMLSchema#boolean","145ccd9c-984b-4caf-957f-c1318bb6dccb owl:annotatedProperty oboInOwl:hasExactSynonym","obo:DOID_6929 oboInOwl:hasDbXref MSH:D010211","obo:DOID_0060216 oboInOwl:hasExactSynonym Cogans syndrome","554e69f8-a45d-411a-9010-cf4d09874089 owl:annotatedProperty oboInOwl:hasExactSynonym","obo:DOID_4110 oboInOwl:id DOID:4110","5fb9ab63-2a25-4bff-8d55-b647e094dbc1 rdf:type owl:Axiom","obo:DOID_2477 rdf:type owl:Class","obo:DOID_4110 oboInOwl:hasDbXref UMLS_CUI:C0013578","obo:DOID_8335 oboInOwl:hasExactSynonym Microglandular Adenosis of the breast","obo:DOID_3300 owl:deprecated true^^http://www.w3.org/2001/XMLSchema#boolean","1ca2c851-9bf9-4863-bb33-65671aae0e6d owl:annotatedTarget Congenital syphilitic encephalitis disorder","c59a2258-3a0d-4b35-90c0-ef11e05c8563 owl:annotatedProperty oboInOwl:hasExactSynonym","1832f316-6bb0-4e4c-99be-c5c7e3d77fa5 oboInOwl:hasDbXref SNOMEDCT_2005_07_31:44598004","obo:DOID_135 oboInOwl:hasOBONamespace disease_ontology","obo:DOID_1082 oboInOwl:hasDbXref MSH:D004184","6fa22409-25d2-4a5c-a3fb-5651274837b4 oboInOwl:hasDbXref SNOMEDCT_2005_07_31:74859007","ece74ea6-3e5b-47f0-ac10-bf2de39582c8 rdf:type owl:Axiom","obo:DOID_260 oboInOwl:hasDbXref SNOMEDCT_US_2015_03_01:363407001","1ca2c851-9bf9-4863-bb33-65671aae0e6d rdf:type owl:Axiom","0dd8da42-a047-484c-89df-cfcdaf541005 rdf:type owl:Axiom","obo:DOID_5630 oboInOwl:hasExactSynonym Bartholin gland adenosquamous carcinoma","obo:DOID_4110 rdfs:label parasitic ectoparasitic infectious disease","obo:DOID_260 oboInOwl:hasExactSynonym malignant neoplasm of hepatic flexure","obo:DOID_223 oboInOwl:hasOBONamespace disease_ontology","obo:DOID_2565 oboInOwl:hasExactSynonym MACULAR DYSTROPHY, CORNEAL, 1","2b0f64d1-3e49-496e-85e8-f89bee991778 oboInOwl:hasDbXref NCI2004_11_17:C35676","obo:DOID_14284 rdf:type owl:Class","obo:DOID_2565 oboInOwl:hasDbXref MSH:D003317","4983fc79-90d9-4765-b8ab-2d151d496268 owl:annotatedSource obo:DOID_13550","obo:DOID_2565 rdfs:subClassOf obo:DOID_0060442","obo:DOID_9270 obo:IAO_0000115 An amino acid metabolic disorder that involves phenylalanine and tyrosine metabolism with the accumulation of homogentisic acid, a toxic tyrosine byproduct.","d1ada37a-901e-42cd-b0a5-1b182601be1a oboInOwl:hasDbXref url:http://www.expasy.org/viralzone/all_by_species/104.html","obo:DOID_9270 oboInOwl:hasDbXref ORDO:56","73906544-6723-45fd-9cf8-ffdc6a1780d9 owl:annotatedProperty oboInOwl:hasExactSynonym","d355e2fd-abeb-4b4d-a267-b29f4592144d owl:annotatedSource obo:DOID_2493","cfaf6458-a567-497b-9a76-22caf08b81bb owl:annotatedTarget neuralgic amyotrophy","obo:DOID_0060253 obo:IAO_0000115 A muscular dystrophy which begins at the lower legs and affects the shoulder region earlier and more severely than distal arm.","obo:DOID_0060216 oboInOwl:hasDbXref ICD10CM:H16.32","f7439a93-ec60-4284-8213-88301d78a544 oboInOwl:hasDbXref url:http://en.wikipedia.org/wiki/Agnosia","ce980aff-32d8-4376-abd0-023500265fcb rdf:type owl:Axiom","obo:DOID_0060216 rdfs:subClassOf obo:DOID_5614","c6624b3d-6610-479c-8a9b-315fa099955f rdf:type owl:Axiom","d3b6839e-183e-4d34-93bb-54884f78793a owl:annotatedSource obo:DOID_9594","4983fc79-90d9-4765-b8ab-2d151d496268 rdf:type owl:Axiom","78173bc2-3f50-4d7d-a716-ce417b57f479 oboInOwl:hasDbXref url:http://www.ncbi.nlm.nih.gov/bookshelf/br.fcgi?book\u003dmmed\u0026part\u003dA545","obo:DOID_0050298 obo:IAO_0000115 A viral infectious disease that results_in infection in cattle, dogs, horses, pigs, and humans, has_material_basis_in Adenoviridae viruses.","obo:DOID_0050437 oboInOwl:hasDbXref NCI:C84735","obo:DOID_0060341 rdfs:label agnathia-otocephaly complex","obo:DOID_3199 oboInOwl:hasExactSynonym Cerebellopontine Angle Neurinoma","e90ea5d4-5815-4226-8a7b-9b8402b9d1bb owl:annotatedTarget Hodgkins Granuloma","obo:DOID_6929 oboInOwl:id DOID:6929","obo:DOID_10548 rdfs:label cardia cancer","56eb1f2f-e82b-49f3-b24e-a843389597e6 owl:annotatedSource obo:DOID_4818","7bdcc5e4-d781-46fd-bbb5-806aeb9646ab owl:annotatedSource obo:DOID_769","obo:DOID_2565 rdf:type owl:Class","obo:DOID_5505 rdf:type owl:Class","obo:DOID_13650 oboInOwl:hasExactSynonym Unspecified disorder of ankle and foot joint","60057764-21f2-479e-9e1a-1e264e035766 owl:annotatedTarget Post-herpetic trigeminal neuralgia disorder","obo:DOID_260 oboInOwl:hasDbXref SNOMEDCT_US_2015_03_01:154455006","obo:DOID_0050562 rdfs:subClassOf obo:DOID_0050703","747d844d-47c2-4d38-972d-7284da78af31 oboInOwl:hasDbXref ICD9CM_2006:264.3","obo:DOID_2477 oboInOwl:hasExactSynonym HSMN","cdb62116-a565-47a9-ba91-7f4849b621c1 owl:annotatedTarget Ovarian endometrioid carcinoma","44a3b9eb-9c00-4ba9-8331-fca971896428 owl:annotatedTarget A placenta disease that is characterized by a deficiency of amniotic fluid sometimes resulting in an embryonic defect through adherence between embryo and amnion.","obo:DOID_1931 rdf:type owl:Class","obo:DOID_0060290 oboInOwl:creation_date 2015-02-05T10:07:12Z","a1831dda-945f-4cd0-9fd3-304c45b0b49a owl:annotatedProperty oboInOwl:hasExactSynonym","obo:DOID_10548 rdf:type owl:Class","obo:DOID_5630 oboInOwl:id DOID:5630","0aa96ff5-0e8f-4112-9c6d-b0cd2672f21d owl:annotatedProperty oboInOwl:hasExactSynonym","8bccc3af-d5c2-44b4-b76e-421f2736fea1 owl:annotatedProperty oboInOwl:hasExactSynonym","obo:DOID_223 oboInOwl:id DOID:223","obo:DOID_14284 oboInOwl:id DOID:14284","obo:DOID_2528 oboInOwl:hasExactSynonym Myeloid metaplasia morphologic abnormality","747d844d-47c2-4d38-972d-7284da78af31 owl:annotatedSource obo:DOID_12104","obo:DOID_13650 oboInOwl:hasAlternativeId DOID:7102","78173bc2-3f50-4d7d-a716-ce417b57f479 owl:annotatedProperty obo:IAO_0000115","obo:DOID_4983 owl:deprecated true^^http://www.w3.org/2001/XMLSchema#boolean","1bb1b1ca-5528-45dd-8200-620f55193855 oboInOwl:hasDbXref NCI2004_11_17:C6758","cdb62116-a565-47a9-ba91-7f4849b621c1 oboInOwl:hasDbXref NCI2004_11_17:C7979","459bbcf6-dbfd-4047-a82b-199e4aabbe54 rdf:type owl:Axiom","obo:DOID_0060216 oboInOwl:hasDbXref SNOMEDCT_US_2015_03_01:193785001","obo:DOID_260 oboInOwl:hasOBONamespace disease_ontology","c6fecbab-11e3-4f13-9815-abef5c60665c owl:annotatedProperty oboInOwl:hasExactSynonym","e01a3fa8-651c-4520-a0a0-8b209480f115 owl:annotatedSource obo:DOID_1341","7bdcc5e4-d781-46fd-bbb5-806aeb9646ab owl:annotatedTarget neuroblastoma Schwannian Stroma-Poor","obo:DOID_13650 oboInOwl:hasAlternativeId DOID:13851","da64f997-e8d1-4f87-acaf-ac6d81902df9 owl:annotatedSource obo:DOID_12403","obo:DOID_13650 oboInOwl:hasExactSynonym Joint disorder NOS, of shoulder region","6d574c09-2f0c-4408-a4d1-2677aed2884e rdf:type owl:Axiom","obo:DOID_1931 oboInOwl:hasDbXref SNOMEDCT_US_2015_03_01:88108008","obo:DOID_12803 rdfs:label Sly syndrome","obo:DOID_0050650 oboInOwl:hasDbXref OMIM:608583","obo:DOID_14159 rdf:type owl:Class","obo:DOID_9818 rdf:type owl:Class","obo:DOID_0060290 oboInOwl:hasDbXref OMIM:603736","obo:DOID_4895 rdfs:subClassOf obo:DOID_0060086","obo:DOID_13474 oboInOwl:hasDbXref UMLS_CUI:C0155155","obo:DOID_2741 obo:IAO_0000115 An inherited metabolic disorder that involves elevated levels of bilirubin resulting from disruption of bilirubin metabolism.","obo:DOID_0060290 oboInOwl:hasExactSynonym Ohdo syndrome, SBBYS Variant","a505afb8-aaed-4f41-9908-d1e776acaa73 owl:annotatedProperty oboInOwl:hasExactSynonym","860713d1-e3ce-491d-8731-fcb3231f8d6d owl:annotatedProperty oboInOwl:hasExactSynonym","obo:DOID_5505 rdfs:subClassOf obo:DOID_4844","3c3b5833-f621-4e1b-8278-cdb0a03c76e9 rdf:type owl:Axiom","obo:DOID_5630 oboInOwl:hasDbXref NCI:C40296","obo:DOID_0050298 rdfs:label adenovirus infectious disease","obo:DOID_11320 oboInOwl:hasOBONamespace disease_ontology","3c3b5833-f621-4e1b-8278-cdb0a03c76e9 owl:annotatedSource obo:DOID_3297","1bb1b1ca-5528-45dd-8200-620f55193855 rdf:type owl:Axiom","obo:DOID_2741 oboInOwl:hasDbXref SNOMEDCT_US_2015_03_01:154770008","obo:DOID_0060216 rdfs:label Cogan syndrome","19bfdc94-b241-45d9-b94a-fd22bf010a58 owl:annotatedProperty oboInOwl:hasExactSynonym","688dc20f-94b4-44a5-83e8-f4a6f28ad33f owl:annotatedSource obo:DOID_13650","obo:DOID_10585 oboInOwl:id DOID:10585","8bccc3af-d5c2-44b4-b76e-421f2736fea1 owl:annotatedTarget Reticulosarcoma of intrathoracic lymph nodes disorder","obo:DOID_13474 oboInOwl:hasDbXref ICD9CM:372.42","obo:DOID_12803 oboInOwl:hasDbXref OMIM:253220","obo:DOID_6929 oboInOwl:hasExactSynonym Retinal edema","f7439a93-ec60-4284-8213-88301d78a544 owl:annotatedProperty obo:IAO_0000115","a1831dda-945f-4cd0-9fd3-304c45b0b49a oboInOwl:hasDbXref ICD9CM_2006:257.0","5fb9ab63-2a25-4bff-8d55-b647e094dbc1 owl:annotatedTarget Nutritional atrophy","obo:DOID_1806 oboInOwl:id DOID:1806","0aa96ff5-0e8f-4112-9c6d-b0cd2672f21d rdf:type owl:Axiom","8bccc3af-d5c2-44b4-b76e-421f2736fea1 rdf:type owl:Axiom","obo:DOID_3300 oboInOwl:hasOBONamespace disease_ontology","obo:DOID_0060341 rdfs:subClassOf obo:DOID_0080015","obo:DOID_1082 oboInOwl:id DOID:1082","a1831dda-945f-4cd0-9fd3-304c45b0b49a rdf:type owl:Axiom","obo:DOID_10548 oboInOwl:hasDbXref ICD9CM:151.0","obo:DOID_0050298 rdf:type owl:Class","obo:DOID_0050437 oboInOwl:hasDbXref OMIM:300257","obo:DOID_12803 oboInOwl:hasDbXref UMLS_CUI:C0085132","cc7123df-97d2-4b2e-87fd-e0140072f94f owl:annotatedTarget A mood disorder that involves alternating periods of mania and depression.","obo:DOID_0060165 oboInOwl:hasOBONamespace disease_ontology","obo:DOID_2477 oboInOwl:hasDbXref ICD10CM:G60.0","obo:DOID_13474 rdf:type owl:Class","obo:DOID_2741 rdfs:subClassOf obo:DOID_655","ce980aff-32d8-4376-abd0-023500265fcb owl:annotatedTarget Chondroid Chordoma of the Clivus","84478ef9-5b9c-4e68-b5b7-5e88dd0c8ab3 owl:annotatedProperty obo:IAO_0000115","obo:DOID_260 oboInOwl:hasExactSynonym Ca hepatic flexure - colon","c6fecbab-11e3-4f13-9815-abef5c60665c rdf:type owl:Axiom","aa45f0b3-83f5-484b-9396-750b37a75765 oboInOwl:hasDbXref ICD9CM_2006:295.60","obo:DOID_13650 oboInOwl:hasExactSynonym Unspecified disorder of joint of shoulder region","7732e8ee-76bf-4234-ae8a-0889ea17d2d0 owl:annotatedProperty obo:IAO_0000115","obo:DOID_11107 oboInOwl:hasOBONamespace disease_ontology","459bbcf6-dbfd-4047-a82b-199e4aabbe54 owl:annotatedProperty oboInOwl:hasExactSynonym","obo:DOID_2565 oboInOwl:hasDbXref ICD10CM:H18.55","e01a3fa8-651c-4520-a0a0-8b209480f115 oboInOwl:hasDbXref ICD9CM_2006:776.5","obo:DOID_9270 oboInOwl:hasExactSynonym alcaptonuria","84523f10-93ff-488b-958f-3cc1fc694db8 owl:annotatedTarget Coffin-Lowry syndrome disorder","obo:DOID_3212 oboInOwl:hasOBONamespace disease_ontology","obo:DOID_9182 rdfs:subClassOf obo:DOID_8502","cc7123df-97d2-4b2e-87fd-e0140072f94f rdf:type owl:Axiom","obo:DOID_0050386 rdf:type owl:Class","obo:DOID_0050437 rdfs:label Danon disease","obo:DOID_0050474 oboInOwl:hasDbXref SNOMEDCT_US_2015_03_01:239058007","obo:DOID_0060077 oboInOwl:hasOBONamespace disease_ontology","obo:DOID_13562 rdf:type owl:Class","d6b6a2d9-d969-43d7-9878-c04af500184d owl:annotatedProperty obo:IAO_0000115","obo:DOID_10548 oboInOwl:hasDbXref SNOMEDCT_US_2015_03_01:187735008","obo:DOID_1806 rdfs:label coxsackie endocarditis","obo:DOID_6381 rdfs:label anterior foramen magnum meningioma","860713d1-e3ce-491d-8731-fcb3231f8d6d rdf:type owl:Axiom","a505afb8-aaed-4f41-9908-d1e776acaa73 rdf:type owl:Axiom","obo:DOID_14159 oboInOwl:hasDbXref MSH:D006849","obo:DOID_4022 oboInOwl:id DOID:4022","7bdcc5e4-d781-46fd-bbb5-806aeb9646ab oboInOwl:hasDbXref NCI2004_11_17:C3270","obo:DOID_6381 oboInOwl:hasDbXref UMLS_CUI:C1332302","obo:DOID_2741 oboInOwl:hasDbXref SNOMEDCT_US_2015_03_01:20505009","obo:DOID_0060165 rdfs:subClassOf obo:DOID_8619","554e69f8-a45d-411a-9010-cf4d09874089 oboInOwl:hasDbXref SNOMEDCT_2005_07_31:7881005","obo:DOID_2389 oboInOwl:id DOID:2389","obo:DOID_2477 oboInOwl:hasDbXref SNOMEDCT_US_2015_03_01:398100001","obo:DOID_9182 oboInOwl:hasDbXref UMLS_CUI:C0030807","obo:DOID_3300 oboInOwl:hasExactSynonym Yersiniosis disorder","obo:DOID_14159 oboInOwl:hasDbXref ICD9CM:331.4","obo:DOID_12803 obo:IAO_0000115 A mucopolysaccharidosis characterized by a deficiency of the lysosomal enzyme beta-glucuronidase resulting in the inability to degrade glucuronic acid-containing glycosaminoglycans.","obo:DOID_0050525 oboInOwl:hasRelatedSynonym Acroosteolysis syndrome","19bfdc94-b241-45d9-b94a-fd22bf010a58 rdf:type owl:Axiom","obo:DOID_6381 rdf:type owl:Class","1bb1b1ca-5528-45dd-8200-620f55193855 owl:annotatedProperty oboInOwl:hasExactSynonym","d1ada37a-901e-42cd-b0a5-1b182601be1a rdf:type owl:Axiom","obo:DOID_9270 oboInOwl:hasRelatedSynonym deficiency of homogentisicase","obo:DOID_0050474 rdf:type owl:Class","obo:DOID_1806 obo:IAO_0000115 A coxsackie carditis that results_in inflammation located_in endocardium, has_material_basis_in group B coxsackievirus, which are transmitted_by ingestion of food contaminated with feces, transmitted_by contact with pharyngeal secretions, or transmitted_by droplet spread of oronasal secretions.","obo:DOID_9270 rdfs:label alkaptonuria","obo:DOID_13650 rdf:type owl:Class","obo:DOID_4983 oboInOwl:hasOBONamespace disease_ontology","6d574c09-2f0c-4408-a4d1-2677aed2884e owl:annotatedSource obo:DOID_0050936","obo:DOID_0050474 oboInOwl:hasDbXref MSH:D056770","obo:DOID_0050650 oboInOwl:hasDbXref OMIM:615377","688dc20f-94b4-44a5-83e8-f4a6f28ad33f owl:annotatedProperty oboInOwl:hasExactSynonym","688dc20f-94b4-44a5-83e8-f4a6f28ad33f oboInOwl:hasDbXref ICD9CM_2006:719.91","obo:DOID_223 oboInOwl:hasDbXref SNOMEDCT_US_2015_03_01:195197005","obo:DOID_9270 oboInOwl:hasDbXref UMLS_CUI:C0002066","obo:DOID_2477 oboInOwl:hasDbXref NCI:C75467","926ae9f4-c358-4f8a-8859-f82167247bb2 oboInOwl:hasDbXref SNOMEDCT_2005_07_31:63454000","obo:DOID_0050650 oboInOwl:hasDbXref OMIM:614022","obo:DOID_0060290 oboInOwl:hasOBONamespace disease_ontology","obo:DOID_11320 rdfs:label Kyasanur forest disease","0dd8da42-a047-484c-89df-cfcdaf541005 owl:annotatedProperty oboInOwl:hasExactSynonym","obo:DOID_2389 oboInOwl:hasExactSynonym Fibromuscular hyperplasia of artery disorder","1ca2c851-9bf9-4863-bb33-65671aae0e6d owl:annotatedProperty oboInOwl:hasExactSynonym","19bfdc94-b241-45d9-b94a-fd22bf010a58 owl:annotatedSource obo:DOID_4952","ece74ea6-3e5b-47f0-ac10-bf2de39582c8 owl:annotatedProperty oboInOwl:hasExactSynonym","obo:DOID_10548 oboInOwl:hasDbXref SNOMEDCT_US_2015_03_01:269526000","obo:DOID_135 oboInOwl:id DOID:135","obo:DOID_5630 rdfs:label Bartholins gland adenosquamous carcinoma","c59a2258-3a0d-4b35-90c0-ef11e05c8563 rdf:type owl:Axiom","1015d8ce-e34a-43bc-a6da-754c454a805f owl:annotatedTarget Chondromalacia of patella","obo:DOID_14159 oboInOwl:hasExactSynonym Obstructive hydrocephalus","obo:DOID_6293 oboInOwl:hasDbXref NCI:C5451","a446993e-9cd5-4430-ae70-7f8ccb51f300 oboInOwl:hasDbXref url:http://www.cancer.gov/dictionary/?CdrID\u003d45687","obo:DOID_12803 oboInOwl:hasExactSynonym deficiency of beta-glucuronidase","obo:DOID_0060077 oboInOwl:created_by lschriml","5fb9ab63-2a25-4bff-8d55-b647e094dbc1 owl:annotatedProperty oboInOwl:hasExactSynonym","obo:DOID_12803 oboInOwl:hasExactSynonym mucopolysaccharidosis VII","554e69f8-a45d-411a-9010-cf4d09874089 rdf:type owl:Axiom","obo:DOID_2477 oboInOwl:hasExactSynonym Neuropathic muscular atrophy","145ccd9c-984b-4caf-957f-c1318bb6dccb rdf:type owl:Axiom","d6b6a2d9-d969-43d7-9878-c04af500184d oboInOwl:hasDbXref url:http://www.cancer.gov/dictionary?cdrid\u003d45395","6480142f-8ffb-4b5a-8acb-3860c58b120c owl:annotatedSource obo:DOID_12282","ce980aff-32d8-4376-abd0-023500265fcb owl:annotatedProperty oboInOwl:hasExactSynonym","obo:DOID_0060253 oboInOwl:hasDbXref OMIM:181430","obo:DOID_10585 rdf:type owl:Class","73906544-6723-45fd-9cf8-ffdc6a1780d9 rdf:type owl:Axiom","obo:DOID_4895 oboInOwl:hasOBONamespace disease_ontology","9ac70405-191d-485d-a766-ca9761f662d1 owl:annotatedSource obo:DOID_2135","obo:DOID_0060290 oboInOwl:created_by emitraka","a446993e-9cd5-4430-ae70-7f8ccb51f300 owl:annotatedTarget A fallopian tube cancer that is located_in the fallopian tube.","obo:DOID_12803 oboInOwl:hasExactSynonym MPS VII - Sly syndrome","d1c0e94f-f751-4d0e-9af8-b9667d2c911c owl:annotatedTarget A hypersensitivity reaction type II disease that involves inflammation or pain in the muscles, joints, or fibrous tissue.","ca8a935d-3377-4ecb-bf0c-a140af8393cf owl:annotatedSource obo:DOID_8200","obo:DOID_0060165 oboInOwl:created_by lschriml","obo:DOID_0060290 oboInOwl:inSubset doid:DO_MGI_slim","afa5ccf6-8015-4adb-9cad-a89087f8ea69 owl:annotatedTarget ureteral small cell carcinoma","obo:DOID_13474 oboInOwl:hasExactSynonym peripheral pterygium, progressive disorder","0dd8da42-a047-484c-89df-cfcdaf541005 owl:annotatedSource obo:DOID_9764","4983fc79-90d9-4765-b8ab-2d151d496268 owl:annotatedProperty oboInOwl:hasExactSynonym"],"InferredAxioms":["obo:DOID_2653 rdf:type rdfs:Resource","obo:DOID_2477 rdf:type rdfs:Class","rdf:object rdfs:domain rdf:Statement","obo:DOID_3211 rdfs:subClassOf obo:DOID_3211","obo:DOID_8502 rdf:type rdfs:Resource","rdf:Bag rdfs:subClassOf rdf:Bag","obo:DOID_0050437 rdf:type rdfs:Class","obo:DOID_936 rdf:type rdfs:Resource","obo:DOID_381 rdf:type rdfs:Resource","obo:DOID_260 rdf:type rdfs:Resource","obo:DOID_0060216 rdfs:subClassOf obo:DOID_0060216","obo:DOID_135 rdfs:subClassOf obo:DOID_135","obo:DOID_0060341 rdf:type rdfs:Resource","obo:DOID_0050737 rdfs:subClassOf obo:DOID_0050737","obo:DOID_14284 rdfs:subClassOf obo:DOID_14284","rdfs:Resource rdf:type rdfs:Class","obo:DOID_0060165 rdf:type rdfs:Class","rdf:XMLLiteral rdf:type rdfs:Datatype","rdf:XMLLiteral rdf:type rdfs:Class","obo:DOID_13474 rdfs:subClassOf obo:DOID_13474","obo:DOID_5630 rdf:type rdfs:Class","obo:DOID_0060114 rdf:type rdfs:Resource","obo:DOID_12803 rdfs:subClassOf obo:DOID_12803","obo:DOID_655 rdfs:subClassOf obo:DOID_655","obo:DOID_8619 rdf:type rdfs:Class","obo:DOID_8335 rdfs:subClassOf obo:DOID_8335","rdf:first rdfs:domain rdf:List","rdfs:domain rdfs:domain rdf:Property","obo:DOID_934 rdf:type rdfs:Resource","rdf:predicate rdfs:domain rdf:Statement","obo:DOID_5679 rdf:type rdfs:Class","obo:DOID_0060125 rdfs:subClassOf obo:DOID_0060125","obo:DOID_0060125 rdf:type rdfs:Resource","obo:DOID_3200 rdf:type rdfs:Class","obo:DOID_9182 rdfs:subClassOf obo:DOID_9182","obo:DOID_1398 rdf:type rdfs:Class","obo:DOID_0050737 rdf:type rdfs:Resource","rdfs:domain rdf:type rdfs:Resource","obo:DOID_2645 rdf:type rdfs:Resource","rdfs:subPropertyOf rdfs:range rdf:Property","obo:DOID_11320 rdf:type rdfs:Resource","rdf:Seq rdf:type rdfs:Class","obo:DOID_0060253 rdf:type rdfs:Resource","obo:DOID_0060289 rdf:type rdfs:Resource","rdf:predicate rdfs:subPropertyOf rdf:predicate","obo:DOID_0060053 rdf:type rdfs:Class","obo:DOID_0060077 rdf:type rdfs:Class","obo:DOID_6929 rdfs:subClassOf obo:DOID_6929","obo:DOID_10908 rdf:type rdfs:Resource","obo:DOID_2741 rdf:type rdfs:Resource","obo:DOID_2565 rdf:type rdfs:Class","rdf:Alt rdfs:subClassOf rdf:Alt","obo:DOID_3999 rdf:type rdfs:Resource","owl:Class rdf:type rdfs:Resource","obo:DOID_9270 rdf:type rdfs:Class","rdfs:domain rdf:type rdf:Property","obo:DOID_4708 rdf:type rdfs:Resource","obo:DOID_934 rdfs:subClassOf obo:DOID_934","obo:DOID_0050703 rdf:type rdfs:Resource","obo:DOID_0080015 rdfs:subClassOf obo:DOID_0080015","obo:DOID_0060114 rdfs:subClassOf obo:DOID_0060114","rdfs:subClassOf rdf:type rdfs:Resource","obo:DOID_14284 rdf:type rdfs:Class","obo:DOID_12798 rdf:type rdfs:Resource","rdf:rest rdfs:range rdf:List","obo:DOID_4895 rdfs:subClassOf obo:DOID_4895","obo:DOID_0060086 rdfs:subClassOf obo:DOID_0060086","obo:DOID_9182 rdf:type rdfs:Class","rdf:first rdfs:subPropertyOf rdf:first","rdf:Alt rdf:type rdfs:Class","obo:DOID_1426 rdfs:subClassOf obo:DOID_1426","obo:DOID_10526 rdfs:subClassOf obo:DOID_10526","rdf:List rdf:type rdfs:Class","rdfs:subClassOf rdf:type rdf:Property","obo:DOID_218 rdfs:subClassOf obo:DOID_218","obo:DOID_0060086 rdf:type rdfs:Class","rdf:Bag rdfs:subClassOf rdfs:Container","rdf:Property rdfs:subClassOf rdfs:Resource","obo:DOID_6929 rdf:type rdfs:Resource","obo:DOID_381 rdfs:subClassOf obo:DOID_381","obo:DOID_0050562 rdf:type rdfs:Class","rdf:predicate rdf:type rdf:Property","obo:DOID_260 rdfs:subClassOf obo:DOID_260","obo:DOID_1426 rdf:type rdfs:Resource","obo:DOID_14159 rdfs:subClassOf obo:DOID_14159","rdf:Statement rdf:type rdfs:Resource","rdf:Bag rdf:type rdfs:Resource","obo:DOID_0060077 rdfs:subClassOf obo:DOID_0060077","rdf:object rdfs:subPropertyOf rdf:object","rdf:nil rdf:type rdf:List","rdfs:comment rdfs:range rdfs:Literal","obo:DOID_0060216 rdf:type rdfs:Resource","obo:DOID_135 rdf:type rdfs:Resource","owl:Axiom rdf:type rdfs:Class","obo:DOID_13474 rdf:type rdfs:Resource","obo:DOID_0060290 rdf:type rdfs:Class","rdf:predicate rdf:type rdfs:Resource","obo:DOID_8335 rdf:type rdfs:Resource","obo:DOID_0060053 rdfs:subClassOf obo:DOID_0060053","rdf:Property rdfs:subClassOf rdf:Property","obo:DOID_10534 rdf:type rdfs:Class","obo:DOID_9884 rdf:type rdfs:Resource","obo:DOID_6293 rdf:type rdfs:Class","obo:DOID_5614 rdf:type rdfs:Class","obo:DOID_5505 rdf:type rdfs:Class","rdf:object rdf:type rdfs:Resource","obo:DOID_0060341 rdfs:subClassOf obo:DOID_0060341","obo:DOID_1931 rdf:type rdfs:Class","rdfs:Container rdf:type rdfs:Class","obo:DOID_1080 rdfs:subClassOf obo:DOID_1080","rdf:Statement rdfs:subClassOf rdfs:Resource","obo:DOID_1080 rdf:type rdfs:Resource","obo:DOID_10548 rdf:type rdfs:Class","rdfs:isDefinedBy rdfs:subPropertyOf rdfs:seeAlso","rdf:Seq rdfs:subClassOf rdf:Seq","rdf:object rdf:type rdf:Property","rdf:Property rdf:type rdfs:Resource","rdfs:Literal rdf:type rdfs:Class","obo:DOID_655 rdf:type rdfs:Class","obo:DOID_12803 rdf:type rdfs:Class","obo:DOID_4844 rdf:type rdfs:Resource","obo:DOID_0050650 rdfs:subClassOf obo:DOID_0050650","obo:DOID_0060128 rdf:type rdfs:Resource","rdfs:Class rdfs:subClassOf rdfs:Class","obo:DOID_3211 rdf:type rdfs:Class","obo:DOID_1612 rdf:type rdfs:Resource","rdfs:subClassOf rdfs:range rdfs:Class","obo:DOID_9270 rdfs:subClassOf obo:DOID_9270","obo:DOID_1082 rdf:type rdfs:Resource","obo:DOID_10526 rdf:type rdfs:Class","rdfs:Datatype rdf:type rdfs:Resource","obo:DOID_218 rdf:type rdfs:Class","obo:DOID_2653 rdfs:subClassOf obo:DOID_2653","obo:DOID_0080015 rdf:type rdfs:Class","obo:DOID_4895 rdf:type rdfs:Class","obo:DOID_0060224 rdf:type rdfs:Resource","obo:DOID_224 rdf:type rdfs:Resource","obo:DOID_4022 rdf:type rdfs:Resource","obo:DOID_0060442 rdf:type rdfs:Resource","rdfs:ContainerMembershipProperty rdf:type rdfs:Resource","obo:DOID_3199 rdf:type rdfs:Resource","rdf:rest rdf:type rdf:Property","obo:DOID_14159 rdf:type rdfs:Class","rdfs:seeAlso rdf:type rdfs:Resource","rdfs:comment rdf:type rdfs:Resource","obo:DOID_9252 rdfs:subClassOf obo:DOID_9252","obo:DOID_5998 rdfs:subClassOf obo:DOID_5998","obo:DOID_2565 rdfs:subClassOf obo:DOID_2565","obo:DOID_223 rdf:type rdfs:Resource","rdfs:domain rdfs:range rdfs:Class","obo:DOID_4110 rdf:type rdfs:Resource","obo:DOID_0050474 rdf:type rdfs:Resource","obo:DOID_0050650 rdf:type rdfs:Class","obo:DOID_6381 rdf:type rdfs:Resource","rdfs:Class rdf:type rdfs:Class","obo:DOID_0060090 rdf:type rdfs:Class","obo:DOID_936 rdfs:subClassOf obo:DOID_936","obo:DOID_0060090 rdfs:subClassOf obo:DOID_0060090","rdf:rest rdf:type rdfs:Resource","obo:DOID_8502 rdfs:subClassOf obo:DOID_8502","obo:DOID_5998 rdf:type rdfs:Class","obo:DOID_9252 rdf:type rdfs:Class","rdfs:seeAlso rdf:type rdf:Property","obo:DOID_9884 rdfs:subClassOf obo:DOID_9884","rdfs:ContainerMembershipProperty rdfs:subClassOf rdf:Property","rdfs:comment rdf:type rdf:Property","obo:DOID_10534 rdfs:subClassOf obo:DOID_10534","obo:DOID_0060128 rdfs:subClassOf obo:DOID_0060128","obo:DOID_5614 rdf:type rdfs:Resource","obo:DOID_5505 rdf:type rdfs:Resource","obo:DOID_9884 rdf:type rdfs:Class","obo:DOID_6293 rdf:type rdfs:Resource","rdf:nil rdf:type rdfs:Resource","rdfs:Container rdf:type rdfs:Resource","rdf:subject rdf:type rdf:Property","obo:DOID_1931 rdf:type rdfs:Resource","rdf:Seq rdfs:subClassOf rdfs:Container","rdf:rest rdfs:domain rdf:List","obo:DOID_0060290 rdfs:subClassOf obo:DOID_0060290","rdf:subject rdf:type rdfs:Resource","obo:DOID_12798 rdfs:subClassOf obo:DOID_12798","obo:DOID_4844 rdfs:subClassOf obo:DOID_4844","obo:DOID_1080 rdf:type rdfs:Class","obo:DOID_5679 rdfs:subClassOf obo:DOID_5679","obo:DOID_10548 rdf:type rdfs:Resource","rdfs:isDefinedBy rdfs:subPropertyOf rdfs:isDefinedBy","rdf:Property rdf:type rdfs:Class","obo:DOID_0050562 rdf:type rdfs:Resource","obo:DOID_6929 rdf:type rdfs:Class","rdf:Statement rdf:type rdfs:Class","obo:DOID_1398 rdfs:subClassOf obo:DOID_1398","obo:DOID_1082 rdfs:subClassOf obo:DOID_1082","rdfs:label rdf:type rdf:Property","obo:DOID_1426 rdf:type rdfs:Class","obo:DOID_1612 rdfs:subClassOf obo:DOID_1612","obo:DOID_0060216 rdf:type rdfs:Class","obo:DOID_135 rdf:type rdfs:Class","rdfs:label rdf:type rdfs:Resource","rdf:Bag rdf:type rdfs:Class","rdf:Alt rdfs:subClassOf rdfs:Container","obo:DOID_10534 rdf:type rdfs:Resource","obo:DOID_3200 rdfs:subClassOf obo:DOID_3200","obo:DOID_0060290 rdf:type rdfs:Resource","rdfs:subPropertyOf rdfs:domain rdf:Property","obo:DOID_8335 rdf:type rdfs:Class","obo:DOID_13474 rdf:type rdfs:Class","owl:Axiom rdf:type rdfs:Resource","obo:DOID_223 rdf:type rdfs:Class","obo:DOID_14159 rdf:type rdfs:Resource","rdfs:label rdfs:range rdfs:Literal","rdfs:Datatype rdfs:subClassOf rdfs:Datatype","rdfs:Datatype rdfs:subClassOf rdfs:Class","rdfs:subPropertyOf rdf:type rdf:Property","obo:DOID_4110 rdf:type rdfs:Class","rdfs:Class rdf:type rdfs:Resource","obo:DOID_0060224 rdfs:subClassOf obo:DOID_0060224","obo:DOID_224 rdfs:subClassOf obo:DOID_224","obo:DOID_6381 rdf:type rdfs:Class","obo:DOID_0050650 rdf:type rdfs:Resource","rdfs:range rdfs:range rdfs:Class","obo:DOID_0050474 rdf:type rdfs:Class","rdfs:subPropertyOf rdf:type rdfs:Resource","obo:DOID_5998 rdf:type rdfs:Resource","obo:DOID_9252 rdf:type rdfs:Resource","rdfs:Literal rdfs:subClassOf rdfs:Resource","obo:DOID_5630 rdfs:subClassOf obo:DOID_5630","obo:DOID_0060090 rdf:type rdfs:Resource","obo:DOID_0060128 rdf:type rdfs:Class","obo:DOID_0060442 rdfs:subClassOf obo:DOID_0060442","obo:DOID_4844 rdf:type rdfs:Class","obo:DOID_655 rdf:type rdfs:Resource","obo:DOID_12803 rdf:type rdfs:Resource","obo:DOID_4022 rdfs:subClassOf obo:DOID_4022","rdfs:Literal rdf:type rdfs:Resource","rdf:type rdf:type rdf:Property","obo:DOID_8619 rdfs:subClassOf obo:DOID_8619","obo:DOID_1082 rdf:type rdfs:Class","rdfs:Class rdfs:subClassOf rdfs:Resource","obo:DOID_3211 rdf:type rdfs:Resource","obo:DOID_1612 rdf:type rdfs:Class","obo:DOID_0060224 rdf:type rdfs:Class","obo:DOID_224 rdf:type rdfs:Class","obo:DOID_4895 rdf:type rdfs:Resource","rdfs:ContainerMembershipProperty rdfs:subClassOf rdfs:ContainerMembershipProperty","obo:DOID_0080015 rdf:type rdfs:Resource","obo:DOID_218 rdf:type rdfs:Resource","obo:DOID_0050562 rdfs:subClassOf obo:DOID_0050562","rdfs:Datatype rdf:type rdfs:Class","obo:DOID_10526 rdf:type rdfs:Resource","obo:DOID_3199 rdf:type rdfs:Class","rdfs:ContainerMembershipProperty rdf:type rdfs:Class","obo:DOID_3199 rdfs:subClassOf obo:DOID_3199","rdf:type rdf:type rdfs:Resource","obo:DOID_4022 rdf:type rdfs:Class","obo:DOID_0060442 rdf:type rdfs:Class","obo:DOID_0060114 rdf:type rdfs:Class","obo:DOID_5630 rdf:type rdfs:Resource","obo:DOID_0060165 rdfs:subClassOf obo:DOID_0060165","obo:DOID_11320 rdfs:subClassOf obo:DOID_11320","rdf:XMLLiteral rdf:type rdfs:Resource","rdfs:isDefinedBy rdf:type rdfs:Resource","obo:DOID_934 rdf:type rdfs:Class","obo:DOID_8619 rdf:type rdfs:Resource","obo:DOID_0060125 rdf:type rdfs:Class","obo:DOID_4110 rdfs:subClassOf obo:DOID_4110","rdfs:range rdfs:domain rdf:Property","obo:DOID_10548 rdfs:subClassOf obo:DOID_10548","rdfs:isDefinedBy rdf:type rdf:Property","obo:DOID_5679 rdf:type rdfs:Resource","obo:DOID_2645 rdfs:subClassOf obo:DOID_2645","obo:DOID_0050737 rdf:type rdfs:Class","obo:DOID_1398 rdf:type rdfs:Resource","obo:DOID_3200 rdf:type rdfs:Resource","obo:DOID_2477 rdf:type rdfs:Resource","obo:DOID_2653 rdf:type rdfs:Class","obo:DOID_223 rdfs:subClassOf obo:DOID_223","obo:DOID_8502 rdf:type rdfs:Class","obo:DOID_936 rdf:type rdfs:Class","obo:DOID_0050437 rdf:type rdfs:Resource","obo:DOID_0060289 rdfs:subClassOf obo:DOID_0060289","rdfs:subClassOf rdfs:domain rdfs:Class","rdf:rest rdfs:subPropertyOf rdf:rest","obo:DOID_0060253 rdfs:subClassOf obo:DOID_0060253","obo:DOID_381 rdf:type rdfs:Class","obo:DOID_260 rdf:type rdfs:Class","rdfs:Resource rdf:type rdfs:Resource","rdf:subject rdfs:domain rdf:Statement","obo:DOID_0060165 rdf:type rdfs:Resource","obo:DOID_0060341 rdf:type rdfs:Class","obo:DOID_14284 rdf:type rdfs:Resource","obo:DOID_6293 rdfs:subClassOf obo:DOID_6293","rdf:first rdf:type rdfs:Resource","obo:DOID_2741 rdfs:subClassOf obo:DOID_2741","obo:DOID_10908 rdfs:subClassOf obo:DOID_10908","obo:DOID_0050437 rdfs:subClassOf obo:DOID_0050437","obo:DOID_5614 rdfs:subClassOf obo:DOID_5614","obo:DOID_9182 rdf:type rdfs:Resource","obo:DOID_5505 rdfs:subClassOf obo:DOID_5505","obo:DOID_12798 rdf:type rdfs:Class","rdfs:seeAlso rdfs:subPropertyOf rdfs:seeAlso","rdf:type rdfs:range rdfs:Class","rdf:Alt rdf:type rdfs:Resource","rdf:first rdf:type rdf:Property","obo:DOID_0060086 rdf:type rdfs:Resource","rdf:List rdf:type rdfs:Resource","obo:DOID_11320 rdf:type rdfs:Class","rdfs:range rdf:type rdf:Property","rdf:subject rdfs:subPropertyOf rdf:subject","rdf:List rdfs:subClassOf rdfs:Resource","rdf:Seq rdf:type rdfs:Resource","rdfs:Container rdfs:subClassOf rdfs:Container","obo:DOID_3999 rdfs:subClassOf obo:DOID_3999","obo:DOID_0050474 rdfs:subClassOf obo:DOID_0050474","obo:DOID_2645 rdf:type rdfs:Class","obo:DOID_0060077 rdf:type rdfs:Resource","obo:DOID_1931 rdfs:subClassOf obo:DOID_1931","obo:DOID_0060053 rdf:type rdfs:Resource","obo:DOID_0060253 rdf:type rdfs:Class","obo:DOID_0060289 rdf:type rdfs:Class","obo:DOID_4708 rdfs:subClassOf obo:DOID_4708","obo:DOID_2565 rdf:type rdfs:Resource","obo:DOID_10908 rdf:type rdfs:Class","obo:DOID_2741 rdf:type rdfs:Class","obo:DOID_2477 rdfs:subClassOf obo:DOID_2477","obo:DOID_6381 rdfs:subClassOf obo:DOID_6381","obo:DOID_0050703 rdf:type rdfs:Class","obo:DOID_4708 rdf:type rdfs:Class","obo:DOID_9270 rdf:type rdfs:Resource","obo:DOID_0050703 rdfs:subClassOf obo:DOID_0050703","rdfs:range rdf:type rdfs:Resource","obo:DOID_3999 rdf:type rdfs:Class","owl:Class rdf:type rdfs:Class"],"InvalidAxioms":["obo:DOID_0050474 rdfs:subClassOf obo:DOID_8502","obo:DOID_0060442 rdfs:subPropertyOf rdf:predicate","obo:DOID_0060128 rdfs:subClassOf obo:DOID_5505","rdf:first rdfs:subClassOf obo:DOID_14159","rdfs:seeAlso rdfs:subClassOf rdfs:Container","obo:DOID_10908 rdfs:subClassOf obo:DOID_9884","rdfs:subClassOf rdfs:domain rdf:Property","rdfs:subClassOf rdfs:range rdfs:Literal","obo:DOID_0050437 rdfs:subClassOf obo:DOID_3999","obo:DOID_5505 rdfs:subClassOf obo:DOID_0050474","obo:DOID_3211 rdfs:subClassOf obo:DOID_0060077","obo:DOID_9182 rdfs:subClassOf obo:DOID_14284","rdf:predicate rdfs:subClassOf obo:DOID_135","obo:DOID_1082 rdfs:subClassOf obo:DOID_2653","obo:DOID_1398 rdfs:subClassOf obo:DOID_0060224","obo:DOID_0050474 rdfs:subClassOf obo:DOID_6929","obo:DOID_0050737 rdf:type rdf:Property","obo:DOID_135 rdfs:subClassOf obo:DOID_1398","rdf:first rdfs:subClassOf obo:DOID_1082","obo:DOID_936 rdfs:subClassOf rdf:Property","rdfs:range rdfs:subClassOf obo:DOID_4844","rdfs:isDefinedBy rdf:type rdfs:Class","obo:DOID_3999 rdfs:range rdfs:Literal","obo:DOID_0060165 rdfs:subClassOf obo:DOID_0050650","rdf:Bag rdfs:subClassOf obo:DOID_13474","rdfs:isDefinedBy rdfs:subClassOf obo:DOID_3199","obo:DOID_0060290 rdfs:subClassOf obo:DOID_6381","obo:DOID_3199 rdfs:subClassOf rdfs:Container","rdf:predicate rdfs:range rdfs:Class","obo:DOID_11320 rdfs:range rdfs:Literal","obo:DOID_14159 rdfs:subClassOf obo:DOID_0060053","obo:DOID_13474 rdfs:domain rdf:Statement","rdfs:seeAlso rdfs:subClassOf obo:DOID_2653","rdf:object rdfs:subClassOf obo:DOID_381","obo:DOID_218 rdfs:subClassOf obo:DOID_223","obo:DOID_0060341 rdfs:subClassOf rdf:Property","rdf:first rdfs:subClassOf obo:DOID_224","obo:DOID_9270 rdfs:subClassOf obo:DOID_0060442","obo:DOID_0050650 rdfs:range rdf:Property","obo:DOID_4844 rdfs:subClassOf obo:DOID_10548","obo:DOID_4110 rdfs:domain rdf:Statement","rdf:Seq rdfs:subClassOf obo:DOID_3199","owl:Axiom rdfs:subClassOf obo:DOID_0060077","rdfs:Container rdfs:subPropertyOf rdf:rest","obo:DOID_9884 rdfs:subClassOf obo:DOID_8619","obo:DOID_4895 rdfs:subClassOf obo:DOID_9270","obo:DOID_3199 rdfs:subClassOf obo:DOID_381","rdfs:seeAlso rdfs:range rdfs:Class","rdfs:comment rdfs:range rdfs:Class","obo:DOID_6293 rdfs:subClassOf obo:DOID_12803","obo:DOID_2477 rdfs:domain rdf:List","obo:DOID_13474 rdfs:subClassOf obo:DOID_2653","obo:DOID_0060165 rdfs:subClassOf obo:DOID_9182","obo:DOID_9182 rdf:type rdf:List","rdfs:seeAlso rdfs:subClassOf obo:DOID_1398","obo:DOID_0060253 rdf:type rdf:Property","obo:DOID_4110 rdfs:subClassOf obo:DOID_0060341","obo:DOID_0060289 rdf:type rdf:Property","obo:DOID_0050737 rdfs:domain rdf:Property","obo:DOID_12798 rdfs:subClassOf rdfs:Resource","rdf:object rdfs:subClassOf obo:DOID_1426","rdfs:range rdf:type rdfs:Class","rdf:subject rdfs:subPropertyOf rdf:rest","obo:DOID_0050474 rdfs:range rdfs:Class","obo:DOID_11320 rdf:type rdf:Property","rdf:first rdf:type rdfs:Class","obo:DOID_13474 rdfs:subClassOf obo:DOID_1426","obo:DOID_0060216 rdfs:subPropertyOf rdf:subject","obo:DOID_381 rdfs:subClassOf obo:DOID_934","obo:DOID_1426 rdfs:subClassOf rdfs:Container","obo:DOID_0060253 rdfs:subClassOf obo:DOID_0050737","rdf:object rdfs:subClassOf obo:DOID_5505","obo:DOID_0050703 rdfs:subClassOf obo:DOID_0060290","rdf:XMLLiteral rdfs:subClassOf obo:DOID_9182","obo:DOID_12798 rdf:type rdf:Property","obo:DOID_9182 rdfs:subClassOf obo:DOID_5998","rdf:Bag rdfs:subClassOf obo:DOID_1931","obo:DOID_12798 rdfs:subClassOf obo:DOID_1080","rdfs:comment rdfs:subClassOf obo:DOID_260","obo:DOID_135 rdfs:subClassOf rdfs:Container","obo:DOID_11320 rdfs:subClassOf rdfs:Resource","obo:DOID_14284 rdfs:subClassOf obo:DOID_0060442","rdf:first rdfs:subClassOf obo:DOID_9252","rdf:Statement rdfs:subPropertyOf rdf:subject","obo:DOID_2645 rdfs:subClassOf rdfs:Resource","rdfs:domain rdfs:subClassOf rdfs:Resource","owl:Class rdfs:subClassOf obo:DOID_5630","rdf:Property rdfs:subClassOf obo:DOID_0060165","obo:DOID_10534 rdfs:subClassOf obo:DOID_9252","rdf:nil rdfs:subClassOf obo:DOID_224","obo:DOID_224 rdfs:subClassOf obo:DOID_9884","obo:DOID_0060341 rdfs:subPropertyOf rdfs:isDefinedBy","rdfs:label rdfs:subClassOf obo:DOID_4022","rdf:nil rdfs:subClassOf rdfs:Class","obo:DOID_1931 rdf:type rdf:List","rdfs:seeAlso rdfs:range rdfs:Literal","rdfs:label rdf:type rdfs:Class","rdfs:subClassOf rdfs:subPropertyOf rdf:subject","rdfs:subPropertyOf rdfs:subClassOf obo:DOID_14159","obo:DOID_8502 rdfs:subClassOf obo:DOID_381","obo:DOID_2741 rdfs:subClassOf obo:DOID_5505","obo:DOID_0060125 rdfs:range rdfs:Class","obo:DOID_6929 rdfs:subClassOf rdf:Property","rdf:Property rdf:type rdf:Property","obo:DOID_0060114 rdfs:subClassOf obo:DOID_0060216","obo:DOID_2645 rdfs:subClassOf obo:DOID_8619","rdf:type rdfs:subClassOf obo:DOID_14284","rdfs:ContainerMembershipProperty rdfs:range rdfs:Literal","rdfs:label rdfs:subClassOf rdfs:Datatype","rdf:rest rdfs:subClassOf obo:DOID_2477","rdf:nil rdf:type rdfs:Class","obo:DOID_4022 rdfs:range rdfs:Literal","obo:DOID_0060216 rdfs:subClassOf obo:DOID_0060165","rdfs:subPropertyOf rdfs:subClassOf obo:DOID_0060289","rdf:type rdfs:subClassOf obo:DOID_4844","obo:DOID_260 rdfs:subClassOf obo:DOID_0060341","obo:DOID_13474 rdfs:subPropertyOf rdf:object","obo:DOID_0060114 rdfs:range rdf:List","obo:DOID_0060077 rdfs:subClassOf rdf:Seq","obo:DOID_10548 rdfs:subClassOf obo:DOID_3199","rdf:first rdfs:subClassOf obo:DOID_0060053","obo:DOID_4022 rdfs:subClassOf obo:DOID_0050437","rdf:subject rdf:type rdfs:Class","obo:DOID_3199 rdfs:subClassOf obo:DOID_0050437","obo:DOID_5630 rdfs:subClassOf obo:DOID_9270","obo:DOID_1426 rdfs:subClassOf rdfs:Resource","owl:Class rdfs:subClassOf rdfs:Container","obo:DOID_0060289 rdfs:subClassOf obo:DOID_936","obo:DOID_8619 rdfs:subPropertyOf rdfs:seeAlso","obo:DOID_1612 rdfs:subClassOf obo:DOID_934","obo:DOID_5998 rdf:type rdf:List","rdf:type rdfs:subClassOf obo:DOID_0060442","rdf:first rdfs:subClassOf obo:DOID_6381","rdf:object rdfs:domain rdf:Property","obo:DOID_6381 rdfs:subClassOf rdfs:Resource","rdfs:Datatype rdf:type rdf:Property","rdf:subject rdfs:subClassOf obo:DOID_14284","rdfs:subClassOf rdfs:domain rdf:Statement","rdfs:subPropertyOf rdf:type rdf:List","rdfs:domain rdfs:subPropertyOf rdfs:isDefinedBy","obo:DOID_3200 rdfs:subClassOf obo:DOID_655","obo:DOID_10548 rdfs:subClassOf obo:DOID_0060128","obo:DOID_3211 rdfs:subClassOf obo:DOID_4022","rdfs:seeAlso rdfs:subPropertyOf rdf:object","obo:DOID_10534 rdfs:domain rdf:List","obo:DOID_12798 rdfs:subClassOf obo:DOID_1398","rdfs:seeAlso rdfs:subClassOf obo:DOID_10534","rdf:type rdf:type rdfs:Class","obo:DOID_0060253 rdfs:range rdfs:Class","rdf:type rdfs:subClassOf rdfs:Class","obo:DOID_3200 rdfs:subClassOf obo:DOID_0060077","rdf:Statement rdfs:domain rdf:Property","rdfs:subPropertyOf rdfs:subClassOf obo:DOID_5998","obo:DOID_13474 rdfs:range rdfs:Literal","obo:DOID_2741 rdfs:subClassOf obo:DOID_0060341","obo:DOID_3999 rdfs:range rdfs:Class","rdf:predicate rdfs:domain rdf:Property","rdfs:subPropertyOf rdf:type rdfs:Class","obo:DOID_8335 rdfs:domain rdf:Property","owl:Class rdfs:range rdfs:Class","rdfs:domain rdfs:subClassOf obo:DOID_8335","obo:DOID_0050703 rdfs:range rdfs:Class","rdfs:subClassOf rdfs:subPropertyOf rdfs:isDefinedBy","obo:DOID_0060341 rdfs:subClassOf rdfs:Container","rdfs:isDefinedBy rdfs:subClassOf obo:DOID_4110","obo:DOID_3211 rdfs:subClassOf rdfs:Class","obo:DOID_260 rdfs:subClassOf rdfs:Container","rdf:subject rdfs:domain rdf:List","rdfs:comment rdfs:subClassOf obo:DOID_1080","owl:Class rdfs:subClassOf rdf:Seq","obo:DOID_2565 rdfs:subClassOf obo:DOID_936","rdfs:domain rdfs:subClassOf obo:DOID_223","obo:DOID_0060290 rdfs:subClassOf rdfs:Resource","obo:DOID_0060253 rdfs:subClassOf obo:DOID_12803","rdfs:ContainerMembershipProperty rdfs:subClassOf obo:DOID_2645","rdf:object rdf:type rdfs:Class","obo:DOID_9884 rdfs:subClassOf obo:DOID_0050703","rdf:object rdf:type rdfs:Datatype","obo:DOID_0060290 rdfs:subClassOf obo:DOID_0060165","obo:DOID_0050737 rdfs:subClassOf obo:DOID_9270","rdfs:domain rdfs:subPropertyOf rdf:rest","rdfs:label rdfs:subClassOf obo:DOID_0060165","obo:DOID_10548 rdf:type rdf:Property","obo:DOID_224 rdfs:subClassOf obo:DOID_14284","obo:DOID_0060289 rdfs:subClassOf obo:DOID_223","rdfs:seeAlso rdfs:domain rdf:List","rdfs:comment rdfs:domain rdf:List","obo:DOID_0060077 rdfs:subClassOf obo:DOID_8619","obo:DOID_12803 rdfs:domain rdf:Property","owl:Axiom rdfs:subClassOf obo:DOID_0060290","rdf:type rdfs:domain rdf:Property","rdf:Seq rdfs:subPropertyOf rdf:subject","obo:DOID_135 rdfs:subClassOf rdf:Alt","rdf:first rdfs:subPropertyOf rdf:predicate","obo:DOID_4844 rdfs:subClassOf obo:DOID_2645","obo:DOID_223 rdfs:subClassOf obo:DOID_0060253","obo:DOID_13474 rdfs:subClassOf obo:DOID_224","obo:DOID_0060290 rdf:type rdf:Property","obo:DOID_0050562 rdfs:subClassOf obo:DOID_0060125","obo:DOID_3999 rdfs:subClassOf obo:DOID_0060077","obo:DOID_9884 rdfs:subClassOf obo:DOID_0060224","obo:DOID_6293 rdfs:subClassOf rdf:Property","rdf:predicate rdfs:subClassOf obo:DOID_9252","rdf:Property rdf:type rdf:List","obo:DOID_1080 rdfs:subClassOf rdfs:Class","obo:DOID_0050737 rdfs:subClassOf obo:DOID_2565","rdfs:label rdfs:subClassOf obo:DOID_1080","obo:DOID_655 rdfs:subClassOf obo:DOID_2477","obo:DOID_4110 rdfs:subClassOf obo:DOID_2645","obo:DOID_3199 rdfs:domain rdf:List","obo:DOID_14159 rdfs:range rdfs:Literal","obo:DOID_1931 rdfs:subClassOf rdfs:Resource","rdfs:ContainerMembershipProperty rdfs:domain rdf:List","rdf:nil rdfs:subClassOf rdfs:Resource","obo:DOID_1080 rdfs:subClassOf obo:DOID_224","obo:DOID_13474 rdfs:subClassOf rdfs:ContainerMembershipProperty","obo:DOID_3211 rdfs:subClassOf obo:DOID_2477","obo:DOID_11320 rdfs:subClassOf obo:DOID_12798","obo:DOID_5614 rdfs:subClassOf rdfs:Resource","obo:DOID_0060442 rdfs:subClassOf obo:DOID_1082","rdf:predicate rdf:type rdfs:Class","rdfs:subClassOf rdfs:subClassOf rdf:Seq","rdf:first rdfs:subClassOf obo:DOID_1426","rdfs:range rdfs:subClassOf obo:DOID_0060341","rdf:predicate rdfs:subClassOf obo:DOID_2645","rdfs:seeAlso rdf:type rdfs:Class","rdfs:comment rdf:type rdfs:Class","rdf:Alt rdfs:subPropertyOf rdfs:isDefinedBy","obo:DOID_5614 rdfs:subClassOf obo:DOID_0060114","obo:DOID_10548 rdfs:subClassOf obo:DOID_9884","obo:DOID_2653 rdfs:subClassOf obo:DOID_12803","obo:DOID_6381 rdfs:subClassOf obo:DOID_3199","obo:DOID_224 rdfs:subClassOf obo:DOID_0060224","rdfs:subClassOf rdfs:subPropertyOf rdfs:seeAlso","obo:DOID_14159 rdf:type rdf:Property","rdf:rest rdf:type rdfs:Class","obo:DOID_5614 rdfs:subClassOf obo:DOID_9884","obo:DOID_655 rdfs:subClassOf rdfs:Resource","obo:DOID_4022 rdfs:subClassOf obo:DOID_224","rdfs:comment rdfs:subClassOf obo:DOID_4022","rdfs:seeAlso rdfs:subClassOf obo:DOID_3999","rdfs:label rdfs:subClassOf obo:DOID_2477","obo:DOID_218 rdf:type rdf:Property","obo:DOID_4895 rdf:type rdf:Property","obo:DOID_0050650 rdfs:subClassOf rdfs:Resource","rdf:Bag rdfs:subClassOf obo:DOID_0060253","obo:DOID_5505 rdfs:subClassOf obo:DOID_0050437","obo:DOID_9182 rdfs:subClassOf obo:DOID_3200","obo:DOID_4022 rdfs:subClassOf obo:DOID_0060086","rdf:first rdfs:domain rdf:Statement","rdfs:subClassOf rdfs:subClassOf obo:DOID_2565","rdfs:domain rdfs:subPropertyOf rdfs:seeAlso","rdfs:Resource rdfs:subClassOf obo:DOID_5614","rdfs:subClassOf rdfs:range rdf:Property","rdf:subject rdfs:domain rdf:Property","rdfs:isDefinedBy rdfs:subPropertyOf rdf:subject","obo:DOID_8619 rdfs:subClassOf obo:DOID_8502","obo:DOID_8502 rdfs:subClassOf obo:DOID_0060053","rdf:rest rdfs:subClassOf rdf:Alt","obo:DOID_4844 rdfs:subClassOf obo:DOID_223","rdfs:Literal rdfs:subClassOf obo:DOID_1931","obo:DOID_14284 rdfs:subClassOf obo:DOID_0060114","obo:DOID_260 rdf:type rdf:List","obo:DOID_2741 rdfs:subClassOf obo:DOID_2645","obo:DOID_5679 rdf:type rdf:Property","obo:DOID_0060125 rdfs:subClassOf obo:DOID_0060442","obo:DOID_4844 rdfs:subClassOf obo:DOID_12803","obo:DOID_0050474 rdfs:subClassOf obo:DOID_12798","obo:DOID_5614 rdfs:range rdf:List","rdf:Alt rdfs:subClassOf obo:DOID_0060114","rdfs:label rdfs:range rdfs:Class","obo:DOID_1931 rdfs:subClassOf obo:DOID_260","obo:DOID_5630 rdf:type rdf:Property","rdfs:subPropertyOf rdfs:subPropertyOf rdf:subject","obo:DOID_0060165 rdf:type rdf:Property","rdf:XMLLiteral rdfs:subClassOf rdf:Property","obo:DOID_12803 rdfs:subClassOf obo:DOID_6293","obo:DOID_2653 rdfs:subClassOf obo:DOID_0050703","rdfs:label rdfs:subClassOf obo:DOID_381","rdf:nil rdfs:domain rdf:Statement","obo:DOID_5679 rdfs:subClassOf rdfs:Resource","obo:DOID_10526 rdfs:subClassOf obo:DOID_5630","obo:DOID_223 rdfs:subPropertyOf rdf:rest","obo:DOID_8502 rdfs:subClassOf obo:DOID_3199","rdfs:subClassOf rdfs:subClassOf obo:DOID_4844","rdf:object rdfs:range rdf:Property","obo:DOID_0050437 rdf:type rdf:Property","obo:DOID_2741 rdfs:domain rdf:List","obo:DOID_2477 rdfs:subClassOf obo:DOID_1080","obo:DOID_934 rdfs:subClassOf obo:DOID_0050650","obo:DOID_5630 rdfs:subClassOf rdfs:Resource","rdf:List rdf:type rdf:Property","rdfs:subClassOf rdf:type rdfs:Class","rdf:subject rdfs:subPropertyOf rdf:predicate","obo:DOID_10526 rdfs:subClassOf obo:DOID_1398","rdf:type rdfs:subClassOf obo:DOID_1398","obo:DOID_10534 rdfs:subPropertyOf rdf:subject","obo:DOID_14159 rdfs:subClassOf obo:DOID_381","obo:DOID_5630 rdfs:subClassOf obo:DOID_0050562","obo:DOID_13474 rdfs:subClassOf obo:DOID_655","obo:DOID_9252 rdfs:subClassOf obo:DOID_0060216","rdf:Property rdfs:subClassOf obo:DOID_3211","rdf:subject rdfs:subClassOf obo:DOID_5614","rdfs:isDefinedBy rdfs:subClassOf obo:DOID_0050562","rdfs:isDefinedBy rdfs:domain rdf:Property","rdf:predicate rdfs:subClassOf obo:DOID_0060077","rdfs:subClassOf rdfs:subClassOf obo:DOID_0060224","obo:DOID_9884 rdfs:subClassOf obo:DOID_223","obo:DOID_4110 rdfs:subClassOf obo:DOID_6381","obo:DOID_4895 rdfs:subClassOf obo:DOID_260","rdfs:domain rdf:type rdfs:Class","obo:DOID_4110 rdfs:subClassOf obo:DOID_218","obo:DOID_9270 rdf:type rdf:Property","rdfs:subPropertyOf rdfs:subClassOf obo:DOID_0060341","obo:DOID_1398 rdfs:subClassOf obo:DOID_934","obo:DOID_1426 rdfs:subClassOf obo:DOID_3211","obo:DOID_0060289 rdfs:subClassOf obo:DOID_3999","obo:DOID_0060253 rdfs:subClassOf obo:DOID_3999","obo:DOID_0060077 rdf:type rdf:Property","obo:DOID_0060253 rdfs:subClassOf obo:DOID_4022","rdfs:domain rdfs:subClassOf obo:DOID_0060086","rdfs:seeAlso rdfs:subClassOf obo:DOID_2565","obo:DOID_5614 rdfs:subClassOf obo:DOID_936","obo:DOID_0050650 rdfs:domain rdf:Statement","obo:DOID_0050437 rdfs:subClassOf obo:DOID_2477","obo:DOID_14159 rdfs:subClassOf obo:DOID_0060341","rdf:type rdfs:subClassOf obo:DOID_0060216","obo:DOID_13474 rdfs:subClassOf obo:DOID_3211","rdfs:isDefinedBy rdfs:range rdfs:Literal","obo:DOID_0050474 rdfs:subClassOf obo:DOID_6381","obo:DOID_0060114 rdfs:subClassOf obo:DOID_2645","rdfs:subPropertyOf rdfs:range rdfs:Class"]}