{"OntologyName":"http://purl.obolibrary.org/obo/doid.owl#","Prefixes":{"":"http://purl.obolibrary.org/obo/doid.owl#","owl":"http://www.w3.org/2002/07/owl#","rdf":"http://www.w3.org/1999/02/22-rdf-syntax-ns#","oboInOwl":"http://www.geneontology.org/formats/oboInOwl#","xsd":"http://www.w3.org/2001/XMLSchema#","doid":"http://purl.obolibrary.org/obo/doid#","rdfs":"http://www.w3.org/2000/01/rdf-schema#","obo":"http://purl.obolibrary.org/obo/"},"TotalBase Triples":1000,"Axiomatic Triples in Base":0,"rdf:TypeTriples in Base":138,"TotalUniqueSubjects in base":138,"TotalUniquePredicates in base":17,"TotalUniqueObjects in base":707,"TotalInferred Triples":269,"AxiomaticTriples in inferred":100,"rdf:TypeTriples in inferred":171,"TotalUniqueSubjects in inferred":85,"TotalUniquePredicates in inferred":5,"TotalUniqueObjects in inferred":74,"TotalInvalid Triples":269,"AxiomaticTriples in invalid":63,"rdf:TypeTriples in invalid":31,"fullRandomTriples in invalid":0,"trickyTriplesInInvalid in invalid":269,"TotalUniqueSubjects in invalid":79,"TotalUniquePredicates in invalid":5,"TotalUniqueObjects in invalid":70,"Inference_time (miliseconds)":5,"Invalid triples generation time (miliseconds)":34,"Output (json_format) writing time (miliseconds)":0,"OriginalAxioms":["abff47f5-e43d-4850-af78-1bb254ff6790 owl:annotatedTarget Basal cell carcinoma of Perianal skin","obo:DOID_10039 oboInOwl:hasDbXref UMLS_CUI:C0153132","obo:DOID_11823 rdfs:subClassOf obo:DOID_3021","eaf39dea-15a7-4bf6-a83f-f4662879086d owl:annotatedSource obo:DOID_14743","db2234a4-38f4-4e51-aef8-4491341047af rdf:type owl:Axiom","obo:DOID_11772 rdf:type owl:Class","7a4ce18d-f069-409a-a144-d728fc6fe49d owl:annotatedProperty oboInOwl:hasExactSynonym","8a9ba49c-13e9-43d9-ac68-a07809c02b79 owl:annotatedSource obo:DOID_7609","99bceb85-cb2e-4d35-bc35-1d760b74b5cc owl:annotatedSource obo:DOID_9173","e3960e68-dfa4-4a84-8356-6c68c2438b1e owl:annotatedProperty obo:IAO_0000115","obo:DOID_6457 oboInOwl:hasDbXref NCI:C8419","50e41ac2-00d6-4098-a905-7a8bbd4c5bf8 rdf:type owl:Axiom","eadf7dbe-b9ed-4380-8dbe-7fd720a5b6b4 owl:annotatedProperty oboInOwl:hasExactSynonym","obo:DOID_10039 rdfs:subClassOf obo:DOID_9856","f371596e-7f60-4c02-ad87-798d86359f61 rdf:type owl:Axiom","5169f270-3609-420d-8209-0d926a3825f9 oboInOwl:hasDbXref SNOMEDCT_2005_07_31:36279001","dcc4242a-356b-44ec-8341-29d036bc64c5 owl:annotatedSource obo:DOID_10921","obo:DOID_6721 oboInOwl:id DOID:6721","obo:DOID_3627 oboInOwl:hasExactSynonym Ruptured abdominal aortic aneurysm disorder","85fa79a4-875d-46f1-8506-3b3ae7998118 oboInOwl:hasDbXref SNOMEDCT_2005_07_31:37431000","obo:DOID_0050814 oboInOwl:creation_date 2013-12-05T12:12:10Z","obo:DOID_11772 oboInOwl:hasDbXref UMLS_CUI:C0152458","obo:DOID_1209 oboInOwl:hasDbXref SNOMEDCT_US_2015_03_01:82108004","obo:DOID_2093 rdfs:label vulvar melanoma","obo:DOID_763 oboInOwl:hasExactSynonym Meningococcal carditis disorder","obo:DOID_1510 rdfs:subClassOf obo:DOID_150","4502da8e-098a-4144-a25c-6ede51298687 rdf:type owl:Axiom","181a4032-d877-4583-aebb-aace569b0175 oboInOwl:hasDbXref MTH:NOCODE","obo:DOID_0050902 oboInOwl:hasExactSynonym infratentorial primitive neuroectodermal tumor ","42263631-cd5c-4451-95ac-11381c71f547 owl:annotatedSource obo:DOID_2475","779ba93d-7658-4c4b-a10b-e17498da8a69 oboInOwl:hasDbXref SNOMEDCT_2005_07_31:94251007","obo:DOID_14448 oboInOwl:hasDbXref OMIM:613080","f49a6b1f-fd52-47d7-a264-979feaa6a8c2 oboInOwl:hasDbXref MTHICD9_2006:315.39","obo:DOID_2181 oboInOwl:hasExactSynonym Postsurgical hypoinsulinemia","obo:DOID_8002 oboInOwl:hasDbXref SNOMEDCT_US_2015_03_01:126697005","fca8f272-961d-423e-90c0-ad7d1f202d3d owl:annotatedSource obo:DOID_5719","a90e7ea6-a2e7-47ea-919e-9950b74c84c3 oboInOwl:hasDbXref SNOMEDCT_2005_07_31:57602001","5f01af48-6c97-47eb-8cfe-d475ec47d700 oboInOwl:hasDbXref url:http://en.wikipedia.org/wiki/Tracheomalacia","49a88560-03c3-4c41-88b2-17ded7575cf3 owl:annotatedTarget Dracontiasis","097959d5-ac42-4dec-ae9c-6206db8adec9 rdf:type owl:Axiom","obo:DOID_7179 oboInOwl:hasOBONamespace disease_ontology","4502da8e-098a-4144-a25c-6ede51298687 oboInOwl:hasDbXref SNOMEDCT_2005_07_31:76092003","obo:DOID_6721 rdfs:subClassOf obo:DOID_3856","obo:DOID_10039 oboInOwl:hasDbXref ICD10CM:A50.40","bc35840d-7cbb-4b65-89ad-0ee4144db2ea owl:annotatedProperty oboInOwl:hasExactSynonym","55853bc2-8683-4889-a1fd-bd0b8bc7cae0 owl:annotatedTarget An Enterovirus infectious disease that results_in inflammation located_in brain, has_material_basis_in polioviruses, which are transmitted_by ingestion of food contaminated with feces. The infection has_symptom tremors, has_symptom nystagmus, has_symptom loss of conjugate eye movements, has_symptom muscle rigidity, has_symptom hemiparesis, and has_symptom coma.","obo:DOID_7267 oboInOwl:hasOBONamespace disease_ontology","c5199d10-4efb-439c-9d0d-e7548b61d348 rdf:type owl:Axiom","e3960e68-dfa4-4a84-8356-6c68c2438b1e owl:annotatedTarget A syndrome that is characterized by absence or underdeveloped tissue connecting the left and right halves of the brain, infantile spasms and chorioretinal lacunae, which are defects in the light-sensitive tissue at the back of the eye.","obo:DOID_7480 oboInOwl:hasDbXref UMLS_CUI:C1265997","obo:DOID_2181 oboInOwl:hasDbXref ICD9CM:251.3","7b5ac0e2-9b19-492a-8685-421cf37f4462 owl:annotatedSource obo:DOID_7681","ebf494e8-9207-4b60-bf9a-8ffa2563bc6d oboInOwl:hasDbXref url:http://www.health.gov.au/internet/main/Publishing.nsf/Content/health-arbovirus-pdf-fsmurrayvalley.htm","5b9e92b1-2eee-4a08-a44b-e25518b9b672 oboInOwl:hasDbXref url:http://www.psllcnj.com/articulation_disorders.htm","obo:DOID_3840 oboInOwl:id DOID:3840","a05d48ed-73ad-464e-baff-986b4a6b8ebc oboInOwl:hasDbXref url:http://www.merriam-webster.com/medlineplus/severe%20combined%20immunodeficiency","obo:DOID_11823 oboInOwl:hasDbXref ICD9CM:572.4","obo:DOID_587 oboInOwl:hasOBONamespace disease_ontology","4e9d56fa-1e80-4f4b-812d-d6803b5d15e6 rdf:type owl:Axiom","obo:DOID_6457 rdfs:subClassOf obo:DOID_0050736","7b5ac0e2-9b19-492a-8685-421cf37f4462 owl:annotatedProperty oboInOwl:hasExactSynonym","266fc34f-cb3d-41cd-ad54-dd4f8bd52d7c oboInOwl:hasDbXref url:http://www.dpd.cdc.gov/dpdx/HTML/HeadLice.htm","8a42d858-1d46-45a2-8d5d-95ea48f921da oboInOwl:hasDbXref url:http://en.wikipedia.org/wiki/Kleine-Levin_syndrome","a542b2e7-9ff9-4ba5-bf0d-da4ad2429fc2 oboInOwl:hasDbXref NCI2004_11_17:C27662","obo:DOID_0050902 oboInOwl:hasDbXref SNOMEDCT_US_2015_03_01:39781001","2e9ca6ce-13f9-4f0d-bd40-d88ff29b1fcc rdf:type owl:Axiom","obo:DOID_10039 oboInOwl:hasDbXref ICD9CM:090.40","0dfde9c0-b2b4-4a33-9e84-bccd188171b4 oboInOwl:hasDbXref SNOMEDCT_2005_07_31:187203009","obo:DOID_8787 oboInOwl:hasExactSynonym Unspecified disseminated chorioretinitis disorder","1515ab5e-2a4f-44e2-83ba-e3a4ddda2c2e owl:annotatedSource obo:DOID_4754","obo:DOID_3664 obo:IAO_0000115 A hematologic cancer that has_material_basis_in mast cells.","048cc7ba-2832-45d5-b96b-14e0927dd2cc owl:annotatedSource obo:DOID_106","obo:DOID_10039 oboInOwl:hasDbXref SNOMEDCT_US_2015_03_01:186839001","2e1318e7-899f-4256-9484-7743d029f522 owl:annotatedSource obo:DOID_13459","55853bc2-8683-4889-a1fd-bd0b8bc7cae0 owl:annotatedSource obo:DOID_0050189","obo:DOID_3627 rdfs:subClassOf obo:DOID_520","dcc4242a-356b-44ec-8341-29d036bc64c5 owl:annotatedProperty oboInOwl:hasExactSynonym","obo:DOID_3664 oboInOwl:hasDbXref SNOMEDCT_US_2015_03_01:89796001","obo:DOID_8787 oboInOwl:hasDbXref SNOMEDCT_US_2015_03_01:193441002","6b7d1141-8153-4699-bde0-ffdd12bfc386 rdf:type owl:Axiom","3a4da3aa-334d-4a12-835c-13fa6a9212c3 owl:annotatedTarget bladder Ca in situ","obo:DOID_3627 oboInOwl:hasDbXref UMLS_CUI:C0265012","obo:DOID_11735 rdf:type owl:Class","4e9d56fa-1e80-4f4b-812d-d6803b5d15e6 owl:annotatedSource obo:DOID_4952","obo:DOID_5070 rdf:type owl:Class","49a88560-03c3-4c41-88b2-17ded7575cf3 owl:annotatedSource obo:DOID_14418","obo:DOID_3627 oboInOwl:hasExactSynonym Ruptured aortic aneurysm NOS disorder","6494c7ce-0779-4fae-bf98-e650b1e9892b rdf:type owl:Axiom","obo:DOID_4386 oboInOwl:hasDbXref UMLS_CUI:C1266121","eadf7dbe-b9ed-4380-8dbe-7fd720a5b6b4 owl:annotatedSource obo:DOID_14453","181a4032-d877-4583-aebb-aace569b0175 owl:annotatedProperty oboInOwl:hasExactSynonym","6b2e87bf-bf1d-4395-aa35-9153eeda47d7 oboInOwl:hasDbXref SNOMEDCT_2005_07_31:363448003","obo:DOID_3627 oboInOwl:hasExactSynonym Ruptured thoracic aortic aneurysm disorder","42263631-cd5c-4451-95ac-11381c71f547 oboInOwl:hasDbXref SNOMEDCT_2005_07_31:193869000","60b87272-423a-4ce3-aa1b-bb184fa8a45d owl:annotatedSource obo:DOID_6873","5fa36bda-284b-43fb-9464-c17495c40cf9 owl:annotatedSource obo:DOID_2531","obo:DOID_0050902 oboInOwl:hasDbXref SNOMEDCT_US_2015_03_01:83217000","bc35840d-7cbb-4b65-89ad-0ee4144db2ea oboInOwl:hasDbXref SNOMEDCT_2005_07_31:29577008","obo:DOID_8787 oboInOwl:hasDbXref ICD9CM:363.1","e838a261-aaea-4233-889a-62d03b3be5f0 owl:annotatedSource obo:DOID_3027","obo:DOID_3627 oboInOwl:hasExactSynonym ruptured thoracic aortic aneurysm","obo:DOID_3664 oboInOwl:hasDbXref UMLS_CUI:C0334664","obo:DOID_4386 oboInOwl:hasDbXref SNOMEDCT_US_2015_03_01:44598004","49a88560-03c3-4c41-88b2-17ded7575cf3 oboInOwl:hasDbXref ICD9CM_2006:125.7","obo:DOID_587 oboInOwl:id DOID:587","obo:DOID_11823 rdf:type owl:Class","6ad57a0f-7772-4dde-8389-971795f367b3 owl:annotatedSource obo:DOID_1788","4969d828-5c36-4762-a37b-5a31cbd16e04 rdf:type owl:Axiom","048cc7ba-2832-45d5-b96b-14e0927dd2cc oboInOwl:hasDbXref SNOMEDCT_2005_07_31:68706009","obo:DOID_8002 oboInOwl:hasExactSynonym neoplasm of supraglottis disorder","096d7b05-8506-47ca-8001-dc27eda74b8f owl:annotatedSource obo:DOID_12662","6494c7ce-0779-4fae-bf98-e650b1e9892b oboInOwl:hasDbXref url:http://www.health.state.nm.us/erd/HealthData/Foodborne/Botulism.pdf","a1383337-7da7-4d66-ba36-f9ba7d33c993 oboInOwl:hasDbXref NCI2004_11_17:C9135","obo:DOID_763 owl:deprecated true^^http://www.w3.org/2001/XMLSchema#boolean","42263631-cd5c-4451-95ac-11381c71f547 owl:annotatedTarget chronic conjunctivitis NOS disorder","0dfde9c0-b2b4-4a33-9e84-bccd188171b4 owl:annotatedProperty oboInOwl:hasExactSynonym","obo:DOID_2905 owl:deprecated true^^http://www.w3.org/2001/XMLSchema#boolean","4e9d56fa-1e80-4f4b-812d-d6803b5d15e6 oboInOwl:hasDbXref url:http://en.wikipedia.org/wiki/Postpolio_syndrome","fca8f272-961d-423e-90c0-ad7d1f202d3d owl:annotatedProperty oboInOwl:hasExactSynonym","obo:DOID_587 oboInOwl:inSubset doid:gram-positive_bacterial_infectious_disease","obo:DOID_10039 oboInOwl:hasDbXref UMLS_CUI:C0153136","50e41ac2-00d6-4098-a905-7a8bbd4c5bf8 oboInOwl:hasDbXref url:http://www.addl.purdue.edu/newsletters/2008/Fall/TGE.htm","obo:DOID_2181 oboInOwl:hasDbXref ICD10CM:E89.1","2e9ca6ce-13f9-4f0d-bd40-d88ff29b1fcc owl:annotatedSource obo:DOID_12168","2e9ca6ce-13f9-4f0d-bd40-d88ff29b1fcc owl:annotatedProperty oboInOwl:hasExactSynonym","obo:DOID_6457 oboInOwl:hasExactSynonym Lhermitte-Duclos disease disorder","3a4da3aa-334d-4a12-835c-13fa6a9212c3 oboInOwl:hasDbXref SNOMEDCT_2005_07_31:269650008","2211a60a-4a08-4658-abff-3a635b4b9bdd owl:annotatedSource obo:DOID_1823","obo:DOID_12206 rdfs:label dengue hemorrhagic fever","obo:DOID_14448 oboInOwl:hasDbXref OMIM:613762","8307c633-b495-4f0f-90e0-36f35417f894 owl:annotatedSource obo:DOID_2361","80028deb-2e96-4b1e-9847-d25c076923bc owl:annotatedTarget malignant hemangiopericytoma of Heart","obo:DOID_763 rdfs:label meningococcal carditis","obo:DOID_0050902 rdf:type owl:Class","db2234a4-38f4-4e51-aef8-4491341047af owl:annotatedSource obo:DOID_10921","obo:DOID_3576 oboInOwl:hasOBONamespace disease_ontology","9895ff78-9d65-4e02-bd40-66042181fda7 owl:annotatedTarget Lobsteins syndrome","6b7d1141-8153-4699-bde0-ffdd12bfc386 owl:annotatedProperty oboInOwl:hasExactSynonym","obo:DOID_7480 oboInOwl:hasExactSynonym large cell lung carcinoma with Rhabdoid Phenotype","obo:DOID_6457 oboInOwl:hasDbXref MSH:D006223","ad265e9b-84c0-4845-82bc-0ceba23bcdb7 oboInOwl:hasDbXref SNOMEDCT_2005_07_31:18604004","obo:DOID_3627 oboInOwl:hasDbXref UMLS_CUI:C0741160","dcc4242a-356b-44ec-8341-29d036bc64c5 rdf:type owl:Axiom","12cb30fd-4e6b-4f18-b2b7-6b107dcde06c oboInOwl:hasDbXref SNOMEDCT_2005_07_31:85791004","obo:DOID_10925 rdf:type owl:Class","ebf494e8-9207-4b60-bf9a-8ffa2563bc6d owl:annotatedProperty obo:IAO_0000115","obo:DOID_14448 oboInOwl:hasDbXref OMIM:400044","obo:DOID_1209 oboInOwl:hasDbXref ICD10CM:H46.2","obo:DOID_3752 oboInOwl:hasOBONamespace disease_ontology","21d213bb-0f97-4274-a335-8cee1692e568 oboInOwl:hasDbXref MTHICD9_2006:572.2","obo:DOID_587 owl:deprecated true^^http://www.w3.org/2001/XMLSchema#boolean","c05dbf39-5a99-44cb-b358-a579830ea41d owl:annotatedSource obo:DOID_3322","obo:DOID_11684 oboInOwl:hasDbXref SNOMEDCT_US_2015_03_01:394727000","obo:DOID_11772 oboInOwl:id DOID:11772","2e9ca6ce-13f9-4f0d-bd40-d88ff29b1fcc oboInOwl:hasDbXref SNOMEDCT_2005_07_31:367475009","181a4032-d877-4583-aebb-aace569b0175 rdf:type owl:Axiom","obo:DOID_3576 oboInOwl:hasDbXref SNOMEDCT_US_2015_03_01:70607008","fca8f272-961d-423e-90c0-ad7d1f202d3d rdf:type owl:Axiom","abff47f5-e43d-4850-af78-1bb254ff6790 owl:annotatedSource obo:DOID_4283","obo:DOID_14448 rdf:type owl:Class","0dfde9c0-b2b4-4a33-9e84-bccd188171b4 rdf:type owl:Axiom","obo:DOID_4386 oboInOwl:hasDbXref SNOMEDCT_US_2015_03_01:128917003","12cb30fd-4e6b-4f18-b2b7-6b107dcde06c owl:annotatedTarget Ecthyma disorder","a9029910-be65-4c4d-b0a3-ff134d92aa91 oboInOwl:hasDbXref NCI2004_11_17:C4129","obo:DOID_0050090 obo:IAO_0000115 An opportunistic mycosis that results_in fungal infection located_in nose, located_in sinuses, located_in eyes, and located_in brain of immunocompromised individuals and has_symptom orbital cellulitis, has_symptom proptosis, has_symptom pus discharge from the nose, and has_symptom seizures.","842a0ea5-2561-4ac2-adff-48b67373a3fc owl:annotatedSource obo:DOID_12328","obo:DOID_8002 rdf:type owl:Class","eaf39dea-15a7-4bf6-a83f-f4662879086d owl:annotatedTarget Trichorhinophalangeal dysplasia type I","obo:DOID_3664 oboInOwl:hasOBONamespace disease_ontology","obo:DOID_3840 oboInOwl:hasExactSynonym craniopharyngioma disorder","b3eb41ea-8985-46dc-93ff-d80d8ce85bc2 owl:annotatedProperty obo:IAO_0000115","obo:DOID_7179 oboInOwl:id DOID:7179","obo:DOID_0050902 oboInOwl:creation_date 2014-10-06T14:36:37Z","42f3b516-7618-45d8-96be-69704e0a955b oboInOwl:hasDbXref url:http://bioinf.uta.fi/RAG1base/","obo:DOID_12206 oboInOwl:hasDbXref MSH:D019595","obo:DOID_8002 oboInOwl:hasExactSynonym Supraglottic tumor","obo:DOID_8787 oboInOwl:hasExactSynonym Disseminated chorioretinitis and disseminated retinochoroiditis","obo:DOID_3627 oboInOwl:hasDbXref SNOMEDCT_US_2015_03_01:195269009","obo:DOID_2181 oboInOwl:hasExactSynonym Post-surgical hypoinsulinemia disorder","eadf7dbe-b9ed-4380-8dbe-7fd720a5b6b4 rdf:type owl:Axiom","a05d48ed-73ad-464e-baff-986b4a6b8ebc oboInOwl:hasDbXref url:http://www.ncbi.nlm.nih.gov/bookshelf/br.fcgi?book\u003dgnd\u0026part\u003dseverecombinedimmunodeficiency","obo:DOID_12206 oboInOwl:hasExactSynonym DHF","1f4fc26f-1a80-49cb-b2c2-d25f89e5cc12 owl:annotatedTarget Lymphocyte-Predominant Thymoma","7a4ce18d-f069-409a-a144-d728fc6fe49d rdf:type owl:Axiom","obo:DOID_13141 oboInOwl:hasOBONamespace disease_ontology","obo:DOID_3840 rdfs:subClassOf obo:DOID_0060090","obo:DOID_3627 oboInOwl:hasDbXref NCI:C27046","cc2eb83c-c6ff-4b50-8db6-f81c0fb2e21c owl:annotatedTarget Pathological myopia","obo:DOID_8787 oboInOwl:hasDbXref ICD10CM:H30.1","obo:DOID_2905 oboInOwl:hasExactSynonym Infection due to Escherichia coli disorder","4502da8e-098a-4144-a25c-6ede51298687 owl:annotatedProperty oboInOwl:hasExactSynonym","obo:DOID_7179 oboInOwl:hasDbXref UMLS_CUI:C0334312","obo:DOID_6457 rdfs:label Cowden disease","obo:DOID_7267 oboInOwl:hasDbXref UMLS_CUI:C0345959","048cc7ba-2832-45d5-b96b-14e0927dd2cc owl:annotatedTarget Tuberculosis of pleura disorder [Ambiguous]","ebf494e8-9207-4b60-bf9a-8ffa2563bc6d oboInOwl:hasDbXref url:http://www.ncbi.nlm.nih.gov/pubmed/13007862","obo:DOID_0050090 rdfs:label rhinocerebral mucormycosis","3858db28-c9eb-425e-b30b-bc2800bd1fa6 oboInOwl:hasDbXref SNOMEDCT_2005_07_31:36087009","bc35840d-7cbb-4b65-89ad-0ee4144db2ea rdf:type owl:Axiom","266fc34f-cb3d-41cd-ad54-dd4f8bd52d7c rdf:type owl:Axiom","obo:DOID_11772 oboInOwl:hasDbXref SNOMEDCT_US_2015_03_01:1361009","obo:DOID_3627 oboInOwl:hasDbXref SNOMEDCT_US_2015_03_01:67362008","99bceb85-cb2e-4d35-bc35-1d760b74b5cc oboInOwl:hasDbXref SNOMEDCT_2005_07_31:94077005","obo:DOID_3840 oboInOwl:hasDbXref NCI:C2964","obo:DOID_763 oboInOwl:hasOBONamespace disease_ontology","obo:DOID_11772 rdfs:subClassOf obo:DOID_9799","obo:DOID_11684 rdf:type owl:Class","obo:DOID_8787 oboInOwl:hasExactSynonym Disseminated chorioretinitis, unspecified","obo:DOID_3664 oboInOwl:inSubset doid:DO_cancer_slim","obo:DOID_2232 rdfs:label coagulation factor deficiency","obo:DOID_3627 oboInOwl:hasDbXref SNOMEDCT_US_2015_03_01:195264004","5169f270-3609-420d-8209-0d926a3825f9 owl:annotatedTarget Lipogranuloma morphologic abnormality","obo:DOID_2905 oboInOwl:hasOBONamespace disease_ontology","55853bc2-8683-4889-a1fd-bd0b8bc7cae0 rdf:type owl:Axiom","7b5ac0e2-9b19-492a-8685-421cf37f4462 rdf:type owl:Axiom","obo:DOID_14448 rdfs:subClassOf obo:DOID_14447","a98b77d5-25a3-4cd0-a871-47fe845f0088 oboInOwl:hasDbXref MTHICD9_2006:084.5","obo:DOID_8787 oboInOwl:id DOID:8787","obo:DOID_0050814 rdf:type owl:Class","c5199d10-4efb-439c-9d0d-e7548b61d348 owl:annotatedProperty oboInOwl:hasExactSynonym","dcc4242a-356b-44ec-8341-29d036bc64c5 owl:annotatedTarget North Asian tick typhus disorder","obo:DOID_12206 obo:IAO_0000115 A dengue disease that occurs when a person experiences a second infection with a heterologous Dengue virus serotype, which is transmitted_by Aedes mosquito bite. The infection has_symptom hemorrhagic lesions of the skin, has_symptom thrombocytopenia, has_symptom reduction in the fluid part of the blood, and has_symptom high fever.","ebf494e8-9207-4b60-bf9a-8ffa2563bc6d rdf:type owl:Axiom","obo:DOID_10039 oboInOwl:hasDbXref ICD10CM:A50.59","6ad57a0f-7772-4dde-8389-971795f367b3 rdf:type owl:Axiom","obo:DOID_3664 oboInOwl:id DOID:3664","obo:DOID_3752 oboInOwl:hasDbXref NCI:C8188","350bb7f5-c739-453b-b38e-51aaeae0a7e1 owl:annotatedTarget Empty sella syndrome disorder","1515ab5e-2a4f-44e2-83ba-e3a4ddda2c2e owl:annotatedTarget Infection by Dictyocaulus disorder","f371596e-7f60-4c02-ad87-798d86359f61 oboInOwl:hasDbXref url:http://en.wikipedia.org/wiki/Learning_disability#Types_of_learning_disabilities","12a57ee5-d38c-4f5d-81c0-0729600cb683 oboInOwl:hasDbXref url:http://en.wikipedia.org/wiki/Congenital_rubella","obo:DOID_2232 rdf:type owl:Class","obo:DOID_3715 oboInOwl:hasOBONamespace disease_ontology","3858db28-c9eb-425e-b30b-bc2800bd1fa6 owl:annotatedProperty oboInOwl:hasExactSynonym","obo:DOID_0050902 oboInOwl:hasDbXref UMLS_CUI:C0206663","obo:DOID_4298 oboInOwl:hasOBONamespace disease_ontology","db2234a4-38f4-4e51-aef8-4491341047af owl:annotatedTarget A spotted fever that has_material_basis_in Rickettsia sibirica, which is transmitted_by ticks Dermacentor nuttalli, Dermacentor marginatus and Haemaphysalis concinna. The infection has_symptom fever, has_symptom eschar, has_symptom regional adenopathy, and has_symptom maculopapular rash.","obo:DOID_1510 oboInOwl:hasDbXref ICD9CM:301.89","5fa36bda-284b-43fb-9464-c17495c40cf9 owl:annotatedProperty oboInOwl:hasExactSynonym","4e9d56fa-1e80-4f4b-812d-d6803b5d15e6 owl:annotatedTarget A poliomyelitis that results_in atrophy located_in muscle, many years after the initial infection, has_material_basis_in Human poliovirus 1, has_material_basis_in Human poliovirus 2, or has_material_basis_in Human poliovirus 3. It is characterized by new weakening in muscles that were previously affected by the polio infection and in muscles that were unaffected. The infection has_symptom muscle weakness, has_symptom muscle pain, has_symptom sleep apnea, and has_symptom breathing problems.","eaf39dea-15a7-4bf6-a83f-f4662879086d owl:annotatedProperty oboInOwl:hasRelatedSynonym","obo:DOID_4386 oboInOwl:hasExactSynonym Myofibroma morphologic abnormality","4969d828-5c36-4762-a37b-5a31cbd16e04 oboInOwl:hasDbXref url:http://en.wikipedia.org/wiki/Follicular_lymphoma","obo:DOID_7179 oboInOwl:hasExactSynonym mixed acidophil-basophil adenoma morphologic abnormality","obo:DOID_7179 rdfs:label mixed eosinophil-basophil adenoma","obo:DOID_6457 oboInOwl:hasDbXref NCI:C3076","obo:DOID_0050090 rdf:type owl:Class","14e283da-26d1-4888-b6d4-250cef87f083 owl:annotatedSource obo:DOID_7938","a9029910-be65-4c4d-b0a3-ff134d92aa91 rdf:type owl:Axiom","obo:DOID_0050141 rdfs:label intestinal botulism","aca788eb-be9e-4b4c-8fdc-e78c856e213b owl:annotatedProperty oboInOwl:hasExactSynonym","obo:DOID_0050814 obo:IAO_0000115 An autosomal recessive disease that is characterized by brachydactyly, hyperphalangism of digits, facial dysmorphism, dental anomalies, sensorineural hearing loss, delayed motor and mental development, and growth retardation and has_material_basis_in homozygous mutation in the CHSY1 gene.","f371596e-7f60-4c02-ad87-798d86359f61 owl:annotatedSource obo:DOID_0060047","obo:DOID_6545 oboInOwl:id DOID:6545","80028deb-2e96-4b1e-9847-d25c076923bc owl:annotatedSource obo:DOID_6034","096d7b05-8506-47ca-8001-dc27eda74b8f owl:annotatedTarget Mucocutaneous-lymphangitic paracoccidioidomycosis disorder","obo:DOID_11684 rdfs:label melanoacanthoma","3858db28-c9eb-425e-b30b-bc2800bd1fa6 owl:annotatedTarget adenocarcinoma in villous adenoma morphologic abnormality","e446e4f2-572d-4c96-b55d-26350f7f979c owl:annotatedTarget lacrimal disorder NOS or epiphora","6e6f4cdf-a979-443d-a404-6373f943c16d owl:annotatedSource obo:DOID_14262","obo:DOID_6545 rdf:type owl:Class","779ba93d-7658-4c4b-a10b-e17498da8a69 owl:annotatedTarget secondary malignant neoplasm of uterine cervix disorder","obo:DOID_11823 oboInOwl:id DOID:11823","obo:DOID_3627 oboInOwl:hasExactSynonym ruptured aortic aneurysm","66418c7c-7f4f-4a20-a63b-19157d586483 owl:annotatedSource obo:DOID_11162","obo:DOID_13141 oboInOwl:hasDbXref UMLS_CUI:C0042164","7296533c-914c-4f23-ae61-a4d3f27dc3bf owl:annotatedTarget A smallpox that results_in severe infection, located_in skin, has_material_basis_in Variola virus. The infection results_in_formation_of lesions.","obo:DOID_14448 oboInOwl:hasDbXref OMIM:612965","obo:DOID_11735 oboInOwl:hasExactSynonym Manic disorder, single episode, in full remission","5169f270-3609-420d-8209-0d926a3825f9 owl:annotatedProperty oboInOwl:hasExactSynonym","7a4ce18d-f069-409a-a144-d728fc6fe49d oboInOwl:hasDbXref SNOMEDCT_2005_07_31:110979008","obo:DOID_3664 oboInOwl:hasExactSynonym mast cell tumor","abff47f5-e43d-4850-af78-1bb254ff6790 owl:annotatedProperty oboInOwl:hasExactSynonym","obo:DOID_10039 oboInOwl:hasDbXref ICD9CM:090.4","obo:DOID_0050814 rdfs:subClassOf obo:DOID_0050737","obo:DOID_3627 oboInOwl:hasDbXref NCI:C27299","42f3b516-7618-45d8-96be-69704e0a955b owl:annotatedTarget A severe combined immunodeficiency that is the result of a mutation on Chromosome 6 RAG1 gene involving genetic rearrangement of both the T- and B-lymphocyte receptor genes.","obo:DOID_763 oboInOwl:hasExactSynonym Meningococcal carditis, unspecified","obo:DOID_7267 rdfs:label lung clear cell carcinoma","a9029910-be65-4c4d-b0a3-ff134d92aa91 owl:annotatedTarget Cystadenoma of the bile duct","obo:DOID_4386 oboInOwl:hasOBONamespace disease_ontology","obo:DOID_3576 rdfs:subClassOf obo:DOID_3572","80028deb-2e96-4b1e-9847-d25c076923bc owl:annotatedProperty oboInOwl:hasExactSynonym","e446e4f2-572d-4c96-b55d-26350f7f979c owl:annotatedSource obo:DOID_13757","f371596e-7f60-4c02-ad87-798d86359f61 owl:annotatedTarget A learning disability that involves impaired written language ability such as impairments in handwriting, spelling, organization of ideas, and composition.","obo:DOID_3627 oboInOwl:hasDbXref ICD9CM:441.5","obo:DOID_3664 oboInOwl:hasDbXref SNOMEDCT_US_2015_03_01:190021001","6494c7ce-0779-4fae-bf98-e650b1e9892b oboInOwl:hasDbXref url:http://emedicine.medscape.com/article/325451-overview","350bb7f5-c739-453b-b38e-51aaeae0a7e1 owl:annotatedSource obo:DOID_3642","obo:DOID_12206 oboInOwl:inSubset doid:zoonotic_infectious_disease","obo:DOID_3576 oboInOwl:hasDbXref UMLS_CUI:C0338575","9508be10-6fc2-4da8-8db8-69d12212b7b5 owl:annotatedSource obo:DOID_9476","096d7b05-8506-47ca-8001-dc27eda74b8f owl:annotatedProperty oboInOwl:hasExactSynonym","2e1318e7-899f-4256-9484-7743d029f522 oboInOwl:hasDbXref ICD9CM_2006:091.62","obo:DOID_3627 rdfs:label aortic aneurysm","85fa79a4-875d-46f1-8506-3b3ae7998118 owl:annotatedProperty oboInOwl:hasExactSynonym","097959d5-ac42-4dec-ae9c-6206db8adec9 oboInOwl:hasDbXref CSP2005:4005-0042","3a4da3aa-334d-4a12-835c-13fa6a9212c3 owl:annotatedProperty oboInOwl:hasExactSynonym","266fc34f-cb3d-41cd-ad54-dd4f8bd52d7c owl:annotatedProperty obo:IAO_0000115","obo:DOID_8875 oboInOwl:hasOBONamespace disease_ontology","obo:DOID_4298 oboInOwl:id DOID:4298","obo:DOID_11772 oboInOwl:hasExactSynonym Leukocoria disorder","obo:DOID_8875 rdfs:label Hodgkins sarcoma involving lymph nodes of multiple sites","obo:DOID_7480 rdf:type owl:Class","obo:DOID_6457 oboInOwl:hasDbXref OMIM:158350","obo:DOID_10039 oboInOwl:hasDbXref ICD9CM:090.5","obo:DOID_12206 oboInOwl:hasDbXref NCI:C34683","8a9ba49c-13e9-43d9-ac68-a07809c02b79 oboInOwl:hasDbXref NCI2004_11_17:C7993","obo:DOID_3840 oboInOwl:hasOBONamespace disease_ontology","7a4ce18d-f069-409a-a144-d728fc6fe49d owl:annotatedTarget primary irritant dermatitis disorder","6494c7ce-0779-4fae-bf98-e650b1e9892b oboInOwl:hasDbXref url:http://www.who.int/mediacentre/factsheets/fs270/en/","096d7b05-8506-47ca-8001-dc27eda74b8f oboInOwl:hasDbXref SNOMEDCT_2005_07_31:36866003","a043e393-c990-4c7f-9807-7df040d216a0 oboInOwl:hasDbXref MTHICD9_2006:142.1","c5199d10-4efb-439c-9d0d-e7548b61d348 owl:annotatedSource obo:DOID_5132","49a88560-03c3-4c41-88b2-17ded7575cf3 rdf:type owl:Axiom","obo:DOID_1510 oboInOwl:hasDbXref SNOMEDCT_US_2015_03_01:191776009","55853bc2-8683-4889-a1fd-bd0b8bc7cae0 owl:annotatedProperty obo:IAO_0000115","2211a60a-4a08-4658-abff-3a635b4b9bdd owl:annotatedTarget Petit mal status, epileptic","obo:DOID_12206 oboInOwl:hasDbXref SNOMEDCT_US_2015_03_01:186598001","obo:DOID_11823 oboInOwl:hasDbXref NCI:C113400","5829428b-4de3-46da-b0e5-5bd648062306 rdf:type owl:Axiom","obo:DOID_1510 oboInOwl:hasExactSynonym character disorder","obo:DOID_7480 oboInOwl:hasDbXref SNOMEDCT_US_2015_03_01:128629005","cb677c17-92e6-44bd-b926-f8f1cfa34e3c owl:annotatedTarget malignant neoplasm of Meckels diverticulum","obo:DOID_6457 oboInOwl:hasDbXref ORDO:201","obo:DOID_3627 oboInOwl:hasDbXref ICD9CM:441.6","2e1318e7-899f-4256-9484-7743d029f522 owl:annotatedProperty oboInOwl:hasExactSynonym","b3eb41ea-8985-46dc-93ff-d80d8ce85bc2 rdf:type owl:Axiom","obo:DOID_763 oboInOwl:id DOID:763","obo:DOID_4386 oboInOwl:hasExactSynonym Myofibroma","obo:DOID_3627 oboInOwl:hasOBONamespace disease_ontology","obo:DOID_0050902 oboInOwl:hasDbXref SNOMEDCT_US_2015_03_01:189921005","obo:DOID_3627 oboInOwl:hasAlternativeId DOID:7703","480ad670-c6fb-4869-b22e-7092afaa1959 oboInOwl:hasDbXref MTHICD9_2006:352.0","obo:DOID_0050090 oboInOwl:id DOID:0050090","ad265e9b-84c0-4845-82bc-0ceba23bcdb7 owl:annotatedSource obo:DOID_2211","obo:DOID_11823 rdfs:label hepatorenal syndrome","obo:DOID_2093 oboInOwl:hasDbXref SNOMEDCT_US_2015_03_01:254896002","b3eb41ea-8985-46dc-93ff-d80d8ce85bc2 owl:annotatedTarget A fallopian tube carcinoma that derives_from epithelial cells of glandular origin.","66418c7c-7f4f-4a20-a63b-19157d586483 owl:annotatedProperty oboInOwl:hasExactSynonym","d3433ca1-391d-47df-a58c-5b53a4e46fed owl:annotatedTarget squamous cell carcinoma of the Cervix Uteri","obo:DOID_8002 oboInOwl:hasDbXref UMLS_CUI:C0345726","b3eb41ea-8985-46dc-93ff-d80d8ce85bc2 owl:annotatedSource obo:DOID_3706","a043e393-c990-4c7f-9807-7df040d216a0 rdf:type owl:Axiom","153ce35e-e61e-44cc-ac2a-7f33075ac64f rdf:type owl:Axiom","4ecec4ef-6f12-4c0b-9d05-e96087fbaa21 owl:annotatedTarget A severe combined immunodeficiency that is caused when the DCLREI1, DNA cross-link repair 1C gene contains mutations resulting in the inability to repair DNA.","obo:DOID_3627 oboInOwl:id DOID:3627","obo:DOID_6721 rdf:type owl:Class","obo:DOID_10039 oboInOwl:hasExactSynonym juvenile neurosyphilis","51315f7d-40fa-4fb0-ad84-f13dce0b73f6 oboInOwl:hasDbXref SNOMEDCT_2005_07_31:40275004","obo:DOID_3627 oboInOwl:hasDbXref UMLS_CUI:C0003486","7ac65017-0d90-4c12-8891-7cfac1e45a5f owl:annotatedProperty oboInOwl:hasExactSynonym","obo:DOID_3664 oboInOwl:hasExactSynonym mastocytoma","obo:DOID_7267 oboInOwl:id DOID:7267","obo:DOID_0050902 oboInOwl:hasAlternativeId DOID:0060105","a542b2e7-9ff9-4ba5-bf0d-da4ad2429fc2 owl:annotatedSource obo:DOID_10854","obo:DOID_2181 rdfs:subClassOf obo:DOID_1428","obo:DOID_8787 oboInOwl:hasOBONamespace disease_ontology","obo:DOID_3715 oboInOwl:id DOID:3715","85fa79a4-875d-46f1-8506-3b3ae7998118 owl:annotatedSource obo:DOID_8478","eaf39dea-15a7-4bf6-a83f-f4662879086d oboInOwl:hasDbXref MTH:NOCODE","d446654e-4a0f-4a68-a6e4-0f68f8644aed owl:annotatedSource obo:DOID_5983","obo:DOID_763 oboInOwl:inSubset doid:gram-negative_bacterial_infectious_disease","obo:DOID_0050902 oboInOwl:hasDbXref NCI:C5398","obo:DOID_3715 rdfs:label non-suppurative otitis media and eustachian tube disorder","obo:DOID_0050902 oboInOwl:hasAlternativeId DOID:3858","fca8f272-961d-423e-90c0-ad7d1f202d3d owl:annotatedTarget malignant neoplasm of adrenal medulla","obo:DOID_2905 oboInOwl:inSubset doid:gram-negative_bacterial_infectious_disease","obo:DOID_1209 rdf:type owl:Class","obo:DOID_0050141 rdf:type owl:Class","obo:DOID_3752 oboInOwl:hasDbXref UMLS_CUI:C0280328","3a4da3aa-334d-4a12-835c-13fa6a9212c3 rdf:type owl:Axiom","obo:DOID_14448 oboInOwl:hasDbXref OMIM:300018","85fa79a4-875d-46f1-8506-3b3ae7998118 rdf:type owl:Axiom","096d7b05-8506-47ca-8001-dc27eda74b8f rdf:type owl:Axiom","obo:DOID_10340 oboInOwl:hasExactSynonym subchronic residual schizophrenia disorder","2e1318e7-899f-4256-9484-7743d029f522 rdf:type owl:Axiom","obo:DOID_5070 rdfs:label neoplasm of body of uterus","obo:DOID_11684 rdfs:subClassOf obo:DOID_6498","db2234a4-38f4-4e51-aef8-4491341047af oboInOwl:hasDbXref url:http://www.cdc.gov/otherspottedfever/index.html","obo:DOID_7179 oboInOwl:hasDbXref SNOMEDCT_US_2015_03_01:48619006","8a42d858-1d46-45a2-8d5d-95ea48f921da owl:annotatedSource obo:DOID_0060165","obo:DOID_6457 oboInOwl:id DOID:6457","obo:DOID_2181 rdf:type owl:Class","obo:DOID_3715 owl:deprecated true^^http://www.w3.org/2001/XMLSchema#boolean","obo:DOID_3627 oboInOwl:hasDbXref UMLS_CUI:C0265010","5829428b-4de3-46da-b0e5-5bd648062306 owl:annotatedProperty oboInOwl:hasExactSynonym","obo:DOID_6721 oboInOwl:hasDbXref NCI:C39865","4e9d56fa-1e80-4f4b-812d-d6803b5d15e6 owl:annotatedProperty obo:IAO_0000115","aca788eb-be9e-4b4c-8fdc-e78c856e213b owl:annotatedSource obo:DOID_10717","4502da8e-098a-4144-a25c-6ede51298687 owl:annotatedTarget Cicatricial pemphigoid with ocular involvement","6cb29d45-7b33-401b-a376-548115dd2d91 owl:annotatedTarget leiomyosarcoma of the vagina","49a88560-03c3-4c41-88b2-17ded7575cf3 owl:annotatedProperty oboInOwl:hasExactSynonym","obo:DOID_4298 owl:deprecated true^^http://www.w3.org/2001/XMLSchema#boolean","6b7d1141-8153-4699-bde0-ffdd12bfc386 oboInOwl:hasDbXref SNOMEDCT_2005_07_31:23513009","a043e393-c990-4c7f-9807-7df040d216a0 owl:annotatedProperty oboInOwl:hasExactSynonym","db2234a4-38f4-4e51-aef8-4491341047af owl:annotatedProperty obo:IAO_0000115","66418c7c-7f4f-4a20-a63b-19157d586483 rdf:type owl:Axiom","99bceb85-cb2e-4d35-bc35-1d760b74b5cc owl:annotatedTarget malignant neoplasm of submaxillary gland","e3960e68-dfa4-4a84-8356-6c68c2438b1e rdf:type owl:Axiom","obo:DOID_3627 oboInOwl:hasExactSynonym ruptured abdominal aortic aneurysm","50e41ac2-00d6-4098-a905-7a8bbd4c5bf8 owl:annotatedProperty obo:IAO_0000115","2968d813-c71f-4a51-b24b-75af8557ad8c owl:annotatedSource obo:DOID_4029","obo:DOID_8002 rdfs:label supraglottis neoplasm","f371596e-7f60-4c02-ad87-798d86359f61 owl:annotatedProperty obo:IAO_0000115","a05d48ed-73ad-464e-baff-986b4a6b8ebc owl:annotatedSource obo:DOID_627","obo:DOID_11735 oboInOwl:id DOID:11735","obo:DOID_3627 oboInOwl:hasDbXref SNOMEDCT_US_2015_03_01:155419006","obo:DOID_2181 oboInOwl:hasDbXref UMLS_CUI:C0154190","03f90847-d822-4aa6-8c7b-d4183e5cd990 owl:annotatedTarget Taenia infestation","obo:DOID_3627 oboInOwl:hasDbXref NCI:C27198","2968d813-c71f-4a51-b24b-75af8557ad8c owl:annotatedTarget Gastritis unspecified disorder","obo:DOID_13141 rdfs:label uveitis","obo:DOID_2232 oboInOwl:id DOID:2232","obo:DOID_4298 rdfs:label respiratory system abnormality","a9029910-be65-4c4d-b0a3-ff134d92aa91 owl:annotatedSource obo:DOID_5384","7ac65017-0d90-4c12-8891-7cfac1e45a5f rdf:type owl:Axiom","obo:DOID_3627 oboInOwl:hasDbXref ICD9CM:441.1","obo:DOID_3752 oboInOwl:id DOID:3752","153ce35e-e61e-44cc-ac2a-7f33075ac64f owl:annotatedProperty oboInOwl:hasExactSynonym","obo:DOID_3576 oboInOwl:hasExactSynonym Thrombosis of superior longitudinal sinus disorder","cf3da761-e6a2-4de5-b73a-c2f795b21dc3 owl:annotatedTarget malignant neoplasm of lateral wall of urinary bladder","6b7d1141-8153-4699-bde0-ffdd12bfc386 owl:annotatedTarget Herpesvirus infection disorder","obo:DOID_3752 oboInOwl:hasExactSynonym verrucous carcinoma of the Larynx","obo:DOID_6457 obo:IAO_0000115 An autosomal dominant disease characterized by multiple noncancerous, tumor-like growths hamartomas and an increased risk of certain forms of cancer, especially breast, thyroid and endometrium. It is caused  by mutations in the PTEN, SDHB, SDHD and KLLN genes.","5fa36bda-284b-43fb-9464-c17495c40cf9 rdf:type owl:Axiom","obo:DOID_7267 oboInOwl:hasDbXref SNOMEDCT_US_2015_03_01:254630009","obo:DOID_0050902 rdfs:subClassOf obo:DOID_4706","obo:DOID_0050902 oboInOwl:hasDbXref NCI:C3222","3858db28-c9eb-425e-b30b-bc2800bd1fa6 rdf:type owl:Axiom","55853bc2-8683-4889-a1fd-bd0b8bc7cae0 oboInOwl:hasDbXref url:http://www.ncbi.nlm.nih.gov/pubmed/13436875","obo:DOID_11772 oboInOwl:hasDbXref SNOMEDCT_US_2015_03_01:193288000","8a42d858-1d46-45a2-8d5d-95ea48f921da owl:annotatedTarget A recurrent hypersomnia that is characterized by recurring periods of excessive amounts of sleep and altered behavior.","obo:DOID_587 oboInOwl:hasExactSynonym cavitary tuberculosis","6ad57a0f-7772-4dde-8389-971795f367b3 owl:annotatedTarget malignant mesothelioma of peritoneum","eaf39dea-15a7-4bf6-a83f-f4662879086d rdf:type owl:Axiom","6494c7ce-0779-4fae-bf98-e650b1e9892b oboInOwl:hasDbXref url:http://pathema.jcvi.org/pathema/botulinum_resources.shtml","obo:DOID_11684 oboInOwl:hasDbXref UMLS_CUI:C1321683","6ad57a0f-7772-4dde-8389-971795f367b3 owl:annotatedProperty oboInOwl:hasExactSynonym","obo:DOID_6457 rdf:type owl:Class","e3960e68-dfa4-4a84-8356-6c68c2438b1e owl:annotatedSource obo:DOID_8461","obo:DOID_13141 oboInOwl:hasDbXref MSH:D014605","obo:DOID_3627 oboInOwl:hasDbXref SNOMEDCT_US_2015_03_01:34365005","obo:DOID_12206 oboInOwl:hasDbXref SNOMEDCT_US_2015_03_01:20927009","obo:DOID_3840 oboInOwl:hasDbXref MSH:D003397","obo:DOID_12206 oboInOwl:hasDbXref SNOMEDCT_US_2015_03_01:186599009","aca788eb-be9e-4b4c-8fdc-e78c856e213b rdf:type owl:Axiom","obo:DOID_3627 oboInOwl:hasExactSynonym Ruptured aortic aneurysm NOS","4969d828-5c36-4762-a37b-5a31cbd16e04 owl:annotatedProperty obo:IAO_0000115","a9029910-be65-4c4d-b0a3-ff134d92aa91 owl:annotatedProperty oboInOwl:hasExactSynonym","a05d48ed-73ad-464e-baff-986b4a6b8ebc owl:annotatedTarget A combined T cell and B cell immunodeficiency that is caused by a defect in several genes encoding for B and T lymphocytes resulting in individuals with non-functional immune systems.","obo:DOID_8002 oboInOwl:hasDbXref NCI:C6793","obo:DOID_8875 owl:deprecated true^^http://www.w3.org/2001/XMLSchema#boolean","obo:DOID_6457 oboInOwl:hasDbXref OMIM:612359","bc35840d-7cbb-4b65-89ad-0ee4144db2ea owl:annotatedSource obo:DOID_13644","obo:DOID_12206 oboInOwl:hasRelatedSynonym Dengue haemorrhagic fever","2968d813-c71f-4a51-b24b-75af8557ad8c oboInOwl:hasDbXref SNOMEDCT_2005_07_31:196743006","aca788eb-be9e-4b4c-8fdc-e78c856e213b oboInOwl:hasDbXref SNOMEDCT_2005_07_31:154308000","181a4032-d877-4583-aebb-aace569b0175 owl:annotatedSource obo:DOID_8567","276a781e-a016-4a3d-9e15-ed536ae8902f owl:annotatedSource obo:DOID_5190","abff47f5-e43d-4850-af78-1bb254ff6790 rdf:type owl:Axiom","5169f270-3609-420d-8209-0d926a3825f9 rdf:type owl:Axiom","obo:DOID_8787 oboInOwl:hasDbXref ICD9CM:363.10","51315f7d-40fa-4fb0-ad84-f13dce0b73f6 owl:annotatedTarget Contact dermatitis disorder","obo:DOID_3627 oboInOwl:hasExactSynonym Ruptured Thoracic Aneurysm","66418c7c-7f4f-4a20-a63b-19157d586483 oboInOwl:hasDbXref ICD9CM_2006:518.84","obo:DOID_14448 oboInOwl:hasDbXref UMLS_CUI:C0018054","obo:DOID_7480 oboInOwl:hasDbXref NCI:C6876","obo:DOID_13141 oboInOwl:hasDbXref SNOMEDCT_US_2015_03_01:193499001","obo:DOID_8787 oboInOwl:hasDbXref ICD10CM:H30.10","obo:DOID_10039 rdf:type owl:Class","obo:DOID_10340 oboInOwl:hasExactSynonym Residual schizophrenia, subchronic state","obo:DOID_2093 rdf:type owl:Class","obo:DOID_11684 oboInOwl:hasDbXref NCI:C27548","e6182c06-1266-4b78-adff-26061f577cc6 owl:annotatedTarget Mesothelial neoplasm morphologic abnormality","obo:DOID_0050053 rdf:type owl:Class","obo:DOID_0050902 oboInOwl:hasExactSynonym brain medulloblastoma","6ad57a0f-7772-4dde-8389-971795f367b3 oboInOwl:hasDbXref SNOMEDCT_2005_07_31:187806007","cf3da761-e6a2-4de5-b73a-c2f795b21dc3 oboInOwl:hasDbXref ICD9CM_2006:188.2","80028deb-2e96-4b1e-9847-d25c076923bc rdf:type owl:Axiom","2e1318e7-899f-4256-9484-7743d029f522 owl:annotatedTarget secondary syphilitic hepatitis","obo:DOID_3627 oboInOwl:hasDbXref ICD9CM:441.3","obo:DOID_6721 obo:IAO_0000115 A male reproductive organ cancer that has_material_basis_in abnormally proliferating cells derives_from epithelial cells and is_located_in the Littre glands.","obo:DOID_10340 rdf:type owl:Class","obo:DOID_3576 oboInOwl:hasExactSynonym Thrombosis of superior sagittal sinus disorder","5fa36bda-284b-43fb-9464-c17495c40cf9 owl:annotatedTarget malignant hematopoietic neoplasm morphologic abnormality","obo:DOID_1510 rdf:type owl:Class","6494c7ce-0779-4fae-bf98-e650b1e9892b owl:annotatedProperty obo:IAO_0000115","842a0ea5-2561-4ac2-adff-48b67373a3fc oboInOwl:hasDbXref SNOMEDCT_2005_07_31:190599003","obo:DOID_0050902 oboInOwl:hasDbXref UMLS_CUI:C0025149","85fa79a4-875d-46f1-8506-3b3ae7998118 owl:annotatedTarget Madura foot due to Actinomadura disorder","obo:DOID_3576 oboInOwl:hasDbXref SNOMEDCT_US_2015_03_01:192760003","1f4fc26f-1a80-49cb-b2c2-d25f89e5cc12 oboInOwl:hasDbXref NCI2004_11_17:C6887","099cd49a-1191-45b6-84e7-e9319067ebe4 rdf:type owl:Axiom","obo:DOID_10340 rdfs:label residual subchronic schizophrenia","obo:DOID_3576 rdf:type owl:Class","obo:DOID_0050902 oboInOwl:hasOBONamespace disease_ontology","obo:DOID_10039 oboInOwl:hasDbXref ICD10CM:A50.4","099cd49a-1191-45b6-84e7-e9319067ebe4 owl:annotatedSource obo:DOID_11372","obo:DOID_7480 rdfs:subClassOf obo:DOID_4556","obo:DOID_13141 rdfs:subClassOf obo:DOID_3480","obo:DOID_3664 oboInOwl:hasExactSynonym Mast cell Proliferative disease","obo:DOID_1510 oboInOwl:hasDbXref SNOMEDCT_US_2015_03_01:268635005","obo:DOID_0050053 oboInOwl:inSubset doid:gram-negative_bacterial_infectious_disease","obo:DOID_11823 rdfs:subClassOf obo:DOID_409","obo:DOID_10039 oboInOwl:hasDbXref SNOMEDCT_US_2015_03_01:186836008","03f90847-d822-4aa6-8c7b-d4183e5cd990 oboInOwl:hasDbXref SNOMEDCT_2005_07_31:266222003","obo:DOID_2905 oboInOwl:id DOID:2905","6cb29d45-7b33-401b-a376-548115dd2d91 oboInOwl:hasDbXref NCI2004_11_17:C6326","a98b77d5-25a3-4cd0-a871-47fe845f0088 owl:annotatedTarget Malaria fever by more than one parasite","obo:DOID_0050814 oboInOwl:created_by lschriml","obo:DOID_10039 oboInOwl:inSubset doid:gram-negative_bacterial_infectious_disease","obo:DOID_3627 obo:IAO_0000115 An aortic disease that is characterized by an enlargement dilation of the aorta to greater than 1.5 times normal size.","0dfde9c0-b2b4-4a33-9e84-bccd188171b4 owl:annotatedTarget Trichomonal prostatitis","obo:DOID_8787 oboInOwl:hasExactSynonym Disseminated chorioretinitis disorder","8a9ba49c-13e9-43d9-ac68-a07809c02b79 owl:annotatedTarget Clear cell adenoma of the Parathyroid","obo:DOID_3627 oboInOwl:hasDbXref ICD10CM:I71.3","obo:DOID_3627 oboInOwl:hasDbXref ICD10CM:I71.1","obo:DOID_1510 oboInOwl:hasDbXref UMLS_CUI:C0029707","obo:DOID_14448 oboInOwl:hasOBONamespace disease_ontology","d3433ca1-391d-47df-a58c-5b53a4e46fed owl:annotatedProperty oboInOwl:hasExactSynonym","obo:DOID_10039 oboInOwl:hasDbXref ICD10CM:A50.5","d446654e-4a0f-4a68-a6e4-0f68f8644aed rdf:type owl:Axiom","obo:DOID_3840 oboInOwl:hasExactSynonym craniopharyngioma morphologic abnormality","obo:DOID_4386 rdfs:label myofibroma","obo:DOID_0050902 oboInOwl:hasDbXref OMIM:155255","obo:DOID_11772 oboInOwl:hasDbXref ICD10CM:H44.53","obo:DOID_3627 oboInOwl:hasExactSynonym Thoracic aortic aneurysm which has ruptured disorder","a542b2e7-9ff9-4ba5-bf0d-da4ad2429fc2 rdf:type owl:Axiom","obo:DOID_8002 oboInOwl:hasOBONamespace disease_ontology","obo:DOID_3664 rdf:type owl:Class","a90e7ea6-a2e7-47ea-919e-9950b74c84c3 rdf:type owl:Axiom","obo:DOID_10925 oboInOwl:hasOBONamespace disease_ontology","842a0ea5-2561-4ac2-adff-48b67373a3fc rdf:type owl:Axiom","obo:DOID_8787 rdfs:subClassOf obo:DOID_8886","db2234a4-38f4-4e51-aef8-4491341047af oboInOwl:hasDbXref url:http://cmr.asm.org/cgi/content/full/18/4/719#%27%27Rickettsia_sibirica_subsp._sibirica%27%27_%28Siberian_tick_typhus_or_North_Asian_tick_typhus%29","bc35840d-7cbb-4b65-89ad-0ee4144db2ea owl:annotatedTarget Streptococcal septicemia disorder","obo:DOID_3752 rdf:type owl:Class","4502da8e-098a-4144-a25c-6ede51298687 owl:annotatedSource obo:DOID_11656","276a781e-a016-4a3d-9e15-ed536ae8902f rdf:type owl:Axiom","a542b2e7-9ff9-4ba5-bf0d-da4ad2429fc2 owl:annotatedTarget Non-neoplastic Salivary gland disease","03f90847-d822-4aa6-8c7b-d4183e5cd990 owl:annotatedProperty oboInOwl:hasExactSynonym","c05dbf39-5a99-44cb-b358-a579830ea41d rdf:type owl:Axiom","cf3da761-e6a2-4de5-b73a-c2f795b21dc3 owl:annotatedProperty oboInOwl:hasExactSynonym","7b5ac0e2-9b19-492a-8685-421cf37f4462 oboInOwl:hasDbXref NCI2004_11_17:C6349","153ce35e-e61e-44cc-ac2a-7f33075ac64f owl:annotatedSource obo:DOID_5889","obo:DOID_4386 oboInOwl:hasExactSynonym Lipoleiomyoma","14e283da-26d1-4888-b6d4-250cef87f083 oboInOwl:hasDbXref SNOMEDCT_2005_07_31:16535008","9508be10-6fc2-4da8-8db8-69d12212b7b5 owl:annotatedProperty oboInOwl:hasExactSynonym","276a781e-a016-4a3d-9e15-ed536ae8902f oboInOwl:hasDbXref url:http://www.ncbi.nlm.nih.gov/pubmed/10620450","obo:DOID_3664 oboInOwl:hasDbXref NCI:C9295","aca788eb-be9e-4b4c-8fdc-e78c856e213b owl:annotatedTarget Meningococcal septicaemia","9508be10-6fc2-4da8-8db8-69d12212b7b5 oboInOwl:hasDbXref SNOMEDCT_2005_07_31:154703006","741f889b-e280-4a95-bd82-a24b84b63227 rdf:type owl:Axiom","e838a261-aaea-4233-889a-62d03b3be5f0 owl:annotatedTarget adenocarcinoma, metastatic morphologic abnormality","obo:DOID_0050902 oboInOwl:inSubset doid:DO_cancer_slim","obo:DOID_3664 oboInOwl:hasDbXref SNOMEDCT_US_2015_03_01:414653009","obo:DOID_2905 oboInOwl:hasExactSynonym E Coli Infection","7ac65017-0d90-4c12-8891-7cfac1e45a5f owl:annotatedTarget Osteochondrodysplasia syndrome disorder","ebf494e8-9207-4b60-bf9a-8ffa2563bc6d owl:annotatedSource obo:DOID_10842","2e9ca6ce-13f9-4f0d-bd40-d88ff29b1fcc owl:annotatedTarget Lesion of ulnar nerve disorder","obo:DOID_14448 oboInOwl:hasDbXref OMIM:154230","obo:DOID_8002 rdfs:subClassOf obo:DOID_2598","60b87272-423a-4ce3-aa1b-bb184fa8a45d rdf:type owl:Axiom","42263631-cd5c-4451-95ac-11381c71f547 owl:annotatedProperty oboInOwl:hasExactSynonym","obo:DOID_0050814 oboInOwl:hasDbXref OMIM:605282","eadf7dbe-b9ed-4380-8dbe-7fd720a5b6b4 owl:annotatedTarget Farmers lung","obo:DOID_10039 oboInOwl:hasAlternativeId DOID:10796","d446654e-4a0f-4a68-a6e4-0f68f8644aed oboInOwl:hasDbXref NCI2004_11_17:C6181","obo:DOID_11735 owl:deprecated true^^http://www.w3.org/2001/XMLSchema#boolean","7296533c-914c-4f23-ae61-a4d3f27dc3bf oboInOwl:hasDbXref url:http://www.who.int/mediacentre/factsheets/smallpox/en/","14e283da-26d1-4888-b6d4-250cef87f083 owl:annotatedProperty oboInOwl:hasExactSynonym","obo:DOID_3627 oboInOwl:hasDbXref ICD10CM:I71.5","obo:DOID_7267 rdfs:subClassOf obo:DOID_3910","obo:DOID_5070 owl:deprecated true^^http://www.w3.org/2001/XMLSchema#boolean","e6182c06-1266-4b78-adff-26061f577cc6 oboInOwl:hasDbXref SNOMEDCT_2005_07_31:189832006","obo:DOID_3752 rdfs:label larynx verrucous carcinoma","276a781e-a016-4a3d-9e15-ed536ae8902f owl:annotatedTarget A cervical carcinosarcoma is located_in the cervix with morphological features resembling Wilms tumor of the kidney.","a05d48ed-73ad-464e-baff-986b4a6b8ebc owl:annotatedProperty obo:IAO_0000115","obo:DOID_5070 oboInOwl:hasExactSynonym tumor of Corpus Uteri","obo:DOID_13141 rdf:type owl:Class","42f3b516-7618-45d8-96be-69704e0a955b owl:annotatedSource obo:DOID_0060011","f49a6b1f-fd52-47d7-a264-979feaa6a8c2 owl:annotatedProperty oboInOwl:hasExactSynonym","obo:DOID_2181 oboInOwl:hasDbXref SNOMEDCT_US_2015_03_01:78483000","3858db28-c9eb-425e-b30b-bc2800bd1fa6 owl:annotatedSource obo:DOID_8120","5f01af48-6c97-47eb-8cfe-d475ec47d700 rdf:type owl:Axiom","d1313f12-f3a8-42bc-98bf-5e545a63d23c owl:annotatedProperty oboInOwl:hasExactSynonym","21d213bb-0f97-4274-a335-8cee1692e568 owl:annotatedProperty oboInOwl:hasExactSynonym","fca8f272-961d-423e-90c0-ad7d1f202d3d oboInOwl:hasDbXref MTHICD9_2006:194.0","cc2eb83c-c6ff-4b50-8db6-f81c0fb2e21c rdf:type owl:Axiom","12cb30fd-4e6b-4f18-b2b7-6b107dcde06c rdf:type owl:Axiom","obo:DOID_13141 oboInOwl:hasDbXref NCI:C26909","obo:DOID_0050141 rdfs:subClassOf obo:DOID_11976","266fc34f-cb3d-41cd-ad54-dd4f8bd52d7c oboInOwl:hasDbXref url:http://en.wikipedia.org/wiki/Head-louse_infestation","obo:DOID_3627 oboInOwl:hasExactSynonym Ruptured Aortic Aneurysm","obo:DOID_0050902 obo:IAO_0000115 An infratentorial cancer that is located_in the lower part of the brain and is a type of primitive neuroectodermal tumor.","obo:DOID_0050814 oboInOwl:hasOBONamespace disease_ontology","obo:DOID_3840 oboInOwl:hasDbXref UMLS_CUI:C0010276","99bceb85-cb2e-4d35-bc35-1d760b74b5cc rdf:type owl:Axiom","7296533c-914c-4f23-ae61-a4d3f27dc3bf owl:annotatedSource obo:DOID_0050508","5494994b-d1e0-4e62-8d2e-8153a7735ae4 rdf:type owl:Axiom","12a57ee5-d38c-4f5d-81c0-0729600cb683 rdf:type owl:Axiom","2968d813-c71f-4a51-b24b-75af8557ad8c rdf:type owl:Axiom","5b9e92b1-2eee-4a08-a44b-e25518b9b672 owl:annotatedProperty obo:IAO_0000115","6e6f4cdf-a979-443d-a404-6373f943c16d owl:annotatedTarget Candidiasis of mouth disorder","obo:DOID_763 rdf:type owl:Class","obo:DOID_0050053 oboInOwl:inSubset doid:tick-borne_infectious_disease","obo:DOID_11684 oboInOwl:hasOBONamespace disease_ontology","obo:DOID_3627 oboInOwl:hasExactSynonym ruptured thoracoabdominal aortic aneurysm","obo:DOID_0050814 oboInOwl:id DOID:0050814","obo:DOID_7480 oboInOwl:hasExactSynonym large cell carcinoma with rhabdoid phenotype morphologic abnormality","cc2eb83c-c6ff-4b50-8db6-f81c0fb2e21c owl:annotatedSource obo:DOID_11829","obo:DOID_8787 rdfs:label disseminated chorioretinitis","obo:DOID_2905 rdf:type owl:Class","obo:DOID_3715 obo:IAO_0000115 A non-suppurative otitis media which involves obstruction of the collecting lymphatic tubules of the middle ear and eustachian tube as they drain to the retropharyngeal lymphatics. Retraction of the tympanic membrane is also observed.","obo:DOID_0050902 oboInOwl:created_by lschriml","obo:DOID_13141 oboInOwl:hasDbXref SNOMEDCT_US_2015_03_01:155116005","obo:DOID_1510 rdfs:label personality disorder","obo:DOID_0050902 oboInOwl:hasExactSynonym CNS PNET","5b9e92b1-2eee-4a08-a44b-e25518b9b672 owl:annotatedSource obo:DOID_4186","14e283da-26d1-4888-b6d4-250cef87f083 owl:annotatedTarget Dyschondroplasia","779ba93d-7658-4c4b-a10b-e17498da8a69 owl:annotatedSource obo:DOID_4496","d1313f12-f3a8-42bc-98bf-5e545a63d23c owl:annotatedSource obo:DOID_3959","9508be10-6fc2-4da8-8db8-69d12212b7b5 rdf:type owl:Axiom","9895ff78-9d65-4e02-bd40-66042181fda7 owl:annotatedSource obo:DOID_12347","obo:DOID_6457 oboInOwl:hasRelatedSynonym multiple hamartoma syndrome","7a4ce18d-f069-409a-a144-d728fc6fe49d owl:annotatedSource obo:DOID_2772","obo:DOID_0050902 oboInOwl:hasDbXref SNOMEDCT_US_2015_03_01:443333004","obo:DOID_3627 oboInOwl:hasExactSynonym Thoracic aortic aneurysm, ruptured","cb677c17-92e6-44bd-b926-f8f1cfa34e3c oboInOwl:hasDbXref SNOMEDCT_2005_07_31:93890009","obo:DOID_11772 oboInOwl:hasOBONamespace disease_ontology","5829428b-4de3-46da-b0e5-5bd648062306 owl:annotatedTarget Partial optic atrophy disorder","14e283da-26d1-4888-b6d4-250cef87f083 rdf:type owl:Axiom","21d213bb-0f97-4274-a335-8cee1692e568 owl:annotatedTarget Portal-systemic encephalopathy","6494c7ce-0779-4fae-bf98-e650b1e9892b owl:annotatedTarget A primary bacterial infectious disease that involves intoxication caused by botulinum neurotoxins BoNTA, B, E and F located_in neuromuscular junction, resulting in descending muscle paralysis, has_material_basis_in Clostridium botulinum A, has_material_basis_in Clostridium botulinum B, has_material_basis_in Clostridium botulinum E and has_material_basis_in Clostridium botulinum F.","cf3da761-e6a2-4de5-b73a-c2f795b21dc3 owl:annotatedSource obo:DOID_11593","obo:DOID_11772 oboInOwl:hasExactSynonym Leucocoria","obo:DOID_587 obo:IAO_0000115 A pulmonary tuberculosis characterized by tubercles formation which coalesce into consolidated areas. Caseation and softening of these areas, with involvement of the interstitial tissue, lead to the formation of a cavity. The symptoms include fever, increased cough and sputum.","42263631-cd5c-4451-95ac-11381c71f547 rdf:type owl:Axiom","dcc4242a-356b-44ec-8341-29d036bc64c5 oboInOwl:hasDbXref SNOMEDCT_2005_07_31:186781003","60b87272-423a-4ce3-aa1b-bb184fa8a45d owl:annotatedProperty oboInOwl:hasExactSynonym","obo:DOID_11823 oboInOwl:hasDbXref ICD10CM:K76.7","obo:DOID_0050902 oboInOwl:hasAlternativeId DOID:168","obo:DOID_10925 owl:deprecated true^^http://www.w3.org/2001/XMLSchema#boolean","obo:DOID_14448 rdfs:label 46 XY gonadal dysgenesis","6b2e87bf-bf1d-4395-aa35-9153eeda47d7 owl:annotatedTarget cancer of prostate","c5199d10-4efb-439c-9d0d-e7548b61d348 oboInOwl:hasDbXref NCI2004_11_17:C4482","obo:DOID_7267 rdf:type owl:Class","obo:DOID_6457 oboInOwl:hasDbXref OMIM:615109","5829428b-4de3-46da-b0e5-5bd648062306 owl:annotatedSource obo:DOID_10631","obo:DOID_14448 oboInOwl:hasDbXref OMIM:614279","741f889b-e280-4a95-bd82-a24b84b63227 owl:annotatedTarget A peripheral nervous system neoplasm that is located_in the connective tissue surrounding nerves.","obo:DOID_11823 oboInOwl:hasDbXref MSH:D006530","obo:DOID_587 rdf:type owl:Class","5494994b-d1e0-4e62-8d2e-8153a7735ae4 oboInOwl:hasDbXref url:http://tcrc.acor.org/egc.html","12cb30fd-4e6b-4f18-b2b7-6b107dcde06c owl:annotatedProperty oboInOwl:hasExactSynonym","abff47f5-e43d-4850-af78-1bb254ff6790 oboInOwl:hasDbXref NCI2004_11_17:C7473","cc2eb83c-c6ff-4b50-8db6-f81c0fb2e21c owl:annotatedProperty oboInOwl:hasExactSynonym","21d213bb-0f97-4274-a335-8cee1692e568 rdf:type owl:Axiom","d1313f12-f3a8-42bc-98bf-5e545a63d23c rdf:type owl:Axiom","5f01af48-6c97-47eb-8cfe-d475ec47d700 owl:annotatedTarget A tracheal disease characterized by flaccidity of the tracheal support cartilage.","f49a6b1f-fd52-47d7-a264-979feaa6a8c2 rdf:type owl:Axiom","obo:DOID_2093 oboInOwl:hasDbXref UMLS_CUI:C0241989","4969d828-5c36-4762-a37b-5a31cbd16e04 owl:annotatedSource obo:DOID_0050873","obo:DOID_1510 oboInOwl:hasDbXref SNOMEDCT_US_2015_03_01:268759009","obo:DOID_13141 oboInOwl:hasDbXref SNOMEDCT_US_2015_03_01:128473001","5829428b-4de3-46da-b0e5-5bd648062306 oboInOwl:hasDbXref SNOMEDCT_2005_07_31:111527005","obo:DOID_0050902 oboInOwl:id DOID:0050902","obo:DOID_3840 oboInOwl:hasDbXref SNOMEDCT_US_2015_03_01:40009002","e3960e68-dfa4-4a84-8356-6c68c2438b1e oboInOwl:hasDbXref url:http://ghr.nlm.nih.gov/condition/aicardi-syndrome","a043e393-c990-4c7f-9807-7df040d216a0 owl:annotatedTarget malignant neoplasm of submaxillary gland","obo:DOID_7179 rdf:type owl:Class","obo:DOID_10039 oboInOwl:hasDbXref MSH:D009494","obo:DOID_10039 rdfs:label late congenital syphilis","2968d813-c71f-4a51-b24b-75af8557ad8c owl:annotatedProperty oboInOwl:hasExactSynonym","99bceb85-cb2e-4d35-bc35-1d760b74b5cc owl:annotatedProperty oboInOwl:hasExactSynonym","obo:DOID_1510 obo:IAO_0000115 A disease of mental health that involve long-term patterns of thoughts and behaviors that cause serious problems with relationships and work.","8a42d858-1d46-45a2-8d5d-95ea48f921da owl:annotatedProperty obo:IAO_0000115","obo:DOID_11735 rdfs:label single manic episode in full remission","7296533c-914c-4f23-ae61-a4d3f27dc3bf owl:annotatedProperty obo:IAO_0000115","obo:DOID_10340 oboInOwl:id DOID:10340","5169f270-3609-420d-8209-0d926a3825f9 owl:annotatedSource obo:DOID_4425","obo:DOID_11735 oboInOwl:hasOBONamespace disease_ontology","60b87272-423a-4ce3-aa1b-bb184fa8a45d owl:annotatedTarget Tag morphologic abnormality","obo:DOID_10925 oboInOwl:id DOID:10925","obo:DOID_4386 oboInOwl:hasDbXref MSH:D047708","5f01af48-6c97-47eb-8cfe-d475ec47d700 owl:annotatedSource obo:DOID_0060313","obo:DOID_3576 oboInOwl:id DOID:3576","obo:DOID_5070 oboInOwl:hasOBONamespace disease_ontology","4ecec4ef-6f12-4c0b-9d05-e96087fbaa21 rdf:type owl:Axiom","cc2eb83c-c6ff-4b50-8db6-f81c0fb2e21c oboInOwl:hasDbXref SNOMEDCT_2005_07_31:193625005","obo:DOID_10039 oboInOwl:id DOID:10039","obo:DOID_0050902 oboInOwl:hasDbXref SNOMEDCT_US_2015_03_01:189925001","42f3b516-7618-45d8-96be-69704e0a955b owl:annotatedProperty obo:IAO_0000115","51315f7d-40fa-4fb0-ad84-f13dce0b73f6 owl:annotatedSource obo:DOID_2773","obo:DOID_3627 oboInOwl:hasDbXref ICD10CM:I71.9","obo:DOID_0050902 oboInOwl:hasDbXref MSH:D008527","obo:DOID_11823 oboInOwl:hasDbXref UMLS_CUI:C0019212","obo:DOID_3627 oboInOwl:hasDbXref SNOMEDCT_US_2015_03_01:195615002","181a4032-d877-4583-aebb-aace569b0175 owl:annotatedTarget Hodgkin disease","obo:DOID_4386 oboInOwl:id DOID:4386","obo:DOID_6721 oboInOwl:hasDbXref UMLS_CUI:C1516285","obo:DOID_7179 rdfs:subClassOf obo:DOID_3829","obo:DOID_11823 oboInOwl:hasOBONamespace disease_ontology","a90e7ea6-a2e7-47ea-919e-9950b74c84c3 owl:annotatedProperty oboInOwl:hasExactSynonym","a1383337-7da7-4d66-ba36-f9ba7d33c993 owl:annotatedSource obo:DOID_6587","a542b2e7-9ff9-4ba5-bf0d-da4ad2429fc2 owl:annotatedProperty oboInOwl:hasExactSynonym","842a0ea5-2561-4ac2-adff-48b67373a3fc owl:annotatedTarget Nutritional marasmus","5fa36bda-284b-43fb-9464-c17495c40cf9 oboInOwl:hasDbXref SNOMEDCT_2005_07_31:414644002","4ecec4ef-6f12-4c0b-9d05-e96087fbaa21 owl:annotatedSource obo:DOID_0060006","9508be10-6fc2-4da8-8db8-69d12212b7b5 owl:annotatedTarget Sheehans syndrome","d3433ca1-391d-47df-a58c-5b53a4e46fed rdf:type owl:Axiom","d446654e-4a0f-4a68-a6e4-0f68f8644aed owl:annotatedProperty oboInOwl:hasExactSynonym","obo:DOID_14448 oboInOwl:id DOID:14448","obo:DOID_0050902 oboInOwl:hasDbXref NCI:C27294","cf3da761-e6a2-4de5-b73a-c2f795b21dc3 rdf:type owl:Axiom","c05dbf39-5a99-44cb-b358-a579830ea41d owl:annotatedProperty oboInOwl:hasExactSynonym","e3960e68-dfa4-4a84-8356-6c68c2438b1e oboInOwl:hasDbXref url:http://en.wikipedia.org/wiki/Aicardi_syndrome","obo:DOID_8002 oboInOwl:id DOID:8002","03f90847-d822-4aa6-8c7b-d4183e5cd990 rdf:type owl:Axiom","obo:DOID_10039 oboInOwl:hasDbXref SNOMEDCT_US_2015_03_01:4243004","4969d828-5c36-4762-a37b-5a31cbd16e04 oboInOwl:hasDbXref url:http://www.cancer.gov/dictionary?CdrID\u003d428287","obo:DOID_3627 oboInOwl:hasExactSynonym Thoracoabdominal aortic aneurysm, ruptured disorder","obo:DOID_10039 oboInOwl:hasDbXref SNOMEDCT_US_2015_03_01:186837004","obo:DOID_12206 rdf:type owl:Class","f49a6b1f-fd52-47d7-a264-979feaa6a8c2 owl:annotatedTarget Phonological disorder","obo:DOID_6457 oboInOwl:hasDbXref UMLS_CUI:C0391826","obo:DOID_3627 oboInOwl:hasDbXref ICD10CM:I71.8","842a0ea5-2561-4ac2-adff-48b67373a3fc owl:annotatedProperty oboInOwl:hasExactSynonym","obo:DOID_587 rdfs:label tuberculous lung cavity","12a57ee5-d38c-4f5d-81c0-0729600cb683 owl:annotatedSource obo:DOID_9228","d1313f12-f3a8-42bc-98bf-5e545a63d23c oboInOwl:hasDbXref NCI2004_11_17:C9326","obo:DOID_0050902 oboInOwl:hasDbXref MSH:D018242","a90e7ea6-a2e7-47ea-919e-9950b74c84c3 owl:annotatedSource obo:DOID_5608","e6182c06-1266-4b78-adff-26061f577cc6 owl:annotatedSource obo:DOID_159","12a57ee5-d38c-4f5d-81c0-0729600cb683 owl:annotatedTarget A rubella that results_in infection has_material_basis_in Rubella virus, which is transmitted_by congenital method to the developing fetus of a pregnant woman who has contracted rubella during her first trimester.","480ad670-c6fb-4869-b22e-7092afaa1959 owl:annotatedSource obo:DOID_367","350bb7f5-c739-453b-b38e-51aaeae0a7e1 oboInOwl:hasDbXref SNOMEDCT_2005_07_31:237722004","obo:DOID_14448 oboInOwl:hasExactSynonym Pure gonadal dysgenesis 46,XY disorder","obo:DOID_2232 owl:deprecated true^^http://www.w3.org/2001/XMLSchema#boolean","obo:DOID_1510 oboInOwl:hasDbXref ICD9CM:301.8","e446e4f2-572d-4c96-b55d-26350f7f979c oboInOwl:hasDbXref SNOMEDCT_2005_07_31:267740009","obo:DOID_2181 oboInOwl:hasOBONamespace disease_ontology","779ba93d-7658-4c4b-a10b-e17498da8a69 rdf:type owl:Axiom","obo:DOID_1209 oboInOwl:hasDbXref ICD9CM:377.33","obo:DOID_0050902 oboInOwl:hasExactSynonym localized primitive neuroectodermal tumor","d1313f12-f3a8-42bc-98bf-5e545a63d23c owl:annotatedTarget Adrenal cortex adenocarcinoma","266fc34f-cb3d-41cd-ad54-dd4f8bd52d7c owl:annotatedTarget A lice infestation that involves colonization of the hair and skin by the parasitic insect Pediculus humanus capitis, which feeds on blood several times daily and resides close to the scalp to maintain its body temperature. The symptoms include tickling feeling of something moving in the hair, itching, caused by an allergic reaction to louse saliva, and irritability.","50e41ac2-00d6-4098-a905-7a8bbd4c5bf8 owl:annotatedTarget A viral infectious disease that results_in inflammation located_in stomach and located_in intestine in pigs, has_material_basis_in Transmissible gastroenteritis virus, which is transmitted_by ingestion of food contaminated with feces. The infection has_symptom vomiting, has_symptom watery yellow diarrhea, has_symptom weight loss, and has_symptom dehydration.","obo:DOID_11684 oboInOwl:hasDbXref SNOMEDCT_US_2015_03_01:201096007","obo:DOID_0050814 oboInOwl:hasExactSynonym PREAXIAL BRACHYDACTYLY SYNDROME, TEMTAMY TYPE","a043e393-c990-4c7f-9807-7df040d216a0 owl:annotatedSource obo:DOID_9173","obo:DOID_0050141 oboInOwl:hasOBONamespace disease_ontology","obo:DOID_0050090 owl:deprecated true^^http://www.w3.org/2001/XMLSchema#boolean","3a4da3aa-334d-4a12-835c-13fa6a9212c3 owl:annotatedSource obo:DOID_9053","03f90847-d822-4aa6-8c7b-d4183e5cd990 owl:annotatedSource obo:DOID_933","obo:DOID_2093 oboInOwl:hasExactSynonym malignant melanoma of vulva disorder","741f889b-e280-4a95-bd82-a24b84b63227 oboInOwl:hasDbXref url:http://en.wikipedia.org/wiki/Malignant_peripheral_nerve_sheath_tumor","obo:DOID_1209 oboInOwl:hasOBONamespace disease_ontology","obo:DOID_11735 oboInOwl:hasExactSynonym Single manic episode in full remission disorder","obo:DOID_1209 oboInOwl:hasDbXref UMLS_CUI:C0155302","obo:DOID_2181 rdfs:label post-surgical hypoinsulinemia","7ac65017-0d90-4c12-8891-7cfac1e45a5f owl:annotatedSource obo:DOID_2256","b13d8a78-9319-4e04-91e1-5ae70e2e985a oboInOwl:hasDbXref SNOMEDCT_2005_07_31:189051001","8a9ba49c-13e9-43d9-ac68-a07809c02b79 owl:annotatedProperty oboInOwl:hasExactSynonym","6cb29d45-7b33-401b-a376-548115dd2d91 owl:annotatedSource obo:DOID_5283","obo:DOID_2905 oboInOwl:hasExactSynonym Escherichia coli infection","42f3b516-7618-45d8-96be-69704e0a955b oboInOwl:hasDbXref url:http://medicine.jrank.org/pages/2840/Severe-Combined-Immune-Deficiency.html","31268b57-89df-4c25-8865-23d1653fd67a owl:annotatedSource obo:DOID_8487","obo:DOID_1209 oboInOwl:hasExactSynonym Nutritional optic neuropathy disorder","obo:DOID_13141 oboInOwl:hasDbXref SNOMEDCT_US_2015_03_01:267719008","obo:DOID_6545 owl:deprecated true^^http://www.w3.org/2001/XMLSchema#boolean","b13d8a78-9319-4e04-91e1-5ae70e2e985a owl:annotatedTarget Dermatofibroma","obo:DOID_3627 oboInOwl:hasDbXref MSH:D001019","b13d8a78-9319-4e04-91e1-5ae70e2e985a rdf:type owl:Axiom","obo:DOID_3576 rdfs:label sagittal sinus thrombosis","2211a60a-4a08-4658-abff-3a635b4b9bdd oboInOwl:hasDbXref ICD9CM_2006:345.2","obo:DOID_3627 oboInOwl:hasDbXref SNOMEDCT_US_2015_03_01:14336007","1f4fc26f-1a80-49cb-b2c2-d25f89e5cc12 owl:annotatedSource obo:DOID_6917","5494994b-d1e0-4e62-8d2e-8153a7735ae4 owl:annotatedSource obo:DOID_4717","741f889b-e280-4a95-bd82-a24b84b63227 owl:annotatedSource obo:DOID_3193","obo:DOID_14448 obo:IAO_0000115 A gonadal dysgenesis that is characterized by a normal 46,XY karyotype along with a progressive loss of germ cells on the developing gonads of an embryo.","obo:DOID_3627 oboInOwl:hasDbXref SNOMEDCT_US_2015_03_01:195258006","obo:DOID_1209 rdfs:label nutritional optic neuropathy","a1383337-7da7-4d66-ba36-f9ba7d33c993 rdf:type owl:Axiom","099cd49a-1191-45b6-84e7-e9319067ebe4 oboInOwl:hasDbXref url:http://en.wikipedia.org/wiki/Megacolon","d3433ca1-391d-47df-a58c-5b53a4e46fed owl:annotatedSource obo:DOID_3744","obo:DOID_0050053 rdfs:label Rickettsia honei spotted fever","2211a60a-4a08-4658-abff-3a635b4b9bdd rdf:type owl:Axiom","099cd49a-1191-45b6-84e7-e9319067ebe4 owl:annotatedTarget A colonic disease that is characterized by an abnormal dilation of the colon.","ebf494e8-9207-4b60-bf9a-8ffa2563bc6d owl:annotatedTarget A viral infectious disease that results_in inflammation located_in brain, has_material_basis_in Murray Valley encephalitis virus, which is transmitted_by Culex annulirostris mosquitoes. The infection has_symptom fever, has_symptom headache, has_symptom nausea, has_symptom vomiting, has_symptom drowsiness, has_symptom confusion, has_symptom fitting, and has_symptom weakness.","obo:DOID_11823 oboInOwl:hasDbXref SNOMEDCT_US_2015_03_01:51292008","6cb29d45-7b33-401b-a376-548115dd2d91 rdf:type owl:Axiom","a98b77d5-25a3-4cd0-a871-47fe845f0088 owl:annotatedProperty oboInOwl:hasExactSynonym","obo:DOID_6457 oboInOwl:hasDbXref OMIM:615106","obo:DOID_5070 oboInOwl:id DOID:5070","obo:DOID_8787 oboInOwl:hasDbXref SNOMEDCT_US_2015_03_01:78769001","obo:DOID_7480 rdfs:label large cell carcinoma with rhabdoid phenotype","7b5ac0e2-9b19-492a-8685-421cf37f4462 owl:annotatedTarget mixed Choriocarcinoma and teratoma of testis","obo:DOID_3627 oboInOwl:hasDbXref UMLS_CUI:C1305122","153ce35e-e61e-44cc-ac2a-7f33075ac64f owl:annotatedTarget Ependymoma, anaplastic morphologic abnormality","obo:DOID_14448 oboInOwl:hasDbXref OMIM:233420","obo:DOID_8787 oboInOwl:hasExactSynonym Disseminated chorioretinitis and retinochoroiditis NOS disorder","8307c633-b495-4f0f-90e0-36f35417f894 oboInOwl:hasDbXref SNOMEDCT_2005_07_31:83414005","obo:DOID_3627 oboInOwl:hasAlternativeId DOID:11138","350bb7f5-c739-453b-b38e-51aaeae0a7e1 rdf:type owl:Axiom","6b2e87bf-bf1d-4395-aa35-9153eeda47d7 owl:annotatedProperty oboInOwl:hasExactSynonym","048cc7ba-2832-45d5-b96b-14e0927dd2cc owl:annotatedProperty oboInOwl:hasExactSynonym","obo:DOID_12206 oboInOwl:hasDbXref ICD10CM:A91","obo:DOID_3627 oboInOwl:hasDbXref SNOMEDCT_US_2015_03_01:155423003","e446e4f2-572d-4c96-b55d-26350f7f979c owl:annotatedProperty oboInOwl:hasExactSynonym","8307c633-b495-4f0f-90e0-36f35417f894 owl:annotatedTarget Macrocytic anemia disorder","obo:DOID_13141 oboInOwl:hasDbXref SNOMEDCT_US_2015_03_01:75614007","obo:DOID_3664 oboInOwl:hasDbXref ICD10CM:D47.0","obo:DOID_1209 oboInOwl:id DOID:1209","obo:DOID_3627 oboInOwl:hasExactSynonym Ruptured aortic aneurysm disorder","obo:DOID_3627 oboInOwl:hasDbXref NCI:C26697","obo:DOID_7179 oboInOwl:hasDbXref NCI:C4148","obo:DOID_11772 oboInOwl:hasDbXref ICD9CM:360.44","a05d48ed-73ad-464e-baff-986b4a6b8ebc oboInOwl:hasDbXref url:http://www.scid.net/","cb677c17-92e6-44bd-b926-f8f1cfa34e3c owl:annotatedProperty oboInOwl:hasExactSynonym","obo:DOID_11823 oboInOwl:hasExactSynonym Hepatorenal syndrome","obo:DOID_6457 oboInOwl:hasOBONamespace disease_ontology","8a42d858-1d46-45a2-8d5d-95ea48f921da rdf:type owl:Axiom","obo:DOID_13141 oboInOwl:id DOID:13141","1f4fc26f-1a80-49cb-b2c2-d25f89e5cc12 owl:annotatedProperty oboInOwl:hasExactSynonym","9895ff78-9d65-4e02-bd40-66042181fda7 rdf:type owl:Axiom","6e6f4cdf-a979-443d-a404-6373f943c16d rdf:type owl:Axiom","obo:DOID_0050053 oboInOwl:hasOBONamespace disease_ontology","obo:DOID_8875 oboInOwl:id DOID:8875","obo:DOID_6457 oboInOwl:hasDbXref OMIM:615107","ad265e9b-84c0-4845-82bc-0ceba23bcdb7 owl:annotatedProperty oboInOwl:hasExactSynonym","1515ab5e-2a4f-44e2-83ba-e3a4ddda2c2e owl:annotatedProperty oboInOwl:hasExactSynonym","obo:DOID_2093 oboInOwl:hasOBONamespace disease_ontology","obo:DOID_0050053 oboInOwl:id DOID:0050053","a1383337-7da7-4d66-ba36-f9ba7d33c993 owl:annotatedTarget Invasive tubular carcinoma of breast","7296533c-914c-4f23-ae61-a4d3f27dc3bf rdf:type owl:Axiom","e6182c06-1266-4b78-adff-26061f577cc6 owl:annotatedProperty oboInOwl:hasExactSynonym","obo:DOID_3627 oboInOwl:hasExactSynonym Ruptured abdominal Aortic Aneurysm","obo:DOID_10925 rdfs:label catatonic schizophrenia","obo:DOID_10039 oboInOwl:hasDbXref SNOMEDCT_US_2015_03_01:82323002","c05dbf39-5a99-44cb-b358-a579830ea41d owl:annotatedTarget Landing syndrome","obo:DOID_6457 oboInOwl:inSubset doid:DO_MGI_slim","b13d8a78-9319-4e04-91e1-5ae70e2e985a owl:annotatedSource obo:DOID_4418","obo:DOID_1510 oboInOwl:id DOID:1510","obo:DOID_2905 rdfs:label commensal Escherichia coli infectious disease","6b7d1141-8153-4699-bde0-ffdd12bfc386 owl:annotatedSource obo:DOID_2939","obo:DOID_1510 oboInOwl:hasOBONamespace disease_ontology","obo:DOID_10340 oboInOwl:hasOBONamespace disease_ontology","obo:DOID_11823 oboInOwl:hasExactSynonym Hepatorenal syndrome disorder","4ecec4ef-6f12-4c0b-9d05-e96087fbaa21 owl:annotatedProperty obo:IAO_0000115","480ad670-c6fb-4869-b22e-7092afaa1959 rdf:type owl:Axiom","5b9e92b1-2eee-4a08-a44b-e25518b9b672 owl:annotatedTarget A speech disorder that involves mispronouncing speech sounds by omitting, distorting, substituting, or adding sounds which can make speech difficult to understand.","6e6f4cdf-a979-443d-a404-6373f943c16d oboInOwl:hasDbXref SNOMEDCT_2005_07_31:79740000","obo:DOID_14448 oboInOwl:hasExactSynonym 46,XY SEX REVERSAL","obo:DOID_2093 oboInOwl:id DOID:2093","31268b57-89df-4c25-8865-23d1653fd67a rdf:type owl:Axiom","c05dbf39-5a99-44cb-b358-a579830ea41d oboInOwl:hasDbXref CSP2005:1849-8633","42f3b516-7618-45d8-96be-69704e0a955b rdf:type owl:Axiom","8307c633-b495-4f0f-90e0-36f35417f894 owl:annotatedProperty oboInOwl:hasExactSynonym","obo:DOID_2093 oboInOwl:hasDbXref NCI:C40329","51315f7d-40fa-4fb0-ad84-f13dce0b73f6 rdf:type owl:Axiom","obo:DOID_3752 rdfs:subClassOf obo:DOID_2876","obo:DOID_2181 oboInOwl:id DOID:2181","obo:DOID_10039 oboInOwl:hasOBONamespace disease_ontology","e838a261-aaea-4233-889a-62d03b3be5f0 oboInOwl:hasDbXref SNOMEDCT_2005_07_31:4590003","e838a261-aaea-4233-889a-62d03b3be5f0 rdf:type owl:Axiom","obo:DOID_587 oboInOwl:hasExactSynonym tuberculous cavity of lung","obo:DOID_3840 oboInOwl:hasDbXref SNOMEDCT_US_2015_03_01:189179009","obo:DOID_6457 oboInOwl:hasExactSynonym dysplastic Gangliocytoma of Cerebellum","obo:DOID_3627 oboInOwl:hasDbXref SNOMEDCT_US_2015_03_01:195265003","9895ff78-9d65-4e02-bd40-66042181fda7 oboInOwl:hasDbXref SNOMEDCT_2005_07_31:205492005","e446e4f2-572d-4c96-b55d-26350f7f979c rdf:type owl:Axiom","obo:DOID_4386 rdfs:subClassOf obo:DOID_201","048cc7ba-2832-45d5-b96b-14e0927dd2cc rdf:type owl:Axiom","6b2e87bf-bf1d-4395-aa35-9153eeda47d7 rdf:type owl:Axiom","350bb7f5-c739-453b-b38e-51aaeae0a7e1 owl:annotatedProperty oboInOwl:hasExactSynonym","obo:DOID_10039 obo:IAO_0000115 A congenital syphilis that occurs in children at or greater than two years of age who acquired the infection trans-placentally. The infection has_symptom gummatous ulcers, has_symptom periosteal lesions, has_symptom paresis, has_symptom tabes, has_symptom optic atrophy, has_symptom interstitial keratitis, has_symptom sensorineural deafness, and has_symptom dental deformities.","obo:DOID_5070 oboInOwl:hasExactSynonym neoplasm of body of uterus disorder","obo:DOID_0050090 oboInOwl:hasOBONamespace disease_ontology","80028deb-2e96-4b1e-9847-d25c076923bc oboInOwl:hasDbXref NCI2004_11_17:C5365","c5199d10-4efb-439c-9d0d-e7548b61d348 owl:annotatedTarget leiomyoma of the skin","eadf7dbe-b9ed-4380-8dbe-7fd720a5b6b4 oboInOwl:hasDbXref SNOMEDCT_2005_07_31:266399001","obo:DOID_10039 oboInOwl:hasDbXref SNOMEDCT_US_2015_03_01:187350002","66418c7c-7f4f-4a20-a63b-19157d586483 owl:annotatedTarget acute and chronic respiratory failure","obo:DOID_0050141 obo:IAO_0000115 A botulism that involves intoxication caused by botulinum neurotoxins BoNTA, B, E and F in adults, has_material_basis_in Clostridium botulinum A, has_material_basis_in Clostridium botulinum B, has_material_basis_in Clostridium botulinum E and has_material_basis_in Clostridium botulinum F, which are transmitted_by ingestion of bacterial spores, which then grow in the intestine and release toxins.","31268b57-89df-4c25-8865-23d1653fd67a oboInOwl:hasDbXref ICD9CM_2006:361.14","cb677c17-92e6-44bd-b926-f8f1cfa34e3c rdf:type owl:Axiom","obo:DOID_3627 oboInOwl:hasExactSynonym Aortic aneurysm of unspecified site, ruptured disorder","obo:DOID_3627 oboInOwl:hasDbXref MSH:D001014","obo:DOID_3715 rdf:type owl:Class","276a781e-a016-4a3d-9e15-ed536ae8902f owl:annotatedProperty obo:IAO_0000115","obo:DOID_763 oboInOwl:hasExactSynonym Meningococcal carditis NOS disorder","obo:DOID_2181 oboInOwl:hasExactSynonym Postsurgical hypoinsulinemia disorder","6494c7ce-0779-4fae-bf98-e650b1e9892b owl:annotatedSource obo:DOID_11976","obo:DOID_2232 oboInOwl:hasOBONamespace disease_ontology","obo:DOID_6457 oboInOwl:hasDbXref SNOMEDCT_US_2015_03_01:58037000","obo:DOID_763 oboInOwl:hasExactSynonym Meningococcal carditis unspecified disorder","6b2e87bf-bf1d-4395-aa35-9153eeda47d7 owl:annotatedSource obo:DOID_10286","obo:DOID_12206 rdfs:subClassOf obo:DOID_12205","5494994b-d1e0-4e62-8d2e-8153a7735ae4 owl:annotatedTarget A germ cell cancer that derives_from germ cells that are found in areas of the body other than the ovary or testicle. The tumors originate in the sperm forming cells in the testicles or egg producing cells in the ovary.","obo:DOID_4298 rdf:type owl:Class","ad265e9b-84c0-4845-82bc-0ceba23bcdb7 owl:annotatedTarget Factor XIII deficiency disease disorder","480ad670-c6fb-4869-b22e-7092afaa1959 owl:annotatedProperty oboInOwl:hasExactSynonym","obo:DOID_3627 oboInOwl:hasDbXref SNOMEDCT_US_2015_03_01:155424009","099cd49a-1191-45b6-84e7-e9319067ebe4 owl:annotatedProperty obo:IAO_0000115","obo:DOID_0050902 oboInOwl:hasDbXref SNOMEDCT_US_2015_03_01:699028006","obo:DOID_2181 oboInOwl:hasDbXref SNOMEDCT_US_2015_03_01:190437000","153ce35e-e61e-44cc-ac2a-7f33075ac64f oboInOwl:hasDbXref SNOMEDCT_2005_07_31:21589007","obo:DOID_3664 rdfs:subClassOf obo:DOID_2531","obo:DOID_4386 rdf:type owl:Class","a90e7ea6-a2e7-47ea-919e-9950b74c84c3 owl:annotatedTarget pulpal calcifications","obo:DOID_6457 oboInOwl:hasAlternativeId DOID:3471","obo:DOID_6457 oboInOwl:hasDbXref UMLS_CUI:C0018553","50e41ac2-00d6-4098-a905-7a8bbd4c5bf8 owl:annotatedSource obo:DOID_5085","obo:DOID_8787 oboInOwl:hasDbXref SNOMEDCT_US_2015_03_01:193447003","e6182c06-1266-4b78-adff-26061f577cc6 rdf:type owl:Axiom","obo:DOID_3627 oboInOwl:hasExactSynonym abdominal aortic aneurysm, ruptured","1515ab5e-2a4f-44e2-83ba-e3a4ddda2c2e rdf:type owl:Axiom","cb677c17-92e6-44bd-b926-f8f1cfa34e3c owl:annotatedSource obo:DOID_10152","ad265e9b-84c0-4845-82bc-0ceba23bcdb7 rdf:type owl:Axiom","6e6f4cdf-a979-443d-a404-6373f943c16d owl:annotatedProperty oboInOwl:hasExactSynonym","obo:DOID_0050902 rdfs:label medulloblastoma","1f4fc26f-1a80-49cb-b2c2-d25f89e5cc12 rdf:type owl:Axiom","9895ff78-9d65-4e02-bd40-66042181fda7 owl:annotatedProperty oboInOwl:hasExactSynonym","e838a261-aaea-4233-889a-62d03b3be5f0 owl:annotatedProperty oboInOwl:hasExactSynonym","obo:DOID_3840 oboInOwl:hasExactSynonym neoplasm of Rathkes Pouch","obo:DOID_0050814 rdfs:label temtamy preaxial brachydactyly syndrome","b3eb41ea-8985-46dc-93ff-d80d8ce85bc2 oboInOwl:hasDbXref url:http://en.wikipedia.org/wiki/Adenocarcinoma","51315f7d-40fa-4fb0-ad84-f13dce0b73f6 owl:annotatedProperty oboInOwl:hasExactSynonym","obo:DOID_6545 oboInOwl:hasOBONamespace disease_ontology","21d213bb-0f97-4274-a335-8cee1692e568 owl:annotatedSource obo:DOID_13413","obo:DOID_3627 oboInOwl:hasAlternativeId DOID:7692","8307c633-b495-4f0f-90e0-36f35417f894 rdf:type owl:Axiom","obo:DOID_11684 oboInOwl:id DOID:11684","obo:DOID_8875 oboInOwl:hasExactSynonym Hodgkins sarcoma of lymph nodes of multiple sites disorder","480ad670-c6fb-4869-b22e-7092afaa1959 owl:annotatedTarget disorder of 1st nerve","31268b57-89df-4c25-8865-23d1653fd67a owl:annotatedProperty oboInOwl:hasExactSynonym","obo:DOID_0050902 oboInOwl:hasExactSynonym CPNET","obo:DOID_0050141 oboInOwl:id DOID:0050141","obo:DOID_3576 oboInOwl:hasDbXref MSH:D020225","4ecec4ef-6f12-4c0b-9d05-e96087fbaa21 oboInOwl:hasDbXref url:http://en.wikipedia.org/wiki/DCLRE1C","60b87272-423a-4ce3-aa1b-bb184fa8a45d oboInOwl:hasDbXref SNOMEDCT_2005_07_31:80801001","779ba93d-7658-4c4b-a10b-e17498da8a69 owl:annotatedProperty oboInOwl:hasExactSynonym","obo:DOID_11684 oboInOwl:hasExactSynonym Melanoacanthoma disorder","4e9d56fa-1e80-4f4b-812d-d6803b5d15e6 oboInOwl:hasDbXref url:http://www.mayoclinic.com/health/post-polio-syndrome/DS00494/DSECTION\u003dsymptoms","5f01af48-6c97-47eb-8cfe-d475ec47d700 owl:annotatedProperty obo:IAO_0000115","d3433ca1-391d-47df-a58c-5b53a4e46fed oboInOwl:hasDbXref NCI2004_11_17:C4028","obo:DOID_1510 oboInOwl:hasDbXref SNOMEDCT_US_2015_03_01:191770003","obo:DOID_3627 oboInOwl:hasExactSynonym Aortic aneurysm of unspecified site, ruptured","31268b57-89df-4c25-8865-23d1653fd67a owl:annotatedTarget secondary retinal cysts","d446654e-4a0f-4a68-a6e4-0f68f8644aed owl:annotatedTarget renal Osteogenic sarcoma","5494994b-d1e0-4e62-8d2e-8153a7735ae4 oboInOwl:hasDbXref url:http://www.cancer.gov/cancertopics/types/extragonadal-germ-cell","obo:DOID_3664 oboInOwl:hasDbXref SNOMEDCT_US_2015_03_01:127581004","obo:DOID_3664 rdfs:label mast cell neoplasm","4969d828-5c36-4762-a37b-5a31cbd16e04 owl:annotatedTarget A non-Hodgkin lymphoma that is characterized as an indolent non-Hodgkins lymphoma and has_material_basis_in follicle center B-cells centrocytes and centroblasts.","1515ab5e-2a4f-44e2-83ba-e3a4ddda2c2e oboInOwl:hasDbXref SNOMEDCT_2005_07_31:28713008","obo:DOID_0050902 oboInOwl:hasDbXref UMLS_CUI:C1334410","8a9ba49c-13e9-43d9-ac68-a07809c02b79 rdf:type owl:Axiom","12a57ee5-d38c-4f5d-81c0-0729600cb683 owl:annotatedProperty obo:IAO_0000115","5b9e92b1-2eee-4a08-a44b-e25518b9b672 rdf:type owl:Axiom","5494994b-d1e0-4e62-8d2e-8153a7735ae4 owl:annotatedProperty obo:IAO_0000115","6494c7ce-0779-4fae-bf98-e650b1e9892b oboInOwl:hasDbXref url:http://jnnp.bmj.com/content/75/suppl_3/iii35.full.pdf+html","7ac65017-0d90-4c12-8891-7cfac1e45a5f oboInOwl:hasDbXref SNOMEDCT_2005_07_31:105985007","obo:DOID_7480 oboInOwl:hasOBONamespace disease_ontology","obo:DOID_8875 rdf:type owl:Class","03f90847-d822-4aa6-8c7b-d4183e5cd990 oboInOwl:hasDbXref SNOMEDCT_2005_07_31:154415009","12cb30fd-4e6b-4f18-b2b7-6b107dcde06c owl:annotatedSource obo:DOID_11907","obo:DOID_6545 rdfs:label adult atypical meningioma","obo:DOID_3840 rdf:type owl:Class","obo:DOID_3840 rdfs:label craniopharyngioma","obo:DOID_11772 rdfs:label leukocoria","obo:DOID_6721 oboInOwl:hasOBONamespace disease_ontology","b13d8a78-9319-4e04-91e1-5ae70e2e985a owl:annotatedProperty oboInOwl:hasExactSynonym","obo:DOID_2093 rdfs:subClassOf obo:DOID_1245","266fc34f-cb3d-41cd-ad54-dd4f8bd52d7c owl:annotatedSource obo:DOID_5501","obo:DOID_14448 oboInOwl:hasDbXref MSH:D006061","obo:DOID_6721 rdfs:label littre gland carcinoma","obo:DOID_8787 rdf:type owl:Class","741f889b-e280-4a95-bd82-a24b84b63227 owl:annotatedProperty obo:IAO_0000115","a98b77d5-25a3-4cd0-a871-47fe845f0088 rdf:type owl:Axiom","obo:DOID_3627 rdf:type owl:Class","0dfde9c0-b2b4-4a33-9e84-bccd188171b4 owl:annotatedSource obo:DOID_11944","6494c7ce-0779-4fae-bf98-e650b1e9892b oboInOwl:hasDbXref url:http://en.wikipedia.org/wiki/Botulism","obo:DOID_1209 rdfs:subClassOf obo:DOID_1210","obo:DOID_0050053 owl:deprecated true^^http://www.w3.org/2001/XMLSchema#boolean","6cb29d45-7b33-401b-a376-548115dd2d91 owl:annotatedProperty oboInOwl:hasExactSynonym","obo:DOID_6457 oboInOwl:hasDbXref SNOMEDCT_US_2015_03_01:67944007","2211a60a-4a08-4658-abff-3a635b4b9bdd owl:annotatedProperty oboInOwl:hasExactSynonym","a1383337-7da7-4d66-ba36-f9ba7d33c993 owl:annotatedProperty oboInOwl:hasExactSynonym","obo:DOID_3627 oboInOwl:hasDbXref SNOMEDCT_US_2015_03_01:73067008","obo:DOID_7480 oboInOwl:id DOID:7480","obo:DOID_8787 oboInOwl:hasDbXref UMLS_CUI:C0154879","a98b77d5-25a3-4cd0-a871-47fe845f0088 owl:annotatedSource obo:DOID_14325","a05d48ed-73ad-464e-baff-986b4a6b8ebc rdf:type owl:Axiom","obo:DOID_10340 owl:deprecated true^^http://www.w3.org/2001/XMLSchema#boolean","f49a6b1f-fd52-47d7-a264-979feaa6a8c2 owl:annotatedSource obo:DOID_4186","obo:DOID_13141 oboInOwl:hasDbXref ICD10CM:H20.9","obo:DOID_0050902 oboInOwl:hasAlternativeId DOID:4981","obo:DOID_3627 oboInOwl:hasAlternativeId DOID:7682"],"InferredAxioms":["obo:DOID_2598 rdf:type rdfs:Class","rdf:object rdfs:domain rdf:Statement","obo:DOID_3840 rdfs:subClassOf obo:DOID_3840","obo:DOID_0050141 rdfs:subClassOf obo:DOID_0050141","obo:DOID_8886 rdfs:subClassOf obo:DOID_8886","rdf:Bag rdfs:subClassOf rdf:Bag","obo:DOID_6721 rdfs:subClassOf obo:DOID_6721","obo:DOID_1209 rdfs:subClassOf obo:DOID_1209","obo:DOID_2531 rdf:type rdfs:Resource","obo:DOID_0050737 rdfs:subClassOf obo:DOID_0050737","rdfs:Resource rdf:type rdfs:Class","obo:DOID_6457 rdf:type rdfs:Resource","obo:DOID_150 rdf:type rdfs:Resource","rdf:XMLLiteral rdf:type rdfs:Datatype","rdf:XMLLiteral rdf:type rdfs:Class","obo:DOID_9856 rdf:type rdfs:Resource","obo:DOID_11772 rdf:type rdfs:Class","rdf:first rdfs:domain rdf:List","rdfs:domain rdfs:domain rdf:Property","obo:DOID_3576 rdf:type rdfs:Class","obo:DOID_0050736 rdf:type rdfs:Resource","rdf:predicate rdfs:domain rdf:Statement","obo:DOID_11823 rdfs:subClassOf obo:DOID_11823","obo:DOID_8886 rdf:type rdfs:Resource","obo:DOID_3840 rdf:type rdfs:Resource","obo:DOID_0050737 rdf:type rdfs:Resource","rdfs:domain rdf:type rdfs:Resource","rdfs:subPropertyOf rdfs:range rdf:Property","rdf:Seq rdf:type rdfs:Class","obo:DOID_0050736 rdfs:subClassOf obo:DOID_0050736","rdf:predicate rdfs:subPropertyOf rdf:predicate","obo:DOID_409 rdf:type rdfs:Class","obo:DOID_1210 rdf:type rdfs:Class","obo:DOID_3752 rdf:type rdfs:Class","obo:DOID_11684 rdf:type rdfs:Resource","rdf:Alt rdfs:subClassOf rdf:Alt","owl:Class rdf:type rdfs:Resource","obo:DOID_10039 rdf:type rdfs:Resource","obo:DOID_8787 rdf:type rdfs:Resource","rdfs:domain rdf:type rdf:Property","obo:DOID_3664 rdfs:subClassOf obo:DOID_3664","rdfs:subClassOf rdf:type rdfs:Resource","obo:DOID_12205 rdf:type rdfs:Resource","obo:DOID_3627 rdf:type rdfs:Resource","obo:DOID_2093 rdf:type rdfs:Resource","obo:DOID_6498 rdf:type rdfs:Resource","rdf:rest rdfs:range rdf:List","obo:DOID_1245 rdfs:subClassOf obo:DOID_1245","obo:DOID_9856 rdfs:subClassOf obo:DOID_9856","rdf:first rdfs:subPropertyOf rdf:first","obo:DOID_4556 rdfs:subClassOf obo:DOID_4556","obo:DOID_2876 rdf:type rdfs:Resource","rdf:Alt rdf:type rdfs:Class","obo:DOID_12206 rdf:type rdfs:Resource","obo:DOID_150 rdfs:subClassOf obo:DOID_150","rdf:List rdf:type rdfs:Class","rdfs:subClassOf rdf:type rdf:Property","obo:DOID_3856 rdf:type rdfs:Resource","obo:DOID_1510 rdf:type rdfs:Resource","obo:DOID_1245 rdf:type rdfs:Class","obo:DOID_0050814 rdf:type rdfs:Resource","obo:DOID_4706 rdf:type rdfs:Resource","obo:DOID_3664 rdf:type rdfs:Class","rdf:Bag rdfs:subClassOf rdfs:Container","rdf:Property rdfs:subClassOf rdfs:Resource","obo:DOID_2531 rdfs:subClassOf obo:DOID_2531","rdf:predicate rdf:type rdf:Property","obo:DOID_11976 rdf:type rdfs:Class","rdf:Statement rdf:type rdfs:Resource","rdf:Bag rdf:type rdfs:Resource","obo:DOID_0050141 rdf:type rdfs:Resource","rdf:object rdfs:subPropertyOf rdf:object","rdf:nil rdf:type rdf:List","obo:DOID_3752 rdfs:subClassOf obo:DOID_3752","obo:DOID_1209 rdf:type rdfs:Resource","rdfs:comment rdfs:range rdfs:Literal","owl:Axiom rdf:type rdfs:Class","obo:DOID_1210 rdfs:subClassOf obo:DOID_1210","rdf:predicate rdf:type rdfs:Resource","rdf:Property rdfs:subClassOf rdf:Property","obo:DOID_13141 rdf:type rdfs:Class","obo:DOID_409 rdfs:subClassOf obo:DOID_409","obo:DOID_520 rdf:type rdfs:Class","obo:DOID_9799 rdf:type rdfs:Resource","rdf:object rdf:type rdfs:Resource","obo:DOID_1428 rdf:type rdfs:Resource","obo:DOID_7480 rdf:type rdfs:Class","obo:DOID_3572 rdfs:subClassOf obo:DOID_3572","obo:DOID_3910 rdf:type rdfs:Resource","rdfs:Container rdf:type rdfs:Class","obo:DOID_0050902 rdf:type rdfs:Resource","rdf:Statement rdfs:subClassOf rdfs:Resource","obo:DOID_2181 rdf:type rdfs:Resource","rdfs:isDefinedBy rdfs:subPropertyOf rdfs:seeAlso","obo:DOID_2181 rdfs:subClassOf obo:DOID_2181","rdf:Seq rdfs:subClassOf rdf:Seq","obo:DOID_6457 rdfs:subClassOf obo:DOID_6457","rdf:object rdf:type rdf:Property","rdf:Property rdf:type rdfs:Resource","rdfs:Literal rdf:type rdfs:Class","obo:DOID_0050902 rdfs:subClassOf obo:DOID_0050902","obo:DOID_7267 rdf:type rdfs:Resource","obo:DOID_11823 rdf:type rdfs:Class","obo:DOID_201 rdf:type rdfs:Resource","rdfs:Class rdfs:subClassOf rdfs:Class","obo:DOID_4386 rdf:type rdfs:Resource","obo:DOID_6721 rdf:type rdfs:Class","rdfs:subClassOf rdfs:range rdfs:Class","rdfs:Datatype rdf:type rdfs:Resource","obo:DOID_3910 rdfs:subClassOf obo:DOID_3910","obo:DOID_4556 rdf:type rdfs:Class","rdfs:ContainerMembershipProperty rdf:type rdfs:Resource","obo:DOID_1428 rdfs:subClassOf obo:DOID_1428","rdf:rest rdf:type rdf:Property","rdfs:seeAlso rdf:type rdfs:Resource","rdfs:comment rdf:type rdfs:Resource","obo:DOID_3829 rdf:type rdfs:Resource","obo:DOID_14448 rdf:type rdfs:Resource","rdfs:domain rdfs:range rdfs:Class","obo:DOID_3572 rdf:type rdfs:Class","obo:DOID_3021 rdf:type rdfs:Resource","obo:DOID_7179 rdf:type rdfs:Resource","obo:DOID_9799 rdfs:subClassOf obo:DOID_9799","obo:DOID_14447 rdf:type rdfs:Resource","rdfs:Class rdf:type rdfs:Class","obo:DOID_0060090 rdf:type rdfs:Class","obo:DOID_0060090 rdfs:subClassOf obo:DOID_0060090","rdf:rest rdf:type rdfs:Resource","obo:DOID_3480 rdf:type rdfs:Resource","rdfs:seeAlso rdf:type rdf:Property","rdfs:comment rdf:type rdf:Property","rdfs:ContainerMembershipProperty rdfs:subClassOf rdf:Property","obo:DOID_8002 rdf:type rdfs:Resource","obo:DOID_1428 rdf:type rdfs:Class","obo:DOID_9799 rdf:type rdfs:Class","obo:DOID_201 rdfs:subClassOf obo:DOID_201","obo:DOID_520 rdf:type rdfs:Resource","obo:DOID_0050902 rdf:type rdfs:Class","obo:DOID_13141 rdfs:subClassOf obo:DOID_13141","rdf:nil rdf:type rdfs:Resource","rdfs:Container rdf:type rdfs:Resource","rdf:subject rdf:type rdf:Property","obo:DOID_7480 rdf:type rdfs:Resource","rdf:Seq rdfs:subClassOf rdfs:Container","obo:DOID_3910 rdf:type rdfs:Class","obo:DOID_7267 rdfs:subClassOf obo:DOID_7267","rdf:rest rdfs:domain rdf:List","obo:DOID_6498 rdfs:subClassOf obo:DOID_6498","obo:DOID_2181 rdf:type rdfs:Class","rdf:subject rdf:type rdfs:Resource","rdfs:isDefinedBy rdfs:subPropertyOf rdfs:isDefinedBy","rdf:Property rdf:type rdfs:Class","obo:DOID_11976 rdf:type rdfs:Resource","obo:DOID_2093 rdfs:subClassOf obo:DOID_2093","rdf:Statement rdf:type rdfs:Class","obo:DOID_3627 rdfs:subClassOf obo:DOID_3627","obo:DOID_12205 rdfs:subClassOf obo:DOID_12205","rdfs:label rdf:type rdf:Property","obo:DOID_1209 rdf:type rdfs:Class","rdfs:label rdf:type rdfs:Resource","obo:DOID_4386 rdfs:subClassOf obo:DOID_4386","rdf:Bag rdf:type rdfs:Class","obo:DOID_0050141 rdf:type rdfs:Class","rdf:Alt rdfs:subClassOf rdfs:Container","obo:DOID_13141 rdf:type rdfs:Resource","rdfs:subPropertyOf rdfs:domain rdf:Property","owl:Axiom rdf:type rdfs:Resource","obo:DOID_14448 rdf:type rdfs:Class","obo:DOID_3829 rdf:type rdfs:Class","obo:DOID_3856 rdfs:subClassOf obo:DOID_3856","rdfs:label rdfs:range rdfs:Literal","rdfs:Datatype rdfs:subClassOf rdfs:Datatype","rdfs:Datatype rdfs:subClassOf rdfs:Class","obo:DOID_1510 rdfs:subClassOf obo:DOID_1510","obo:DOID_3021 rdf:type rdfs:Class","rdfs:subPropertyOf rdf:type rdf:Property","obo:DOID_3572 rdf:type rdfs:Resource","obo:DOID_0050814 rdfs:subClassOf obo:DOID_0050814","obo:DOID_14447 rdf:type rdfs:Class","rdfs:Class rdf:type rdfs:Resource","obo:DOID_4706 rdfs:subClassOf obo:DOID_4706","rdfs:range rdfs:range rdfs:Class","obo:DOID_7179 rdf:type rdfs:Class","rdfs:subPropertyOf rdf:type rdfs:Resource","rdfs:Literal rdfs:subClassOf rdfs:Resource","obo:DOID_8002 rdf:type rdfs:Class","obo:DOID_3480 rdf:type rdfs:Class","obo:DOID_0060090 rdf:type rdfs:Resource","obo:DOID_11772 rdfs:subClassOf obo:DOID_11772","obo:DOID_201 rdf:type rdfs:Class","obo:DOID_11823 rdf:type rdfs:Resource","obo:DOID_7267 rdf:type rdfs:Class","rdfs:Literal rdf:type rdfs:Resource","rdf:type rdf:type rdf:Property","rdfs:Class rdfs:subClassOf rdfs:Resource","obo:DOID_2876 rdfs:subClassOf obo:DOID_2876","obo:DOID_4386 rdf:type rdfs:Class","obo:DOID_6721 rdf:type rdfs:Resource","obo:DOID_4556 rdf:type rdfs:Resource","rdfs:ContainerMembershipProperty rdfs:subClassOf rdfs:ContainerMembershipProperty","obo:DOID_3576 rdfs:subClassOf obo:DOID_3576","rdfs:Datatype rdf:type rdfs:Class","obo:DOID_12206 rdfs:subClassOf obo:DOID_12206","rdfs:ContainerMembershipProperty rdf:type rdfs:Class","rdf:type rdf:type rdfs:Resource","obo:DOID_11976 rdfs:subClassOf obo:DOID_11976","obo:DOID_11772 rdf:type rdfs:Resource","obo:DOID_9856 rdf:type rdfs:Class","obo:DOID_150 rdf:type rdfs:Class","rdf:XMLLiteral rdf:type rdfs:Resource","obo:DOID_0050736 rdf:type rdfs:Class","obo:DOID_3576 rdf:type rdfs:Resource","rdfs:isDefinedBy rdf:type rdfs:Resource","obo:DOID_3021 rdfs:subClassOf obo:DOID_3021","rdfs:range rdfs:domain rdf:Property","rdfs:isDefinedBy rdf:type rdf:Property","obo:DOID_0050737 rdf:type rdfs:Class","obo:DOID_8886 rdf:type rdfs:Class","obo:DOID_3840 rdf:type rdfs:Class","obo:DOID_14448 rdfs:subClassOf obo:DOID_14448","obo:DOID_2598 rdf:type rdfs:Resource","obo:DOID_3829 rdfs:subClassOf obo:DOID_3829","rdf:rest rdfs:subPropertyOf rdf:rest","rdfs:subClassOf rdfs:domain rdfs:Class","obo:DOID_2531 rdf:type rdfs:Class","rdfs:Resource rdf:type rdfs:Resource","rdf:subject rdfs:domain rdf:Statement","obo:DOID_6457 rdf:type rdfs:Class","obo:DOID_12205 rdf:type rdfs:Class","obo:DOID_3627 rdf:type rdfs:Class","obo:DOID_2093 rdf:type rdfs:Class","rdf:first rdf:type rdfs:Resource","obo:DOID_520 rdfs:subClassOf obo:DOID_520","obo:DOID_11684 rdfs:subClassOf obo:DOID_11684","obo:DOID_6498 rdf:type rdfs:Class","rdfs:seeAlso rdfs:subPropertyOf rdfs:seeAlso","obo:DOID_3480 rdfs:subClassOf obo:DOID_3480","obo:DOID_12206 rdf:type rdfs:Class","rdf:type rdfs:range rdfs:Class","obo:DOID_2876 rdf:type rdfs:Class","rdf:Alt rdf:type rdfs:Resource","rdf:first rdf:type rdf:Property","obo:DOID_3664 rdf:type rdfs:Resource","obo:DOID_0050814 rdf:type rdfs:Class","obo:DOID_1245 rdf:type rdfs:Resource","obo:DOID_4706 rdf:type rdfs:Class","obo:DOID_1510 rdf:type rdfs:Class","obo:DOID_8002 rdfs:subClassOf obo:DOID_8002","obo:DOID_3856 rdf:type rdfs:Class","rdf:List rdf:type rdfs:Resource","rdfs:range rdf:type rdf:Property","rdf:List rdfs:subClassOf rdfs:Resource","rdf:subject rdfs:subPropertyOf rdf:subject","obo:DOID_7179 rdfs:subClassOf obo:DOID_7179","rdf:Seq rdf:type rdfs:Resource","rdfs:Container rdfs:subClassOf rdfs:Container","obo:DOID_3752 rdf:type rdfs:Resource","obo:DOID_7480 rdfs:subClassOf obo:DOID_7480","obo:DOID_409 rdf:type rdfs:Resource","obo:DOID_8787 rdfs:subClassOf obo:DOID_8787","obo:DOID_1210 rdf:type rdfs:Resource","obo:DOID_10039 rdfs:subClassOf obo:DOID_10039","obo:DOID_14447 rdfs:subClassOf obo:DOID_14447","obo:DOID_11684 rdf:type rdfs:Class","obo:DOID_2598 rdfs:subClassOf obo:DOID_2598","obo:DOID_10039 rdf:type rdfs:Class","rdfs:range rdf:type rdfs:Resource","obo:DOID_8787 rdf:type rdfs:Class","owl:Class rdf:type rdfs:Class"],"InvalidAxioms":["obo:DOID_3829 rdfs:subClassOf obo:DOID_7480","obo:DOID_520 rdfs:subClassOf obo:DOID_14447","rdfs:label rdfs:subPropertyOf rdfs:seeAlso","obo:DOID_6457 rdf:type rdf:Property","obo:DOID_409 rdfs:domain rdf:List","obo:DOID_11684 rdfs:subClassOf obo:DOID_2598","rdf:type rdfs:subClassOf obo:DOID_3752","rdfs:Literal rdfs:subClassOf obo:DOID_3021","obo:DOID_3572 rdfs:subPropertyOf rdf:rest","obo:DOID_11976 rdfs:subClassOf obo:DOID_0050814","rdfs:subClassOf rdfs:domain rdf:Property","rdf:List rdfs:domain rdfs:Class","rdfs:seeAlso rdfs:subPropertyOf rdf:subject","rdfs:isDefinedBy rdf:type rdf:List","rdf:first rdfs:domain rdfs:Class","obo:DOID_13141 rdfs:subClassOf obo:DOID_0050814","obo:DOID_3576 rdfs:subClassOf obo:DOID_11684","rdfs:label rdfs:subClassOf obo:DOID_4706","obo:DOID_520 rdfs:subClassOf obo:DOID_4556","obo:DOID_7480 rdfs:range rdf:Property","obo:DOID_7179 rdfs:subClassOf rdfs:Container","rdfs:Container rdfs:subClassOf obo:DOID_7179","obo:DOID_6457 rdfs:subClassOf rdfs:Resource","obo:DOID_3829 rdfs:subClassOf obo:DOID_520","obo:DOID_3840 rdf:type rdf:Property","obo:DOID_13141 rdfs:subClassOf obo:DOID_4556","obo:DOID_8886 rdf:type rdf:Property","rdfs:isDefinedBy rdf:type rdfs:Class","obo:DOID_6457 rdfs:subClassOf obo:DOID_8886","obo:DOID_10039 rdfs:range rdfs:Literal","rdfs:range rdfs:subClassOf obo:DOID_7267","obo:DOID_150 rdfs:subClassOf obo:DOID_2181","rdfs:Class rdfs:subClassOf obo:DOID_6721","obo:DOID_7179 rdfs:subClassOf obo:DOID_520","obo:DOID_3572 rdfs:subClassOf obo:DOID_3752","obo:DOID_520 rdfs:subClassOf obo:DOID_1510","obo:DOID_12205 rdfs:subClassOf obo:DOID_11976","obo:DOID_520 rdfs:subClassOf obo:DOID_3856","obo:DOID_150 rdf:type rdf:Property","obo:DOID_6721 rdfs:subClassOf obo:DOID_11823","obo:DOID_3664 rdfs:subClassOf obo:DOID_3572","obo:DOID_0060090 rdfs:subClassOf obo:DOID_4556","rdfs:seeAlso rdfs:domain rdf:Statement","rdfs:range rdfs:subClassOf obo:DOID_1245","obo:DOID_4706 rdfs:subClassOf obo:DOID_8886","obo:DOID_11976 rdfs:subClassOf obo:DOID_1210","rdf:rest rdfs:domain rdf:Statement","obo:DOID_7267 rdfs:subClassOf rdf:Bag","rdfs:range rdf:type rdfs:Class","rdfs:subClassOf rdfs:subClassOf rdfs:Resource","obo:DOID_3627 rdfs:subClassOf rdfs:Resource","rdf:object rdfs:subClassOf obo:DOID_3576","obo:DOID_14447 rdfs:range rdfs:Class","rdf:Alt rdfs:subClassOf obo:DOID_10039","rdf:first rdf:type rdfs:Class","obo:DOID_8787 rdfs:subClassOf rdfs:Resource","obo:DOID_4556 rdfs:subClassOf obo:DOID_2876","obo:DOID_409 rdfs:subClassOf obo:DOID_11684","owl:Axiom rdfs:subClassOf obo:DOID_3829","rdf:List rdfs:subPropertyOf rdf:first","obo:DOID_1209 rdfs:subClassOf rdfs:Container","rdfs:label rdfs:subClassOf obo:DOID_3829","rdf:rest rdfs:subClassOf obo:DOID_1209","rdfs:domain rdfs:subClassOf rdfs:Resource","rdf:object rdfs:subClassOf rdf:Property","rdf:Seq rdfs:subClassOf obo:DOID_6721","rdf:Alt rdfs:subClassOf obo:DOID_11823","obo:DOID_1510 rdfs:subPropertyOf rdf:subject","obo:DOID_2093 rdfs:subClassOf rdfs:Container","obo:DOID_3910 rdfs:subClassOf rdf:Property","obo:DOID_14448 rdfs:domain rdf:Property","obo:DOID_11976 rdfs:subClassOf rdfs:ContainerMembershipProperty","obo:DOID_3664 rdfs:subPropertyOf rdf:rest","obo:DOID_3840 rdfs:range rdfs:Class","obo:DOID_8002 rdfs:domain rdf:Property","rdf:List rdfs:subClassOf obo:DOID_3829","rdf:XMLLiteral rdfs:range rdf:Property","rdfs:label rdf:type rdfs:Class","rdf:XMLLiteral rdfs:subClassOf obo:DOID_7179","rdfs:isDefinedBy rdfs:subClassOf obo:DOID_4556","rdfs:ContainerMembershipProperty rdfs:subClassOf obo:DOID_1428","rdfs:Literal rdfs:subClassOf obo:DOID_4386","rdf:Alt rdfs:subClassOf obo:DOID_3829","obo:DOID_14447 rdfs:subClassOf obo:DOID_9799","obo:DOID_13141 rdf:type rdf:List","obo:DOID_11976 rdfs:subClassOf rdf:Alt","rdf:Bag rdfs:subClassOf obo:DOID_3840","rdf:List rdfs:subClassOf obo:DOID_3752","rdf:subject rdfs:subClassOf obo:DOID_1245","rdf:List rdfs:subClassOf obo:DOID_6498","obo:DOID_1210 rdfs:subClassOf obo:DOID_12205","obo:DOID_3576 rdfs:subClassOf obo:DOID_3480","rdfs:ContainerMembershipProperty rdfs:range rdfs:Literal","rdf:rest rdfs:subClassOf obo:DOID_9799","obo:DOID_1209 rdfs:subClassOf rdfs:Resource","rdf:nil rdf:type rdfs:Class","rdfs:domain rdfs:subClassOf rdfs:Container","rdf:Seq rdfs:subClassOf obo:DOID_3627","rdfs:label rdfs:subClassOf rdf:Alt","obo:DOID_14448 rdfs:subClassOf obo:DOID_9799","obo:DOID_11823 rdfs:domain rdfs:Class","rdf:subject rdf:type rdfs:Class","rdf:subject rdf:type rdfs:Datatype","obo:DOID_10039 rdfs:subClassOf rdfs:Container","obo:DOID_520 rdfs:subClassOf obo:DOID_8787","obo:DOID_2531 rdfs:range rdfs:Class","obo:DOID_6498 rdfs:range rdfs:Class","obo:DOID_3480 rdfs:subClassOf rdfs:Resource","obo:DOID_14448 rdfs:subClassOf rdf:Property","rdfs:Literal rdfs:subClassOf rdfs:ContainerMembershipProperty","rdf:type rdfs:subClassOf obo:DOID_8787","obo:DOID_9856 rdfs:subClassOf rdfs:Container","obo:DOID_150 rdfs:subClassOf rdfs:Container","obo:DOID_7267 rdfs:subClassOf obo:DOID_2181","rdfs:subClassOf rdfs:domain rdf:Statement","obo:DOID_0050737 rdfs:subClassOf rdfs:Container","obo:DOID_8886 rdfs:subClassOf rdfs:Container","obo:DOID_4706 rdfs:range rdfs:Class","obo:DOID_14448 rdfs:subClassOf obo:DOID_8886","rdf:type rdf:type rdfs:Class","rdfs:seeAlso rdfs:subClassOf rdfs:Resource","rdf:Seq rdfs:subClassOf obo:DOID_3856","obo:DOID_6457 rdfs:subClassOf obo:DOID_520","rdf:rest rdfs:subClassOf rdf:Property","obo:DOID_3480 rdf:type rdf:Property","rdfs:Class rdfs:subClassOf obo:DOID_8787","rdfs:ContainerMembershipProperty rdfs:subClassOf rdfs:Resource","obo:DOID_4386 rdfs:subClassOf obo:DOID_0050737","obo:DOID_7179 rdf:type rdf:Property","obo:DOID_0060090 rdfs:subClassOf rdfs:ContainerMembershipProperty","rdfs:Resource rdfs:subPropertyOf rdf:rest","rdfs:subPropertyOf rdf:type rdfs:Class","rdf:List rdfs:subClassOf obo:DOID_4706","rdf:Alt rdfs:subClassOf obo:DOID_0050814","obo:DOID_3627 rdfs:subClassOf obo:DOID_0050141","rdfs:label rdfs:subClassOf obo:DOID_8886","rdf:List rdfs:subClassOf obo:DOID_11772","rdf:object rdf:type rdfs:Class","rdfs:subClassOf rdfs:subClassOf obo:DOID_6721","obo:DOID_3840 rdfs:subPropertyOf rdfs:seeAlso","obo:DOID_13141 rdfs:subClassOf obo:DOID_8886","obo:DOID_9856 rdfs:subClassOf obo:DOID_3480","rdfs:isDefinedBy rdfs:subClassOf obo:DOID_1209","rdfs:label rdfs:subClassOf rdfs:Resource","obo:DOID_0050902 rdfs:subClassOf obo:DOID_3664","rdfs:domain rdfs:subClassOf obo:DOID_11823","rdf:type rdfs:subClassOf obo:DOID_0050902","obo:DOID_11684 rdfs:subClassOf obo:DOID_14448","owl:Class rdfs:subClassOf obo:DOID_3627","obo:DOID_0060090 rdfs:subClassOf obo:DOID_1428","obo:DOID_13141 rdfs:subClassOf rdf:Property","obo:DOID_11684 rdfs:subClassOf obo:DOID_2093","obo:DOID_3910 rdfs:subClassOf obo:DOID_1245","obo:DOID_3856 rdfs:subClassOf rdf:Seq","obo:DOID_7179 rdfs:subClassOf obo:DOID_7267","rdfs:isDefinedBy rdfs:domain rdf:Statement","obo:DOID_12206 rdfs:subClassOf obo:DOID_11823","rdf:Property rdfs:subClassOf rdfs:Class","obo:DOID_3840 rdfs:subClassOf obo:DOID_7179","obo:DOID_11976 rdfs:subClassOf obo:DOID_2181","obo:DOID_7267 rdfs:domain rdf:List","rdfs:range rdfs:subPropertyOf rdf:predicate","obo:DOID_7480 rdfs:subClassOf rdfs:Resource","rdfs:Container rdfs:subClassOf rdfs:Resource","rdfs:Literal rdfs:subClassOf obo:DOID_11976","rdf:predicate rdf:type rdfs:Class","rdf:rest rdfs:subClassOf obo:DOID_3664","obo:DOID_4556 rdfs:subClassOf obo:DOID_8886","rdfs:seeAlso rdf:type rdfs:Class","rdfs:comment rdf:type rdfs:Class","rdfs:Literal rdfs:subClassOf rdf:Property","obo:DOID_1209 rdfs:domain rdfs:Class","obo:DOID_14448 rdfs:subClassOf rdfs:ContainerMembershipProperty","owl:Class rdfs:range rdf:Property","obo:DOID_409 rdfs:subClassOf obo:DOID_6457","obo:DOID_6721 rdfs:subClassOf rdf:Property","rdf:type rdfs:subPropertyOf rdf:object","rdfs:Class rdf:type rdf:Property","obo:DOID_4556 rdfs:subClassOf rdfs:Resource","rdf:rest rdfs:subPropertyOf rdf:first","obo:DOID_150 rdfs:subClassOf obo:DOID_409","rdfs:range rdfs:domain rdf:Statement","rdf:rest rdf:type rdfs:Class","obo:DOID_14448 rdfs:subClassOf obo:DOID_3664","obo:DOID_7179 rdfs:subClassOf rdfs:ContainerMembershipProperty","obo:DOID_0050736 rdfs:subClassOf obo:DOID_3627","obo:DOID_0060090 rdfs:subClassOf rdfs:Resource","obo:DOID_9856 rdfs:subClassOf obo:DOID_14448","obo:DOID_7480 rdfs:domain rdf:Property","rdfs:isDefinedBy rdfs:subClassOf rdfs:Container","obo:DOID_7179 rdfs:subClassOf rdfs:Datatype","obo:DOID_3572 rdfs:subClassOf rdfs:Resource","rdfs:domain rdfs:subPropertyOf rdfs:seeAlso","obo:DOID_1245 rdfs:range rdfs:Class","obo:DOID_6721 rdf:type rdf:Property","obo:DOID_7267 rdfs:subClassOf obo:DOID_8787","obo:DOID_4386 rdfs:subClassOf obo:DOID_3664","obo:DOID_3840 rdfs:subClassOf obo:DOID_2093","obo:DOID_8787 rdfs:subClassOf obo:DOID_8002","obo:DOID_11823 rdf:type rdf:Property","obo:DOID_0050141 rdfs:domain rdf:List","obo:DOID_409 rdfs:domain rdf:Property","obo:DOID_11684 rdfs:domain rdfs:Class","obo:DOID_9856 rdfs:subClassOf obo:DOID_0060090","rdf:Alt rdfs:subClassOf obo:DOID_150","rdfs:Resource rdfs:subClassOf rdfs:Resource","obo:DOID_6457 rdf:type rdf:List","rdfs:subClassOf rdfs:domain rdf:List","rdf:Bag rdfs:subClassOf obo:DOID_2876","rdf:first rdfs:subClassOf obo:DOID_9799","obo:DOID_7179 rdfs:subClassOf obo:DOID_6721","obo:DOID_1210 rdfs:subClassOf obo:DOID_3910","rdf:object rdfs:subPropertyOf rdfs:seeAlso","obo:DOID_1209 rdfs:subClassOf obo:DOID_14447","obo:DOID_9856 rdfs:subClassOf obo:DOID_10039","obo:DOID_1428 rdfs:subClassOf obo:DOID_1510","obo:DOID_3627 rdfs:subClassOf obo:DOID_4386","obo:DOID_4386 rdfs:subClassOf obo:DOID_11823","obo:DOID_3480 rdfs:subClassOf obo:DOID_6721","obo:DOID_1210 rdfs:range rdfs:Literal","obo:DOID_11772 rdfs:subClassOf obo:DOID_0050737","obo:DOID_8787 rdfs:subClassOf obo:DOID_4386","obo:DOID_11976 rdfs:subClassOf obo:DOID_1209","rdfs:seeAlso rdfs:subClassOf obo:DOID_3627","rdf:first rdfs:domain rdf:Property","rdf:first rdfs:range rdfs:Literal","obo:DOID_3664 rdfs:domain rdf:Property","obo:DOID_7179 rdfs:subClassOf obo:DOID_14448","obo:DOID_3576 rdfs:subClassOf obo:DOID_8886","obo:DOID_201 rdfs:subClassOf obo:DOID_3752","obo:DOID_8787 rdfs:subClassOf obo:DOID_3572","obo:DOID_0050737 rdfs:subClassOf rdf:Alt","rdfs:isDefinedBy rdfs:subPropertyOf rdf:object","owl:Class rdfs:subClassOf obo:DOID_3572","obo:DOID_4706 rdfs:subClassOf obo:DOID_201","obo:DOID_9799 rdfs:subClassOf obo:DOID_4556","obo:DOID_1245 rdfs:subClassOf obo:DOID_0050736","obo:DOID_3021 rdfs:subClassOf obo:DOID_3480","obo:DOID_3627 rdfs:subClassOf obo:DOID_0060090","rdfs:subClassOf rdf:type rdfs:Class","obo:DOID_1245 rdf:type rdf:Property","obo:DOID_4706 rdfs:subClassOf obo:DOID_1245","rdf:Alt rdf:type rdf:Property","obo:DOID_3021 rdfs:subClassOf obo:DOID_8002","rdfs:Literal rdfs:range rdfs:Class","obo:DOID_6721 rdfs:subClassOf obo:DOID_6457","obo:DOID_11976 rdfs:subClassOf rdfs:Container","rdf:rest rdfs:subClassOf obo:DOID_0050814","rdf:predicate rdfs:subClassOf obo:DOID_12205","obo:DOID_13141 rdfs:subClassOf rdfs:Container","obo:DOID_11772 rdfs:subClassOf obo:DOID_2598","rdf:object rdfs:subClassOf obo:DOID_409","obo:DOID_3829 rdfs:subClassOf obo:DOID_3856","rdf:Alt rdfs:subClassOf obo:DOID_2181","obo:DOID_3021 rdfs:subClassOf obo:DOID_1510","rdf:Seq rdfs:subClassOf rdfs:Resource","rdfs:label rdfs:subClassOf rdfs:Container","obo:DOID_4556 rdfs:subClassOf obo:DOID_2531","rdfs:domain rdf:type rdfs:Class","rdfs:domain rdfs:subPropertyOf rdf:first","obo:DOID_520 rdfs:subClassOf rdfs:Container","rdf:Property rdfs:subClassOf obo:DOID_12205","obo:DOID_1210 rdf:type rdf:Property","obo:DOID_6498 rdfs:subClassOf obo:DOID_11684","obo:DOID_9799 rdfs:subClassOf rdf:Seq","rdfs:subPropertyOf rdfs:domain rdf:Statement","rdf:subject rdfs:subClassOf rdfs:Container","obo:DOID_3627 rdfs:subClassOf rdfs:Datatype","rdfs:Datatype rdfs:subClassOf obo:DOID_3480"]}