{"OntologyName":"http://purl.obolibrary.org/obo/doid.owl#","Prefixes":{"":"http://purl.obolibrary.org/obo/doid.owl#","owl":"http://www.w3.org/2002/07/owl#","rdf":"http://www.w3.org/1999/02/22-rdf-syntax-ns#","oboInOwl":"http://www.geneontology.org/formats/oboInOwl#","xsd":"http://www.w3.org/2001/XMLSchema#","doid":"http://purl.obolibrary.org/obo/doid#","rdfs":"http://www.w3.org/2000/01/rdf-schema#","obo":"http://purl.obolibrary.org/obo/"},"TotalBase Triples":1000,"Axiomatic Triples in Base":0,"rdf:TypeTriples in Base":130,"TotalUniqueSubjects in base":130,"TotalUniquePredicates in base":17,"TotalUniqueObjects in base":728,"TotalInferred Triples":319,"AxiomaticTriples in inferred":100,"rdf:TypeTriples in inferred":205,"TotalUniqueSubjects in inferred":102,"TotalUniquePredicates in inferred":5,"TotalUniqueObjects in inferred":90,"TotalInvalid Triples":319,"AxiomaticTriples in invalid":73,"rdf:TypeTriples in invalid":43,"fullRandomTriples in invalid":0,"trickyTriplesInInvalid in invalid":319,"TotalUniqueSubjects in invalid":97,"TotalUniquePredicates in invalid":5,"TotalUniqueObjects in invalid":85,"Inference_time (miliseconds)":6,"Invalid triples generation time (miliseconds)":43,"Output (json_format) writing time (miliseconds)":0,"OriginalAxioms":["obo:DOID_0050589 obo:IAO_0000115 An intestinal disease characterized by inflammation located_in all parts of digestive tract.","279382ce-62b6-4ee7-a2b9-f2c85e7abf61 oboInOwl:hasDbXref NCI2004_11_17:C6246","obo:DOID_2981 oboInOwl:hasDbXref UMLS_CUI:C0022667","obo:DOID_8802 oboInOwl:hasDbXref ICD10CM:D02.1","obo:DOID_1373 rdf:type owl:Class","obo:DOID_0050677 rdf:type owl:Class","obo:DOID_12157 rdfs:subClassOf obo:DOID_10310","obo:DOID_338 oboInOwl:id DOID:338","e363ddec-6505-48f3-ab6c-bd6bc6f469d2 oboInOwl:hasDbXref url:http://www.merck.com/mmhe/sec09/ch132/ch132e.html#sec09-ch132-ch132e-1018","obo:DOID_2856 oboInOwl:hasOBONamespace disease_ontology","obo:DOID_9297 oboInOwl:hasDbXref ICD10CM:K13.0","obo:DOID_1373 oboInOwl:hasDbXref SNOMEDCT_US_2015_03_01:70971005","obo:DOID_12157 oboInOwl:hasOBONamespace disease_ontology","25d0aa81-1519-4dc7-abba-1c7fb5b3e59e owl:annotatedProperty obo:IAO_0000115","obo:DOID_2981 rdfs:label kidney papillary necrosis","76ba6db6-02ea-4e18-bdac-7c639ed7ecce owl:annotatedSource obo:DOID_1580","obo:DOID_10003 oboInOwl:hasDbXref SNOMEDCT_US_2015_03_01:232326009","obo:DOID_10788 rdfs:label osteitis condensans","1bfe355b-555d-44c5-8f0a-d7d3e399a489 rdf:type owl:Axiom","obo:DOID_12282 rdfs:label femoral vein thrombophlebitis","83d80bb5-51ba-4a15-ac76-5aa7fe8f4c05 owl:annotatedTarget chronic inflammatory demyelinating polyradiculoneuropathy disorder","d3d5209b-a139-4a76-92f0-5f0680d1207d owl:annotatedTarget Gastrin secretion abnormality NOS disorder","e363ddec-6505-48f3-ab6c-bd6bc6f469d2 owl:annotatedSource obo:DOID_8337","obo:DOID_4049 obo:IAO_0000115 A rhabdomyosarcoma and sarcoma of the mediastinum that is located_in the mediastinum and affects children and adolescents.","obo:DOID_9297 rdf:type owl:Class","obo:DOID_0050765 oboInOwl:id DOID:0050765","obo:DOID_0050589 oboInOwl:hasDbXref OMIM:612566","obo:DOID_0050589 oboInOwl:hasDbXref OMIM:612796","7eeaa4d8-a2eb-49a6-94be-f0f18a425fc5 oboInOwl:hasDbXref ICD9CM_2006:250.71","d8667946-7d59-46ea-b69c-593f3377a5d1 oboInOwl:hasDbXref url:http://en.wikipedia.org/wiki/Short_rib_%E2%80%93_polydactyly_syndrome","3da6eab1-b142-43e1-a5ad-3cecb25c2c87 owl:annotatedSource obo:DOID_735","e90c44f7-f70e-4cf1-bfc1-a2ced7873da6 rdf:type owl:Axiom","obo:DOID_14500 oboInOwl:id DOID:14500","obo:DOID_0060456 oboInOwl:inSubset doid:DO_MGI_slim","obo:DOID_4350 rdfs:label bovine anaplasmosis","obo:DOID_0050765 rdf:type owl:Class","776e4cf9-722f-4a15-a384-ee2976228f67 oboInOwl:hasDbXref MTH:U001371","obo:DOID_7231 rdfs:subClassOf obo:DOID_6052","dfe0df95-0845-4884-b812-fdc79b7c6bf5 owl:annotatedTarget Leukorrhoea","obo:DOID_12245 oboInOwl:hasOBONamespace disease_ontology","d3d5209b-a139-4a76-92f0-5f0680d1207d owl:annotatedSource obo:DOID_13656","e90c44f7-f70e-4cf1-bfc1-a2ced7873da6 owl:annotatedSource obo:DOID_10176","aee2c49a-6343-4e4f-bbee-812678dffedf owl:annotatedProperty oboInOwl:hasExactSynonym","obo:DOID_0060368 oboInOwl:id DOID:0060368","obo:DOID_2768 oboInOwl:hasDbXref MSH:D013981","d003e29d-fca3-4d02-bc48-004e695f8b1b oboInOwl:hasDbXref SNOMEDCT_2005_07_31:30069002","ad33ab9d-f184-4802-b67c-630b1780860d owl:annotatedSource obo:DOID_9461","obo:DOID_551 obo:IAO_0000115 A pneumonia that is an acute inflammation of the lungs induced by inhalation of metal fumes or toxic gases and vapors. It is a sentinel health event occupational associated with exposure to ammonia refrigeration, fertilizer, and oil refining industries, chlorine alkali and bleach industries, nitrogen oxides silo fillers, arc welders, and nitric acid industry, sulfur dioxide paper, refrigeration, and oil refining industries, cadmium processors and cadmium smelters, trimellitic anhydride plastics and organic chemical synthesis, and vanadium pentoxide boilermakers. The two types of pulmonary agents are central and peripheral. Central pulmonary agents, for example, ammonia, are water soluble irritants that injure the upper airways. Peripheral pulmonary agents, for example, phosgene, NOx, and PFIB, are slightly water soluble irritants that injure the alveolar-capillary membranes. Chlorine has both central and peripheral effects.","obo:DOID_0060456 oboInOwl:hasOBONamespace disease_ontology","dd1992c6-e0fc-4845-b995-a06e95809982 owl:annotatedTarget Epidermoid carcinoma of the Subglottis","acf9d5d2-c5cf-4df3-a689-2b070eaea835 rdf:type owl:Axiom","obo:DOID_10964 oboInOwl:hasDbXref ICD10CM:H71","b0c1c423-d3b5-445c-a22b-eee64f7bf206 owl:annotatedProperty oboInOwl:hasExactSynonym","obo:DOID_8626 rdf:type owl:Class","obo:DOID_10964 oboInOwl:hasExactSynonym Unspecified cholesteatoma morphologic abnormality","7294667b-9be7-45fc-8ddd-3cb1e17fff31 owl:annotatedTarget Postvaccinal encephalomyelitis disorder","04d66777-b85c-48c0-ad65-aa1c13c78322 owl:annotatedTarget benign Schwannoma of mediastinum","obo:DOID_2856 rdfs:subClassOf obo:DOID_50","obo:DOID_10964 oboInOwl:id DOID:10964","obo:DOID_10003 rdfs:label sensorineural hearing loss","94c3d024-48b2-4d63-91b9-e6cfa8b2e944 oboInOwl:hasDbXref NCI2004_11_17:C34712","83d80bb5-51ba-4a15-ac76-5aa7fe8f4c05 owl:annotatedProperty oboInOwl:hasExactSynonym","obo:DOID_0060456 rdfs:label Schnyder corneal dystrophy","b94231fc-5340-4501-9f01-e92371d4c339 oboInOwl:hasDbXref NCI2004_11_17:C9475","obo:DOID_338 oboInOwl:hasDbXref SNOMEDCT_US_2015_03_01:126966009","obo:DOID_2981 oboInOwl:hasExactSynonym Necrotising renal papillitis","a8e65381-8fe7-4144-9c34-209f74bc0c95 rdf:type owl:Axiom","ea8066be-affa-42c4-a2d7-6ff82a8b76ab rdf:type owl:Axiom","obo:DOID_0050589 oboInOwl:hasDbXref OMIM:612567","f1ee6d42-37a2-4613-a14c-701f1d1636c0 owl:annotatedSource obo:DOID_12197","dc9106c5-fb32-4765-b24d-f847f7da59b8 oboInOwl:hasDbXref SNOMEDCT_2005_07_31:128685001","obo:DOID_1285 oboInOwl:id DOID:1285","236edc2d-f7e7-4af2-b568-d7f99ed8c201 owl:annotatedTarget Pseudomembranous colitis","obo:DOID_8626 oboInOwl:id DOID:8626","obo:DOID_5782 oboInOwl:hasDbXref ICD10CM:H73.9","obo:DOID_10003 rdfs:subClassOf obo:DOID_2952","obo:DOID_0060368 oboInOwl:hasOBONamespace disease_ontology","obo:DOID_9473 rdf:type owl:Class","obo:DOID_2893 oboInOwl:hasExactSynonym cancer of cervix","obo:DOID_2981 oboInOwl:hasOBONamespace disease_ontology","obo:DOID_0050677 oboInOwl:hasDbXref OMIM:262000","obo:DOID_0060368 oboInOwl:hasExactSynonym PARK2","5d8b80c4-9c59-4a5b-b66c-c9a6446baefc owl:annotatedSource obo:DOID_3959","obo:DOID_13941 oboInOwl:hasDbXref MSH:D065635","3341c76d-ddd6-4201-bc41-7cc286c66806 oboInOwl:hasDbXref NCI2004_11_17:C3781","obo:DOID_14500 oboInOwl:hasDbXref OMIM:230000","e549e2d4-6526-42d6-8d43-c04ffe72b71f owl:annotatedTarget Pyelitis NOS","04d66777-b85c-48c0-ad65-aa1c13c78322 owl:annotatedProperty oboInOwl:hasExactSynonym","dd1992c6-e0fc-4845-b995-a06e95809982 oboInOwl:hasDbXref NCI2004_11_17:C8187","4da56110-65ad-4c53-a789-dcc42af20e0d owl:annotatedProperty oboInOwl:hasExactSynonym","ab269a7e-4955-485e-a592-6f21e8cdb4fa owl:annotatedTarget Solitary Mastocytoma of skin","469b0909-4826-487c-885a-b8c6e276d6a2 owl:annotatedSource obo:DOID_5158","dfbcc5c6-be4b-43a6-ab51-7d360414e6f6 owl:annotatedProperty oboInOwl:hasExactSynonym","e002a40c-8d52-47cd-ad13-435bf007c94d owl:annotatedProperty obo:IAO_0000115","3a18bfc7-263a-4ffe-8658-4edaeb2baa91 owl:annotatedTarget Lymphoepithelioma-like carcinoma","obo:DOID_338 oboInOwl:hasDbXref NCI:C2963","obo:DOID_7018 rdfs:label secondary malignant neoplasm to the adult brain","obo:DOID_8663 oboInOwl:hasDbXref ICD10CM:C13.1","obo:DOID_1285 rdfs:label rectal disease","9fc18aff-d0cf-4925-b2f3-a0a161540ad2 owl:annotatedSource obo:DOID_2871","obo:DOID_0050890 rdf:type owl:Class","ab269a7e-4955-485e-a592-6f21e8cdb4fa oboInOwl:hasDbXref NCI2004_11_17:C7138","obo:DOID_4137 rdf:type owl:Class","obo:DOID_12282 oboInOwl:hasExactSynonym Thrombophlebitis of the femoral vein disorder","b7d5c25c-b9c0-4136-b21f-e878047c49ea owl:annotatedTarget Hodgkins sarcoma of intrathoracic lymph nodes disorder","obo:DOID_13941 oboInOwl:hasDbXref OMIM:193007","e002a40c-8d52-47cd-ad13-435bf007c94d owl:annotatedSource obo:DOID_3742","5d8b80c4-9c59-4a5b-b66c-c9a6446baefc rdf:type owl:Axiom","obo:DOID_1373 oboInOwl:hasDbXref SNOMEDCT_US_2015_03_01:189810002","144a25da-b005-436b-8e66-808f48e54259 owl:annotatedSource obo:DOID_10773","obo:DOID_2768 oboInOwl:hasOBONamespace disease_ontology","obo:DOID_0060456 oboInOwl:hasDbXref ICD10CM:H18.5","b37899a0-ad09-4c05-a3ab-c283b98fb3b3 owl:annotatedProperty oboInOwl:hasExactSynonym","obo:DOID_8802 oboInOwl:hasDbXref UMLS_CUI:C0154070","obo:DOID_10003 oboInOwl:hasDbXref ICD9CM:389.10","c6f8a967-04d3-4f32-9d60-104926e3c0de owl:annotatedSource obo:DOID_4332","obo:DOID_0050589 rdfs:subClassOf obo:DOID_5295","obo:DOID_1285 rdfs:subClassOf obo:DOID_5295","e897f0ed-ee5c-4ad3-b578-9af88efe3917 owl:annotatedProperty oboInOwl:hasExactSynonym","obo:DOID_0050765 oboInOwl:creation_date 2013-01-17T12:54:19Z","obo:DOID_12157 oboInOwl:hasExactSynonym Aseptic meningitis","obo:DOID_13941 oboInOwl:hasExactSynonym benign paroxysmal positional vertigo","50b3e70c-01d4-45d0-af08-6b1411a79122 owl:annotatedProperty oboInOwl:hasExactSynonym","obo:DOID_10964 oboInOwl:hasExactSynonym middle ear cholesteatoma","obo:DOID_551 oboInOwl:hasExactSynonym acute pulmonary edema due to fumes and vapors","obo:DOID_10003 oboInOwl:hasDbXref SNOMEDCT_US_2015_03_01:267770004","1bfe355b-555d-44c5-8f0a-d7d3e399a489 owl:annotatedTarget Antiphospholipid syndrome","obo:DOID_0050589 rdf:type owl:Class","obo:DOID_1285 rdf:type owl:Class","obo:DOID_2856 oboInOwl:hasDbXref SNOMEDCT_US_2015_03_01:237542005","obo:DOID_9385 rdf:type owl:Class","obo:DOID_7231 rdfs:label pediatric CNS embryonal cell carcinoma","obo:DOID_7231 oboInOwl:hasExactSynonym Embryonal carcinoma of pediatric CNS","obo:DOID_2856 oboInOwl:id DOID:2856","3a18bfc7-263a-4ffe-8658-4edaeb2baa91 rdf:type owl:Axiom","ea8066be-affa-42c4-a2d7-6ff82a8b76ab oboInOwl:hasDbXref NCI2004_11_17:C4425","obo:DOID_9473 oboInOwl:hasDbXref UMLS_CUI:C0154747","obo:DOID_13677 rdfs:label SAPHO syndrome","obo:DOID_3503 oboInOwl:hasRelatedSynonym signet ring cell carcinoma of breast","obo:DOID_2768 oboInOwl:id DOID:2768","obo:DOID_7979 owl:deprecated true^^http://www.w3.org/2001/XMLSchema#boolean","11b2f403-0a10-4dc3-8fa6-81a26ef1fdf8 rdf:type owl:Axiom","obo:DOID_7231 oboInOwl:id DOID:7231","9fc18aff-d0cf-4925-b2f3-a0a161540ad2 owl:annotatedProperty obo:IAO_0000115","obo:DOID_8802 rdf:type owl:Class","f3388ff9-7c1b-4ea9-a4d5-cc34a2da3e04 owl:annotatedProperty oboInOwl:hasExactSynonym","627b3dd0-5341-4469-8382-473b0753e916 oboInOwl:hasDbXref CSP2005:2004-0893","obo:DOID_0050589 oboInOwl:hasDbXref OMIM:606668","bf00da6d-127c-464f-a2e9-1078269a9706 owl:annotatedSource obo:DOID_13548","obo:DOID_2768 oboInOwl:hasDbXref SNOMEDCT_US_2015_03_01:56573006","obo:DOID_10040 rdf:type owl:Class","obo:DOID_12245 obo:IAO_0000115 A histoplasmosis endocarditis that results_in inflammation located_in endocardium, has_material_basis_in Histoplasma capsulatum var duboisii or has_material_basis_in Histoplasma capsulatum var capsulatum, transmitted_by airborne spores and has_symptom murmurs, has_symptom peripheral edema, has_symptom pulmonary rales, has_symptom petechia and has_symptom skin lesions.","obo:DOID_8663 rdf:type owl:Class","obo:DOID_5569 oboInOwl:hasExactSynonym Syringomatous carcinoma","1bfe355b-555d-44c5-8f0a-d7d3e399a489 owl:annotatedSource obo:DOID_2988","5d8b80c4-9c59-4a5b-b66c-c9a6446baefc oboInOwl:hasDbXref SNOMEDCT_2005_07_31:2227007","obo:DOID_10003 oboInOwl:hasDbXref ICD9CM:389.1","bcea01a2-0043-4dc9-bcaf-5460a080d444 oboInOwl:hasDbXref SNOMEDCT_2005_07_31:237299001","obo:DOID_10964 oboInOwl:hasDbXref SNOMEDCT_US_2015_03_01:194340009","b94231fc-5340-4501-9f01-e92371d4c339 owl:annotatedTarget astrocytoma of Cerebellum","obo:DOID_4049 rdfs:label mediastinum rhabdomyosarcoma","obo:DOID_2856 oboInOwl:hasDbXref NCI:C113170","64f444f5-4b1f-4781-a67b-bcee5dd25abd owl:annotatedProperty obo:IAO_0000115","236edc2d-f7e7-4af2-b568-d7f99ed8c201 oboInOwl:hasDbXref MSH:D004761","4da56110-65ad-4c53-a789-dcc42af20e0d owl:annotatedTarget Katayama fever","dfbcc5c6-be4b-43a6-ab51-7d360414e6f6 rdf:type owl:Axiom","94c3d024-48b2-4d63-91b9-e6cfa8b2e944 owl:annotatedSource obo:DOID_205","464454f9-e4b1-40c8-877a-9a9e86bbaf9b owl:annotatedTarget Kernicterus - due to isoimm.","obo:DOID_9473 oboInOwl:hasDbXref SNOMEDCT_US_2015_03_01:155075000","4da56110-65ad-4c53-a789-dcc42af20e0d rdf:type owl:Axiom","4a74e9d9-4299-4088-81ed-d5f715f5e6ce owl:annotatedTarget HIV infection","obo:DOID_12157 oboInOwl:id DOID:12157","obo:DOID_7018 oboInOwl:id DOID:7018","04d66777-b85c-48c0-ad65-aa1c13c78322 rdf:type owl:Axiom","d8667946-7d59-46ea-b69c-593f3377a5d1 owl:annotatedProperty obo:IAO_0000115","obo:DOID_2768 oboInOwl:hasDbXref ICD10CM:F95.0","obo:DOID_4350 oboInOwl:hasExactSynonym Anaplasmosis disorder","50b3e70c-01d4-45d0-af08-6b1411a79122 rdf:type owl:Axiom","obo:DOID_4350 rdf:type owl:Class","obo:DOID_2981 oboInOwl:hasExactSynonym Necrotizing renal papillitis","e897f0ed-ee5c-4ad3-b578-9af88efe3917 rdf:type owl:Axiom","obo:DOID_14500 rdfs:subClassOf obo:DOID_3211","b37899a0-ad09-4c05-a3ab-c283b98fb3b3 rdf:type owl:Axiom","a8e65381-8fe7-4144-9c34-209f74bc0c95 owl:annotatedTarget Water-Clear cell adenocarcinoma","obo:DOID_3503 rdfs:label breast signet ring cell adenocarcinoma","obo:DOID_0050589 oboInOwl:hasDbXref OMIM:266600","5d8b80c4-9c59-4a5b-b66c-c9a6446baefc owl:annotatedProperty oboInOwl:hasExactSynonym","obo:DOID_8663 oboInOwl:hasDbXref UMLS_CUI:C0153401","e082db04-66f9-4fc3-b7d3-bf586fec3dd2 owl:annotatedSource obo:DOID_2777","obo:DOID_10003 oboInOwl:hasExactSynonym High frequency deafness","obo:DOID_5870 oboInOwl:hasDbXref NCI:C35150","obo:DOID_12245 owl:deprecated true^^http://www.w3.org/2001/XMLSchema#boolean","04d66777-b85c-48c0-ad65-aa1c13c78322 oboInOwl:hasDbXref NCI2004_11_17:C6625","f3388ff9-7c1b-4ea9-a4d5-cc34a2da3e04 rdf:type owl:Axiom","obo:DOID_8538 oboInOwl:id DOID:8538","obo:DOID_1373 oboInOwl:id DOID:1373","obo:DOID_4049 rdf:type owl:Class","11b2f403-0a10-4dc3-8fa6-81a26ef1fdf8 owl:annotatedProperty oboInOwl:hasExactSynonym","obo:DOID_2893 oboInOwl:hasDbXref SNOMEDCT_US_2015_03_01:269596006","obo:DOID_11523 oboInOwl:hasExactSynonym food poisoning due to clostridium perfringens","obo:DOID_0060456 oboInOwl:hasExactSynonym SCCD","obo:DOID_0060456 oboInOwl:hasDbXref ORDO:98967","obo:DOID_1285 oboInOwl:hasDbXref SNOMEDCT_US_2015_03_01:5964004","44289648-6d63-41df-aa2c-dc6807e50555 owl:annotatedSource obo:DOID_13822","3a18bfc7-263a-4ffe-8658-4edaeb2baa91 owl:annotatedProperty oboInOwl:hasExactSynonym","744ad7f6-3978-4419-9972-b4801cf1b88d oboInOwl:hasDbXref ICD9CM_2006:614.1","1bfe355b-555d-44c5-8f0a-d7d3e399a489 owl:annotatedProperty oboInOwl:hasExactSynonym","obo:DOID_8538 oboInOwl:hasDbXref UMLS_CUI:C0024302","e363ddec-6505-48f3-ab6c-bd6bc6f469d2 owl:annotatedProperty obo:IAO_0000115","06a5dc00-aec4-488d-b86c-7b14eeccd5b0 owl:annotatedTarget Ca body - stomach","obo:DOID_8538 rdf:type owl:Class","e4e9304f-fdc3-433c-97f4-a582d362747f oboInOwl:hasDbXref SNOMEDCT_2005_07_31:399926001","5e211793-b448-4189-8a64-5b05caa1129b oboInOwl:hasDbXref NCI2004_11_17:C6775","obo:DOID_8663 oboInOwl:hasDbXref ICD9CM:148.2","dc9106c5-fb32-4765-b24d-f847f7da59b8 owl:annotatedSource obo:DOID_7566","52a969a7-7d34-42f9-b2ab-209838e018fe owl:annotatedSource obo:DOID_2385","469b0909-4826-487c-885a-b8c6e276d6a2 oboInOwl:hasDbXref NCI2004_11_17:C3332","obo:DOID_1373 oboInOwl:hasDbXref NCI:C4262","d0f77643-9d3a-4f3d-9ac1-a1ddd4365c1d oboInOwl:hasDbXref MTHICD9_2006:279.04","obo:DOID_5782 oboInOwl:id DOID:5782","1c78c259-8597-4c53-a51d-88c23abbe680 owl:annotatedSource obo:DOID_5093","obo:DOID_11523 oboInOwl:hasExactSynonym Clostridium perfringens food poisoning","obo:DOID_13941 oboInOwl:hasDbXref ICD9CM:386.11","e90c44f7-f70e-4cf1-bfc1-a2ced7873da6 owl:annotatedProperty oboInOwl:hasExactSynonym","obo:DOID_2768 oboInOwl:hasDbXref ICD9CM:307.21","obo:DOID_9297 oboInOwl:hasDbXref ICD9CM:528.5","obo:DOID_10964 oboInOwl:hasExactSynonym Epidermosis of ear","obo:DOID_12245 oboInOwl:id DOID:12245","obo:DOID_10964 oboInOwl:hasDbXref ICD9CM:385.32","obo:DOID_14500 oboInOwl:hasDbXref MSH:D005645","obo:DOID_8626 oboInOwl:hasExactSynonym Sezarys disease of spleen disorder","obo:DOID_6496 oboInOwl:hasDbXref NCI:C27502","obo:DOID_10788 oboInOwl:id DOID:10788","obo:DOID_0060456 oboInOwl:hasExactSynonym hereditary crystalline stromal dystrophy of Schnyder","7eeaa4d8-a2eb-49a6-94be-f0f18a425fc5 owl:annotatedSource obo:DOID_13416","obo:DOID_0060456 oboInOwl:id DOID:0060456","144a25da-b005-436b-8e66-808f48e54259 oboInOwl:hasDbXref SNOMEDCT_2005_07_31:58750007","d3eece9a-72aa-4446-ae6b-6a8b9315dc3e oboInOwl:hasDbXref SNOMEDCT_2005_07_31:402693001","b0c1c423-d3b5-445c-a22b-eee64f7bf206 rdf:type owl:Axiom","acf9d5d2-c5cf-4df3-a689-2b070eaea835 owl:annotatedProperty oboInOwl:hasExactSynonym","aee2c49a-6343-4e4f-bbee-812678dffedf rdf:type owl:Axiom","dfe0df95-0845-4884-b812-fdc79b7c6bf5 owl:annotatedSource obo:DOID_3766","obo:DOID_7979 oboInOwl:hasOBONamespace disease_ontology","11b2f403-0a10-4dc3-8fa6-81a26ef1fdf8 oboInOwl:hasDbXref SNOMEDCT_2005_07_31:267934008","d515cbf5-4e81-42ab-be4d-f4c9a2c2f3c7 owl:annotatedSource obo:DOID_413","obo:DOID_10003 rdf:type owl:Class","obo:DOID_8751 rdf:type owl:Class","obo:DOID_0060368 oboInOwl:creation_date 2015-09-17T16:56:33Z","obo:DOID_5569 oboInOwl:hasExactSynonym Microcystic Adnexal carcinoma","obo:DOID_4086 rdf:type owl:Class","obo:DOID_0050677 oboInOwl:id DOID:0050677","obo:DOID_3503 rdf:type owl:Class","obo:DOID_8663 oboInOwl:hasExactSynonym malignant tumor aryepiglottic fold - hypopharyngeal aspect disorder","obo:DOID_0060368 oboInOwl:hasDbXref OMIM:600116","obo:DOID_9297 oboInOwl:hasDbXref MSH:D008047","d0f77643-9d3a-4f3d-9ac1-a1ddd4365c1d owl:annotatedSource obo:DOID_14179","obo:DOID_5782 rdfs:subClassOf obo:DOID_5100","a8e65381-8fe7-4144-9c34-209f74bc0c95 owl:annotatedProperty oboInOwl:hasExactSynonym","ea8066be-affa-42c4-a2d7-6ff82a8b76ab owl:annotatedProperty oboInOwl:hasExactSynonym","obo:DOID_5870 oboInOwl:hasDbXref ICD10CM:J82","e082db04-66f9-4fc3-b7d3-bf586fec3dd2 oboInOwl:hasDbXref SNOMEDCT_2005_07_31:94004004","obo:DOID_12282 oboInOwl:hasExactSynonym Thrombophlebitis of deep femoral vein disorder","obo:DOID_10964 oboInOwl:hasDbXref ICD9CM:385.33","obo:DOID_2893 oboInOwl:hasDbXref SNOMEDCT_US_2015_03_01:363354003","fc7118e0-cdd2-4645-8279-a6b5d7440244 rdf:type owl:Axiom","83d80bb5-51ba-4a15-ac76-5aa7fe8f4c05 rdf:type owl:Axiom","obo:DOID_10003 oboInOwl:hasAlternativeId DOID:12114","obo:DOID_0060456 oboInOwl:hasDbXref OMIM:121800","118f40ab-9a1d-441d-bc9a-e8c50b9ff033 oboInOwl:hasDbXref SNOMEDCT_2005_07_31:22542007","obo:DOID_13677 oboInOwl:hasDbXref SNOMEDCT_US_2015_03_01:60684003","af0f4690-f53e-40a2-b565-3e8b3edae51f owl:annotatedSource obo:DOID_3604","obo:DOID_5569 rdf:type owl:Class","d8667946-7d59-46ea-b69c-593f3377a5d1 rdf:type owl:Axiom","5e211793-b448-4189-8a64-5b05caa1129b owl:annotatedProperty oboInOwl:hasExactSynonym","bd9eb706-e708-4d42-96c5-12ba5b6b65cd owl:annotatedSource obo:DOID_5104","b37899a0-ad09-4c05-a3ab-c283b98fb3b3 owl:annotatedTarget Hemarthrosis of forearm disorder","3341c76d-ddd6-4201-bc41-7cc286c66806 owl:annotatedSource obo:DOID_3737","obo:DOID_10788 oboInOwl:hasExactSynonym Sclerosing osteitis","627b3dd0-5341-4469-8382-473b0753e916 owl:annotatedTarget myeloproliferative neoplasm","2882efb7-8093-4467-bbb2-11f4c2c78448 owl:annotatedSource obo:DOID_0050235","dc9106c5-fb32-4765-b24d-f847f7da59b8 owl:annotatedProperty oboInOwl:hasExactSynonym","obo:DOID_11523 oboInOwl:inSubset doid:gram-positive_bacterial_infectious_disease","obo:DOID_12157 oboInOwl:hasDbXref SNOMEDCT_US_2015_03_01:301770000","obo:DOID_5870 oboInOwl:id DOID:5870","obo:DOID_10964 oboInOwl:hasDbXref UMLS_CUI:C0155490","63d45a6d-f3ab-4ce4-b9f8-651c13d8f809 rdf:type owl:Axiom","obo:DOID_8538 oboInOwl:hasDbXref SNOMEDCT_US_2015_03_01:190012002","obo:DOID_2893 rdfs:subClassOf obo:DOID_4362","obo:DOID_10964 oboInOwl:hasDbXref SNOMEDCT_US_2015_03_01:39911004","obo:DOID_4049 oboInOwl:id DOID:4049","obo:DOID_8626 oboInOwl:hasExactSynonym Szarys disease of spleen disorder","1c78c259-8597-4c53-a51d-88c23abbe680 owl:annotatedTarget tumor of thorax disorder","d515cbf5-4e81-42ab-be4d-f4c9a2c2f3c7 oboInOwl:hasDbXref url:http://www.oie.int/fr/normes/mmanual/2008/pdf/2.03.06_AVIAN_TB.pdf","fc7118e0-cdd2-4645-8279-a6b5d7440244 oboInOwl:hasDbXref url:http://en.wikipedia.org/wiki/Skin_disease","obo:DOID_5870 oboInOwl:hasDbXref UMLS_CUI:C1527407","obo:DOID_2856 oboInOwl:hasExactSynonym Euthyroid sick syndrome","obo:DOID_0050589 oboInOwl:hasDbXref MSH:D015212","ad33ab9d-f184-4802-b67c-630b1780860d owl:annotatedTarget lagophthalmic keratitis","bf00da6d-127c-464f-a2e9-1078269a9706 owl:annotatedProperty oboInOwl:hasExactSynonym","dfbcc5c6-be4b-43a6-ab51-7d360414e6f6 oboInOwl:hasDbXref SNOMEDCT_2005_07_31:29206004","obo:DOID_13941 rdf:type owl:Class","3a18bfc7-263a-4ffe-8658-4edaeb2baa91 oboInOwl:hasDbXref SNOMEDCT_2005_07_31:7300000","obo:DOID_5870 rdf:type owl:Class","5b09d615-fad7-4be4-8807-4d0468ea9959 owl:annotatedSource obo:DOID_8660","obo:DOID_8538 oboInOwl:hasDbXref OMIM:267730","obo:DOID_10003 oboInOwl:hasDbXref SNOMEDCT_US_2015_03_01:60700002","obo:DOID_9297 oboInOwl:hasDbXref SNOMEDCT_US_2015_03_01:90678009","118f40ab-9a1d-441d-bc9a-e8c50b9ff033 rdf:type owl:Axiom","d3d5209b-a139-4a76-92f0-5f0680d1207d rdf:type owl:Axiom","obo:DOID_12245 oboInOwl:hasExactSynonym Histoplasma capsulatum with endocarditis disorder","627b3dd0-5341-4469-8382-473b0753e916 owl:annotatedSource obo:DOID_4960","a9826227-e90c-47a7-bc4b-0d48d9ce9c76 owl:annotatedSource obo:DOID_13060","bcea01a2-0043-4dc9-bcaf-5460a080d444 owl:annotatedSource obo:DOID_13576","obo:DOID_14500 oboInOwl:hasDbXref NCI:C61274","obo:DOID_13941 oboInOwl:id DOID:13941","8e5e4e1d-ff68-439e-b78f-4c5b7d5f18b2 rdf:type owl:Axiom","obo:DOID_8626 rdfs:label Sezarys disease involving spleen","469b0909-4826-487c-885a-b8c6e276d6a2 owl:annotatedTarget Pleural tumor","obo:DOID_6496 oboInOwl:hasExactSynonym Myxoid extraosseous chondrosarcoma","6b2ba27e-4447-4e28-88a0-8ac51798e188 owl:annotatedSource obo:DOID_12971","obo:DOID_11523 owl:deprecated true^^http://www.w3.org/2001/XMLSchema#boolean","obo:DOID_4049 oboInOwl:hasExactSynonym Rhabdomyosarcoma of mediastinum","d8667946-7d59-46ea-b69c-593f3377a5d1 owl:annotatedSource obo:DOID_9249","1c78c259-8597-4c53-a51d-88c23abbe680 oboInOwl:hasDbXref SNOMEDCT_2005_07_31:255058005","obo:DOID_8802 oboInOwl:id DOID:8802","5b09d615-fad7-4be4-8807-4d0468ea9959 owl:annotatedProperty oboInOwl:hasExactSynonym","obo:DOID_2768 obo:IAO_0000115 A tic disorder that consists of multiple motor and/or phonic tics with duration of at least 4 weeks, but less than 12 months.","obo:DOID_7231 oboInOwl:hasOBONamespace disease_ontology","obo:DOID_2981 oboInOwl:hasExactSynonym renal PAPILLITIS NECROTIZING","obo:DOID_2893 rdf:type owl:Class","obo:DOID_5870 rdfs:subClassOf obo:DOID_552","obo:DOID_9385 oboInOwl:id DOID:9385","64f444f5-4b1f-4781-a67b-bcee5dd25abd rdf:type owl:Axiom","dfbcc5c6-be4b-43a6-ab51-7d360414e6f6 owl:annotatedTarget testicular hyperfunction disorder","obo:DOID_551 oboInOwl:hasOBONamespace disease_ontology","obo:DOID_5782 rdf:type owl:Class","obo:DOID_2981 oboInOwl:id DOID:2981","obo:DOID_10003 oboInOwl:hasAlternativeId DOID:12112","e9183fcf-2542-4f9c-9e37-9f6f9c36aee4 rdf:type owl:Axiom","obo:DOID_13941 oboInOwl:hasDbXref SNOMEDCT_US_2015_03_01:267763004","a9826227-e90c-47a7-bc4b-0d48d9ce9c76 oboInOwl:hasDbXref SNOMEDCT_2005_07_31:68241007","obo:DOID_10003 oboInOwl:hasDbXref SNOMEDCT_US_2015_03_01:194427003","e082db04-66f9-4fc3-b7d3-bf586fec3dd2 owl:annotatedProperty oboInOwl:hasExactSynonym","bcea01a2-0043-4dc9-bcaf-5460a080d444 rdf:type owl:Axiom","obo:DOID_7018 oboInOwl:hasExactSynonym metastatic tumor to the adult brain","obo:DOID_4137 rdfs:label common bile duct disease","236edc2d-f7e7-4af2-b568-d7f99ed8c201 rdf:type owl:Axiom","obo:DOID_14500 oboInOwl:hasOBONamespace disease_ontology","e363ddec-6505-48f3-ab6c-bd6bc6f469d2 oboInOwl:hasDbXref url:http://digestive.niddk.nih.gov/ddiseases/pubs/appendicitis/","obo:DOID_5569 oboInOwl:id DOID:5569","bfdb814c-e20d-47be-9e89-9aa538418dd6 oboInOwl:hasDbXref ICD9CM_2006:456.1","obo:DOID_5870 oboInOwl:hasExactSynonym Pneumonia, eosinophilic","obo:DOID_338 oboInOwl:hasDbXref UMLS_CUI:C0010267","776e4cf9-722f-4a15-a384-ee2976228f67 rdf:type owl:Axiom","7eeaa4d8-a2eb-49a6-94be-f0f18a425fc5 owl:annotatedProperty oboInOwl:hasExactSynonym","obo:DOID_7231 oboInOwl:hasDbXref UMLS_CUI:C1377605","obo:DOID_10003 oboInOwl:hasExactSynonym Perceptive deafness [diagnos]","obo:DOID_0050589 oboInOwl:hasDbXref UMLS_CUI:C0021390","obo:DOID_8538 oboInOwl:hasDbXref SNOMEDCT_US_2015_03_01:373168002","fc7118e0-cdd2-4645-8279-a6b5d7440244 owl:annotatedProperty obo:IAO_0000115","obo:DOID_10788 rdf:type owl:Class","obo:DOID_0050589 oboInOwl:hasDbXref NCI:C3138","3341c76d-ddd6-4201-bc41-7cc286c66806 owl:annotatedProperty oboInOwl:hasExactSynonym","e363ddec-6505-48f3-ab6c-bd6bc6f469d2 rdf:type owl:Axiom","obo:DOID_1373 oboInOwl:hasDbXref UMLS_CUI:C0334485","b37899a0-ad09-4c05-a3ab-c283b98fb3b3 owl:annotatedSource obo:DOID_801","d515cbf5-4e81-42ab-be4d-f4c9a2c2f3c7 owl:annotatedTarget A tuberculosis that is a chronic and progressive wasting and weakness caused by infection of companion, captive exotic, wild and domestic birds with Mycobacterium avium complex serotypes 1, 2 and 3 and M. genavense.","obo:DOID_2893 oboInOwl:hasDbXref SNOMEDCT_US_2015_03_01:154525002","obo:DOID_7018 oboInOwl:hasOBONamespace disease_ontology","obo:DOID_5870 oboInOwl:hasDbXref MSH:D011657","obo:DOID_10964 rdf:type owl:Class","obo:DOID_2768 oboInOwl:hasDbXref UMLS_CUI:C0040702","fdae2b98-465e-4521-96a3-022c46a3afb3 owl:annotatedTarget A spondyloepimetaphyseal dysplasia that is characterized by short stature, short and bowed lower limbs, mild brachydactyly, kyphoscoliosis, abnormal gait, enlarged knee joints, precocious osteoarthropathy, and normal intelligence.","469b0909-4826-487c-885a-b8c6e276d6a2 rdf:type owl:Axiom","obo:DOID_8802 rdfs:label trachea carcinoma in situ","obo:DOID_551 oboInOwl:id DOID:551","279382ce-62b6-4ee7-a2b9-f2c85e7abf61 owl:annotatedSource obo:DOID_3258","obo:DOID_2893 oboInOwl:hasDbXref SNOMEDCT_US_2015_03_01:285432005","obo:DOID_0060368 rdfs:label autosomal recessive juvenile Parkinson disease 2","obo:DOID_11523 oboInOwl:hasExactSynonym Food poisoning due to Clostridium perfringens disorder","oboInOwl:saved-by rdf:type owl:AnnotationProperty","dfe0df95-0845-4884-b812-fdc79b7c6bf5 rdf:type owl:Axiom","af0f4690-f53e-40a2-b565-3e8b3edae51f owl:annotatedProperty oboInOwl:hasExactSynonym","9fc18aff-d0cf-4925-b2f3-a0a161540ad2 oboInOwl:hasDbXref url:http://www.cancer.gov/cancertopics/types/endometrial","obo:DOID_4137 oboInOwl:id DOID:4137","236edc2d-f7e7-4af2-b568-d7f99ed8c201 owl:annotatedProperty oboInOwl:hasExactSynonym","obo:DOID_6496 rdf:type owl:Class","obo:DOID_10964 oboInOwl:hasDbXref MSH:D018424","obo:DOID_9473 oboInOwl:hasDbXref ICD9CM:355","bcea01a2-0043-4dc9-bcaf-5460a080d444 owl:annotatedProperty oboInOwl:hasExactSynonym","e082db04-66f9-4fc3-b7d3-bf586fec3dd2 rdf:type owl:Axiom","obo:DOID_551 oboInOwl:hasExactSynonym Pneumonitis due to fumes and/or vapors disorder","e9183fcf-2542-4f9c-9e37-9f6f9c36aee4 oboInOwl:hasDbXref SNOMEDCT_2005_07_31:155970008","obo:DOID_8538 oboInOwl:hasDbXref MSH:D008228","obo:DOID_13941 rdfs:label benign paroxysmal positional nystagmus","obo:DOID_0050589 oboInOwl:hasDbXref OMIM:612639","obo:DOID_2893 oboInOwl:hasExactSynonym carcinoma of the Cervix Uteri","3341c76d-ddd6-4201-bc41-7cc286c66806 owl:annotatedTarget verrucous squamous carcinoma","obo:DOID_8538 oboInOwl:hasDbXref SNOMEDCT_US_2015_03_01:189986002","obo:DOID_4049 rdfs:subClassOf obo:DOID_4050","obo:DOID_14500 oboInOwl:hasExactSynonym alpha fucosidase deficiency","obo:DOID_10040 oboInOwl:hasDbXref SNOMEDCT_US_2015_03_01:231834005","obo:DOID_0080072 oboInOwl:hasOBONamespace disease_ontology","4a74e9d9-4299-4088-81ed-d5f715f5e6ce owl:annotatedSource obo:DOID_526","e4e9304f-fdc3-433c-97f4-a582d362747f owl:annotatedSource obo:DOID_6715","744ad7f6-3978-4419-9972-b4801cf1b88d owl:annotatedTarget chronic salpingitis and oophoritis","dfe0df95-0845-4884-b812-fdc79b7c6bf5 oboInOwl:hasDbXref SNOMEDCT_2005_07_31:278070007","obo:DOID_9473 rdfs:label mononeuritis of lower limb","obo:DOID_0060368 rdfs:subClassOf obo:DOID_14330","obo:DOID_8663 rdfs:subClassOf obo:DOID_8533","7eeaa4d8-a2eb-49a6-94be-f0f18a425fc5 rdf:type owl:Axiom","776e4cf9-722f-4a15-a384-ee2976228f67 owl:annotatedProperty oboInOwl:hasExactSynonym","obo:DOID_2981 rdfs:subClassOf obo:DOID_557","obo:DOID_9297 oboInOwl:hasDbXref SNOMEDCT_US_2015_03_01:196563002","obo:DOID_1285 oboInOwl:hasDbXref UMLS_CUI:C0034882","350b088d-5152-433f-8576-2a3e92782bd5 owl:annotatedTarget Dariers disease","76ba6db6-02ea-4e18-bdac-7c639ed7ecce oboInOwl:hasDbXref SNOMEDCT_2005_07_31:128460000","obo:DOID_10040 rdfs:label malignant eyelid melanoma","obo:DOID_12282 oboInOwl:hasDbXref ICD10CM:I80.1","obo:DOID_12157 oboInOwl:hasDbXref ICD10CM:G03.0","83d80bb5-51ba-4a15-ac76-5aa7fe8f4c05 oboInOwl:hasDbXref SNOMEDCT_2005_07_31:128209004","d003e29d-fca3-4d02-bc48-004e695f8b1b owl:annotatedSource obo:DOID_11637","obo:DOID_5569 rdfs:subClassOf obo:DOID_4921","f3388ff9-7c1b-4ea9-a4d5-cc34a2da3e04 oboInOwl:hasDbXref NCI2004_11_17:C7973","acf9d5d2-c5cf-4df3-a689-2b070eaea835 owl:annotatedSource obo:DOID_2653","25d0aa81-1519-4dc7-abba-1c7fb5b3e59e rdf:type owl:Axiom","obo:DOID_9297 oboInOwl:id DOID:9297","obo:DOID_10788 oboInOwl:hasExactSynonym Focal sclerosing osteomyelitis","06a5dc00-aec4-488d-b86c-7b14eeccd5b0 owl:annotatedSource obo:DOID_10534","3341c76d-ddd6-4201-bc41-7cc286c66806 rdf:type owl:Axiom","obo:DOID_10003 oboInOwl:hasExactSynonym central hearing loss","obo:DOID_12282 oboInOwl:hasDbXref UMLS_CUI:C0265066","obo:DOID_6496 oboInOwl:hasDbXref OMIM:612237","af0f4690-f53e-40a2-b565-3e8b3edae51f rdf:type owl:Axiom","397a53c2-7cea-43af-8b5b-cc9600ae4ba9 owl:annotatedTarget preeclampsia","dfe0df95-0845-4884-b812-fdc79b7c6bf5 owl:annotatedProperty oboInOwl:hasExactSynonym","obo:DOID_0050589 oboInOwl:hasDbXref OMIM:611081","efeb3129-76f2-40ef-b848-3f7e3b900983 owl:annotatedTarget chronic interstitial cystitis disorder","obo:DOID_11523 oboInOwl:hasOBONamespace disease_ontology","bcea01a2-0043-4dc9-bcaf-5460a080d444 owl:annotatedTarget Twin to twin transfusion","af0f4690-f53e-40a2-b565-3e8b3edae51f oboInOwl:hasDbXref SNOMEDCT_2005_07_31:254851009","obo:DOID_12157 oboInOwl:hasDbXref SNOMEDCT_US_2015_03_01:186490006","469b0909-4826-487c-885a-b8c6e276d6a2 owl:annotatedProperty oboInOwl:hasExactSynonym","obo:DOID_4350 oboInOwl:id DOID:4350","obo:DOID_13941 oboInOwl:hasDbXref SNOMEDCT_US_2015_03_01:232285008","144a25da-b005-436b-8e66-808f48e54259 owl:annotatedTarget Black death","obo:DOID_8802 oboInOwl:hasExactSynonym carcinoma in situ of trachea disorder","obo:DOID_2893 oboInOwl:hasExactSynonym carcinoma of cervix disorder","obo:DOID_11523 obo:IAO_0000115 A commensal Clostridium infectious disease that is caused by ingestion of food contaminated with Clostridium perfringens, which produces an enterotoxin that acts on the small intestine. The symptoms include watery diarrhea, abdominal cramps, a severe decrease in blood pressure and abdominal expansion from gas.","63d45a6d-f3ab-4ce4-b9f8-651c13d8f809 owl:annotatedProperty oboInOwl:hasExactSynonym","obo:DOID_0060456 oboInOwl:hasDbXref UMLS_CUI:C0271287","obo:DOID_12282 oboInOwl:hasOBONamespace disease_ontology","f1ee6d42-37a2-4613-a14c-701f1d1636c0 oboInOwl:hasDbXref SNOMEDCT_2005_07_31:416069001","dc9106c5-fb32-4765-b24d-f847f7da59b8 rdf:type owl:Axiom","obo:DOID_9385 rdfs:label gonococcal eye infectious disease","8e5e4e1d-ff68-439e-b78f-4c5b7d5f18b2 owl:annotatedSource obo:DOID_9643","5e211793-b448-4189-8a64-5b05caa1129b rdf:type owl:Axiom","86c328b2-e7d4-4b7a-9fea-021998c0b1d8 oboInOwl:hasDbXref NCI2004_11_17:C27942","obo:DOID_10003 oboInOwl:hasExactSynonym High Frequency Hearing Loss","obo:DOID_8538 oboInOwl:hasDbXref SNOMEDCT_US_2015_03_01:188497004","obo:DOID_12157 oboInOwl:hasExactSynonym Aseptic meningitis disorder","obo:DOID_551 oboInOwl:hasDbXref ICD9CM:506.9","dfbcc5c6-be4b-43a6-ab51-7d360414e6f6 owl:annotatedSource obo:DOID_11770","e4e9304f-fdc3-433c-97f4-a582d362747f owl:annotatedTarget Collagen nevus of skin disorder","obo:DOID_338 oboInOwl:hasOBONamespace disease_ontology","d3d5209b-a139-4a76-92f0-5f0680d1207d owl:annotatedProperty oboInOwl:hasExactSynonym","118f40ab-9a1d-441d-bc9a-e8c50b9ff033 owl:annotatedProperty oboInOwl:hasExactSynonym","94c3d024-48b2-4d63-91b9-e6cfa8b2e944 owl:annotatedTarget bone hypertrophy","obo:DOID_13677 rdf:type owl:Class","a9826227-e90c-47a7-bc4b-0d48d9ce9c76 owl:annotatedTarget Glaucoma associated with ocular trauma disorder","obo:DOID_0050677 rdfs:subClassOf obo:DOID_0050737","2882efb7-8093-4467-bbb2-11f4c2c78448 owl:annotatedTarget A parasitic protozoa infectious disease that involves infection caused by alveolates, which are single-celled eukaryotes.","63d45a6d-f3ab-4ce4-b9f8-651c13d8f809 owl:annotatedTarget Empyema with fistula disorder","obo:DOID_8538 oboInOwl:hasExactSynonym large-cell Lymphomas","9fc18aff-d0cf-4925-b2f3-a0a161540ad2 rdf:type owl:Axiom","11b2f403-0a10-4dc3-8fa6-81a26ef1fdf8 owl:annotatedSource obo:DOID_381","ab269a7e-4955-485e-a592-6f21e8cdb4fa owl:annotatedSource obo:DOID_3666","obo:DOID_5569 oboInOwl:hasExactSynonym Microcystic adnexal carcinoma of skin disorder","bf00da6d-127c-464f-a2e9-1078269a9706 rdf:type owl:Axiom","obo:DOID_10003 oboInOwl:hasDbXref SNOMEDCT_US_2015_03_01:68467004","5b09d615-fad7-4be4-8807-4d0468ea9959 rdf:type owl:Axiom","c6f8a967-04d3-4f32-9d60-104926e3c0de oboInOwl:hasDbXref MTH:U000306","obo:DOID_2893 oboInOwl:hasExactSynonym carcinoma cervix uteri","obo:DOID_10003 oboInOwl:hasDbXref ICD9CM:389.14","obo:DOID_0080072 rdfs:label neuronal intestinal dysplasia","obo:DOID_0050589 oboInOwl:hasDbXref KEGG:05321","76ba6db6-02ea-4e18-bdac-7c639ed7ecce owl:annotatedTarget systemic sclerosis, diffuse disorder","obo:DOID_10040 oboInOwl:hasDbXref NCI:C4358","fdae2b98-465e-4521-96a3-022c46a3afb3 oboInOwl:hasDbXref url:http://omim.org/entry/612847","06a5dc00-aec4-488d-b86c-7b14eeccd5b0 oboInOwl:hasDbXref SNOMEDCT_2005_07_31:154450001","464454f9-e4b1-40c8-877a-9a9e86bbaf9b owl:annotatedSource obo:DOID_12043","8e5e4e1d-ff68-439e-b78f-4c5b7d5f18b2 owl:annotatedProperty oboInOwl:hasExactSynonym","obo:DOID_10964 oboInOwl:hasExactSynonym Epidermosis of middle ear","64f444f5-4b1f-4781-a67b-bcee5dd25abd owl:annotatedTarget A viral infectious disease that results_in ulceration located_in intestinal epithelium of cats, which has_material_basis_in Feline panleukopenia virus, transmitted_by contact with an infected cats bodily fluids, feces, or fleas. The infection has_symptom bloody diarrhea, has_symptom dehydration, has_symptom anemia, and has_symptom vomiting.","obo:DOID_10003 oboInOwl:hasExactSynonym high-frequency hearing loss","obo:DOID_0080072 oboInOwl:created_by lschriml","obo:DOID_10003 oboInOwl:hasAlternativeId DOID:11053","e9183fcf-2542-4f9c-9e37-9f6f9c36aee4 owl:annotatedProperty oboInOwl:hasExactSynonym","2bd9ebdb-96cb-4d28-b801-dca368c4eeb3 oboInOwl:hasDbXref SNOMEDCT_2005_07_31:363464006","obo:DOID_13677 oboInOwl:hasDbXref MSH:D020083","obo:DOID_13677 rdfs:subClassOf obo:DOID_225","obo:DOID_0050589 oboInOwl:hasDbXref SNOMEDCT_US_2015_03_01:266516008","obo:DOID_10964 oboInOwl:hasExactSynonym Cholesteatoma of middle ear disorder","obo:DOID_0050765 rdfs:label neuroacanthocytosis","e002a40c-8d52-47cd-ad13-435bf007c94d rdf:type owl:Axiom","obo:DOID_0050589 oboInOwl:hasDbXref SNOMEDCT_US_2015_03_01:24526004","obo:DOID_7018 owl:deprecated true^^http://www.w3.org/2001/XMLSchema#boolean","e9183fcf-2542-4f9c-9e37-9f6f9c36aee4 owl:annotatedSource obo:DOID_12265","obo:DOID_8802 oboInOwl:hasDbXref ICD9CM:231.1","obo:DOID_2893 oboInOwl:hasDbXref UMLS_CUI:C0302592","obo:DOID_9473 oboInOwl:hasDbXref ICD9CM:355.8","d515cbf5-4e81-42ab-be4d-f4c9a2c2f3c7 owl:annotatedProperty obo:IAO_0000115","obo:DOID_13677 oboInOwl:id DOID:13677","obo:DOID_12157 oboInOwl:hasDbXref SNOMEDCT_US_2015_03_01:58170007","obo:DOID_10964 oboInOwl:hasDbXref SNOMEDCT_US_2015_03_01:194339007","obo:DOID_0050589 oboInOwl:hasDbXref OMIM:612380","obo:DOID_10964 oboInOwl:hasExactSynonym Cholesteatoma of middle ear and mastoid","279382ce-62b6-4ee7-a2b9-f2c85e7abf61 rdf:type owl:Axiom","6c9e16df-dce3-42a0-b295-01a9714fe007 owl:annotatedTarget Accommodative asthenopia finding","e4e9304f-fdc3-433c-97f4-a582d362747f rdf:type owl:Axiom","obo:DOID_338 oboInOwl:hasExactSynonym tumor of the Cranial nerve","d8667946-7d59-46ea-b69c-593f3377a5d1 oboInOwl:hasDbXref url:http://www.springerlink.com/content/e0hmfh4fcl7m4kjw/","obo:DOID_2856 oboInOwl:hasExactSynonym Sick-euthyroid syndrome disorder","d3eece9a-72aa-4446-ae6b-6a8b9315dc3e rdf:type owl:Axiom","obo:DOID_0080072 oboInOwl:creation_date 2015-10-19T14:28:30Z","obo:DOID_8538 oboInOwl:hasDbXref SNOMEDCT_US_2015_03_01:189983005","obo:DOID_8663 oboInOwl:hasOBONamespace disease_ontology","d003e29d-fca3-4d02-bc48-004e695f8b1b owl:annotatedTarget Spasm of accommodation disorder","50b3e70c-01d4-45d0-af08-6b1411a79122 oboInOwl:hasDbXref SNOMEDCT_2005_07_31:94000008","obo:DOID_10040 oboInOwl:hasOBONamespace disease_ontology","5e211793-b448-4189-8a64-5b05caa1129b owl:annotatedSource obo:DOID_4211","obo:DOID_12245 oboInOwl:hasExactSynonym Histoplasma capsulatum endocarditis","obo:DOID_12245 rdfs:label histoplasmosis endocarditis","52a969a7-7d34-42f9-b2ab-209838e018fe owl:annotatedTarget Thiamin deficiency disorder","obo:DOID_12157 oboInOwl:hasDbXref UMLS_CUI:C0025290","efeb3129-76f2-40ef-b848-3f7e3b900983 rdf:type owl:Axiom","c7b2713c-fe34-4ef9-ba84-29ae1dd40b21 rdf:type owl:Axiom","fdae2b98-465e-4521-96a3-022c46a3afb3 oboInOwl:hasDbXref url:http://www.orpha.net/consor/cgi-bin/OC_Exp.php?lng\u003den\u0026Expert\u003d93282","obo:DOID_8538 oboInOwl:hasDbXref SNOMEDCT_US_2015_03_01:189982000","obo:DOID_6496 oboInOwl:id DOID:6496","25d0aa81-1519-4dc7-abba-1c7fb5b3e59e oboInOwl:hasDbXref url:http://en.wikipedia.org/wiki/Viral_classification","obo:DOID_0050589 oboInOwl:hasDbXref OMIM:612381","744ad7f6-3978-4419-9972-b4801cf1b88d owl:annotatedProperty oboInOwl:hasExactSynonym","86c328b2-e7d4-4b7a-9fea-021998c0b1d8 owl:annotatedTarget Intraductal Proliferative Lesion","obo:DOID_4049 oboInOwl:hasOBONamespace disease_ontology","obo:DOID_8538 rdfs:label reticulosarcoma","obo:DOID_12157 oboInOwl:hasExactSynonym acute aseptic meningitis","obo:DOID_10964 oboInOwl:hasExactSynonym Cholesteatoma of middle ear and/or mastoid","obo:DOID_10964 rdfs:label cholesteatoma of middle ear","e549e2d4-6526-42d6-8d43-c04ffe72b71f owl:annotatedSource obo:DOID_2744","744ad7f6-3978-4419-9972-b4801cf1b88d owl:annotatedSource obo:DOID_12265","obo:DOID_0060368 oboInOwl:hasDbXref ORDO:2828","obo:DOID_0050890 oboInOwl:creation_date 2014-08-14T03:29:17Z","obo:DOID_8626 owl:deprecated true^^http://www.w3.org/2001/XMLSchema#boolean","86c328b2-e7d4-4b7a-9fea-021998c0b1d8 owl:annotatedSource obo:DOID_6839","obo:DOID_6496 rdfs:subClassOf obo:DOID_4549","obo:DOID_10003 oboInOwl:hasDbXref NCI:C26739","144a25da-b005-436b-8e66-808f48e54259 rdf:type owl:Axiom","obo:DOID_0050890 obo:IAO_0000115 A neurodegenerative disease that is characterized by the abnormal accumulation of aggregates of alpha-synuclein protein in neurons, nerve fibres or glial cells.","ea8066be-affa-42c4-a2d7-6ff82a8b76ab owl:annotatedTarget tumor of the Glottis","3a18bfc7-263a-4ffe-8658-4edaeb2baa91 owl:annotatedSource obo:DOID_5660","obo:DOID_4350 oboInOwl:hasOBONamespace disease_ontology","52a969a7-7d34-42f9-b2ab-209838e018fe oboInOwl:hasDbXref SNOMEDCT_2005_07_31:399357009","e082db04-66f9-4fc3-b7d3-bf586fec3dd2 owl:annotatedTarget malignant neoplasm of short bone of upper limb","c6f8a967-04d3-4f32-9d60-104926e3c0de owl:annotatedTarget Hypophosphatemia, familial","627b3dd0-5341-4469-8382-473b0753e916 owl:annotatedProperty oboInOwl:hasExactSynonym","obo:DOID_551 oboInOwl:hasExactSynonym Chemical Pneumonitis","obo:DOID_12157 oboInOwl:hasDbXref MSH:D008582","obo:DOID_0050677 rdfs:label Bjornstad syndrome","obo:DOID_551 oboInOwl:hasExactSynonym bronchitis and pneumonitis due to fumes and vapors","6b2ba27e-4447-4e28-88a0-8ac51798e188 owl:annotatedProperty obo:IAO_0000115","obo:DOID_0060368 oboInOwl:created_by elvira","obo:DOID_12282 oboInOwl:hasDbXref SNOMEDCT_US_2015_03_01:1748006","obo:DOID_12282 oboInOwl:hasDbXref ICD9CM:451.11","6b2ba27e-4447-4e28-88a0-8ac51798e188 oboInOwl:hasDbXref url:http://en.wikipedia.org/wiki/Hereditary_spherocytosis","obo:DOID_551 oboInOwl:hasExactSynonym acute chemical fume pulmonary edema","obo:DOID_2856 oboInOwl:hasDbXref ICD10CM:E07.81","obo:DOID_13941 oboInOwl:hasDbXref UMLS_CUI:C0155502","d0f77643-9d3a-4f3d-9ac1-a1ddd4365c1d owl:annotatedTarget Brutons type agammaglobulinemia","obo:DOID_10964 oboInOwl:hasDbXref SNOMEDCT_US_2015_03_01:360584008","obo:DOID_4086 rdfs:subClassOf obo:DOID_5557","bd9eb706-e708-4d42-96c5-12ba5b6b65cd owl:annotatedTarget testicular infarction","86c328b2-e7d4-4b7a-9fea-021998c0b1d8 rdf:type owl:Axiom","obo:DOID_6496 oboInOwl:hasDbXref MSH:C563195","obo:DOID_12282 oboInOwl:hasDbXref SNOMEDCT_US_2015_03_01:195410000","obo:DOID_12282 oboInOwl:id DOID:12282","obo:DOID_9297 oboInOwl:hasExactSynonym disease of lips NOS disorder","obo:DOID_8538 oboInOwl:hasDbXref SNOMEDCT_US_2015_03_01:188488003","obo:DOID_0060456 oboInOwl:created_by elvira","obo:DOID_8538 oboInOwl:hasOBONamespace disease_ontology","obo:DOID_10003 oboInOwl:hasDbXref OMIM:304400","obo:DOID_10003 oboInOwl:hasDbXref ICD10CM:H90.5","obo:DOID_13677 oboInOwl:hasDbXref NCI:C84530","06a5dc00-aec4-488d-b86c-7b14eeccd5b0 rdf:type owl:Axiom","obo:DOID_0050589 oboInOwl:hasDbXref OMIM:601458","obo:DOID_12245 oboInOwl:hasExactSynonym Histoplasmosis with endocarditis disorder","11b2f403-0a10-4dc3-8fa6-81a26ef1fdf8 owl:annotatedTarget Joint ankylosis of the pelvic region and thigh disorder","b0c1c423-d3b5-445c-a22b-eee64f7bf206 oboInOwl:hasDbXref NCI2004_11_17:C40120","obo:DOID_2768 rdfs:subClassOf obo:DOID_2769","obo:DOID_1285 oboInOwl:hasDbXref MSH:D012002","obo:DOID_6496 rdfs:label extraskeletal myxoid chondrosarcoma","obo:DOID_12282 oboInOwl:hasExactSynonym Phlebitis and thrombophlebitis of femoral vein deep superficial","af0f4690-f53e-40a2-b565-3e8b3edae51f owl:annotatedTarget mucinous cystadenocarcinoma of ovary disorder","obo:DOID_338 oboInOwl:hasDbXref MSH:D003390","464454f9-e4b1-40c8-877a-9a9e86bbaf9b owl:annotatedProperty oboInOwl:hasExactSynonym","b7d5c25c-b9c0-4136-b21f-e878047c49ea owl:annotatedProperty oboInOwl:hasExactSynonym","397a53c2-7cea-43af-8b5b-cc9600ae4ba9 owl:annotatedProperty oboInOwl:hasExactSynonym","obo:DOID_8663 oboInOwl:hasDbXref SNOMEDCT_US_2015_03_01:93829002","acf9d5d2-c5cf-4df3-a689-2b070eaea835 owl:annotatedTarget localized benign fibrous Mesothelioma","obo:DOID_5870 oboInOwl:hasDbXref SNOMEDCT_US_2015_03_01:196145005","obo:DOID_10964 oboInOwl:hasAlternativeId DOID:11433","fdae2b98-465e-4521-96a3-022c46a3afb3 owl:annotatedSource obo:DOID_0050812","118f40ab-9a1d-441d-bc9a-e8c50b9ff033 owl:annotatedSource obo:DOID_10611","7eeaa4d8-a2eb-49a6-94be-f0f18a425fc5 owl:annotatedTarget Diabetes mellitus type I [insulin dependent type] [IDDM] [juvenile type], not stated as uncontrolled, with peripheral circulatory disorder","obo:DOID_9385 owl:deprecated true^^http://www.w3.org/2001/XMLSchema#boolean","obo:DOID_9297 oboInOwl:hasExactSynonym disease of lips","44289648-6d63-41df-aa2c-dc6807e50555 owl:annotatedProperty oboInOwl:hasExactSynonym","c7b2713c-fe34-4ef9-ba84-29ae1dd40b21 owl:annotatedTarget Joint ankylosis of the shoulder region","3da6eab1-b142-43e1-a5ad-3cecb25c2c87 rdf:type owl:Axiom","obo:DOID_5782 oboInOwl:hasDbXref UMLS_CUI:C0041825","e549e2d4-6526-42d6-8d43-c04ffe72b71f oboInOwl:hasDbXref MTHICD9_2006:590.80","d003e29d-fca3-4d02-bc48-004e695f8b1b rdf:type owl:Axiom","d3eece9a-72aa-4446-ae6b-6a8b9315dc3e owl:annotatedSource obo:DOID_3153","63d45a6d-f3ab-4ce4-b9f8-651c13d8f809 oboInOwl:hasDbXref SNOMEDCT_2005_07_31:41354004","obo:DOID_8538 oboInOwl:hasDbXref ICD9CM:200.0","obo:DOID_7979 rdf:type owl:Class","obo:DOID_2893 rdfs:label cervix carcinoma","obo:DOID_5782 oboInOwl:hasDbXref ICD9CM:384.9","obo:DOID_4086 oboInOwl:hasOBONamespace disease_ontology","6c9e16df-dce3-42a0-b295-01a9714fe007 owl:annotatedProperty oboInOwl:hasExactSynonym","8e5e4e1d-ff68-439e-b78f-4c5b7d5f18b2 oboInOwl:hasDbXref CSP2005:2214-4957","obo:DOID_3503 oboInOwl:hasOBONamespace disease_ontology","obo:DOID_10003 oboInOwl:hasOBONamespace disease_ontology","obo:DOID_8751 oboInOwl:hasOBONamespace disease_ontology","76ba6db6-02ea-4e18-bdac-7c639ed7ecce owl:annotatedProperty oboInOwl:hasExactSynonym","obo:DOID_7979 rdfs:label helicobacter pylori-related gastric adenocarcinoma","86c328b2-e7d4-4b7a-9fea-021998c0b1d8 owl:annotatedProperty oboInOwl:hasExactSynonym","obo:DOID_14500 oboInOwl:hasDbXref SNOMEDCT_US_2015_03_01:190937009","obo:DOID_9473 oboInOwl:hasDbXref SNOMEDCT_US_2015_03_01:193154003","obo:DOID_551 oboInOwl:hasAlternativeId DOID:553","obo:DOID_0050765 rdfs:subClassOf obo:DOID_1289","obo:DOID_9297 oboInOwl:hasOBONamespace disease_ontology","obo:DOID_14500 oboInOwl:hasDbXref ICD10CM:E77.1","5d8b80c4-9c59-4a5b-b66c-c9a6446baefc owl:annotatedTarget Adrenal cortical adenocarcinoma","efeb3129-76f2-40ef-b848-3f7e3b900983 oboInOwl:hasDbXref SNOMEDCT_2005_07_31:197834003","obo:DOID_10964 oboInOwl:hasDbXref UMLS_CUI:C0008374","obo:DOID_0050890 oboInOwl:hasRelatedSynonym Synucleinopathies ","obo:DOID_0050765 oboInOwl:hasOBONamespace disease_ontology","7294667b-9be7-45fc-8ddd-3cb1e17fff31 oboInOwl:hasDbXref SNOMEDCT_2005_07_31:31367003","obo:DOID_2893 oboInOwl:hasDbXref NCI:C9039","obo:DOID_8802 oboInOwl:hasExactSynonym Tracheal carcinoma In situ","06a5dc00-aec4-488d-b86c-7b14eeccd5b0 owl:annotatedProperty oboInOwl:hasExactSynonym","50b3e70c-01d4-45d0-af08-6b1411a79122 owl:annotatedTarget malignant neoplasm of sebaceous gland","obo:DOID_0050677 oboInOwl:hasOBONamespace disease_ontology","obo:DOID_1373 oboInOwl:hasOBONamespace disease_ontology","obo:DOID_12157 rdf:type owl:Class","obo:DOID_2856 rdf:type owl:Class","83d80bb5-51ba-4a15-ac76-5aa7fe8f4c05 owl:annotatedSource obo:DOID_5213","obo:DOID_1373 rdfs:label endometrial stromal nodule","350b088d-5152-433f-8576-2a3e92782bd5 oboInOwl:hasDbXref SNOMEDCT_2005_07_31:157017000","obo:DOID_4086 oboInOwl:hasDbXref NCI:C9313","obo:DOID_8802 oboInOwl:hasDbXref SNOMEDCT_US_2015_03_01:92772005","obo:DOID_14500 oboInOwl:hasExactSynonym Fucosidosis disorder","obo:DOID_8538 oboInOwl:hasDbXref SNOMEDCT_US_2015_03_01:118604003","obo:DOID_4086 rdfs:label testicular germ cell tumor non-seminomatous","obo:DOID_0060456 rdfs:subClassOf obo:DOID_0060442","obo:DOID_4350 owl:deprecated true^^http://www.w3.org/2001/XMLSchema#boolean","aee2c49a-6343-4e4f-bbee-812678dffedf oboInOwl:hasDbXref SNOMEDCT_2005_07_31:251009000","464454f9-e4b1-40c8-877a-9a9e86bbaf9b rdf:type owl:Axiom","b7d5c25c-b9c0-4136-b21f-e878047c49ea rdf:type owl:Axiom","397a53c2-7cea-43af-8b5b-cc9600ae4ba9 rdf:type owl:Axiom","6c9e16df-dce3-42a0-b295-01a9714fe007 owl:annotatedSource obo:DOID_10141","obo:DOID_0050589 oboInOwl:hasDbXref SNOMEDCT_US_2015_03_01:196974002","aee2c49a-6343-4e4f-bbee-812678dffedf owl:annotatedSource obo:DOID_4080","obo:DOID_0050589 oboInOwl:hasDbXref OMIM:604519","c7b2713c-fe34-4ef9-ba84-29ae1dd40b21 oboInOwl:hasDbXref SNOMEDCT_2005_07_31:156561005","obo:DOID_2893 oboInOwl:id DOID:2893","obo:DOID_0050890 oboInOwl:created_by lschriml","76ba6db6-02ea-4e18-bdac-7c639ed7ecce rdf:type owl:Axiom","obo:DOID_12245 rdf:type owl:Class","bf00da6d-127c-464f-a2e9-1078269a9706 oboInOwl:hasDbXref SNOMEDCT_2005_07_31:192830002","6c9e16df-dce3-42a0-b295-01a9714fe007 rdf:type owl:Axiom","obo:DOID_8663 oboInOwl:hasExactSynonym malignant neoplasm of hypopharyngeal aspect of aryepiglottic fold","a8e65381-8fe7-4144-9c34-209f74bc0c95 oboInOwl:hasDbXref NCI2004_11_17:C4156","b0c1c423-d3b5-445c-a22b-eee64f7bf206 owl:annotatedTarget acute Salpingitis","6c9e16df-dce3-42a0-b295-01a9714fe007 oboInOwl:hasDbXref SNOMEDCT_2005_07_31:46640001","obo:DOID_0060456 rdf:type owl:Class","d003e29d-fca3-4d02-bc48-004e695f8b1b owl:annotatedProperty oboInOwl:hasExactSynonym","3da6eab1-b142-43e1-a5ad-3cecb25c2c87 owl:annotatedProperty oboInOwl:hasExactSynonym","obo:DOID_0050589 rdfs:label inflammatory bowel disease","obo:DOID_0050589 oboInOwl:hasDbXref OMIM:612288","a8e65381-8fe7-4144-9c34-209f74bc0c95 owl:annotatedSource obo:DOID_4468","obo:DOID_10003 oboInOwl:hasDbXref MSH:D006316","44289648-6d63-41df-aa2c-dc6807e50555 rdf:type owl:Axiom","7294667b-9be7-45fc-8ddd-3cb1e17fff31 owl:annotatedSource obo:DOID_13664","e002a40c-8d52-47cd-ad13-435bf007c94d oboInOwl:hasDbXref url:http://www.cancer.gov/cancertopics/types/bladder","obo:DOID_2981 oboInOwl:hasDbXref SNOMEDCT_US_2015_03_01:197651008","obo:DOID_8626 oboInOwl:hasOBONamespace disease_ontology","obo:DOID_9473 oboInOwl:id DOID:9473","obo:DOID_8538 oboInOwl:hasDbXref NCI:C27824","d3eece9a-72aa-4446-ae6b-6a8b9315dc3e owl:annotatedProperty oboInOwl:hasExactSynonym","obo:DOID_0050890 rdfs:subClassOf obo:DOID_1289","obo:DOID_0050589 oboInOwl:hasDbXref OMIM:612261","e897f0ed-ee5c-4ad3-b578-9af88efe3917 oboInOwl:hasDbXref SNOMEDCT_2005_07_31:26624006","obo:DOID_5870 obo:IAO_0000115 A pneumonia in which certain type of white blood cell called an eosinophil accumulates in the lung. These cells cause disruption of the normal air spaces alveoli where oxygen is extracted from the atmosphere. It is caused by certain medications or environmental triggers, parasitic infections, and cancer. The most common symptoms include cough, fever, difficulty breathing, and sweating at night.","e897f0ed-ee5c-4ad3-b578-9af88efe3917 owl:annotatedTarget Anodontia disorder","2882efb7-8093-4467-bbb2-11f4c2c78448 rdf:type owl:Axiom","obo:DOID_6496 obo:IAO_0000115 An extraosseous chondrosarcoma that has_material_basis_in cells derived from transformed cells that produce cartilage and is characterized by a marked abundance of extracellular mucoid myxoid matrix.","e4e9304f-fdc3-433c-97f4-a582d362747f owl:annotatedProperty oboInOwl:hasExactSynonym","464454f9-e4b1-40c8-877a-9a9e86bbaf9b oboInOwl:hasDbXref SNOMEDCT_2005_07_31:268880009","obo:DOID_0050890 oboInOwl:hasOBONamespace disease_ontology","obo:DOID_3503 oboInOwl:id DOID:3503","obo:DOID_0050589 oboInOwl:inSubset doid:DO_MGI_slim","279382ce-62b6-4ee7-a2b9-f2c85e7abf61 owl:annotatedProperty oboInOwl:hasExactSynonym","obo:DOID_11523 oboInOwl:hasExactSynonym Food poisoning due to C. welchii","obo:DOID_4137 oboInOwl:hasOBONamespace disease_ontology","obo:DOID_2893 oboInOwl:hasDbXref MSH:D002583","obo:DOID_0080072 oboInOwl:hasDbXref OMIM:601223","obo:DOID_2856 rdfs:label euthyroid sick syndrome","obo:DOID_10964 oboInOwl:hasExactSynonym Cholesteatoma of the middle ear","obo:DOID_0060368 rdf:type owl:Class","c7b2713c-fe34-4ef9-ba84-29ae1dd40b21 owl:annotatedProperty oboInOwl:hasExactSynonym","efeb3129-76f2-40ef-b848-3f7e3b900983 owl:annotatedProperty oboInOwl:hasExactSynonym","e9183fcf-2542-4f9c-9e37-9f6f9c36aee4 owl:annotatedTarget chronic salpingitis/oophoritis","obo:DOID_9473 oboInOwl:hasOBONamespace disease_ontology","obo:DOID_8538 oboInOwl:hasDbXref SNOMEDCT_US_2015_03_01:40152000","dc9106c5-fb32-4765-b24d-f847f7da59b8 owl:annotatedTarget Porocarcinoma","obo:DOID_5569 rdfs:label malignant syringoma","ea8066be-affa-42c4-a2d7-6ff82a8b76ab owl:annotatedSource obo:DOID_2597","f3388ff9-7c1b-4ea9-a4d5-cc34a2da3e04 owl:annotatedTarget Colloidal adenocarcinoma of rectum","obo:DOID_10003 oboInOwl:hasDbXref MSH:D006313","obo:DOID_2981 rdf:type owl:Class","obo:DOID_338 rdfs:subClassOf obo:DOID_3620","obo:DOID_551 oboInOwl:hasAlternativeId DOID:550","obo:DOID_0050589 oboInOwl:hasDbXref OMIM:612262","obo:DOID_12282 rdfs:subClassOf obo:DOID_3875","obo:DOID_10040 oboInOwl:id DOID:10040","3da6eab1-b142-43e1-a5ad-3cecb25c2c87 owl:annotatedTarget urethra metastatic malignant neoplasm","obo:DOID_10003 oboInOwl:hasDbXref UMLS_CUI:C0018780","obo:DOID_0080072 rdfs:subClassOf obo:DOID_5353","obo:DOID_4086 oboInOwl:id DOID:4086","obo:DOID_551 oboInOwl:hasDbXref UMLS_CUI:C0041881","4a74e9d9-4299-4088-81ed-d5f715f5e6ce oboInOwl:hasDbXref CSP2005:1560-6305","744ad7f6-3978-4419-9972-b4801cf1b88d rdf:type owl:Axiom","obo:DOID_2893 oboInOwl:hasExactSynonym carcinoma OF CERVIX","obo:DOID_8751 owl:deprecated true^^http://www.w3.org/2001/XMLSchema#boolean","obo:DOID_8802 oboInOwl:hasOBONamespace disease_ontology","obo:DOID_13941 oboInOwl:hasDbXref OMIM:613106","obo:DOID_2768 rdf:type owl:Class","fdae2b98-465e-4521-96a3-022c46a3afb3 owl:annotatedProperty obo:IAO_0000115","obo:DOID_2981 oboInOwl:hasDbXref SNOMEDCT_US_2015_03_01:90241004","obo:DOID_0050765 oboInOwl:created_by lschriml","627b3dd0-5341-4469-8382-473b0753e916 rdf:type owl:Axiom","obo:DOID_3503 rdfs:subClassOf obo:DOID_3458","e897f0ed-ee5c-4ad3-b578-9af88efe3917 owl:annotatedSource obo:DOID_13714","bfdb814c-e20d-47be-9e89-9aa538418dd6 owl:annotatedTarget esophageal varices without mention of bleeding","obo:DOID_12157 rdfs:label aseptic meningitis","obo:DOID_5870 oboInOwl:hasDbXref SNOMEDCT_US_2015_03_01:367542003","obo:DOID_9385 oboInOwl:hasOBONamespace disease_ontology","obo:DOID_0050589 oboInOwl:hasOBONamespace disease_ontology","obo:DOID_1285 oboInOwl:hasOBONamespace disease_ontology","144a25da-b005-436b-8e66-808f48e54259 owl:annotatedProperty oboInOwl:hasExactSynonym","2bd9ebdb-96cb-4d28-b801-dca368c4eeb3 owl:annotatedProperty oboInOwl:hasExactSynonym","obo:DOID_10003 oboInOwl:hasExactSynonym Sensorineural Deafness","d8667946-7d59-46ea-b69c-593f3377a5d1 owl:annotatedTarget A syndrome that results_in multiple congenital anomalies, including hydrops fetalis, facial and visceral abnormalities, short ribs, and short limbs without polydactyly.","obo:DOID_9297 oboInOwl:hasExactSynonym disorder of lip disorder","obo:DOID_10003 oboInOwl:hasDbXref MSH:D006319","obo:DOID_11523 oboInOwl:id DOID:11523","obo:DOID_0080072 rdf:type owl:Class","obo:DOID_14500 rdfs:label fucosidosis","7294667b-9be7-45fc-8ddd-3cb1e17fff31 rdf:type owl:Axiom","obo:DOID_9297 rdfs:label lip disease","obo:DOID_3503 oboInOwl:hasDbXref UMLS_CUI:C1335964","obo:DOID_5782 oboInOwl:hasDbXref SNOMEDCT_US_2015_03_01:194326008","obo:DOID_5782 oboInOwl:hasDbXref ICD10CM:H73.90","776e4cf9-722f-4a15-a384-ee2976228f67 owl:annotatedSource obo:DOID_8649","obo:DOID_2856 oboInOwl:hasDbXref MSH:D005067","1c78c259-8597-4c53-a51d-88c23abbe680 rdf:type owl:Axiom","f1ee6d42-37a2-4613-a14c-701f1d1636c0 owl:annotatedProperty oboInOwl:hasExactSynonym","a9826227-e90c-47a7-bc4b-0d48d9ce9c76 rdf:type owl:Axiom","obo:DOID_0060456 oboInOwl:hasExactSynonym corneal dystrophy crystalline of Schnyder","obo:DOID_0050890 rdfs:label synucleinopathy","obo:DOID_6496 oboInOwl:hasOBONamespace disease_ontology","94c3d024-48b2-4d63-91b9-e6cfa8b2e944 rdf:type owl:Axiom","obo:DOID_13941 rdfs:subClassOf obo:DOID_9847","obo:DOID_7979 oboInOwl:id DOID:7979","obo:DOID_10964 rdfs:subClassOf obo:DOID_869","b7d5c25c-b9c0-4136-b21f-e878047c49ea oboInOwl:hasDbXref SNOMEDCT_2005_07_31:93549004","f3388ff9-7c1b-4ea9-a4d5-cc34a2da3e04 owl:annotatedSource obo:DOID_3709","obo:DOID_14500 oboInOwl:hasDbXref SNOMEDCT_US_2015_03_01:64716005","obo:DOID_0050589 oboInOwl:hasDbXref OMIM:612255","63d45a6d-f3ab-4ce4-b9f8-651c13d8f809 owl:annotatedSource obo:DOID_3798","obo:DOID_0050589 oboInOwl:id DOID:0050589","350b088d-5152-433f-8576-2a3e92782bd5 owl:annotatedProperty oboInOwl:hasExactSynonym","50b3e70c-01d4-45d0-af08-6b1411a79122 owl:annotatedSource obo:DOID_4840","obo:DOID_14500 oboInOwl:hasDbXref UMLS_CUI:C0016788","obo:DOID_13677 oboInOwl:hasDbXref SNOMEDCT_US_2015_03_01:203140009","obo:DOID_6496 oboInOwl:hasDbXref UMLS_CUI:C1275278","776e4cf9-722f-4a15-a384-ee2976228f67 owl:annotatedTarget malignant neoplasm of border of tongue","obo:DOID_0060368 obo:IAO_0000115 A Parkinsons disease caused by mutation in the parkin gene, PARK2, on chromosome 6q25.2-q27.","118f40ab-9a1d-441d-bc9a-e8c50b9ff033 owl:annotatedTarget Exudative enteropathy disorder","obo:DOID_0050890 oboInOwl:id DOID:0050890","dd1992c6-e0fc-4845-b995-a06e95809982 owl:annotatedSource obo:DOID_7585","obo:DOID_338 oboInOwl:hasExactSynonym neoplasm of cranial nerve disorder","3da6eab1-b142-43e1-a5ad-3cecb25c2c87 oboInOwl:hasDbXref NCI2004_11_17:C27819","bfdb814c-e20d-47be-9e89-9aa538418dd6 owl:annotatedSource obo:DOID_112","obo:DOID_2981 oboInOwl:hasExactSynonym Papillary necrosis disorder","obo:DOID_11523 rdf:type owl:Class","obo:DOID_2893 oboInOwl:hasDbXref SNOMEDCT_US_2015_03_01:188174005","obo:DOID_0050589 oboInOwl:hasDbXref SNOMEDCT_US_2015_03_01:155759008","obo:DOID_8663 rdfs:label aryepiglottic fold cancer","obo:DOID_4350 oboInOwl:inSubset doid:tick-borne_infectious_disease","obo:DOID_10964 oboInOwl:hasDbXref SNOMEDCT_US_2015_03_01:87688009","2882efb7-8093-4467-bbb2-11f4c2c78448 oboInOwl:hasDbXref url:http://en.wikipedia.org/wiki/Alveolata","52a969a7-7d34-42f9-b2ab-209838e018fe owl:annotatedProperty oboInOwl:hasExactSynonym","obo:DOID_0050589 oboInOwl:hasDbXref OMIM:605225","obo:DOID_9297 rdfs:subClassOf obo:DOID_403","bd9eb706-e708-4d42-96c5-12ba5b6b65cd oboInOwl:hasDbXref NCI2004_11_17:C27617","obo:DOID_8802 oboInOwl:hasDbXref NCI:C3639","6b2ba27e-4447-4e28-88a0-8ac51798e188 owl:annotatedTarget A congenital hemolytic anemia characterized by the production of red blood cells with a sphere shape, rather than the normal biconcave disk shape.","obo:DOID_2981 oboInOwl:hasDbXref MSH:D007681","obo:DOID_8663 oboInOwl:hasDbXref SNOMEDCT_US_2015_03_01:187708004","236edc2d-f7e7-4af2-b568-d7f99ed8c201 owl:annotatedSource obo:DOID_0060185","obo:DOID_8538 oboInOwl:hasDbXref SNOMEDCT_US_2015_03_01:154579006","obo:DOID_10964 oboInOwl:hasDbXref NCI:C3654","obo:DOID_0080072 oboInOwl:id DOID:0080072","obo:DOID_0050589 oboInOwl:hasDbXref OMIM:612244","4da56110-65ad-4c53-a789-dcc42af20e0d owl:annotatedSource obo:DOID_0050597","obo:DOID_10003 oboInOwl:hasDbXref NCI:C34662","obo:DOID_8538 rdfs:subClassOf obo:DOID_0060073","dd1992c6-e0fc-4845-b995-a06e95809982 owl:annotatedProperty oboInOwl:hasExactSynonym","obo:DOID_338 rdf:type owl:Class","obo:DOID_0050589 oboInOwl:hasDbXref OMIM:612241","obo:DOID_551 oboInOwl:hasExactSynonym acute chemical pulmonary edema","obo:DOID_5782 rdfs:label tympanic membrane disease","44289648-6d63-41df-aa2c-dc6807e50555 oboInOwl:hasDbXref SNOMEDCT_2005_07_31:193607003","obo:DOID_2856 oboInOwl:hasDbXref ICD9CM:790.94","obo:DOID_2856 oboInOwl:hasDbXref UMLS_CUI:C0015190","obo:DOID_5870 oboInOwl:hasDbXref SNOMEDCT_US_2015_03_01:91053000","obo:DOID_6496 oboInOwl:inSubset doid:DO_cancer_slim","obo:DOID_10003 oboInOwl:hasDbXref SNOMEDCT_US_2015_03_01:194421002","obo:DOID_13677 oboInOwl:hasOBONamespace disease_ontology","64f444f5-4b1f-4781-a67b-bcee5dd25abd owl:annotatedSource obo:DOID_3799","279382ce-62b6-4ee7-a2b9-f2c85e7abf61 owl:annotatedTarget Embryonal Rhabdomyosarcoma of the orbit","efeb3129-76f2-40ef-b848-3f7e3b900983 owl:annotatedSource obo:DOID_1678","obo:DOID_0050589 oboInOwl:hasDbXref OMIM:613148","obo:DOID_2893 oboInOwl:hasDbXref OMIM:603956","d3d5209b-a139-4a76-92f0-5f0680d1207d oboInOwl:hasDbXref SNOMEDCT_2005_07_31:190445005","fdae2b98-465e-4521-96a3-022c46a3afb3 rdf:type owl:Axiom","obo:DOID_338 rdfs:label cranial nerve neoplasm","obo:DOID_10003 oboInOwl:hasDbXref SNOMEDCT_US_2015_03_01:155256000","b94231fc-5340-4501-9f01-e92371d4c339 rdf:type owl:Axiom","obo:DOID_0080072 oboInOwl:hasDbXref OMIM:243180","4a74e9d9-4299-4088-81ed-d5f715f5e6ce rdf:type owl:Axiom","obo:DOID_12282 rdf:type owl:Class","obo:DOID_8538 oboInOwl:hasDbXref ICD9CM:200.7","obo:DOID_4350 oboInOwl:inSubset doid:gram-negative_bacterial_infectious_disease","obo:DOID_0050589 oboInOwl:hasDbXref OMIM:606674","obo:DOID_10788 owl:deprecated true^^http://www.w3.org/2001/XMLSchema#boolean","obo:DOID_10003 oboInOwl:hasExactSynonym Perceptive hearing loss","obo:DOID_0050589 oboInOwl:hasDbXref OMIM:606348","4da56110-65ad-4c53-a789-dcc42af20e0d oboInOwl:hasDbXref SNOMEDCT_2005_07_31:268981007","obo:DOID_14500 oboInOwl:hasExactSynonym A-fucosidase deficiency","obo:DOID_5870 rdfs:label eosinophilic pneumonia","f1ee6d42-37a2-4613-a14c-701f1d1636c0 owl:annotatedTarget Thygeson superficial punctate keratitis disorder","2882efb7-8093-4467-bbb2-11f4c2c78448 owl:annotatedProperty obo:IAO_0000115","obo:DOID_551 oboInOwl:hasAlternativeId DOID:554","ab269a7e-4955-485e-a592-6f21e8cdb4fa owl:annotatedProperty oboInOwl:hasExactSynonym","5b09d615-fad7-4be4-8807-4d0468ea9959 oboInOwl:hasDbXref SNOMEDCT_2005_07_31:363400004","obo:DOID_9473 oboInOwl:hasDbXref SNOMEDCT_US_2015_03_01:62235007","obo:DOID_9473 rdfs:subClassOf obo:DOID_1802","obo:DOID_3503 oboInOwl:hasDbXref NCI:C5175","bd9eb706-e708-4d42-96c5-12ba5b6b65cd rdf:type owl:Axiom","obo:DOID_10003 oboInOwl:hasDbXref UMLS_CUI:C0018784","350b088d-5152-433f-8576-2a3e92782bd5 owl:annotatedSource obo:DOID_2734","e549e2d4-6526-42d6-8d43-c04ffe72b71f rdf:type owl:Axiom","bfdb814c-e20d-47be-9e89-9aa538418dd6 owl:annotatedProperty oboInOwl:hasExactSynonym","obo:DOID_10040 oboInOwl:hasDbXref UMLS_CUI:C0339116","obo:DOID_8802 rdfs:subClassOf obo:DOID_8719","e90c44f7-f70e-4cf1-bfc1-a2ced7873da6 oboInOwl:hasDbXref SNOMEDCT_2005_07_31:46497009","obo:DOID_2768 oboInOwl:hasDbXref SNOMEDCT_US_2015_03_01:192622000","d0f77643-9d3a-4f3d-9ac1-a1ddd4365c1d rdf:type owl:Axiom","ad33ab9d-f184-4802-b67c-630b1780860d owl:annotatedProperty oboInOwl:hasExactSynonym","obo:DOID_11523 rdfs:label Clostridium perfringens gastroenteritis","obo:DOID_13941 oboInOwl:hasDbXref SNOMEDCT_US_2015_03_01:111541001","b0c1c423-d3b5-445c-a22b-eee64f7bf206 owl:annotatedSource obo:DOID_10973","397a53c2-7cea-43af-8b5b-cc9600ae4ba9 owl:annotatedSource obo:DOID_10591","obo:DOID_2768 rdfs:label transient tic disorder","obo:DOID_0050589 oboInOwl:hasDbXref OMIM:612278","c6f8a967-04d3-4f32-9d60-104926e3c0de owl:annotatedProperty oboInOwl:hasExactSynonym","1bfe355b-555d-44c5-8f0a-d7d3e399a489 oboInOwl:hasDbXref SNOMEDCT_2005_07_31:201450008","obo:DOID_0050589 oboInOwl:hasDbXref OMIM:606675","obo:DOID_2893 oboInOwl:hasDbXref SNOMEDCT_US_2015_03_01:154522004","obo:DOID_13941 oboInOwl:hasOBONamespace disease_ontology","5b09d615-fad7-4be4-8807-4d0468ea9959 owl:annotatedTarget malignant tumor of pharyngoesophageal junction","e90c44f7-f70e-4cf1-bfc1-a2ced7873da6 owl:annotatedTarget Juxtapapillary focal retinitis AND retinochoroiditis disorder","obo:DOID_5870 oboInOwl:hasOBONamespace disease_ontology","bf00da6d-127c-464f-a2e9-1078269a9706 owl:annotatedTarget secondary parkinsonism, unspecified","e363ddec-6505-48f3-ab6c-bd6bc6f469d2 owl:annotatedTarget A gastrointestinal system infectious disease that involves inflammation and infection of the appendix caused by the blockage of the lumen with a small, hard piece of stool, a foreign body or worms. Mucus backs up in the appendiceal lumen, causing bacteria that live inside the appendix to multiply. The infection has_symptom pain, in the upper abdomen initially and later in the lower abdomen, has_symptom nausea, has_symptom vomiting and has_symptom fever.","obo:DOID_551 rdfs:subClassOf obo:DOID_552","obo:DOID_10003 oboInOwl:hasDbXref ICD10CM:H91.9","fc7118e0-cdd2-4645-8279-a6b5d7440244 owl:annotatedSource obo:DOID_37","obo:DOID_11523 oboInOwl:hasExactSynonym Food poisoning due to Clostridium perfringens [C. welchii]","397a53c2-7cea-43af-8b5b-cc9600ae4ba9 oboInOwl:hasDbXref CSP2005:4001-0110","dd1992c6-e0fc-4845-b995-a06e95809982 rdf:type owl:Axiom","obo:DOID_0050890 oboInOwl:hasExactSynonym alpha Synucleinopathies ","5e211793-b448-4189-8a64-5b05caa1129b owl:annotatedTarget meningioma of the Posterior Cranial Fossa","obo:DOID_9297 oboInOwl:hasDbXref NCI:C26818","fc7118e0-cdd2-4645-8279-a6b5d7440244 owl:annotatedTarget An integumentary system disease that is located_in skin.","obo:DOID_3503 oboInOwl:hasExactSynonym Mammary Signet Ring cell carcinoma","obo:DOID_5569 oboInOwl:hasOBONamespace disease_ontology","obo:DOID_2893 oboInOwl:hasDbXref SNOMEDCT_US_2015_03_01:269599004","4a74e9d9-4299-4088-81ed-d5f715f5e6ce owl:annotatedProperty oboInOwl:hasExactSynonym","04d66777-b85c-48c0-ad65-aa1c13c78322 owl:annotatedSource obo:DOID_7922","obo:DOID_9385 oboInOwl:inSubset doid:gram-negative_bacterial_infectious_disease","obo:DOID_4137 oboInOwl:hasDbXref MSH:D003137","2bd9ebdb-96cb-4d28-b801-dca368c4eeb3 owl:annotatedSource obo:DOID_6199","obo:DOID_0050589 oboInOwl:hasDbXref OMIM:612259","obo:DOID_551 rdfs:label toxic pneumonitis","obo:DOID_2893 oboInOwl:hasDbXref SNOMEDCT_US_2015_03_01:93752005","acf9d5d2-c5cf-4df3-a689-2b070eaea835 oboInOwl:hasDbXref NCI2004_11_17:C4281","6b2ba27e-4447-4e28-88a0-8ac51798e188 rdf:type owl:Axiom","obo:DOID_2893 oboInOwl:hasOBONamespace disease_ontology","d515cbf5-4e81-42ab-be4d-f4c9a2c2f3c7 rdf:type owl:Axiom","bfdb814c-e20d-47be-9e89-9aa538418dd6 rdf:type owl:Axiom","obo:DOID_7231 rdf:type owl:Class","e549e2d4-6526-42d6-8d43-c04ffe72b71f owl:annotatedProperty oboInOwl:hasExactSynonym","bd9eb706-e708-4d42-96c5-12ba5b6b65cd owl:annotatedProperty oboInOwl:hasExactSynonym","d3eece9a-72aa-4446-ae6b-6a8b9315dc3e owl:annotatedTarget Lipomatosis disorder","obo:DOID_13677 oboInOwl:hasDbXref UMLS_CUI:C0263859","obo:DOID_5782 oboInOwl:hasOBONamespace disease_ontology","ab269a7e-4955-485e-a592-6f21e8cdb4fa rdf:type owl:Axiom","obo:DOID_551 rdf:type owl:Class","obo:DOID_6496 oboInOwl:hasExactSynonym extraskeletal myxoid chondrosarcoma disorder","aee2c49a-6343-4e4f-bbee-812678dffedf owl:annotatedTarget Tricuspid regurgitation","obo:DOID_4137 rdfs:subClassOf obo:DOID_4138","obo:DOID_6496 oboInOwl:hasDbXref SNOMEDCT_US_2015_03_01:404079008","obo:DOID_0060456 oboInOwl:hasDbXref MSH:C535475","c6f8a967-04d3-4f32-9d60-104926e3c0de rdf:type owl:Axiom","obo:DOID_13941 oboInOwl:inSubset doid:DO_MGI_slim","64f444f5-4b1f-4781-a67b-bcee5dd25abd oboInOwl:hasDbXref url:http://en.wikipedia.org/wiki/Feline_panleukopenia","obo:DOID_9297 oboInOwl:hasExactSynonym Lip disorder","ad33ab9d-f184-4802-b67c-630b1780860d rdf:type owl:Axiom","obo:DOID_0060456 oboInOwl:creation_date 2015-10-16T18:01:14Z","c7b2713c-fe34-4ef9-ba84-29ae1dd40b21 owl:annotatedSource obo:DOID_381","obo:DOID_0060456 oboInOwl:hasExactSynonym crystalline stromal dystrophy","d0f77643-9d3a-4f3d-9ac1-a1ddd4365c1d owl:annotatedProperty oboInOwl:hasExactSynonym","obo:DOID_0050589 oboInOwl:hasDbXref OMIM:608448","obo:DOID_551 oboInOwl:hasAlternativeId DOID:549","obo:DOID_10003 oboInOwl:hasExactSynonym Perceptive hearing loss or deafness","obo:DOID_1373 rdfs:subClassOf obo:DOID_0060095","obo:DOID_0050589 oboInOwl:hasDbXref EFO:0003767","obo:DOID_5782 oboInOwl:hasDbXref SNOMEDCT_US_2015_03_01:21426000","b94231fc-5340-4501-9f01-e92371d4c339 owl:annotatedSource obo:DOID_4848","7294667b-9be7-45fc-8ddd-3cb1e17fff31 owl:annotatedProperty oboInOwl:hasExactSynonym","obo:DOID_9385 oboInOwl:inSubset doid:sexually_transmitted_infectious_disease","obo:DOID_4137 oboInOwl:hasDbXref UMLS_CUI:C0009440","obo:DOID_4049 oboInOwl:hasDbXref UMLS_CUI:C1334677","obo:DOID_10788 oboInOwl:hasOBONamespace disease_ontology","obo:DOID_8751 rdfs:label Hodgkins granuloma involving intrathoracic lymph nodes","2bd9ebdb-96cb-4d28-b801-dca368c4eeb3 rdf:type owl:Axiom","obo:DOID_10040 rdfs:subClassOf obo:DOID_8923","25d0aa81-1519-4dc7-abba-1c7fb5b3e59e owl:annotatedSource obo:DOID_0050503","obo:DOID_4049 oboInOwl:hasDbXref NCI:C6617","obo:DOID_10003 oboInOwl:hasDbXref NCI:C34663","obo:DOID_14500 rdf:type owl:Class","obo:DOID_9297 oboInOwl:hasDbXref UMLS_CUI:C0023760","obo:DOID_10964 oboInOwl:hasExactSynonym Cholesteatoma of middle ear","b7d5c25c-b9c0-4136-b21f-e878047c49ea owl:annotatedSource obo:DOID_9092","94c3d024-48b2-4d63-91b9-e6cfa8b2e944 owl:annotatedProperty oboInOwl:hasExactSynonym","obo:DOID_0050589 oboInOwl:hasDbXref OMIM:612354","obo:DOID_0050589 oboInOwl:hasDbXref OMIM:612245","a9826227-e90c-47a7-bc4b-0d48d9ce9c76 owl:annotatedProperty oboInOwl:hasExactSynonym","f1ee6d42-37a2-4613-a14c-701f1d1636c0 rdf:type owl:Axiom","1c78c259-8597-4c53-a51d-88c23abbe680 owl:annotatedProperty oboInOwl:hasExactSynonym","obo:DOID_8538 oboInOwl:hasAlternativeId DOID:8537","52a969a7-7d34-42f9-b2ab-209838e018fe rdf:type owl:Axiom","obo:DOID_7231 oboInOwl:hasDbXref NCI:C6208","obo:DOID_8538 oboInOwl:hasExactSynonym histiocytic lymphoma","obo:DOID_8751 oboInOwl:id DOID:8751","e002a40c-8d52-47cd-ad13-435bf007c94d owl:annotatedTarget A carcinoma of bladder that is manifested in squamous cells of the bladder.","ad33ab9d-f184-4802-b67c-630b1780860d oboInOwl:hasDbXref SNOMEDCT_2005_07_31:14366000","obo:DOID_8663 oboInOwl:id DOID:8663","25d0aa81-1519-4dc7-abba-1c7fb5b3e59e owl:annotatedTarget A RNA virus infectious disease that results_in infection, has_material_basis_in ssRNA negative-strand viruses, which have negative-sense single-stranded RNA genomes.","350b088d-5152-433f-8576-2a3e92782bd5 rdf:type owl:Axiom","obo:DOID_10003 oboInOwl:id DOID:10003","obo:DOID_10003 oboInOwl:hasDbXref UMLS_CUI:C0018776","obo:DOID_2893 obo:IAO_0000115 A cervical cancer that is located_in the cervix uteri or located_in the cervical area and that has_material_basis_in abnormally proliferating cells derives_from epithelial cells.","obo:DOID_4086 oboInOwl:hasDbXref UMLS_CUI:C1336724","2bd9ebdb-96cb-4d28-b801-dca368c4eeb3 owl:annotatedTarget malignant tumor of cornea disorder","9fc18aff-d0cf-4925-b2f3-a0a161540ad2 owl:annotatedTarget A endometrial cancer that is located_in the tissue lining the uterus.","8e5e4e1d-ff68-439e-b78f-4c5b7d5f18b2 owl:annotatedTarget piroplasmosis","obo:DOID_0060456 oboInOwl:hasExactSynonym Schnyder crystalline corneal dystrophy","obo:DOID_2893 oboInOwl:inSubset doid:DO_cancer_slim","obo:DOID_7018 rdf:type owl:Class","44289648-6d63-41df-aa2c-dc6807e50555 owl:annotatedTarget Tetanic cataract","b37899a0-ad09-4c05-a3ab-c283b98fb3b3 oboInOwl:hasDbXref SNOMEDCT_2005_07_31:15314004","obo:DOID_13677 oboInOwl:hasExactSynonym Synovitis, acne, pustulosis palmaris, hyperostosis, osteomyelitis syndrome","obo:DOID_10964 oboInOwl:hasOBONamespace disease_ontology","obo:DOID_10003 oboInOwl:hasExactSynonym Sensory hearing loss"],"InferredAxioms":["obo:DOID_13941 rdf:type rdfs:Class","rdf:object rdfs:domain rdf:Statement","obo:DOID_5870 rdf:type rdfs:Class","obo:DOID_3211 rdfs:subClassOf obo:DOID_3211","obo:DOID_3875 rdf:type rdfs:Resource","rdf:Bag rdfs:subClassOf rdf:Bag","obo:DOID_8538 rdf:type rdfs:Resource","obo:DOID_9297 rdf:type rdfs:Class","obo:DOID_3620 rdf:type rdfs:Resource","obo:DOID_0050765 rdf:type rdfs:Class","obo:DOID_0050737 rdfs:subClassOf obo:DOID_0050737","rdfs:Resource rdf:type rdfs:Class","obo:DOID_5353 rdf:type rdfs:Resource","obo:DOID_5557 rdf:type rdfs:Class","obo:DOID_5569 rdf:type rdfs:Class","rdf:XMLLiteral rdf:type rdfs:Datatype","rdf:XMLLiteral rdf:type rdfs:Class","obo:DOID_0060368 rdf:type rdfs:Resource","obo:DOID_2981 rdfs:subClassOf obo:DOID_2981","obo:DOID_0080072 rdf:type rdfs:Class","rdfs:domain rdfs:domain rdf:Property","rdf:first rdfs:domain rdf:List","obo:DOID_50 rdf:type rdfs:Class","obo:DOID_1373 rdf:type rdfs:Class","obo:DOID_0050677 rdf:type rdfs:Class","obo:DOID_5100 rdfs:subClassOf obo:DOID_5100","obo:DOID_13677 rdf:type rdfs:Resource","owl:AnnotationProperty rdf:type rdfs:Resource","rdf:predicate rdfs:domain rdf:Statement","obo:DOID_5100 rdf:type rdfs:Resource","obo:DOID_2981 rdf:type rdfs:Resource","obo:DOID_14500 rdfs:subClassOf obo:DOID_14500","obo:DOID_14500 rdf:type rdfs:Resource","obo:DOID_2769 rdfs:subClassOf obo:DOID_2769","obo:DOID_1289 rdf:type rdfs:Class","obo:DOID_10310 rdf:type rdfs:Class","obo:DOID_0050737 rdf:type rdfs:Resource","rdfs:domain rdf:type rdfs:Resource","obo:DOID_2893 rdf:type rdfs:Class","rdfs:subPropertyOf rdfs:range rdf:Property","obo:DOID_4050 rdf:type rdfs:Resource","rdf:Seq rdf:type rdfs:Class","rdf:predicate rdfs:subPropertyOf rdf:predicate","obo:DOID_869 rdf:type rdfs:Class","obo:DOID_13677 rdfs:subClassOf obo:DOID_13677","obo:DOID_8923 rdfs:subClassOf obo:DOID_8923","rdf:Alt rdfs:subClassOf rdf:Alt","obo:DOID_8802 rdfs:subClassOf obo:DOID_8802","obo:DOID_5782 rdf:type rdfs:Class","obo:DOID_4921 rdfs:subClassOf obo:DOID_4921","obo:DOID_9847 rdfs:subClassOf obo:DOID_9847","obo:DOID_10003 rdf:type rdfs:Resource","owl:Class rdf:type rdfs:Resource","obo:DOID_3503 rdf:type rdfs:Resource","obo:DOID_8533 rdf:type rdfs:Resource","obo:DOID_4086 rdf:type rdfs:Resource","obo:DOID_2952 rdfs:subClassOf obo:DOID_2952","rdfs:domain rdf:type rdf:Property","obo:DOID_2768 rdf:type rdfs:Resource","obo:DOID_0060368 rdfs:subClassOf obo:DOID_0060368","obo:DOID_14330 rdfs:subClassOf obo:DOID_14330","rdfs:subClassOf rdf:type rdfs:Resource","obo:DOID_10040 rdfs:subClassOf obo:DOID_10040","rdf:rest rdfs:range rdf:List","rdf:first rdfs:subPropertyOf rdf:first","obo:DOID_3458 rdfs:subClassOf obo:DOID_3458","rdf:Alt rdf:type rdfs:Class","obo:DOID_9847 rdf:type rdfs:Class","obo:DOID_8663 rdfs:subClassOf obo:DOID_8663","rdf:List rdf:type rdfs:Class","rdfs:subClassOf rdf:type rdf:Property","obo:DOID_557 rdfs:subClassOf obo:DOID_557","obo:DOID_5353 rdfs:subClassOf obo:DOID_5353","obo:DOID_3458 rdf:type rdfs:Class","obo:DOID_6496 rdfs:subClassOf obo:DOID_6496","rdf:Bag rdfs:subClassOf rdfs:Container","rdf:Property rdfs:subClassOf rdfs:Resource","obo:DOID_2952 rdf:type rdfs:Resource","obo:DOID_4921 rdf:type rdfs:Resource","obo:DOID_1802 rdfs:subClassOf obo:DOID_1802","rdf:predicate rdf:type rdf:Property","obo:DOID_8663 rdf:type rdfs:Resource","obo:DOID_4138 rdf:type rdfs:Class","obo:DOID_6496 rdf:type rdfs:Resource","obo:DOID_403 rdfs:subClassOf obo:DOID_403","obo:DOID_0060073 rdf:type rdfs:Class","obo:DOID_10040 rdf:type rdfs:Resource","rdf:Statement rdf:type rdfs:Resource","rdf:Bag rdf:type rdfs:Resource","rdf:nil rdf:type rdf:List","rdf:object rdfs:subPropertyOf rdf:object","obo:DOID_0050890 rdf:type rdfs:Class","obo:DOID_12282 rdf:type rdfs:Class","rdfs:comment rdfs:range rdfs:Literal","obo:DOID_4137 rdf:type rdfs:Class","owl:Axiom rdf:type rdfs:Class","rdf:predicate rdf:type rdfs:Resource","rdf:Property rdfs:subClassOf rdf:Property","obo:DOID_869 rdfs:subClassOf obo:DOID_869","obo:DOID_2769 rdf:type rdfs:Resource","obo:DOID_338 rdf:type rdfs:Class","rdf:object rdf:type rdfs:Resource","obo:DOID_3620 rdfs:subClassOf obo:DOID_3620","obo:DOID_4549 rdf:type rdfs:Class","rdfs:Container rdf:type rdfs:Class","obo:DOID_2856 rdfs:subClassOf obo:DOID_2856","obo:DOID_0060095 rdf:type rdfs:Class","obo:DOID_9473 rdf:type rdfs:Class","rdf:Statement rdfs:subClassOf rdfs:Resource","obo:DOID_6052 rdf:type rdfs:Class","obo:DOID_2856 rdf:type rdfs:Resource","obo:DOID_12157 rdfs:subClassOf obo:DOID_12157","obo:DOID_2893 rdfs:subClassOf obo:DOID_2893","obo:DOID_12157 rdf:type rdfs:Resource","rdfs:isDefinedBy rdfs:subPropertyOf rdfs:seeAlso","rdf:Seq rdfs:subClassOf rdf:Seq","rdf:object rdf:type rdf:Property","rdf:Property rdf:type rdfs:Resource","rdfs:Literal rdf:type rdfs:Class","obo:DOID_7231 rdf:type rdfs:Resource","obo:DOID_225 rdf:type rdfs:Resource","obo:DOID_552 rdf:type rdfs:Resource","rdfs:Class rdfs:subClassOf rdfs:Class","obo:DOID_3211 rdf:type rdfs:Class","obo:DOID_4362 rdf:type rdfs:Resource","rdfs:subClassOf rdfs:range rdfs:Class","obo:DOID_551 rdf:type rdfs:Resource","rdfs:Datatype rdf:type rdfs:Resource","obo:DOID_557 rdf:type rdfs:Class","obo:DOID_5295 rdf:type rdfs:Resource","obo:DOID_14330 rdf:type rdfs:Class","obo:DOID_0060442 rdf:type rdfs:Resource","obo:DOID_8923 rdf:type rdfs:Class","obo:DOID_8802 rdf:type rdfs:Class","rdfs:ContainerMembershipProperty rdf:type rdfs:Resource","rdf:rest rdf:type rdf:Property","obo:DOID_1802 rdf:type rdfs:Class","obo:DOID_10964 rdfs:subClassOf obo:DOID_10964","obo:DOID_8538 rdfs:subClassOf obo:DOID_8538","rdfs:seeAlso rdf:type rdfs:Resource","obo:DOID_403 rdf:type rdfs:Class","rdfs:comment rdf:type rdfs:Resource","rdfs:domain rdfs:range rdfs:Class","obo:DOID_4049 rdf:type rdfs:Resource","obo:DOID_5782 rdfs:subClassOf obo:DOID_5782","obo:DOID_1285 rdfs:subClassOf obo:DOID_1285","obo:DOID_0050589 rdfs:subClassOf obo:DOID_0050589","obo:DOID_0060456 rdf:type rdfs:Resource","rdfs:Class rdf:type rdfs:Class","obo:DOID_8719 rdf:type rdfs:Class","obo:DOID_1285 rdf:type rdfs:Class","obo:DOID_0050589 rdf:type rdfs:Class","obo:DOID_3875 rdfs:subClassOf obo:DOID_3875","rdf:rest rdf:type rdfs:Resource","obo:DOID_8719 rdfs:subClassOf obo:DOID_8719","rdfs:seeAlso rdf:type rdf:Property","rdfs:ContainerMembershipProperty rdfs:subClassOf rdf:Property","obo:DOID_10964 rdf:type rdfs:Class","rdfs:comment rdf:type rdf:Property","obo:DOID_225 rdfs:subClassOf obo:DOID_225","obo:DOID_4549 rdf:type rdfs:Resource","obo:DOID_552 rdfs:subClassOf obo:DOID_552","obo:DOID_338 rdf:type rdfs:Resource","obo:DOID_9473 rdf:type rdfs:Resource","obo:DOID_0060095 rdf:type rdfs:Resource","rdf:nil rdf:type rdfs:Resource","rdfs:Container rdf:type rdfs:Resource","rdf:subject rdf:type rdf:Property","rdf:Seq rdfs:subClassOf rdfs:Container","obo:DOID_12157 rdf:type rdfs:Class","rdf:rest rdfs:domain rdf:List","rdf:subject rdf:type rdfs:Resource","obo:DOID_2856 rdf:type rdfs:Class","obo:DOID_6052 rdf:type rdfs:Resource","obo:DOID_7231 rdfs:subClassOf obo:DOID_7231","rdfs:isDefinedBy rdfs:subPropertyOf rdfs:isDefinedBy","rdf:Property rdf:type rdfs:Class","obo:DOID_4137 rdfs:subClassOf obo:DOID_4137","obo:DOID_4921 rdf:type rdfs:Class","obo:DOID_10310 rdfs:subClassOf obo:DOID_10310","obo:DOID_0050890 rdfs:subClassOf obo:DOID_0050890","obo:DOID_12282 rdfs:subClassOf obo:DOID_12282","obo:DOID_2952 rdf:type rdfs:Class","rdf:Statement rdf:type rdfs:Class","obo:DOID_10040 rdf:type rdfs:Class","obo:DOID_0060073 rdf:type rdfs:Resource","obo:DOID_1289 rdfs:subClassOf obo:DOID_1289","obo:DOID_6496 rdf:type rdfs:Class","rdfs:label rdf:type rdf:Property","obo:DOID_8663 rdf:type rdfs:Class","obo:DOID_4138 rdf:type rdfs:Resource","rdfs:label rdf:type rdfs:Resource","obo:DOID_0050890 rdf:type rdfs:Resource","obo:DOID_12282 rdf:type rdfs:Resource","rdf:Bag rdf:type rdfs:Class","rdf:Alt rdfs:subClassOf rdfs:Container","obo:DOID_2769 rdf:type rdfs:Class","obo:DOID_4362 rdfs:subClassOf obo:DOID_4362","rdfs:subPropertyOf rdfs:domain rdf:Property","obo:DOID_2768 rdfs:subClassOf obo:DOID_2768","obo:DOID_4137 rdf:type rdfs:Resource","owl:Axiom rdf:type rdfs:Resource","obo:DOID_5295 rdfs:subClassOf obo:DOID_5295","obo:DOID_5569 rdfs:subClassOf obo:DOID_5569","rdfs:label rdfs:range rdfs:Literal","obo:DOID_403 rdf:type rdfs:Resource","obo:DOID_5557 rdfs:subClassOf obo:DOID_5557","obo:DOID_1802 rdf:type rdfs:Resource","rdfs:Datatype rdfs:subClassOf rdfs:Datatype","rdfs:Datatype rdfs:subClassOf rdfs:Class","obo:DOID_4049 rdf:type rdfs:Class","rdfs:subPropertyOf rdf:type rdf:Property","obo:DOID_551 rdfs:subClassOf obo:DOID_551","obo:DOID_4138 rdfs:subClassOf obo:DOID_4138","obo:DOID_0060456 rdf:type rdfs:Class","rdfs:Class rdf:type rdfs:Resource","rdfs:range rdfs:range rdfs:Class","rdfs:subPropertyOf rdf:type rdfs:Resource","obo:DOID_0060073 rdfs:subClassOf obo:DOID_0060073","rdfs:Literal rdfs:subClassOf rdfs:Resource","obo:DOID_10964 rdf:type rdfs:Resource","obo:DOID_1285 rdf:type rdfs:Resource","obo:DOID_0050589 rdf:type rdfs:Resource","obo:DOID_8719 rdf:type rdfs:Resource","obo:DOID_0050677 rdfs:subClassOf obo:DOID_0050677","obo:DOID_225 rdf:type rdfs:Class","obo:DOID_50 rdfs:subClassOf obo:DOID_50","obo:DOID_552 rdf:type rdfs:Class","obo:DOID_1373 rdfs:subClassOf obo:DOID_1373","obo:DOID_0060442 rdfs:subClassOf obo:DOID_0060442","rdfs:Literal rdf:type rdfs:Resource","obo:DOID_7231 rdf:type rdfs:Class","rdf:type rdf:type rdf:Property","obo:DOID_0080072 rdfs:subClassOf obo:DOID_0080072","obo:DOID_4362 rdf:type rdfs:Class","rdfs:Class rdfs:subClassOf rdfs:Resource","obo:DOID_3211 rdf:type rdfs:Resource","rdfs:ContainerMembershipProperty rdfs:subClassOf rdfs:ContainerMembershipProperty","obo:DOID_14330 rdf:type rdfs:Resource","obo:DOID_5295 rdf:type rdfs:Class","obo:DOID_557 rdf:type rdfs:Resource","obo:DOID_551 rdf:type rdfs:Class","rdfs:Datatype rdf:type rdfs:Class","rdfs:ContainerMembershipProperty rdf:type rdfs:Class","rdf:type rdf:type rdfs:Resource","obo:DOID_8923 rdf:type rdfs:Resource","obo:DOID_8802 rdf:type rdfs:Resource","obo:DOID_0060442 rdf:type rdfs:Class","obo:DOID_0060368 rdf:type rdfs:Class","rdf:XMLLiteral rdf:type rdfs:Resource","obo:DOID_5353 rdf:type rdfs:Class","obo:DOID_5557 rdf:type rdfs:Resource","obo:DOID_5569 rdf:type rdfs:Resource","obo:DOID_4049 rdfs:subClassOf obo:DOID_4049","obo:DOID_13677 rdf:type rdfs:Class","rdfs:isDefinedBy rdf:type rdfs:Resource","obo:DOID_50 rdf:type rdfs:Resource","obo:DOID_1373 rdf:type rdfs:Resource","obo:DOID_0050677 rdf:type rdfs:Resource","obo:DOID_4050 rdfs:subClassOf obo:DOID_4050","obo:DOID_0080072 rdf:type rdfs:Resource","obo:DOID_0050765 rdfs:subClassOf obo:DOID_0050765","obo:DOID_14500 rdf:type rdfs:Class","obo:DOID_2981 rdf:type rdfs:Class","obo:DOID_6052 rdfs:subClassOf obo:DOID_6052","rdfs:range rdfs:domain rdf:Property","rdfs:isDefinedBy rdf:type rdf:Property","owl:AnnotationProperty rdf:type rdfs:Class","obo:DOID_5100 rdf:type rdfs:Class","obo:DOID_10310 rdf:type rdfs:Resource","obo:DOID_0050737 rdf:type rdfs:Class","obo:DOID_1289 rdf:type rdfs:Resource","obo:DOID_13941 rdf:type rdfs:Resource","obo:DOID_9297 rdf:type rdfs:Resource","obo:DOID_8538 rdf:type rdfs:Class","obo:DOID_3875 rdf:type rdfs:Class","obo:DOID_5870 rdf:type rdfs:Resource","rdf:rest rdfs:subPropertyOf rdf:rest","rdfs:subClassOf rdfs:domain rdfs:Class","rdfs:Resource rdf:type rdfs:Resource","rdf:subject rdfs:domain rdf:Statement","obo:DOID_0050765 rdf:type rdfs:Resource","obo:DOID_3620 rdf:type rdfs:Class","rdf:first rdf:type rdfs:Resource","obo:DOID_2768 rdf:type rdfs:Class","obo:DOID_338 rdfs:subClassOf obo:DOID_338","obo:DOID_5870 rdfs:subClassOf obo:DOID_5870","rdfs:seeAlso rdfs:subPropertyOf rdfs:seeAlso","rdf:type rdfs:range rdfs:Class","obo:DOID_9847 rdf:type rdfs:Resource","obo:DOID_9297 rdfs:subClassOf obo:DOID_9297","obo:DOID_4549 rdfs:subClassOf obo:DOID_4549","rdf:Alt rdf:type rdfs:Resource","rdf:first rdf:type rdf:Property","obo:DOID_3458 rdf:type rdfs:Resource","rdf:List rdf:type rdfs:Resource","rdfs:range rdf:type rdf:Property","rdf:List rdfs:subClassOf rdfs:Resource","rdf:subject rdfs:subPropertyOf rdf:subject","obo:DOID_10003 rdfs:subClassOf obo:DOID_10003","rdf:Seq rdf:type rdfs:Resource","rdfs:Container rdfs:subClassOf rdfs:Container","obo:DOID_2893 rdf:type rdfs:Resource","obo:DOID_4050 rdf:type rdfs:Class","obo:DOID_4086 rdfs:subClassOf obo:DOID_4086","obo:DOID_869 rdf:type rdfs:Resource","obo:DOID_8533 rdfs:subClassOf obo:DOID_8533","obo:DOID_3503 rdfs:subClassOf obo:DOID_3503","obo:DOID_5782 rdf:type rdfs:Resource","obo:DOID_9473 rdfs:subClassOf obo:DOID_9473","obo:DOID_0060456 rdfs:subClassOf obo:DOID_0060456","obo:DOID_0060095 rdfs:subClassOf obo:DOID_0060095","obo:DOID_3503 rdf:type rdfs:Class","rdfs:range rdf:type rdfs:Resource","obo:DOID_13941 rdfs:subClassOf obo:DOID_13941","obo:DOID_8533 rdf:type rdfs:Class","obo:DOID_4086 rdf:type rdfs:Class","obo:DOID_10003 rdf:type rdfs:Class","owl:Class rdf:type rdfs:Class"],"InvalidAxioms":["obo:DOID_0050737 rdfs:subClassOf rdfs:Resource","obo:DOID_1289 rdfs:subClassOf rdfs:Class","rdfs:label rdfs:subPropertyOf rdfs:seeAlso","rdfs:comment rdfs:subPropertyOf rdf:subject","rdf:Seq rdfs:subClassOf obo:DOID_4362","rdfs:seeAlso rdfs:subClassOf obo:DOID_3875","obo:DOID_0060095 rdfs:subClassOf obo:DOID_5782","rdfs:comment rdfs:subClassOf obo:DOID_9473","obo:DOID_552 rdfs:subClassOf obo:DOID_2952","obo:DOID_0060095 rdfs:subClassOf obo:DOID_14330","obo:DOID_9297 rdfs:subClassOf obo:DOID_3503","rdfs:subPropertyOf rdfs:subPropertyOf rdf:rest","rdf:subject rdfs:subPropertyOf rdfs:seeAlso","obo:DOID_50 rdfs:subClassOf rdfs:ContainerMembershipProperty","obo:DOID_12282 rdfs:subClassOf obo:DOID_14330","obo:DOID_0050737 rdfs:subClassOf obo:DOID_2856","obo:DOID_4362 rdfs:subClassOf obo:DOID_0050677","obo:DOID_14500 rdf:type rdf:Property","obo:DOID_4549 rdfs:subClassOf obo:DOID_8923","rdfs:isDefinedBy rdf:type rdfs:Class","obo:DOID_4137 rdfs:range rdf:Property","obo:DOID_5100 rdf:type rdf:Property","obo:DOID_4050 rdfs:domain rdf:Property","obo:DOID_5100 rdfs:subClassOf obo:DOID_14500","obo:DOID_225 rdfs:subClassOf obo:DOID_6496","rdfs:ContainerMembershipProperty rdfs:subClassOf rdfs:Container","rdfs:domain rdfs:range rdfs:Literal","rdfs:comment rdfs:subClassOf obo:DOID_4549","obo:DOID_5569 rdfs:subClassOf obo:DOID_4086","obo:DOID_0080072 rdfs:subClassOf obo:DOID_10964","obo:DOID_13941 rdfs:subClassOf rdfs:Datatype","obo:DOID_0060368 rdf:type rdf:Property","obo:DOID_5353 rdf:type rdf:Property","obo:DOID_6496 rdfs:subClassOf obo:DOID_1289","obo:DOID_5295 rdfs:subClassOf obo:DOID_8538","owl:Class rdf:type rdf:Property","obo:DOID_4049 rdfs:range rdfs:Class","obo:DOID_8533 rdf:type rdf:Property","rdfs:seeAlso rdfs:range rdfs:Class","obo:DOID_2856 rdfs:subClassOf obo:DOID_8663","rdf:object rdfs:subClassOf obo:DOID_50","obo:DOID_8802 rdfs:subPropertyOf rdfs:seeAlso","rdfs:Container rdfs:subClassOf obo:DOID_2768","rdfs:subClassOf rdfs:subPropertyOf rdf:object","rdfs:range rdfs:subClassOf obo:DOID_0050589","rdf:rest rdfs:range rdfs:Class","obo:DOID_4050 rdf:type rdf:Property","rdfs:range rdf:type rdfs:Class","obo:DOID_2856 rdfs:subClassOf obo:DOID_10040","obo:DOID_14500 rdfs:domain rdf:Property","rdf:Statement rdfs:subClassOf rdfs:Container","rdf:first rdf:type rdfs:Class","obo:DOID_1373 rdfs:domain rdf:List","obo:DOID_4137 rdfs:subClassOf obo:DOID_2768","obo:DOID_4086 rdfs:subClassOf rdfs:Resource","obo:DOID_13941 rdfs:subClassOf obo:DOID_1802","obo:DOID_4050 rdfs:subClassOf rdf:Property","obo:DOID_4921 rdfs:subClassOf obo:DOID_10040","obo:DOID_5870 rdfs:subClassOf obo:DOID_225","obo:DOID_551 rdfs:subClassOf obo:DOID_10310","rdf:List rdfs:subClassOf obo:DOID_8533","obo:DOID_5295 rdfs:subClassOf obo:DOID_2769","rdf:subject rdfs:subClassOf obo:DOID_3211","rdf:nil rdfs:subClassOf obo:DOID_869","rdfs:label rdfs:subPropertyOf rdf:rest","obo:DOID_2768 rdf:type rdf:Property","obo:DOID_4086 rdfs:subClassOf obo:DOID_4137","rdfs:subClassOf rdfs:subClassOf obo:DOID_5100","rdfs:domain rdfs:subClassOf rdfs:Resource","obo:DOID_9297 rdfs:subClassOf obo:DOID_8802","obo:DOID_12157 rdfs:subPropertyOf rdf:object","obo:DOID_2768 rdfs:subClassOf obo:DOID_0080072","obo:DOID_4138 rdfs:subPropertyOf rdf:first","obo:DOID_12157 rdfs:subClassOf rdfs:Resource","rdfs:subClassOf rdfs:subClassOf rdfs:Container","obo:DOID_5100 rdfs:subClassOf obo:DOID_3620","rdf:Bag rdf:type rdf:Property","obo:DOID_5295 rdfs:subClassOf obo:DOID_5353","obo:DOID_0050589 rdfs:subClassOf obo:DOID_403","obo:DOID_338 rdfs:subClassOf obo:DOID_5295","obo:DOID_8533 rdfs:subClassOf obo:DOID_338","rdfs:label rdf:type rdfs:Class","obo:DOID_4362 rdfs:subClassOf obo:DOID_5353","obo:DOID_0060073 rdfs:subClassOf obo:DOID_8533","rdfs:range rdfs:subClassOf obo:DOID_4049","obo:DOID_4049 rdfs:subClassOf obo:DOID_0060073","rdfs:comment rdfs:subClassOf obo:DOID_9297","rdfs:label rdfs:subClassOf obo:DOID_0050589","rdfs:label rdfs:subClassOf rdfs:ContainerMembershipProperty","rdf:rest rdfs:subClassOf obo:DOID_13941","rdfs:isDefinedBy rdfs:subClassOf obo:DOID_8802","rdf:subject rdfs:subClassOf obo:DOID_8533","owl:Axiom rdfs:subClassOf obo:DOID_551","obo:DOID_1373 rdfs:subClassOf obo:DOID_8802","obo:DOID_4137 rdfs:subClassOf rdfs:Class","rdfs:subClassOf rdfs:subClassOf obo:DOID_338","rdf:nil rdf:type rdfs:Class","obo:DOID_14330 rdfs:subClassOf obo:DOID_7231","obo:DOID_338 rdfs:subClassOf obo:DOID_0050589","obo:DOID_2856 rdf:type rdf:Property","rdf:XMLLiteral rdfs:subClassOf obo:DOID_8802","rdf:predicate rdfs:subPropertyOf rdf:object","obo:DOID_13941 rdfs:range rdf:Property","obo:DOID_225 rdfs:range rdfs:Literal","rdf:subject rdf:type rdfs:Class","obo:DOID_8663 rdfs:subClassOf rdfs:Resource","owl:Class rdfs:subClassOf rdfs:Container","rdfs:subPropertyOf rdfs:domain rdf:List","obo:DOID_551 rdfs:domain rdf:Property","obo:DOID_8923 rdfs:subClassOf obo:DOID_225","obo:DOID_0050737 rdfs:subClassOf obo:DOID_6052","rdfs:comment rdfs:subClassOf rdf:Property","rdfs:comment rdfs:subClassOf obo:DOID_0050737","rdfs:isDefinedBy rdfs:subPropertyOf rdf:rest","obo:DOID_2856 rdfs:range rdfs:Literal","rdfs:subPropertyOf rdfs:subClassOf obo:DOID_5295","obo:DOID_5295 rdfs:subClassOf obo:DOID_5100","obo:DOID_4549 rdfs:subClassOf obo:DOID_4050","obo:DOID_551 rdf:type rdf:Property","obo:DOID_5353 rdfs:subClassOf rdfs:Container","rdfs:range rdfs:subPropertyOf rdfs:seeAlso","obo:DOID_9473 rdfs:subClassOf obo:DOID_7231","obo:DOID_551 rdfs:subClassOf obo:DOID_14500","rdfs:domain rdfs:subPropertyOf rdfs:isDefinedBy","obo:DOID_6052 rdfs:subClassOf obo:DOID_552","obo:DOID_13677 rdfs:subClassOf obo:DOID_9473","rdfs:range rdfs:subClassOf obo:DOID_8802","rdfs:comment rdfs:subPropertyOf rdf:object","obo:DOID_4362 rdf:type rdf:Property","obo:DOID_14500 rdfs:subClassOf obo:DOID_1373","rdf:type rdf:type rdfs:Class","rdf:Property rdfs:subClassOf obo:DOID_13677","rdfs:label rdfs:domain rdf:List","obo:DOID_1802 rdfs:subClassOf rdfs:Datatype","obo:DOID_552 rdfs:subClassOf obo:DOID_4137","obo:DOID_8538 rdfs:subClassOf rdfs:Container","obo:DOID_3875 rdfs:subClassOf rdfs:Container","rdf:type rdfs:subClassOf obo:DOID_5295","rdfs:domain rdfs:domain rdf:Statement","rdfs:subPropertyOf rdf:type rdfs:Class","obo:DOID_10003 rdfs:range rdfs:Class","obo:DOID_1802 rdfs:subClassOf obo:DOID_3458","obo:DOID_3503 rdfs:range rdfs:Class","obo:DOID_5782 rdfs:subClassOf obo:DOID_0060456","obo:DOID_1285 rdfs:subPropertyOf rdf:first","obo:DOID_2856 rdfs:subClassOf obo:DOID_0060368","obo:DOID_8538 rdfs:subClassOf obo:DOID_3875","obo:DOID_0060442 rdfs:subClassOf rdf:Property","obo:DOID_4362 rdfs:subPropertyOf rdf:object","obo:DOID_1802 rdfs:subClassOf obo:DOID_10003","obo:DOID_557 rdfs:range rdfs:Literal","obo:DOID_7231 rdfs:subClassOf obo:DOID_552","rdf:List rdfs:subClassOf obo:DOID_2952","owl:AnnotationProperty rdfs:subPropertyOf rdfs:seeAlso","rdfs:Resource rdfs:subClassOf obo:DOID_10310","rdf:object rdf:type rdfs:Class","obo:DOID_2769 rdfs:subClassOf rdfs:Datatype","rdf:first rdfs:subClassOf obo:DOID_5569","rdf:Property rdfs:subClassOf obo:DOID_10003","rdf:subject rdfs:subClassOf obo:DOID_2856","obo:DOID_2893 rdfs:subClassOf obo:DOID_10040","rdfs:isDefinedBy rdfs:subClassOf obo:DOID_6052","obo:DOID_5353 rdfs:subClassOf obo:DOID_8923","rdfs:range rdfs:subClassOf obo:DOID_6496","rdfs:Literal rdfs:domain rdf:Property","rdf:object rdfs:subClassOf rdfs:ContainerMembershipProperty","owl:Class rdfs:subClassOf obo:DOID_2893","obo:DOID_0050890 rdfs:subClassOf rdfs:Resource","rdfs:label rdfs:subClassOf rdfs:Resource","obo:DOID_4921 rdfs:subClassOf obo:DOID_9847","obo:DOID_4138 rdfs:subClassOf rdfs:Resource","rdfs:Container rdf:type rdf:Property","rdf:first rdfs:subPropertyOf rdf:predicate","rdf:Seq rdfs:subClassOf obo:DOID_6496","rdfs:range rdfs:subClassOf obo:DOID_10040","rdfs:ContainerMembershipProperty rdfs:subClassOf obo:DOID_4050","obo:DOID_4050 rdfs:subClassOf obo:DOID_2768","obo:DOID_4921 rdf:type rdf:List","obo:DOID_9473 rdfs:subClassOf obo:DOID_12282","rdf:nil rdfs:subClassOf obo:DOID_0050765","obo:DOID_4137 rdf:type rdf:Property","owl:Axiom rdf:type rdf:Property","obo:DOID_403 rdfs:subClassOf obo:DOID_4138","obo:DOID_403 rdfs:subClassOf obo:DOID_5870","obo:DOID_8663 rdfs:subClassOf obo:DOID_0050589","obo:DOID_2769 rdfs:subClassOf obo:DOID_3458","obo:DOID_0050890 rdf:type rdf:Property","obo:DOID_2952 rdfs:subClassOf obo:DOID_0050589","rdf:predicate rdfs:subPropertyOf rdf:first","obo:DOID_4138 rdf:type rdf:Property","owl:AnnotationProperty rdfs:subClassOf obo:DOID_0060456","rdf:predicate rdfs:subClassOf obo:DOID_0050589","rdf:object rdf:type rdf:List","obo:DOID_338 rdfs:subClassOf rdfs:Resource","rdf:nil rdfs:subPropertyOf rdf:object","rdf:predicate rdf:type rdfs:Class","obo:DOID_10040 rdfs:subClassOf obo:DOID_8533","obo:DOID_3620 rdfs:subClassOf rdf:Seq","obo:DOID_12282 rdfs:subClassOf obo:DOID_0060073","obo:DOID_0050589 rdf:type rdf:Property","obo:DOID_8923 rdfs:subClassOf rdfs:Resource","rdfs:seeAlso rdf:type rdfs:Class","rdfs:comment rdf:type rdfs:Class","obo:DOID_0050890 rdfs:range rdfs:Literal","rdfs:Literal rdfs:subClassOf obo:DOID_0050765","rdfs:seeAlso rdfs:subPropertyOf rdf:first","rdfs:Datatype rdfs:subClassOf obo:DOID_551","rdfs:subPropertyOf rdfs:subClassOf obo:DOID_5100","rdfs:Class rdf:type rdf:Property","obo:DOID_0050765 rdfs:subClassOf obo:DOID_0050677","rdf:XMLLiteral rdfs:subClassOf obo:DOID_4549","obo:DOID_3211 rdfs:subClassOf rdfs:Resource","rdfs:domain rdfs:range rdf:Property","obo:DOID_4362 rdfs:subClassOf rdfs:Class","rdf:rest rdfs:subClassOf obo:DOID_0050589","obo:DOID_10040 rdfs:subClassOf obo:DOID_7231","rdfs:subClassOf rdfs:subPropertyOf rdfs:seeAlso","rdf:rest rdf:type rdfs:Class","obo:DOID_1802 rdf:type rdf:Property","rdfs:label rdfs:domain rdf:Property","obo:DOID_403 rdfs:subClassOf obo:DOID_5100","rdfs:isDefinedBy rdfs:subClassOf obo:DOID_10040","rdfs:subPropertyOf rdfs:subPropertyOf rdf:object","obo:DOID_8802 rdf:type rdf:Property","obo:DOID_5870 rdfs:subClassOf obo:DOID_338","rdf:List rdfs:subClassOf obo:DOID_3620","obo:DOID_6052 rdfs:range rdfs:Literal","rdf:subject rdfs:range rdfs:Literal","rdfs:Container rdfs:subClassOf obo:DOID_4138","obo:DOID_14330 rdf:type rdf:Property","rdf:type rdfs:subClassOf obo:DOID_12282","rdf:XMLLiteral rdfs:subClassOf obo:DOID_10040","rdfs:comment rdfs:subClassOf obo:DOID_5295","rdf:first rdfs:subClassOf obo:DOID_1289","rdfs:Class rdfs:subClassOf rdf:Property","obo:DOID_4049 rdfs:subClassOf rdfs:Class","obo:DOID_8719 rdfs:subClassOf obo:DOID_4137","obo:DOID_869 rdfs:subPropertyOf rdfs:isDefinedBy","obo:DOID_5870 rdfs:subClassOf obo:DOID_4921","obo:DOID_3211 rdfs:subClassOf obo:DOID_8538","rdfs:subPropertyOf rdfs:subPropertyOf rdf:predicate","obo:DOID_2952 rdfs:subClassOf obo:DOID_557","obo:DOID_50 rdfs:subClassOf obo:DOID_12157","owl:AnnotationProperty rdfs:subClassOf obo:DOID_0060442","obo:DOID_1373 rdfs:subClassOf obo:DOID_14500","obo:DOID_8923 rdfs:subClassOf obo:DOID_0060095","obo:DOID_5353 rdfs:subClassOf rdfs:ContainerMembershipProperty","obo:DOID_5870 rdfs:subClassOf rdfs:Resource","rdf:object rdfs:subPropertyOf rdfs:seeAlso","obo:DOID_8802 rdfs:subClassOf obo:DOID_1373","obo:DOID_1802 rdfs:subClassOf obo:DOID_4921","obo:DOID_3875 rdfs:subClassOf rdfs:Datatype","obo:DOID_9297 rdfs:subClassOf rdfs:Resource","rdf:first rdfs:subClassOf obo:DOID_5353","rdfs:label rdfs:range rdfs:Class","obo:DOID_557 rdfs:subClassOf obo:DOID_0050677","obo:DOID_5569 rdf:type rdf:Property","obo:DOID_3875 rdfs:subClassOf obo:DOID_5295","obo:DOID_3211 rdfs:subPropertyOf rdf:subject","obo:DOID_4086 rdfs:subClassOf obo:DOID_1802","rdfs:Resource rdfs:subClassOf obo:DOID_4137","rdfs:Resource rdfs:subClassOf obo:DOID_2856","rdfs:Resource rdf:type rdf:Property","rdf:predicate rdfs:subPropertyOf rdfs:seeAlso","rdfs:ContainerMembershipProperty rdfs:subClassOf obo:DOID_869","rdfs:subPropertyOf rdfs:subClassOf obo:DOID_8663","obo:DOID_2981 rdfs:subClassOf rdfs:Class","rdfs:comment rdfs:subPropertyOf rdf:rest","owl:Axiom rdfs:subPropertyOf rdfs:isDefinedBy","rdfs:domain rdfs:domain rdf:List","obo:DOID_1285 rdfs:subClassOf rdfs:Container","rdf:first rdfs:subClassOf obo:DOID_9297","rdfs:subPropertyOf rdfs:subClassOf obo:DOID_0050677","obo:DOID_13941 rdf:type rdf:Property","rdf:Alt rdfs:domain rdf:Property","obo:DOID_9847 rdfs:domain rdf:Property","rdfs:subClassOf rdf:type rdfs:Class","obo:DOID_552 rdfs:subClassOf obo:DOID_0060456","obo:DOID_0050589 rdfs:subClassOf rdf:Bag","obo:DOID_8538 rdfs:subClassOf obo:DOID_1802","rdfs:range rdfs:subPropertyOf rdf:object","obo:DOID_3875 rdfs:subClassOf obo:DOID_225","rdfs:subClassOf rdfs:subPropertyOf rdf:first","rdfs:Literal rdfs:subClassOf obo:DOID_1289","rdfs:domain rdfs:subClassOf obo:DOID_5295","rdfs:comment rdfs:subPropertyOf rdfs:seeAlso","rdf:predicate rdfs:subPropertyOf rdf:rest","obo:DOID_4137 rdfs:subClassOf obo:DOID_50","obo:DOID_4137 rdfs:subClassOf obo:DOID_10040","obo:DOID_869 rdfs:subClassOf rdfs:Resource","obo:DOID_0050765 rdfs:domain rdf:Property","obo:DOID_8533 rdfs:subClassOf rdf:Alt","rdfs:Container rdfs:subClassOf obo:DOID_4549","obo:DOID_13941 rdfs:subClassOf obo:DOID_9297","rdfs:subClassOf rdfs:subClassOf obo:DOID_0060442","rdfs:range rdfs:subClassOf rdf:Property","obo:DOID_6052 rdfs:subClassOf obo:DOID_6496","obo:DOID_1285 rdfs:subClassOf obo:DOID_10310","rdf:subject rdfs:subClassOf obo:DOID_3875","rdfs:domain rdf:type rdfs:Class","rdfs:range rdfs:subClassOf obo:DOID_5100","obo:DOID_12282 rdfs:subClassOf obo:DOID_4921","rdf:first rdfs:subClassOf obo:DOID_0050765","rdfs:isDefinedBy rdfs:subClassOf obo:DOID_5870","obo:DOID_10003 rdfs:subClassOf obo:DOID_3458","obo:DOID_557 rdfs:subClassOf rdf:Bag","rdf:XMLLiteral rdfs:range rdfs:Literal","obo:DOID_1285 rdfs:range rdfs:Class","obo:DOID_557 rdfs:subClassOf obo:DOID_6052","rdf:type rdfs:subClassOf obo:DOID_6052","obo:DOID_2768 rdfs:subClassOf rdfs:Class","obo:DOID_1289 rdfs:subClassOf obo:DOID_5870","obo:DOID_5295 rdfs:subClassOf obo:DOID_8923","rdf:first rdfs:subClassOf rdfs:Resource","rdfs:subClassOf rdfs:subClassOf rdfs:Class","rdf:Seq rdf:type rdf:Property","rdfs:isDefinedBy rdfs:range rdfs:Literal","rdf:object rdfs:subClassOf obo:DOID_2768","obo:DOID_0060456 rdfs:subClassOf obo:DOID_557"]}