{"OntologyName":"http://purl.obolibrary.org/obo/doid.owl#","Prefixes":{"":"http://purl.obolibrary.org/obo/doid.owl#","owl":"http://www.w3.org/2002/07/owl#","rdf":"http://www.w3.org/1999/02/22-rdf-syntax-ns#","oboInOwl":"http://www.geneontology.org/formats/oboInOwl#","xsd":"http://www.w3.org/2001/XMLSchema#","doid":"http://purl.obolibrary.org/obo/doid#","rdfs":"http://www.w3.org/2000/01/rdf-schema#","obo":"http://purl.obolibrary.org/obo/"},"TotalBase Triples":1000,"Axiomatic Triples in Base":0,"rdf:TypeTriples in Base":135,"TotalUniqueSubjects in base":136,"TotalUniquePredicates in base":17,"TotalUniqueObjects in base":705,"TotalInferred Triples":296,"AxiomaticTriples in inferred":100,"rdf:TypeTriples in inferred":189,"TotalUniqueSubjects in inferred":94,"TotalUniquePredicates in inferred":5,"TotalUniqueObjects in inferred":83,"TotalInvalid Triples":296,"AxiomaticTriples in invalid":69,"rdf:TypeTriples in invalid":37,"fullRandomTriples in invalid":0,"trickyTriplesInInvalid in invalid":296,"TotalUniqueSubjects in invalid":89,"TotalUniquePredicates in invalid":5,"TotalUniqueObjects in invalid":74,"Inference_time (miliseconds)":6,"Invalid triples generation time (miliseconds)":40,"Output (json_format) writing time (miliseconds)":0,"OriginalAxioms":["obo:DOID_9799 oboInOwl:hasOBONamespace disease_ontology","obo:DOID_9724 oboInOwl:hasDbXref ICD9CM:360.00","obo:DOID_11101 oboInOwl:hasDbXref SNOMEDCT_US_2015_03_01:82214002","acc8d527-4455-489a-953b-bb8d98cd866b rdf:type owl:Axiom","obo:DOID_1699 oboInOwl:hasDbXref MSH:D017490","obo:DOID_0050380 oboInOwl:inSubset doid:gram-negative_bacterial_infectious_disease","1ff742d7-5319-44f2-ab10-45829b546864 rdf:type owl:Axiom","obo:DOID_2383 oboInOwl:hasDbXref SNOMEDCT_US_2015_03_01:387712008","obo:DOID_9799 oboInOwl:hasDbXref ICD9CM:360.2","obo:DOID_4588 rdfs:label secretory meningioma","obo:DOID_2346 oboInOwl:hasExactSynonym Monoclonal paraproteinaemia","8868bc91-5981-40f9-ab69-918aa22d3d17 rdf:type owl:Axiom","obo:DOID_12784 rdfs:label diabetes mellitus insulin dependent type, not stated as uncontrolled, with neurological manifestations","4726a952-9b96-487c-b765-219270694e73 owl:annotatedTarget A hemangiopericytic tumor that is a mesenchymal neoplasm composed of cells that closely resemble the modified smooth muscle cells of the normal glomus body.","obo:DOID_13431 oboInOwl:hasExactSynonym Njovera","bf91e97b-43af-492e-a762-cea8a3dad6a2 owl:annotatedSource obo:DOID_6199","821b9ab2-7756-41a1-8b36-bb7150e90622 oboInOwl:hasDbXref NCI2004_11_17:C4768","4ce548f8-5adf-4b75-89cf-91b721ed9969 rdf:type owl:Axiom","eed30c35-604c-44ac-b8c3-724a90169eef owl:annotatedTarget gastrointestinal tract cancer","obo:DOID_1712 oboInOwl:hasDbXref MSH:D001024","821b9ab2-7756-41a1-8b36-bb7150e90622 owl:annotatedProperty oboInOwl:hasExactSynonym","obo:DOID_1712 oboInOwl:hasDbXref SNOMEDCT_US_2015_03_01:72011007","obo:DOID_0050255 oboInOwl:id DOID:0050255","obo:DOID_0050431 oboInOwl:hasExactSynonym arrhythmogenic right ventricular dysplasia/cardiomyopathy","obo:DOID_1800 oboInOwl:hasDbXref SNOMEDCT_US_2015_03_01:253000007","3b3c518b-71c8-4cce-a7c0-3f4b24d04f30 owl:annotatedSource obo:DOID_13608","obo:DOID_3829 oboInOwl:hasDbXref UMLS_CUI:C0032000","dc771f9b-7d7e-48bd-8579-47aa28a50c68 owl:annotatedProperty oboInOwl:hasExactSynonym","obo:DOID_3030 oboInOwl:hasExactSynonym Mucin-Secreting adenocarcinoma","aa7b5407-d214-44ac-8f32-3f8771e18a5c owl:annotatedProperty oboInOwl:hasExactSynonym","obo:DOID_1712 oboInOwl:hasDbXref ICD9CM:746.3","obo:DOID_6659 rdfs:label cervical large cell neuroendocrine carcinoma","obo:DOID_0050292 obo:IAO_0000115 A systemic mycosis that results_in infection located_in human body, has_material_basis_in Fungi, which can overcome the physiological and cellular defences of the normal human host. The primary deep pathogens usually gain access to the host via the respiratory tract.","obo:DOID_7469 oboInOwl:id DOID:7469","0f5a0b18-2dc3-4956-9eee-21b969410c7c owl:annotatedProperty oboInOwl:hasExactSynonym","obo:DOID_5272 oboInOwl:hasExactSynonym sarcoma of the Small Intestine","obo:DOID_2383 oboInOwl:hasDbXref SNOMEDCT_US_2015_03_01:111470007","734cf9e2-f36f-45f7-9902-2d5750c9ea3b owl:annotatedTarget Thorax abscess NOS disorder","obo:DOID_9799 oboInOwl:hasDbXref SNOMEDCT_US_2015_03_01:193275003","obo:DOID_11088 oboInOwl:hasDbXref SNOMEDCT_US_2015_03_01:413654009","obo:DOID_3829 oboInOwl:id DOID:3829","9e192100-eb67-43b4-afde-4dc86e4f9c6b owl:annotatedSource obo:DOID_0060213","obo:DOID_5411 oboInOwl:hasExactSynonym poorly differentiated Endocrine neoplasm","c18473fe-5f9d-412d-bd1e-2901029e24df oboInOwl:hasDbXref NCI2004_11_17:C5141","854a0c0c-9071-4bc8-b4d7-babe65c6bed4 owl:annotatedProperty obo:IAO_0000115","obo:DOID_3829 oboInOwl:hasDbXref SNOMEDCT_US_2015_03_01:367095008","obo:DOID_0050380 oboInOwl:inSubset doid:zoonotic_infectious_disease","obo:DOID_11101 oboInOwl:hasDbXref ICD10CM:A79.0","obo:DOID_9051 owl:deprecated true^^http://www.w3.org/2001/XMLSchema#boolean","2c7cb773-2dce-4ed9-b150-9057db1d1aee owl:annotatedTarget Meralgia paresthetica","538ec257-b1b3-4183-bec8-ca6e83d0ff7a owl:annotatedProperty oboInOwl:hasExactSynonym","9e192100-eb67-43b4-afde-4dc86e4f9c6b rdf:type owl:Axiom","a88f6f0c-d86e-4570-aa30-c7fbf8597b48 owl:annotatedProperty oboInOwl:hasExactSynonym","7bb57854-b136-4609-920c-4f5c543448bb owl:annotatedTarget An endocrine system disease that is located_in the adrenal gland.","e776a737-84e8-4a29-a74b-d37a30b28e02 owl:annotatedSource obo:DOID_12113","obo:DOID_13306 rdfs:label diphtheritic cystitis","obo:DOID_6872 rdfs:label spinal cord primitive neuroectodermal neoplasm","ae1a3111-5d87-4d96-adbd-9294fd90a903 oboInOwl:hasDbXref ICD9CM_2006:365.24","bb934f6f-3cf6-4d13-9205-9711dfe5a4e7 oboInOwl:hasDbXref SNOMEDCT_2005_07_31:77971008","0259d964-e1a0-4174-b257-908c2fa5a3c4 owl:annotatedProperty oboInOwl:hasExactSynonym","obo:DOID_11088 oboInOwl:hasDbXref SNOMEDCT_US_2015_03_01:28314004","obo:DOID_5147 oboInOwl:hasExactSynonym Dartoic leiomyoma","obo:DOID_13380 rdf:type owl:Class","obo:DOID_13343 oboInOwl:hasExactSynonym Toxoplasmosis chorioretinitis disorder","obo:DOID_0050343 owl:deprecated true^^http://www.w3.org/2001/XMLSchema#boolean","obo:DOID_1699 oboInOwl:hasOBONamespace disease_ontology","b95f3ab6-2f28-43f5-9eaf-46ff3f9d2a3c rdf:type owl:Axiom","obo:DOID_2383 oboInOwl:hasDbXref NCI:C99246","obo:DOID_13431 oboInOwl:inSubset doid:gram-negative_bacterial_infectious_disease","obo:DOID_4588 oboInOwl:hasDbXref MSH:D008579","obo:DOID_1800 rdfs:subClassOf obo:DOID_305","obo:DOID_13343 oboInOwl:hasExactSynonym Toxoplasma chorioretinitis","4383b55a-67c3-483d-9569-8dd36d1dbe43 rdf:type owl:Axiom","417dc2d1-0eab-4234-8269-b725f5b6a169 rdf:type owl:Axiom","dc628adf-d4cb-487d-8a6f-e51dc5ae67db owl:annotatedProperty oboInOwl:hasExactSynonym","e776a737-84e8-4a29-a74b-d37a30b28e02 rdf:type owl:Axiom","3e5c3888-a6fc-4b25-8571-c9dc46840b9d owl:annotatedProperty oboInOwl:hasExactSynonym","eed30c35-604c-44ac-b8c3-724a90169eef oboInOwl:hasDbXref NCI2004_11_17:C4890","obo:DOID_8153 oboInOwl:hasDbXref NCI:C6573","7f41d8cc-0483-4203-a9fd-05ca6ae4a8ca rdf:type owl:Axiom","d8d8457d-82a3-4daa-9198-5d15e7f57697 owl:annotatedProperty oboInOwl:hasExactSynonym","acc8d527-4455-489a-953b-bb8d98cd866b owl:annotatedTarget Tsutsugamushi disease disorder","bf91e97b-43af-492e-a762-cea8a3dad6a2 rdf:type owl:Axiom","04ade5e6-e996-4da8-93d7-c6d78602e7dd owl:annotatedProperty oboInOwl:hasExactSynonym","obo:DOID_11088 oboInOwl:hasDbXref ICD9CM:768.9","932c8613-a11e-4290-98bc-de8bf2124bdd owl:annotatedTarget Cerebral Hemispheric Convexity meningioma","obo:DOID_0050431 oboInOwl:hasDbXref MSH:D019571","obo:DOID_2346 oboInOwl:hasDbXref SNOMEDCT_US_2015_03_01:267440005","592ec18e-e636-4c37-a589-bf1a62b53465 owl:annotatedProperty oboInOwl:hasExactSynonym","61b812ea-fbe1-4e91-ad69-099f4c2cbcf4 rdf:type owl:Axiom","1ffa0883-cea5-4065-a63e-76f7bb13d1a5 rdf:type owl:Axiom","obo:DOID_0050431 oboInOwl:hasDbXref SNOMEDCT_US_2015_03_01:281170005","2fb9f160-77ea-4217-a633-d285ee5e020c rdf:type owl:Axiom","obo:DOID_2346 oboInOwl:hasExactSynonym Monoclonal Paraproteinemia","59785560-c8f6-4360-9c3d-40628a56fb86 owl:annotatedProperty obo:IAO_0000115","obo:DOID_789 rdf:type owl:Class","obo:DOID_6872 oboInOwl:hasDbXref NCI:C5406","obo:DOID_8153 oboInOwl:id DOID:8153","1c99646a-572e-4ad6-ad63-5d42bda8e770 owl:annotatedProperty oboInOwl:hasExactSynonym","282a2fd4-9836-4390-b441-92cd64e0e57f oboInOwl:hasDbXref ICD9CM_2006:008.03","obo:DOID_2471 oboInOwl:hasExactSynonym Infection due to Erysipelothrix rhusiopathiae","obo:DOID_1712 oboInOwl:hasExactSynonym AS","obo:DOID_0050431 oboInOwl:hasDbXref OMIM:611528","obo:DOID_0050292 rdfs:subClassOf obo:DOID_0050136","30b376a2-a452-43f6-afa0-7554037bd2c7 rdf:type owl:Axiom","obo:DOID_2346 oboInOwl:id DOID:2346","8887a119-f169-49c1-897c-86ed15d78944 rdf:type owl:Axiom","932c8613-a11e-4290-98bc-de8bf2124bdd rdf:type owl:Axiom","obo:DOID_9051 rdfs:label Herpes simplex virus meningitis","obo:DOID_4676 oboInOwl:hasDbXref ICD10CM:N19","b95f3ab6-2f28-43f5-9eaf-46ff3f9d2a3c owl:annotatedProperty oboInOwl:hasExactSynonym","09c60a0f-2796-40d1-b4c3-d3f16fbed61d owl:annotatedTarget Pigmentary iris degeneration disorder","ed8559d8-3f4b-454c-a055-a20e8bb28bc1 owl:annotatedTarget Superior mesenteric artery syndrome","obo:DOID_5411 rdfs:subClassOf obo:DOID_5409","c18473fe-5f9d-412d-bd1e-2901029e24df owl:annotatedTarget breast Apocrine carcinoma","5c4ef7ec-24fe-4a5c-b6b6-ddaeff26c3f4 owl:annotatedProperty obo:IAO_0000115","obo:DOID_3917 oboInOwl:id DOID:3917","33cd347c-95df-4e5c-a39a-ab76c7ba029e owl:annotatedTarget astrocytoma of Diencephalon","obo:DOID_9900 rdfs:label protracted reactive paranoid psychosis","854a0c0c-9071-4bc8-b4d7-babe65c6bed4 oboInOwl:hasDbXref url:http://en.wikipedia.org/wiki/Carcinoma","obo:DOID_1712 oboInOwl:hasDbXref SNOMEDCT_US_2015_03_01:390722003","obo:DOID_10329 rdfs:subClassOf obo:DOID_10316","obo:DOID_0050431 oboInOwl:hasDbXref NCI:C84571","46ca7cff-84a7-4550-bc51-2b09bc138372 owl:annotatedTarget A uterine Corpus sarcoma and leiomyosarcoma and uterine Corpus smooth muscle neoplasm that is located_in the smooth muscle of the uterus.","4726a952-9b96-487c-b765-219270694e73 owl:annotatedProperty obo:IAO_0000115","obo:DOID_13431 obo:IAO_0000115 A primary bacterial infectious disease that results_in infection located_in mucosa of mouth, located_in skin or located_in bone, has_material_basis_in Treponema pallidum subsp endemicum, which is transmitted_by contact or transmitted_by sharing of domestic utensils. The infection has_symptom moist patches in the mouth, has_symptom lumps in long bones, tissues around the mouth, nose, and roof of the mouth. These lumps destroy tissue, causing bones to be deformed and disfiguring the face.","0259d964-e1a0-4174-b257-908c2fa5a3c4 rdf:type owl:Axiom","obo:DOID_1712 oboInOwl:hasDbXref UMLS_CUI:C0152417","84873cb2-fcad-484b-bb5d-0754f0011526 owl:annotatedSource obo:DOID_11339","obo:DOID_10366 oboInOwl:id DOID:10366","592ec18e-e636-4c37-a589-bf1a62b53465 rdf:type owl:Axiom","obo:DOID_11101 oboInOwl:hasExactSynonym shin bone fever","04ade5e6-e996-4da8-93d7-c6d78602e7dd rdf:type owl:Axiom","bf91e97b-43af-492e-a762-cea8a3dad6a2 owl:annotatedProperty oboInOwl:hasExactSynonym","09c60a0f-2796-40d1-b4c3-d3f16fbed61d oboInOwl:hasDbXref SNOMEDCT_2005_07_31:70397008","0259d964-e1a0-4174-b257-908c2fa5a3c4 oboInOwl:hasDbXref NCI2004_11_17:C3543","obo:DOID_4676 oboInOwl:hasDbXref SNOMEDCT_US_2015_03_01:44730006","d8d8457d-82a3-4daa-9198-5d15e7f57697 rdf:type owl:Axiom","obo:DOID_0050431 oboInOwl:hasDbXref OMIM:607450","dc628adf-d4cb-487d-8a6f-e51dc5ae67db rdf:type owl:Axiom","e776a737-84e8-4a29-a74b-d37a30b28e02 owl:annotatedProperty oboInOwl:hasExactSynonym","3e5c3888-a6fc-4b25-8571-c9dc46840b9d rdf:type owl:Axiom","obo:DOID_0060071 obo:IAO_0000115 A disease of cellular proliferation that results in abnormal growths in the body, which do not invade or destroy the surrounding tissue but, given enough time, will transform into a cancer.","4383b55a-67c3-483d-9569-8dd36d1dbe43 owl:annotatedProperty oboInOwl:hasExactSynonym","417dc2d1-0eab-4234-8269-b725f5b6a169 owl:annotatedProperty oboInOwl:hasExactSynonym","obo:DOID_13306 oboInOwl:id DOID:13306","obo:DOID_0050218 oboInOwl:hasOBONamespace disease_ontology","obo:DOID_0050431 oboInOwl:hasExactSynonym ARVC cardiomyopathy","obo:DOID_1712 oboInOwl:hasDbXref ICD10CM:Q23.0","obo:DOID_1699 oboInOwl:hasDbXref SNOMEDCT_US_2015_03_01:12215009","obo:DOID_9051 obo:IAO_0000115 A Simplexvirus infectious disease that results_in inflammation located_in meninges, has_material_basis_in Human herpesvirus 2 and has_symptom headache, has_symptom fever, and has_symptom meningism.","obo:DOID_0050431 oboInOwl:hasDbXref UMLS_CUI:C0349788","obo:DOID_9051 oboInOwl:hasOBONamespace disease_ontology","46ca7cff-84a7-4550-bc51-2b09bc138372 rdf:type owl:Axiom","1c99646a-572e-4ad6-ad63-5d42bda8e770 rdf:type owl:Axiom","obo:DOID_3917 rdfs:label pancreatic serous cystadenoma","obo:DOID_10278 oboInOwl:id DOID:10278","obo:DOID_2471 oboInOwl:inSubset doid:zoonotic_infectious_disease","ede8c466-9c86-4ca2-9ed5-8b0a6ff27cc3 oboInOwl:hasDbXref SNOMEDCT_2005_07_31:390722003","obo:DOID_10366 oboInOwl:hasDbXref UMLS_CUI:C0153602","2fb9f160-77ea-4217-a633-d285ee5e020c owl:annotatedProperty oboInOwl:hasExactSynonym","d2d8bb5b-c9e4-4bca-8061-2968d0ccd6aa owl:annotatedSource obo:DOID_1077","obo:DOID_0060210 obo:IAO_0000115 A type of ALS caused_by mutation located_in ERBB4 gene located_in chromosome 2.","61b812ea-fbe1-4e91-ad69-099f4c2cbcf4 owl:annotatedProperty oboInOwl:hasExactSynonym","obo:DOID_1699 oboInOwl:hasDbXref SNOMEDCT_US_2015_03_01:35970001","59785560-c8f6-4360-9c3d-40628a56fb86 oboInOwl:hasDbXref url:https://www.rarediseases.org/rare-disease-information/rare-diseases/byID/696/viewAbstract","59785560-c8f6-4360-9c3d-40628a56fb86 owl:annotatedSource obo:DOID_0060254","obo:DOID_5411 oboInOwl:hasExactSynonym Oat cell carcinoma morphologic abnormality","obo:DOID_13343 oboInOwl:hasExactSynonym Chorioretinitis due to toxoplasmosis","932c8613-a11e-4290-98bc-de8bf2124bdd owl:annotatedProperty oboInOwl:hasExactSynonym","obo:DOID_3193 rdfs:label peripheral nerve sheath neoplasm","8887a119-f169-49c1-897c-86ed15d78944 owl:annotatedProperty oboInOwl:hasExactSynonym","obo:DOID_6923 rdf:type owl:Class","obo:DOID_5360 rdfs:label AD-BAC","30b376a2-a452-43f6-afa0-7554037bd2c7 owl:annotatedSource obo:DOID_14117","30b376a2-a452-43f6-afa0-7554037bd2c7 owl:annotatedProperty oboInOwl:hasExactSynonym","obo:DOID_13431 oboInOwl:hasExactSynonym Non-venereal endemic syphilis disorder","7bb57854-b136-4609-920c-4f5c543448bb owl:annotatedProperty obo:IAO_0000115","obo:DOID_0060210 rdfs:subClassOf obo:DOID_332","obo:DOID_8153 oboInOwl:hasExactSynonym Fibroosseous Digital Pseudotumor","obo:DOID_4588 oboInOwl:hasExactSynonym Secretory meningioma","obo:DOID_5411 oboInOwl:hasDbXref SNOMEDCT_US_2015_03_01:74364000","obo:DOID_1699 oboInOwl:hasExactSynonym lamellar ichthyosis","8868bc91-5981-40f9-ab69-918aa22d3d17 owl:annotatedProperty oboInOwl:hasExactSynonym","8868bc91-5981-40f9-ab69-918aa22d3d17 owl:annotatedSource obo:DOID_10967","obo:DOID_6872 rdfs:subClassOf obo:DOID_5612","obo:DOID_1699 oboInOwl:id DOID:1699","obo:DOID_0050431 oboInOwl:inSubset doid:DO_MGI_slim","1ff742d7-5319-44f2-ab10-45829b546864 owl:annotatedProperty oboInOwl:hasExactSynonym","obo:DOID_0050431 oboInOwl:hasDbXref SNOMEDCT_US_2015_03_01:253528005","obo:DOID_2383 oboInOwl:hasExactSynonym neonatal icterus","obo:DOID_2434 rdf:type owl:Class","obo:DOID_14190 oboInOwl:hasExactSynonym Induced psychotic disorder","1ff742d7-5319-44f2-ab10-45829b546864 owl:annotatedSource obo:DOID_110","acc8d527-4455-489a-953b-bb8d98cd866b owl:annotatedProperty oboInOwl:hasExactSynonym","obo:DOID_0050079 rdfs:label niacin deficiency","43e226ce-1df2-4581-bcb8-52393ddfaeb5 oboInOwl:hasDbXref url:http://www.accessmedicine.com/resourceTOC.aspx?resourceID\u003d4","obo:DOID_10278 rdfs:label Vasa previa complicating labor and delivery","aa7b5407-d214-44ac-8f32-3f8771e18a5c rdf:type owl:Axiom","obo:DOID_0050431 oboInOwl:hasDbXref OMIM:610193","dc771f9b-7d7e-48bd-8579-47aa28a50c68 rdf:type owl:Axiom","d2d8bb5b-c9e4-4bca-8061-2968d0ccd6aa owl:annotatedTarget A Chromadorea infectious disease that involves infection by parasitic nematodes of the order Spirurida.","obo:DOID_9799 oboInOwl:hasDbXref ICD9CM:360.4","9e192100-eb67-43b4-afde-4dc86e4f9c6b owl:annotatedTarget frontotemporal dementia and/or motor neuron disease","obo:DOID_9724 oboInOwl:hasDbXref ICD10CM:H44.00","obo:DOID_1699 oboInOwl:hasDbXref UMLS_CUI:C0079154","821b9ab2-7756-41a1-8b36-bb7150e90622 rdf:type owl:Axiom","obo:DOID_3829 oboInOwl:hasExactSynonym adenoma of the Pituitary gland","obo:DOID_0050343 oboInOwl:hasOBONamespace disease_ontology","obo:DOID_2346 oboInOwl:hasExactSynonym Monoclonal paraproteinemia disorder","4ce548f8-5adf-4b75-89cf-91b721ed9969 oboInOwl:hasDbXref SNOMEDCT_2005_07_31:126834003","dc771f9b-7d7e-48bd-8579-47aa28a50c68 oboInOwl:hasDbXref SNOMEDCT_2005_07_31:405950009","obo:DOID_1712 oboInOwl:hasDbXref ICD9CM:395.0","1b8f0961-05d0-4e6a-9350-b1f0d71a5fed owl:annotatedSource obo:DOID_1254","obo:DOID_9799 oboInOwl:hasDbXref ICD10CM:H44.30","4ce548f8-5adf-4b75-89cf-91b721ed9969 owl:annotatedProperty oboInOwl:hasExactSynonym","obo:DOID_3193 oboInOwl:hasDbXref MSH:D018317","obo:DOID_0060210 rdf:type owl:Class","52dbbe78-8f2b-486f-9be5-7346d19b5821 oboInOwl:hasDbXref SNOMEDCT_2005_07_31:190811005","obo:DOID_7469 rdf:type owl:Class","e776a737-84e8-4a29-a74b-d37a30b28e02 oboInOwl:hasDbXref MTH:NOCODE","a0565246-f87e-4a2e-acbe-6302ad5218bb oboInOwl:hasDbXref SNOMEDCT_2005_07_31:240523007","obo:DOID_14190 oboInOwl:id DOID:14190","obo:DOID_1699 oboInOwl:hasDbXref NCI:C84805","obo:DOID_1699 oboInOwl:hasDbXref SNOMEDCT_US_2015_03_01:268245001","0f5a0b18-2dc3-4956-9eee-21b969410c7c rdf:type owl:Axiom","obo:DOID_11088 oboInOwl:hasExactSynonym postnatal asphyxia","4457a385-214a-4b3e-8463-5e49a69fb53c rdf:type owl:Axiom","obo:DOID_2383 rdfs:label neonatal jaundice","obo:DOID_10329 oboInOwl:hasDbXref NCI:C27026","obo:DOID_3193 rdfs:subClassOf obo:DOID_1192","obo:DOID_0060122 rdfs:label integumentary system cancer","obo:DOID_0050431 oboInOwl:hasOBONamespace disease_ontology","obo:DOID_7469 rdfs:label balloon cell nevus","60c590b6-c685-4c2e-bbe5-09ee88e1d456 owl:annotatedTarget neurogenic bladder NOS","a88f6f0c-d86e-4570-aa30-c7fbf8597b48 rdf:type owl:Axiom","obo:DOID_11101 rdfs:subClassOf obo:DOID_11102","9e192100-eb67-43b4-afde-4dc86e4f9c6b owl:annotatedProperty oboInOwl:hasExactSynonym","obo:DOID_0050218 rdfs:subClassOf obo:DOID_1496","obo:DOID_0060122 rdf:type owl:Class","538ec257-b1b3-4183-bec8-ca6e83d0ff7a rdf:type owl:Axiom","obo:DOID_9051 oboInOwl:hasExactSynonym Mollarets meningitis","282a2fd4-9836-4390-b441-92cd64e0e57f owl:annotatedSource obo:DOID_13285","obo:DOID_3193 rdf:type owl:Class","obo:DOID_0060071 rdfs:label pre-malignant neoplasm","aef07f37-dc11-466c-a979-5d813e5f8aa8 oboInOwl:hasDbXref MTHICD9_2006:368.61","2fb9f160-77ea-4217-a633-d285ee5e020c owl:annotatedTarget Non proliferative diabetic retinopathy disorder","obo:DOID_4588 oboInOwl:hasDbXref SNOMEDCT_US_2015_03_01:253081009","obo:DOID_5272 oboInOwl:hasOBONamespace disease_ontology","obo:DOID_0060210 oboInOwl:hasExactSynonym amyotrophic lateral sclerosis 19","obo:DOID_13306 oboInOwl:hasExactSynonym Diphtheritic cystitis disorder","obo:DOID_13431 rdfs:subClassOf obo:DOID_0050338","obo:DOID_9724 oboInOwl:hasDbXref ICD9CM:360.0","2e2d1a0d-53fa-4649-8880-2aca8571b33f owl:annotatedTarget Granulomatous thyroiditis","46ca7cff-84a7-4550-bc51-2b09bc138372 owl:annotatedProperty obo:IAO_0000115","775f55a1-ce72-4e87-b198-6edde939bfbb owl:annotatedTarget An organ system cancer located_in the genitourinary system that is characterized by uncontrolled cellular proliferation in reproductive and urinary organs.","52dbbe78-8f2b-486f-9be5-7346d19b5821 owl:annotatedProperty oboInOwl:hasExactSynonym","obo:DOID_0050167 oboInOwl:hasOBONamespace disease_ontology","obo:DOID_9900 owl:deprecated true^^http://www.w3.org/2001/XMLSchema#boolean","obo:DOID_10278 oboInOwl:hasExactSynonym Vasa previa complicating labor and delivery, unspecified as to episode of care","obo:DOID_11088 oboInOwl:hasExactSynonym Asphyxia NOS in liveborn infant","eed30c35-604c-44ac-b8c3-724a90169eef owl:annotatedProperty oboInOwl:hasExactSynonym","obo:DOID_0050431 oboInOwl:id DOID:0050431","obo:DOID_9799 oboInOwl:hasDbXref SNOMEDCT_US_2015_03_01:62585004","obo:DOID_13343 oboInOwl:hasOBONamespace disease_ontology","obo:DOID_2383 oboInOwl:hasDbXref SNOMEDCT_US_2015_03_01:206474007","obo:DOID_1699 oboInOwl:hasExactSynonym nonbullous congenital ichthyosiform erythroderma","c786c92e-298c-4bb0-a447-8ceed2924dbd rdf:type owl:Axiom","obo:DOID_1712 rdfs:subClassOf obo:DOID_62","obo:DOID_4676 oboInOwl:hasExactSynonym UREMIA OF renal ORIGIN","obo:DOID_0050079 oboInOwl:hasOBONamespace disease_ontology","obo:DOID_5059 oboInOwl:id DOID:5059","ef614765-8a2e-4f57-826e-22c02bdf924b oboInOwl:hasDbXref NCI2004_11_17:C4984","bf91e97b-43af-492e-a762-cea8a3dad6a2 owl:annotatedTarget Corneal tumor","obo:DOID_9799 oboInOwl:id DOID:9799","obo:DOID_5360 oboInOwl:hasOBONamespace disease_ontology","obo:DOID_4588 rdf:type owl:Class","7bb57854-b136-4609-920c-4f5c543448bb rdf:type owl:Axiom","obo:DOID_1712 oboInOwl:inSubset doid:DO_MGI_slim","obo:DOID_5147 oboInOwl:hasExactSynonym Dartoic myoma disorder","obo:DOID_4676 rdfs:label uremia","obo:DOID_0050255 oboInOwl:hasOBONamespace disease_ontology","775f55a1-ce72-4e87-b198-6edde939bfbb owl:annotatedSource obo:DOID_1265","obo:DOID_11088 oboInOwl:hasDbXref ICD10CM:P84","obo:DOID_9724 oboInOwl:hasDbXref SNOMEDCT_US_2015_03_01:41720003","obo:DOID_2434 oboInOwl:hasExactSynonym Junctional nevus morphologic abnormality","obo:DOID_5323 owl:deprecated true^^http://www.w3.org/2001/XMLSchema#boolean","5c4ef7ec-24fe-4a5c-b6b6-ddaeff26c3f4 rdf:type owl:Axiom","obo:DOID_13431 oboInOwl:hasOBONamespace disease_ontology","obo:DOID_0050431 oboInOwl:hasExactSynonym ARVC","0259d964-e1a0-4174-b257-908c2fa5a3c4 owl:annotatedSource obo:DOID_14546","obo:DOID_0050167 rdfs:label autoimmune polyendocrine syndrome type 1","obo:DOID_0050343 rdfs:label Gardnerella vaginalis vaginosis","obo:DOID_0060210 rdfs:label amyotrophic lateral sclerosis type 19","f4ea126e-ddd9-48a0-90ac-2458afd0149b owl:annotatedTarget Carotid artery thrombosis disorder","7f41d8cc-0483-4203-a9fd-05ca6ae4a8ca oboInOwl:hasDbXref url:http://ghr.nlm.nih.gov/glossary\u003dnystagmus","821b9ab2-7756-41a1-8b36-bb7150e90622 owl:annotatedTarget malignant tumor of Olfactory nerve","4726a952-9b96-487c-b765-219270694e73 rdf:type owl:Axiom","479ea661-efb9-4904-a86c-9394e87a2f3b owl:annotatedSource obo:DOID_8483","obo:DOID_2346 rdfs:subClassOf obo:DOID_2345","obo:DOID_1712 oboInOwl:hasOBONamespace disease_ontology","bb934f6f-3cf6-4d13-9205-9711dfe5a4e7 owl:annotatedProperty oboInOwl:hasExactSynonym","ede8c466-9c86-4ca2-9ed5-8b0a6ff27cc3 rdf:type owl:Axiom","obo:DOID_6659 oboInOwl:hasDbXref NCI:C40214","obo:DOID_5411 oboInOwl:hasDbXref MSH:D018288","obo:DOID_1624 oboInOwl:hasOBONamespace disease_ontology","obo:DOID_9799 rdfs:subClassOf obo:DOID_5614","obo:DOID_9799 oboInOwl:hasDbXref ICD9CM:360.20","obo:DOID_5360 oboInOwl:id DOID:5360","obo:DOID_0050218 rdfs:label polycystic echinococcosis","obo:DOID_3193 obo:IAO_0000115 A peripheral nervous system neoplasm that is located_in the connective tissue surrounding nerves.","3e45a032-6ede-4cd8-916e-c35909a53bc1 rdf:type owl:Axiom","39755631-dbe3-4e8a-9eef-12d22599577d owl:annotatedProperty oboInOwl:hasExactSynonym","30b376a2-a452-43f6-afa0-7554037bd2c7 oboInOwl:hasDbXref SNOMEDCT_2005_07_31:190774002","f4ea126e-ddd9-48a0-90ac-2458afd0149b owl:annotatedSource obo:DOID_3410","obo:DOID_1800 oboInOwl:hasDbXref MSH:D018278","074d4486-9fab-41e7-b313-47439e3a757b owl:annotatedProperty oboInOwl:hasExactSynonym","ae1a3111-5d87-4d96-adbd-9294fd90a903 owl:annotatedTarget Residual stage of angle-closure glaucoma","obo:DOID_0060122 oboInOwl:creation_date 2011-07-27T02:31:34Z","3b3c518b-71c8-4cce-a7c0-3f4b24d04f30 owl:annotatedTarget biliary atresia, congenital","obo:DOID_5147 oboInOwl:hasOBONamespace disease_ontology","obo:DOID_0050292 rdfs:label primary systemic mycosis","39755631-dbe3-4e8a-9eef-12d22599577d oboInOwl:hasDbXref MTH:NOCODE","obo:DOID_0060071 rdf:type owl:Class","a31e3086-2dbc-48c4-bd10-2987c4e56486 rdf:type owl:Axiom","obo:DOID_13306 oboInOwl:hasDbXref UMLS_CUI:C0152954","obo:DOID_0050431 oboInOwl:hasDbXref OMIM:600996","obo:DOID_13431 oboInOwl:hasDbXref SNOMEDCT_US_2015_03_01:240686008","ede8c466-9c86-4ca2-9ed5-8b0a6ff27cc3 owl:annotatedSource obo:DOID_1712","obo:DOID_0050431 oboInOwl:hasExactSynonym ARVD","obo:DOID_0060071 rdfs:subClassOf obo:DOID_14566","obo:DOID_5059 rdfs:subClassOf obo:DOID_4205","e9afeced-dc6b-4be1-9ea2-925f95695706 owl:annotatedProperty oboInOwl:hasExactSynonym","d8d8457d-82a3-4daa-9198-5d15e7f57697 owl:annotatedSource obo:DOID_9095","obo:DOID_0050292 oboInOwl:hasOBONamespace disease_ontology","obo:DOID_9724 oboInOwl:hasOBONamespace disease_ontology","4457a385-214a-4b3e-8463-5e49a69fb53c owl:annotatedProperty obo:IAO_0000115","obo:DOID_13431 oboInOwl:hasExactSynonym Nonvenereal endemic syphilis \u0026 [Bejel] or [Njovera]","obo:DOID_2471 oboInOwl:inSubset doid:gram-positive_bacterial_infectious_disease","932c8613-a11e-4290-98bc-de8bf2124bdd owl:annotatedSource obo:DOID_6114","ef614765-8a2e-4f57-826e-22c02bdf924b owl:annotatedProperty oboInOwl:hasExactSynonym","0f5a0b18-2dc3-4956-9eee-21b969410c7c owl:annotatedSource obo:DOID_6530","obo:DOID_1712 oboInOwl:hasDbXref SNOMEDCT_US_2015_03_01:60573004","2c7cb773-2dce-4ed9-b150-9057db1d1aee owl:annotatedSource obo:DOID_12525","7bb57854-b136-4609-920c-4f5c543448bb owl:annotatedSource obo:DOID_9553","1c99646a-572e-4ad6-ad63-5d42bda8e770 oboInOwl:hasDbXref CSP2005:2204-2400","3e5c3888-a6fc-4b25-8571-c9dc46840b9d oboInOwl:hasDbXref SNOMEDCT_2005_07_31:1335005","obo:DOID_10278 oboInOwl:hasOBONamespace disease_ontology","821b9ab2-7756-41a1-8b36-bb7150e90622 owl:annotatedSource obo:DOID_370","obo:DOID_9799 oboInOwl:hasDbXref SNOMEDCT_US_2015_03_01:193279009","obo:DOID_0050431 oboInOwl:hasDbXref OMIM:602086","obo:DOID_5059 oboInOwl:hasExactSynonym pediatric tumor of Cerebellum","dc771f9b-7d7e-48bd-8579-47aa28a50c68 owl:annotatedTarget abscess of thorax disorder","obo:DOID_3917 rdf:type owl:Class","3f5182c4-5d2e-43bd-a764-bdfddf952073 owl:annotatedTarget familial lipoprotein lipase deficiency disorder [Ambiguous]","2fb9f160-77ea-4217-a633-d285ee5e020c owl:annotatedSource obo:DOID_13208","22fe962c-518c-4414-959a-8884ad927e3f owl:annotatedSource obo:DOID_4233","obo:DOID_1712 oboInOwl:hasDbXref OMIM:109730","obo:DOID_6835 owl:deprecated true^^http://www.w3.org/2001/XMLSchema#boolean","074d4486-9fab-41e7-b313-47439e3a757b owl:annotatedSource obo:DOID_9423","obo:DOID_0050431 oboInOwl:hasDbXref OMIM:107970","9baa83ad-173c-4e04-a944-67b7b616354c owl:annotatedSource obo:DOID_6383","obo:DOID_2471 owl:deprecated true^^http://www.w3.org/2001/XMLSchema#boolean","obo:DOID_0050380 oboInOwl:id DOID:0050380","obo:DOID_0050380 oboInOwl:hasOBONamespace disease_ontology","obo:DOID_8153 rdf:type owl:Class","obo:DOID_4588 oboInOwl:id DOID:4588","obo:DOID_6659 rdfs:subClassOf obo:DOID_2893","obo:DOID_13306 oboInOwl:hasOBONamespace disease_ontology","obo:DOID_0050079 oboInOwl:id DOID:0050079","obo:DOID_5059 oboInOwl:hasOBONamespace disease_ontology","0f5a0b18-2dc3-4956-9eee-21b969410c7c oboInOwl:hasDbXref NCI2004_11_17:C6888","b95f3ab6-2f28-43f5-9eaf-46ff3f9d2a3c oboInOwl:hasDbXref SNOMEDCT_2005_07_31:186260002","obo:DOID_1712 oboInOwl:hasAlternativeId DOID:1711","obo:DOID_4676 rdf:type owl:Class","9baa83ad-173c-4e04-a944-67b7b616354c rdf:type owl:Axiom","obo:DOID_0050431 oboInOwl:hasDbXref OMIM:602087","obo:DOID_4676 oboInOwl:hasDbXref SNOMEDCT_US_2015_03_01:266616000","obo:DOID_14190 oboInOwl:hasOBONamespace disease_ontology","obo:DOID_11101 oboInOwl:hasExactSynonym Trench fever disorder","obo:DOID_11101 rdfs:label trench fever","obo:DOID_1699 oboInOwl:hasDbXref UMLS_CUI:C0079583","obo:DOID_10329 oboInOwl:hasDbXref ICD10CM:J62.0","obo:DOID_13431 oboInOwl:hasExactSynonym Bejel disorder","obo:DOID_10366 oboInOwl:hasDbXref ICD9CM:187.5","obo:DOID_10366 oboInOwl:hasOBONamespace disease_ontology","3e45a032-6ede-4cd8-916e-c35909a53bc1 oboInOwl:hasDbXref MTHICD9_2006:345.4","obo:DOID_5272 oboInOwl:id DOID:5272","obo:DOID_0060071 oboInOwl:id DOID:0060071","obo:DOID_1699 oboInOwl:hasDbXref ICD10CM:Q80.2","obo:DOID_0050079 owl:deprecated true^^http://www.w3.org/2001/XMLSchema#boolean","obo:DOID_5411 oboInOwl:hasExactSynonym oat cell carcinoma","9baa83ad-173c-4e04-a944-67b7b616354c owl:annotatedTarget pediatric glioma of the Brainstem","obo:DOID_0050343 oboInOwl:id DOID:0050343","obo:DOID_6835 oboInOwl:hasExactSynonym recurrent anal canal cancer","obo:DOID_11849 rdf:type owl:Class","e9afeced-dc6b-4be1-9ea2-925f95695706 rdf:type owl:Axiom","c786c92e-298c-4bb0-a447-8ceed2924dbd owl:annotatedSource obo:DOID_11198","obo:DOID_0050167 rdfs:subClassOf obo:DOID_14040","obo:DOID_5411 oboInOwl:hasOBONamespace disease_ontology","obo:DOID_3866 oboInOwl:hasAlternativeId DOID:6926","obo:DOID_5360 owl:deprecated true^^http://www.w3.org/2001/XMLSchema#boolean","a31e3086-2dbc-48c4-bd10-2987c4e56486 owl:annotatedProperty oboInOwl:hasExactSynonym","obo:DOID_0060122 oboInOwl:id DOID:0060122","aa7b5407-d214-44ac-8f32-3f8771e18a5c owl:annotatedTarget ESS","4392a975-8621-4e0b-a88c-ea2e14bf4f50 oboInOwl:hasDbXref ICD9CM_2006:352.6","aef07f37-dc11-466c-a979-5d813e5f8aa8 owl:annotatedTarget Oguchis disease","1dc72b39-33c3-49c7-b967-05cfba7d0bda owl:annotatedSource obo:DOID_6713","95722297-d944-482b-b823-50f737eea39c owl:annotatedSource obo:DOID_1234","e1bd8936-7d36-42dd-a66f-7ab670f3241f owl:annotatedSource obo:DOID_7754","4ce548f8-5adf-4b75-89cf-91b721ed9969 owl:annotatedTarget neoplasm of jejunum","obo:DOID_0050167 oboInOwl:id DOID:0050167","854a0c0c-9071-4bc8-b4d7-babe65c6bed4 rdf:type owl:Axiom","61b812ea-fbe1-4e91-ad69-099f4c2cbcf4 owl:annotatedSource obo:DOID_10384","obo:DOID_7469 oboInOwl:hasExactSynonym Balloon cell nevus morphologic abnormality","obo:DOID_12784 oboInOwl:hasExactSynonym Diabetes mellitus juvenile type, not stated as uncontrolled, with neurological manifestations","obo:DOID_9900 oboInOwl:hasOBONamespace disease_ontology","obo:DOID_13431 oboInOwl:hasExactSynonym Non-venereal endemic syphilis disorder [Ambiguous]","obo:DOID_2383 oboInOwl:hasDbXref MSH:D007567","obo:DOID_6659 oboInOwl:hasOBONamespace disease_ontology","ef614765-8a2e-4f57-826e-22c02bdf924b rdf:type owl:Axiom","obo:DOID_13343 owl:deprecated true^^http://www.w3.org/2001/XMLSchema#boolean","obo:DOID_11849 oboInOwl:hasExactSynonym Ciliary body degenerative changes disorder","obo:DOID_5411 rdfs:label lung oat cell carcinoma","592ec18e-e636-4c37-a589-bf1a62b53465 owl:annotatedSource obo:DOID_6477","2395da76-09e7-4262-a1a4-8ea52b3dfa76 owl:annotatedTarget Interventricular septal defect","obo:DOID_10366 oboInOwl:hasDbXref NCI:C3558","obo:DOID_10329 oboInOwl:hasDbXref SNOMEDCT_US_2015_03_01:73144008","obo:DOID_1624 owl:deprecated true^^http://www.w3.org/2001/XMLSchema#boolean","obo:DOID_0050167 oboInOwl:hasExactSynonym autoimmune polyendocrinopathy-candidiasis-ectodermal dystrophy","obo:DOID_2346 oboInOwl:hasDbXref NCI:C35878","obo:DOID_13343 oboInOwl:hasExactSynonym ocular toxoplasmosis","obo:DOID_0060210 oboInOwl:creation_date 2014-09-16T15:30:22Z","obo:DOID_13343 oboInOwl:id DOID:13343","obo:DOID_3866 oboInOwl:hasExactSynonym desmoplastic medulloblastoma morphologic abnormality","8887a119-f169-49c1-897c-86ed15d78944 owl:annotatedTarget abnormal retinal correspondence disorder","9e192100-eb67-43b4-afde-4dc86e4f9c6b oboInOwl:hasDbXref OMIM:105550","obo:DOID_3829 rdf:type owl:Class","obo:DOID_2346 oboInOwl:hasOBONamespace disease_ontology","282a2fd4-9836-4390-b441-92cd64e0e57f owl:annotatedTarget intestinal infectious disease due to enteroinvasive E. coli","obo:DOID_5323 oboInOwl:hasOBONamespace disease_ontology","obo:DOID_0050255 owl:deprecated true^^http://www.w3.org/2001/XMLSchema#boolean","84873cb2-fcad-484b-bb5d-0754f0011526 oboInOwl:hasDbXref SNOMEDCT_2005_07_31:155557008","obo:DOID_9799 oboInOwl:hasDbXref ICD9CM:360.40","obo:DOID_6872 oboInOwl:hasOBONamespace disease_ontology","aa7b5407-d214-44ac-8f32-3f8771e18a5c oboInOwl:hasDbXref NCI2004_11_17:C8973","1ffa0883-cea5-4065-a63e-76f7bb13d1a5 oboInOwl:hasDbXref url:http://en.wikipedia.org/wiki/Cystic_fibrosis","734cf9e2-f36f-45f7-9902-2d5750c9ea3b owl:annotatedSource obo:DOID_3798","obo:DOID_13380 rdfs:label acute pyelonephritis with lesion of renal medullary necrosis","obo:DOID_9724 rdfs:subClassOf obo:DOID_4692","9baa83ad-173c-4e04-a944-67b7b616354c owl:annotatedProperty oboInOwl:hasExactSynonym","46ca7cff-84a7-4550-bc51-2b09bc138372 owl:annotatedSource obo:DOID_5289","obo:DOID_1800 oboInOwl:hasDbXref NCI:C3773","obo:DOID_6835 oboInOwl:id DOID:6835","c786c92e-298c-4bb0-a447-8ceed2924dbd owl:annotatedProperty oboInOwl:hasExactSynonym","obo:DOID_10329 oboInOwl:hasOBONamespace disease_ontology","1ffa0883-cea5-4065-a63e-76f7bb13d1a5 owl:annotatedProperty obo:IAO_0000115","0259d964-e1a0-4174-b257-908c2fa5a3c4 owl:annotatedTarget malignant tumor of Sphenoidal sinus","eed30c35-604c-44ac-b8c3-724a90169eef rdf:type owl:Axiom","59785560-c8f6-4360-9c3d-40628a56fb86 rdf:type owl:Axiom","obo:DOID_5059 oboInOwl:hasDbXref UMLS_CUI:C1332959","obo:DOID_1800 oboInOwl:hasOBONamespace disease_ontology","obo:DOID_14190 oboInOwl:hasExactSynonym Shared paranoid disorder","obo:DOID_5147 rdfs:subClassOf obo:DOID_0050622","obo:DOID_1712 obo:IAO_0000115 An aortic valve disease that has_physical_basis_in incomplete opening of the aortic valve.","obo:DOID_10278 owl:deprecated true^^http://www.w3.org/2001/XMLSchema#boolean","ed8559d8-3f4b-454c-a055-a20e8bb28bc1 owl:annotatedSource obo:DOID_3557","52dbbe78-8f2b-486f-9be5-7346d19b5821 rdf:type owl:Axiom","obo:DOID_9799 oboInOwl:hasDbXref SNOMEDCT_US_2015_03_01:193292007","obo:DOID_10366 rdfs:label epididymis cancer","bb934f6f-3cf6-4d13-9205-9711dfe5a4e7 owl:annotatedSource obo:DOID_1407","obo:DOID_1712 oboInOwl:hasDbXref UMLS_CUI:C0155567","obo:DOID_2383 oboInOwl:hasOBONamespace disease_ontology","4457a385-214a-4b3e-8463-5e49a69fb53c oboInOwl:hasDbXref url:http://www.nlm.nih.gov/medlineplus/ency/article/000671.htm","4392a975-8621-4e0b-a88c-ea2e14bf4f50 owl:annotatedSource obo:DOID_13866","obo:DOID_9724 oboInOwl:hasDbXref SNOMEDCT_US_2015_03_01:193267009","obo:DOID_8153 oboInOwl:hasDbXref UMLS_CUI:C1333612","obo:DOID_11088 oboInOwl:hasDbXref SNOMEDCT_US_2015_03_01:268873007","obo:DOID_6835 oboInOwl:hasOBONamespace disease_ontology","obo:DOID_10366 oboInOwl:hasDbXref SNOMEDCT_US_2015_03_01:93783009","obo:DOID_5147 rdfs:label dartoic leiomyoma","obo:DOID_11088 oboInOwl:hasExactSynonym Birth asphyxia disorder","7bb57854-b136-4609-920c-4f5c543448bb oboInOwl:hasDbXref url:http://en.wikipedia.org/wiki/Adrenal_gland_disease","obo:DOID_13380 oboInOwl:id DOID:13380","obo:DOID_3829 oboInOwl:hasDbXref SNOMEDCT_US_2015_03_01:154621002","obo:DOID_11101 rdf:type owl:Class","2e2d1a0d-53fa-4649-8880-2aca8571b33f owl:annotatedSource obo:DOID_7165","obo:DOID_10366 oboInOwl:hasExactSynonym malignant tumor of epididymis disorder","854a0c0c-9071-4bc8-b4d7-babe65c6bed4 owl:annotatedTarget A bronchus cancer that has_material_basis_in epithelial cells.","obo:DOID_3193 oboInOwl:hasDbXref UMLS_CUI:C0751689","obo:DOID_5323 rdfs:label fallopian tube serous tumor","obo:DOID_6835 rdfs:label recurrent anal cancer","bb934f6f-3cf6-4d13-9205-9711dfe5a4e7 rdf:type owl:Axiom","obo:DOID_0050255 obo:IAO_0000115 A parasitic helminthiasis infectious disease that involves infection of the small intestine in humans, cats, dogs and foxes by the nematode Uncinaria stenocephala. The symptoms include diarrhea and hypoproteinemia in heavier infections.","obo:DOID_6872 oboInOwl:hasExactSynonym Spinal Cord PNET","e9afeced-dc6b-4be1-9ea2-925f95695706 owl:annotatedTarget Asthma with status asthmaticus disorder","obo:DOID_14190 owl:deprecated true^^http://www.w3.org/2001/XMLSchema#boolean","d8d8457d-82a3-4daa-9198-5d15e7f57697 owl:annotatedTarget stage 0 carcinoma of the esophagus","2c7cb773-2dce-4ed9-b150-9057db1d1aee oboInOwl:hasDbXref ICD9CM_2006:355.1","obo:DOID_12784 rdf:type owl:Class","61b812ea-fbe1-4e91-ad69-099f4c2cbcf4 oboInOwl:hasDbXref SNOMEDCT_2005_07_31:79155000","obo:DOID_13431 oboInOwl:id DOID:13431","obo:DOID_3829 oboInOwl:hasDbXref SNOMEDCT_US_2015_03_01:189178001","obo:DOID_9799 oboInOwl:hasDbXref UMLS_CUI:C0154777","obo:DOID_4676 oboInOwl:id DOID:4676","09c60a0f-2796-40d1-b4c3-d3f16fbed61d owl:annotatedSource obo:DOID_9377","obo:DOID_11088 oboInOwl:hasOBONamespace disease_ontology","obo:DOID_10366 oboInOwl:hasDbXref ICD10CM:C63.0","obo:DOID_3866 rdf:type owl:Class","obo:DOID_11088 oboInOwl:id DOID:11088","obo:DOID_7469 oboInOwl:hasExactSynonym Balloon cell nevus","obo:DOID_0050380 owl:deprecated true^^http://www.w3.org/2001/XMLSchema#boolean","obo:DOID_6659 oboInOwl:hasDbXref UMLS_CUI:C1516417","074d4486-9fab-41e7-b313-47439e3a757b rdf:type owl:Axiom","obo:DOID_2471 oboInOwl:hasOBONamespace disease_ontology","obo:DOID_11101 oboInOwl:hasExactSynonym tibialgic fever","b0034073-73da-4fae-ad4f-850bf0ac7889 oboInOwl:hasDbXref NCI2004_11_17:C35777","7f41d8cc-0483-4203-a9fd-05ca6ae4a8ca owl:annotatedSource obo:DOID_9649","39755631-dbe3-4e8a-9eef-12d22599577d rdf:type owl:Axiom","3e45a032-6ede-4cd8-916e-c35909a53bc1 owl:annotatedProperty oboInOwl:hasExactSynonym","obo:DOID_11088 oboInOwl:hasDbXref SNOMEDCT_US_2015_03_01:157098009","obo:DOID_9724 oboInOwl:hasDbXref ICD10CM:H44.0","60c590b6-c685-4c2e-bbe5-09ee88e1d456 oboInOwl:hasDbXref ICD9CM_2006:596.54","obo:DOID_0050431 oboInOwl:hasExactSynonym arrhythmogenic right ventricular dysplasia","7f41d8cc-0483-4203-a9fd-05ca6ae4a8ca owl:annotatedProperty obo:IAO_0000115","1c99646a-572e-4ad6-ad63-5d42bda8e770 owl:annotatedTarget hyperinsulinemia","obo:DOID_9900 oboInOwl:hasExactSynonym Psychogenic paranoid psychosis","obo:DOID_1699 oboInOwl:hasDbXref SNOMEDCT_US_2015_03_01:254156001","ede8c466-9c86-4ca2-9ed5-8b0a6ff27cc3 owl:annotatedProperty oboInOwl:hasExactSynonym","obo:DOID_4588 oboInOwl:hasDbXref NCI:C4718","obo:DOID_9051 oboInOwl:id DOID:9051","obo:DOID_0060210 oboInOwl:id DOID:0060210","22fe962c-518c-4414-959a-8884ad927e3f owl:annotatedProperty oboInOwl:hasExactSynonym","a0565246-f87e-4a2e-acbe-6302ad5218bb owl:annotatedTarget Viral hemorrhagic fever disorder","obo:DOID_3866 oboInOwl:hasExactSynonym desmoplastic nodular medulloblastoma","1b8f0961-05d0-4e6a-9350-b1f0d71a5fed rdf:type owl:Axiom","obo:DOID_13431 oboInOwl:hasExactSynonym Nonvenereal endemic syphilis","b0034073-73da-4fae-ad4f-850bf0ac7889 owl:annotatedSource obo:DOID_13760","obo:DOID_0050218 rdf:type owl:Class","obo:DOID_10329 oboInOwl:hasExactSynonym Talc Pneumoconiosis","obo:DOID_0060210 oboInOwl:hasExactSynonym ALS19","592ec18e-e636-4c37-a589-bf1a62b53465 oboInOwl:hasDbXref NCI2004_11_17:C27885","obo:DOID_2434 oboInOwl:hasExactSynonym Junctional nevus of the skin","ef614765-8a2e-4f57-826e-22c02bdf924b owl:annotatedSource obo:DOID_2394","a31e3086-2dbc-48c4-bd10-2987c4e56486 oboInOwl:hasDbXref SNOMEDCT_2005_07_31:87688009","43e226ce-1df2-4581-bcb8-52393ddfaeb5 oboInOwl:hasDbXref url:http://en.wikipedia.org/wiki/Esophageal_candidiasis","obo:DOID_0050431 obo:IAO_0000115 An intrinsic cardiomyopathy that is characterized by hypokinetic areas involving the free wall of the right ventricle, with fibrofatty replacement of the right ventricular myocardium, with associated arrhythmias originating in the right ventricle.","3f5182c4-5d2e-43bd-a764-bdfddf952073 owl:annotatedProperty oboInOwl:hasExactSynonym","854a0c0c-9071-4bc8-b4d7-babe65c6bed4 owl:annotatedSource obo:DOID_3904","obo:DOID_0060122 oboInOwl:created_by lschriml","ae1a3111-5d87-4d96-adbd-9294fd90a903 rdf:type owl:Axiom","obo:DOID_11101 oboInOwl:inSubset doid:gram-negative_bacterial_infectious_disease","obo:DOID_5147 oboInOwl:hasDbXref UMLS_CUI:C0346066","obo:DOID_2383 rdfs:subClassOf obo:DOID_10123","4383b55a-67c3-483d-9569-8dd36d1dbe43 oboInOwl:hasDbXref MTHICD9_2006:286.3","5c4ef7ec-24fe-4a5c-b6b6-ddaeff26c3f4 owl:annotatedSource obo:DOID_0050891","obo:DOID_1712 oboInOwl:id DOID:1712","e776a737-84e8-4a29-a74b-d37a30b28e02 owl:annotatedTarget neural hearing loss","592ec18e-e636-4c37-a589-bf1a62b53465 owl:annotatedTarget Invasive bladder Urothelial carcinoma","obo:DOID_6923 oboInOwl:hasOBONamespace disease_ontology","04ade5e6-e996-4da8-93d7-c6d78602e7dd owl:annotatedTarget Anodontia","obo:DOID_1712 oboInOwl:hasDbXref SNOMEDCT_US_2015_03_01:18546004","aafbeeae-8c06-454c-afc4-95ba58ea709e owl:annotatedTarget A primary bacterial infectious disease that is a sexually transmitted infection located_in skin of the genitals, has_material_basis_in Haemophilus ducreyi, which is transmitted_by sexual contact. The infection has_symptom painful and soft ulcers.","obo:DOID_2346 oboInOwl:hasDbXref ICD9CM:273.1","775f55a1-ce72-4e87-b198-6edde939bfbb owl:annotatedProperty obo:IAO_0000115","4457a385-214a-4b3e-8463-5e49a69fb53c owl:annotatedSource obo:DOID_13734","obo:DOID_9051 rdf:type owl:Class","obo:DOID_3193 oboInOwl:inSubset doid:DO_cancer_slim","2395da76-09e7-4262-a1a4-8ea52b3dfa76 owl:annotatedProperty oboInOwl:hasExactSynonym","obo:DOID_13306 oboInOwl:hasDbXref SNOMEDCT_US_2015_03_01:197847008","obo:DOID_5272 rdfs:subClassOf obo:DOID_10154","obo:DOID_1699 oboInOwl:hasDbXref SNOMEDCT_US_2015_03_01:205550003","obo:DOID_1800 obo:IAO_0000115 A carcinoma that derives_from neuroendocrine cells.","2395da76-09e7-4262-a1a4-8ea52b3dfa76 owl:annotatedSource obo:DOID_1657","22fe962c-518c-4414-959a-8884ad927e3f owl:annotatedTarget malignant melanoma of soft tissues disorder","ed8559d8-3f4b-454c-a055-a20e8bb28bc1 oboInOwl:hasDbXref MTHICD9_2006:557.1","obo:DOID_11101 oboInOwl:hasExactSynonym Trench fever","a31e3086-2dbc-48c4-bd10-2987c4e56486 owl:annotatedTarget Cholesteatoma of middle ear disorder","obo:DOID_11088 rdfs:subClassOf obo:DOID_1579","obo:DOID_13380 owl:deprecated true^^http://www.w3.org/2001/XMLSchema#boolean","obo:DOID_0060122 obo:IAO_0000115 An organ system cancer that is located_in the skin, hair and nails.","obo:DOID_0050343 rdf:type owl:Class","479ea661-efb9-4904-a86c-9394e87a2f3b owl:annotatedProperty oboInOwl:hasExactSynonym","074d4486-9fab-41e7-b313-47439e3a757b owl:annotatedTarget Infective eyelid dermatitis of types resulting in deformity disorder","obo:DOID_10329 oboInOwl:hasExactSynonym Pneumoconiosis due to talc disorder","obo:DOID_0050431 oboInOwl:hasDbXref OMIM:615616","obo:DOID_1800 oboInOwl:hasDbXref UMLS_CUI:C0206695","obo:DOID_0060210 oboInOwl:hasOBONamespace disease_ontology","obo:DOID_9799 rdfs:label eye degenerative disease","obo:DOID_0050431 rdfs:label arrhythmogenic right ventricular cardiomyopathy","obo:DOID_3030 oboInOwl:hasDbXref NCI:C27379","5c4ef7ec-24fe-4a5c-b6b6-ddaeff26c3f4 owl:annotatedTarget An adrenal adenoma that is a benign tumor of the adrenal cortex.","obo:DOID_1712 oboInOwl:hasDbXref SNOMEDCT_US_2015_03_01:155282009","obo:DOID_6659 oboInOwl:id DOID:6659","obo:DOID_5272 obo:IAO_0000115 A sarcoma and malignant tumor of small intestine that is located_in the small intestine.","1dc72b39-33c3-49c7-b967-05cfba7d0bda rdf:type owl:Axiom","obo:DOID_2471 rdfs:label Erysipelothrix rhusiopathiae infectious disease","obo:DOID_2434 oboInOwl:hasOBONamespace disease_ontology","obo:DOID_2383 oboInOwl:hasExactSynonym neonatal hyperbilirubinemia","dc628adf-d4cb-487d-8a6f-e51dc5ae67db owl:annotatedTarget Total or mature cataract","obo:DOID_13343 rdfs:label ocular toxoplasmosis","59785560-c8f6-4360-9c3d-40628a56fb86 owl:annotatedTarget A syndrome characterized by mild to moderate short stature due to growth delays after birth, distinctive craniofacial abnormalities, skeletal malformations and genital abnormalities.","obo:DOID_2346 oboInOwl:hasDbXref UMLS_CUI:C0026471","obo:DOID_2383 oboInOwl:hasDbXref SNOMEDCT_US_2015_03_01:31482007","95722297-d944-482b-b823-50f737eea39c owl:annotatedProperty obo:IAO_0000115","09c60a0f-2796-40d1-b4c3-d3f16fbed61d rdf:type owl:Axiom","aafbeeae-8c06-454c-afc4-95ba58ea709e oboInOwl:hasDbXref url:http://en.wikipedia.org/wiki/Chancroid","4ce548f8-5adf-4b75-89cf-91b721ed9969 owl:annotatedSource obo:DOID_3218","b31ebe4b-7118-4666-aa6e-3ed028fdb6bf owl:annotatedSource obo:DOID_14504","obo:DOID_0050431 rdf:type owl:Class","obo:DOID_11101 oboInOwl:hasExactSynonym Wolhynian fever","3e45a032-6ede-4cd8-916e-c35909a53bc1 owl:annotatedTarget epilepsy, psychomotor","obo:DOID_0060122 oboInOwl:hasOBONamespace disease_ontology","538ec257-b1b3-4183-bec8-ca6e83d0ff7a owl:annotatedSource obo:DOID_3128","b0034073-73da-4fae-ad4f-850bf0ac7889 owl:annotatedTarget Pediculosis Pubis","3e5c3888-a6fc-4b25-8571-c9dc46840b9d owl:annotatedSource obo:DOID_8616","obo:DOID_0060210 oboInOwl:created_by emitraka","43e226ce-1df2-4581-bcb8-52393ddfaeb5 owl:annotatedProperty obo:IAO_0000115","obo:DOID_789 owl:deprecated true^^http://www.w3.org/2001/XMLSchema#boolean","obo:DOID_11101 oboInOwl:hasDbXref ICD9CM:083.1","84873cb2-fcad-484b-bb5d-0754f0011526 rdf:type owl:Axiom","obo:DOID_3193 oboInOwl:hasOBONamespace disease_ontology","obo:DOID_5272 oboInOwl:hasDbXref UMLS_CUI:C1336007","a31e3086-2dbc-48c4-bd10-2987c4e56486 owl:annotatedSource obo:DOID_10964","obo:DOID_7469 oboInOwl:hasOBONamespace disease_ontology","obo:DOID_789 rdfs:label hypotony of eye associated with another ocular disorder","3e45a032-6ede-4cd8-916e-c35909a53bc1 owl:annotatedSource obo:DOID_12382","obo:DOID_13431 oboInOwl:hasDbXref MSH:D014211","33cd347c-95df-4e5c-a39a-ab76c7ba029e owl:annotatedProperty oboInOwl:hasExactSynonym","obo:DOID_9051 oboInOwl:hasExactSynonym Herpes simplex meningitis disorder","acc8d527-4455-489a-953b-bb8d98cd866b oboInOwl:hasDbXref SNOMEDCT_2005_07_31:240622007","734cf9e2-f36f-45f7-9902-2d5750c9ea3b oboInOwl:hasDbXref SNOMEDCT_2005_07_31:196068004","2e2d1a0d-53fa-4649-8880-2aca8571b33f rdf:type owl:Axiom","obo:DOID_13306 oboInOwl:hasDbXref ICD9CM:032.84","obo:DOID_13343 obo:IAO_0000115 A toxoplasmosis that results from reactivation of congenital toxoplasmosis, but rarely with acquired infection. Focal necrotizing retinitis and a secondary granulomatous inflammation of the choroid occur. The symptoms include conjunctivitis, ocular pain, blurred vision, and blindness.","obo:DOID_1699 oboInOwl:hasDbXref SNOMEDCT_US_2015_03_01:268282005","479ea661-efb9-4904-a86c-9394e87a2f3b rdf:type owl:Axiom","1c99646a-572e-4ad6-ad63-5d42bda8e770 owl:annotatedSource obo:DOID_2018","obo:DOID_3866 rdfs:label desmoplastic medulloblastoma","obo:DOID_1712 oboInOwl:hasDbXref ORDO:402075","obo:DOID_3917 oboInOwl:hasDbXref NCI:C5712","obo:DOID_3193 oboInOwl:id DOID:3193","417dc2d1-0eab-4234-8269-b725f5b6a169 owl:annotatedTarget Anterior corneal pigmentations disorder","30b376a2-a452-43f6-afa0-7554037bd2c7 owl:annotatedTarget hyperlipidemia, group A disorder","1b8f0961-05d0-4e6a-9350-b1f0d71a5fed oboInOwl:hasDbXref MTHICD9_2006:127.6","obo:DOID_2434 oboInOwl:hasExactSynonym Junctional melanocytic nevus of skin disorder","obo:DOID_10366 oboInOwl:hasExactSynonym malignant Epididymal tumor","obo:DOID_0050380 rdfs:label Campylobacter coli infectious disease","obo:DOID_9724 rdfs:label purulent endophthalmitis","a0565246-f87e-4a2e-acbe-6302ad5218bb owl:annotatedSource obo:DOID_1301","1ffa0883-cea5-4065-a63e-76f7bb13d1a5 owl:annotatedSource obo:DOID_1485","obo:DOID_9799 rdf:type owl:Class","aafbeeae-8c06-454c-afc4-95ba58ea709e rdf:type owl:Axiom","4383b55a-67c3-483d-9569-8dd36d1dbe43 owl:annotatedSource obo:DOID_2211","e9afeced-dc6b-4be1-9ea2-925f95695706 oboInOwl:hasDbXref SNOMEDCT_2005_07_31:57546000","obo:DOID_11101 oboInOwl:hasExactSynonym His-Werner disease","1dc72b39-33c3-49c7-b967-05cfba7d0bda owl:annotatedProperty oboInOwl:hasExactSynonym","obo:DOID_13306 obo:IAO_0000115 A cystits which involves inflammation and formation of a dense fibrous false membrane on the mucous membrane of the bladder.","59785560-c8f6-4360-9c3d-40628a56fb86 oboInOwl:hasDbXref url:http://ghr.nlm.nih.gov/condition/robinow-syndrome","obo:DOID_11088 oboInOwl:hasDbXref SNOMEDCT_US_2015_03_01:268831004","22fe962c-518c-4414-959a-8884ad927e3f oboInOwl:hasDbXref SNOMEDCT_2005_07_31:402561003","obo:DOID_13306 oboInOwl:hasDbXref ICD10CM:A36.85","obo:DOID_1624 oboInOwl:id DOID:1624","84873cb2-fcad-484b-bb5d-0754f0011526 owl:annotatedProperty oboInOwl:hasExactSynonym","obo:DOID_11088 oboInOwl:hasExactSynonym Liveborn with birth asphyxia NOS disorder","obo:DOID_13343 oboInOwl:hasExactSynonym Conjunctivitis due to toxoplasmosis","6a8e6271-d532-453f-a7bb-44ea668efc04 oboInOwl:hasDbXref SNOMEDCT_2005_07_31:31186001","3b3c518b-71c8-4cce-a7c0-3f4b24d04f30 oboInOwl:hasDbXref ICD9CM_2006:751.61","8868bc91-5981-40f9-ab69-918aa22d3d17 owl:annotatedTarget Hemiplegic infantile cerebral palsy","7f41d8cc-0483-4203-a9fd-05ca6ae4a8ca oboInOwl:hasDbXref url:http://en.wikipedia.org/wiki/Nystagmus","ede8c466-9c86-4ca2-9ed5-8b0a6ff27cc3 owl:annotatedTarget Aortic stenosis","3f5182c4-5d2e-43bd-a764-bdfddf952073 oboInOwl:hasDbXref SNOMEDCT_2005_07_31:34171006","obo:DOID_0050292 oboInOwl:id DOID:0050292","obo:DOID_13306 rdfs:subClassOf obo:DOID_1679","obo:DOID_1800 oboInOwl:id DOID:1800","obo:DOID_9900 oboInOwl:id DOID:9900","09c60a0f-2796-40d1-b4c3-d3f16fbed61d owl:annotatedProperty oboInOwl:hasExactSynonym","obo:DOID_0050431 oboInOwl:hasDbXref OMIM:609040","obo:DOID_10366 rdfs:subClassOf obo:DOID_3856","2e2d1a0d-53fa-4649-8880-2aca8571b33f owl:annotatedProperty oboInOwl:hasExactSynonym","0f5a0b18-2dc3-4956-9eee-21b969410c7c owl:annotatedTarget Polygonal cell Thymoma","33cd347c-95df-4e5c-a39a-ab76c7ba029e rdf:type owl:Axiom","obo:DOID_6923 owl:deprecated true^^http://www.w3.org/2001/XMLSchema#boolean","95722297-d944-482b-b823-50f737eea39c oboInOwl:hasDbXref url:http://www.nlm.nih.gov/medlineplus/ency/article/001527.htm","obo:DOID_2383 oboInOwl:id DOID:2383","obo:DOID_13343 oboInOwl:hasAlternativeId DOID:13340","obo:DOID_2434 rdfs:label intraepidermal nevus","obo:DOID_0050431 oboInOwl:hasDbXref ORDO:247","46ca7cff-84a7-4550-bc51-2b09bc138372 oboInOwl:hasDbXref url:http://en.wikipedia.org/wiki/Leiomyosarcoma","417dc2d1-0eab-4234-8269-b725f5b6a169 owl:annotatedSource obo:DOID_12307","obo:DOID_3917 rdfs:subClassOf obo:DOID_3918","ef614765-8a2e-4f57-826e-22c02bdf924b owl:annotatedTarget tumor of the Ovary","obo:DOID_12784 oboInOwl:id DOID:12784","obo:DOID_4676 rdfs:subClassOf obo:DOID_1074","dc771f9b-7d7e-48bd-8579-47aa28a50c68 owl:annotatedSource obo:DOID_3798","obo:DOID_1699 rdfs:label congenital ichthyosiform erythroderma","1b8f0961-05d0-4e6a-9350-b1f0d71a5fed owl:annotatedProperty oboInOwl:hasExactSynonym","obo:DOID_0050431 oboInOwl:hasDbXref OMIM:610476","obo:DOID_6923 oboInOwl:id DOID:6923","obo:DOID_1712 oboInOwl:hasExactSynonym rheumatic aortic valve stenosis","04ade5e6-e996-4da8-93d7-c6d78602e7dd owl:annotatedSource obo:DOID_13714","obo:DOID_1712 oboInOwl:hasAlternativeId DOID:12034","22fe962c-518c-4414-959a-8884ad927e3f rdf:type owl:Axiom","obo:DOID_2434 owl:deprecated true^^http://www.w3.org/2001/XMLSchema#boolean","obo:DOID_11101 oboInOwl:id DOID:11101","bf91e97b-43af-492e-a762-cea8a3dad6a2 oboInOwl:hasDbXref NCI2004_11_17:C4361","obo:DOID_13431 oboInOwl:hasExactSynonym Njovera disorder","84873cb2-fcad-484b-bb5d-0754f0011526 owl:annotatedTarget Pneumocystis carinii pneumonia","8887a119-f169-49c1-897c-86ed15d78944 owl:annotatedSource obo:DOID_12668","obo:DOID_0050218 oboInOwl:id DOID:0050218","e9afeced-dc6b-4be1-9ea2-925f95695706 owl:annotatedSource obo:DOID_9362","obo:DOID_4676 oboInOwl:hasDbXref SNOMEDCT_US_2015_03_01:197656003","2e2d1a0d-53fa-4649-8880-2aca8571b33f oboInOwl:hasDbXref MTHICD9_2006:245.1","3f5182c4-5d2e-43bd-a764-bdfddf952073 rdf:type owl:Axiom","obo:DOID_11101 obo:IAO_0000115 A primary bacterial infectious disease that results_in systemic infection, has_material_basis_in Bartonella quintana, which is transmitted_by body lice Pediculus humanus corporis. The infection has_symptom relapsing fever, has_symptom headache, has_symptom shin pain, and has_symptom soreness of the muscles of the legs and back.","33cd347c-95df-4e5c-a39a-ab76c7ba029e owl:annotatedSource obo:DOID_4855","dc628adf-d4cb-487d-8a6f-e51dc5ae67db oboInOwl:hasDbXref ICD9CM_2006:366.17","obo:DOID_5147 oboInOwl:id DOID:5147","479ea661-efb9-4904-a86c-9394e87a2f3b oboInOwl:hasDbXref SNOMEDCT_2005_07_31:232035005","obo:DOID_13380 oboInOwl:hasOBONamespace disease_ontology","39755631-dbe3-4e8a-9eef-12d22599577d owl:annotatedSource obo:DOID_10528","obo:DOID_1699 oboInOwl:hasAlternativeId DOID:1696","59785560-c8f6-4360-9c3d-40628a56fb86 oboInOwl:hasDbXref url:http://en.wikipedia.org/wiki/Robinow_syndrome","obo:DOID_5411 oboInOwl:hasDbXref SNOMEDCT_US_2015_03_01:76817009","obo:DOID_1699 oboInOwl:hasDbXref MSH:D016113","obo:DOID_1699 rdf:type owl:Class","obo:DOID_0050218 oboInOwl:hasExactSynonym human polycystic hydatid disease","obo:DOID_7469 owl:deprecated true^^http://www.w3.org/2001/XMLSchema#boolean","obo:DOID_2383 oboInOwl:hasDbXref SNOMEDCT_US_2015_03_01:276549000","obo:DOID_11101 oboInOwl:hasDbXref UMLS_CUI:C0040830","obo:DOID_4588 oboInOwl:hasDbXref UMLS_CUI:C1384406","b95f3ab6-2f28-43f5-9eaf-46ff3f9d2a3c owl:annotatedTarget Tuberculous adenitis","obo:DOID_1699 oboInOwl:hasRelatedSynonym Lamellar desquamation of the newborn","obo:DOID_9799 oboInOwl:hasDbXref SNOMEDCT_US_2015_03_01:193285002","1a9a9f1a-29d2-4586-a36c-181becae79c6 owl:annotatedSource obo:DOID_2512","obo:DOID_5323 oboInOwl:id DOID:5323","obo:DOID_6923 rdfs:label fibrolipomatous hamartoma of peripheral nerve","obo:DOID_2383 obo:IAO_0000115 A pigmentation disease characterized by a high level of bilirubin in the blood, causing a yellowing of the skin and other tissues of a newborn infant.","obo:DOID_1624 rdfs:label breast soft tissue tumor","ae1a3111-5d87-4d96-adbd-9294fd90a903 owl:annotatedProperty oboInOwl:hasExactSynonym","obo:DOID_1712 oboInOwl:hasDbXref OMIM:614823","obo:DOID_1712 oboInOwl:hasExactSynonym Rheumatic aortic stenosis","d2d8bb5b-c9e4-4bca-8061-2968d0ccd6aa owl:annotatedProperty obo:IAO_0000115","obo:DOID_5147 oboInOwl:hasDbXref SNOMEDCT_US_2015_03_01:254770007","obo:DOID_1712 oboInOwl:hasDbXref SNOMEDCT_US_2015_03_01:156922005","3e5c3888-a6fc-4b25-8571-c9dc46840b9d owl:annotatedTarget Induratio penis plastica disorder","obo:DOID_13306 oboInOwl:hasDbXref SNOMEDCT_US_2015_03_01:48278001","ae1a3111-5d87-4d96-adbd-9294fd90a903 owl:annotatedSource obo:DOID_1404","obo:DOID_5411 oboInOwl:hasDbXref SNOMEDCT_US_2015_03_01:189555001","2395da76-09e7-4262-a1a4-8ea52b3dfa76 rdf:type owl:Axiom","obo:DOID_8153 rdfs:subClassOf obo:DOID_0060094","obo:DOID_10366 oboInOwl:hasExactSynonym malignant neoplasm of epididymis","obo:DOID_10329 oboInOwl:id DOID:10329","3f5182c4-5d2e-43bd-a764-bdfddf952073 owl:annotatedSource obo:DOID_14118","obo:DOID_789 oboInOwl:hasOBONamespace disease_ontology","obo:DOID_4676 oboInOwl:hasDbXref UMLS_CUI:C0041948","1dc72b39-33c3-49c7-b967-05cfba7d0bda owl:annotatedTarget CVA cerebral vascular accident","538ec257-b1b3-4183-bec8-ca6e83d0ff7a oboInOwl:hasDbXref SNOMEDCT_2005_07_31:20928004","obo:DOID_10329 oboInOwl:hasDbXref UMLS_CUI:C0238377","5c4ef7ec-24fe-4a5c-b6b6-ddaeff26c3f4 oboInOwl:hasDbXref url:http://en.wikipedia.org/wiki/Adrenocortical_adenoma","obo:DOID_0050218 obo:IAO_0000115 An echinococcosis that is caused by the larvae of Echinococcus vogeli or Echinococcus oligarthrus, which infect the liver.","obo:DOID_9900 rdf:type owl:Class","obo:DOID_11088 oboInOwl:hasDbXref UMLS_CUI:C0004045","61b812ea-fbe1-4e91-ad69-099f4c2cbcf4 owl:annotatedTarget Papilledema associated with decreased ocular pressure disorder","obo:DOID_1800 rdfs:label neuroendocrine carcinoma","obo:DOID_6659 rdf:type owl:Class","52dbbe78-8f2b-486f-9be5-7346d19b5821 owl:annotatedSource obo:DOID_2344","b31ebe4b-7118-4666-aa6e-3ed028fdb6bf rdf:type owl:Axiom","obo:DOID_1699 rdfs:subClassOf obo:DOID_0050737","f4ea126e-ddd9-48a0-90ac-2458afd0149b rdf:type owl:Axiom","60c590b6-c685-4c2e-bbe5-09ee88e1d456 owl:annotatedSource obo:DOID_12143","a88f6f0c-d86e-4570-aa30-c7fbf8597b48 oboInOwl:hasDbXref NCI2004_11_17:C34645","7f41d8cc-0483-4203-a9fd-05ca6ae4a8ca oboInOwl:hasDbXref url:http://www.merckmanuals.com/professional/ear_nose_and_throat_disorders/approach_to_the_patient_with_ear_problems/evaluation_of_ear_disorders.html#v942669","1ffa0883-cea5-4065-a63e-76f7bb13d1a5 owl:annotatedTarget An autosomal recessive disease that is characterized by the buildup of thick, sticky mucus that can damage many organs.","obo:DOID_11088 rdfs:label asphyxia neonatorum","obo:DOID_1699 oboInOwl:hasExactSynonym Ichthyosiform erythroderma","775f55a1-ce72-4e87-b198-6edde939bfbb oboInOwl:hasDbXref url:http://en.wikipedia.org/wiki/Genitourinary_system","aef07f37-dc11-466c-a979-5d813e5f8aa8 owl:annotatedProperty oboInOwl:hasExactSynonym","obo:DOID_0050255 rdfs:label Uncinaria stenocephala infectious disease","a88f6f0c-d86e-4570-aa30-c7fbf8597b48 owl:annotatedTarget Membranous Glomerulonephritis","obo:DOID_11849 oboInOwl:hasOBONamespace disease_ontology","obo:DOID_9799 oboInOwl:hasDbXref ICD10CM:H44.5","obo:DOID_1699 oboInOwl:hasDbXref OMIM:242100","obo:DOID_5411 rdf:type owl:Class","1dc72b39-33c3-49c7-b967-05cfba7d0bda oboInOwl:hasDbXref CSP2005:0617-5539","e1bd8936-7d36-42dd-a66f-7ab670f3241f owl:annotatedProperty oboInOwl:hasExactSynonym","obo:DOID_10329 rdfs:label pneumoconiosis due to talc","obo:DOID_11849 oboInOwl:id DOID:11849","obo:DOID_0050167 oboInOwl:hasExactSynonym Whitaker syndrom","obo:DOID_6872 oboInOwl:id DOID:6872","538ec257-b1b3-4183-bec8-ca6e83d0ff7a owl:annotatedTarget Ulcer of anus disorder","e1bd8936-7d36-42dd-a66f-7ab670f3241f owl:annotatedTarget pulmonary Chondroid hamartoma","1a9a9f1a-29d2-4586-a36c-181becae79c6 owl:annotatedProperty oboInOwl:hasExactSynonym","obo:DOID_2471 oboInOwl:id DOID:2471","obo:DOID_2346 rdf:type owl:Class","obo:DOID_5323 rdf:type owl:Class","4392a975-8621-4e0b-a88c-ea2e14bf4f50 owl:annotatedTarget Multiple cranial nerve palsies","obo:DOID_3829 oboInOwl:hasOBONamespace disease_ontology","obo:DOID_6872 rdf:type owl:Class","52dbbe78-8f2b-486f-9be5-7346d19b5821 owl:annotatedTarget Polyclonal hypergammaglobulinemia NOS disorder","obo:DOID_11849 oboInOwl:hasExactSynonym degenerative changes of ciliary body disorder","282a2fd4-9836-4390-b441-92cd64e0e57f rdf:type owl:Axiom","775f55a1-ce72-4e87-b198-6edde939bfbb oboInOwl:hasDbXref url:http://en.wikipedia.org/wiki/Urogenital_neoplasm","obo:DOID_2383 oboInOwl:hasDbXref SNOMEDCT_US_2015_03_01:299968002","4726a952-9b96-487c-b765-219270694e73 owl:annotatedSource obo:DOID_2431","obo:DOID_5059 oboInOwl:hasDbXref NCI:C5970","obo:DOID_2471 oboInOwl:hasExactSynonym Infection due to E. rhusiopathiae","obo:DOID_1699 oboInOwl:hasDbXref SNOMEDCT_US_2015_03_01:267372009","obo:DOID_10366 oboInOwl:hasDbXref SNOMEDCT_US_2015_03_01:363452003","obo:DOID_13431 rdfs:label bejel","obo:DOID_5411 oboInOwl:hasDbXref NCI:C3915","aafbeeae-8c06-454c-afc4-95ba58ea709e owl:annotatedProperty obo:IAO_0000115","c18473fe-5f9d-412d-bd1e-2901029e24df owl:annotatedProperty oboInOwl:hasExactSynonym","9baa83ad-173c-4e04-a944-67b7b616354c oboInOwl:hasDbXref NCI2004_11_17:C9042","dc628adf-d4cb-487d-8a6f-e51dc5ae67db owl:annotatedSource obo:DOID_13717","1ffa0883-cea5-4065-a63e-76f7bb13d1a5 oboInOwl:hasDbXref url:http://ghr.nlm.nih.gov/condition/cystic-fibrosis","obo:DOID_1712 oboInOwl:hasExactSynonym Congenital aortic valve stenosis","obo:DOID_0050431 rdfs:subClassOf obo:DOID_0060036","6a8e6271-d532-453f-a7bb-44ea668efc04 owl:annotatedTarget Chondroma morphologic abnormality","obo:DOID_11101 oboInOwl:hasExactSynonym Quintan fever","obo:DOID_13343 oboInOwl:hasExactSynonym Ocular toxoplasmosis disorder","2fb9f160-77ea-4217-a633-d285ee5e020c oboInOwl:hasDbXref SNOMEDCT_2005_07_31:390834004","4392a975-8621-4e0b-a88c-ea2e14bf4f50 rdf:type owl:Axiom","obo:DOID_11101 oboInOwl:hasOBONamespace disease_ontology","4457a385-214a-4b3e-8463-5e49a69fb53c owl:annotatedTarget A Pneumocystis jirovecii pneumonia that is_a disease associated with AIDS has_material_basis_in Pneumocystis jirovecii located_in lungs affecting individuals with HIV.","2395da76-09e7-4262-a1a4-8ea52b3dfa76 oboInOwl:hasDbXref MTHICD9_2006:745.4","b31ebe4b-7118-4666-aa6e-3ed028fdb6bf oboInOwl:hasDbXref CSP2005:1849-9151","a0565246-f87e-4a2e-acbe-6302ad5218bb owl:annotatedProperty oboInOwl:hasExactSynonym","obo:DOID_10329 rdf:type owl:Class","c786c92e-298c-4bb0-a447-8ceed2924dbd oboInOwl:hasDbXref NCI2004_11_17:C2989","b0034073-73da-4fae-ad4f-850bf0ac7889 owl:annotatedProperty oboInOwl:hasExactSynonym","d2d8bb5b-c9e4-4bca-8061-2968d0ccd6aa rdf:type owl:Axiom","obo:DOID_1699 oboInOwl:hasDbXref SNOMEDCT_US_2015_03_01:205549003","04ade5e6-e996-4da8-93d7-c6d78602e7dd oboInOwl:hasDbXref SNOMEDCT_2005_07_31:196266006","obo:DOID_13343 oboInOwl:hasExactSynonym Toxoplasma conjunctivitis","obo:DOID_14190 oboInOwl:hasExactSynonym Shared psychotic disorder","6a8e6271-d532-453f-a7bb-44ea668efc04 owl:annotatedSource obo:DOID_2602","obo:DOID_1800 rdf:type owl:Class","obo:DOID_11088 oboInOwl:hasExactSynonym Unspecified severity of birth asphyxia in liveborn infant","1b8f0961-05d0-4e6a-9350-b1f0d71a5fed owl:annotatedTarget Infection by Trichostrongylus species","obo:DOID_2383 rdf:type owl:Class","obo:DOID_2383 oboInOwl:hasDbXref UMLS_CUI:C0022353","obo:DOID_6835 rdf:type owl:Class","d2d8bb5b-c9e4-4bca-8061-2968d0ccd6aa oboInOwl:hasDbXref url:http://en.wikipedia.org/wiki/Spirurida","43e226ce-1df2-4581-bcb8-52393ddfaeb5 owl:annotatedSource obo:DOID_13146","obo:DOID_11088 oboInOwl:hasExactSynonym Asphyxia, in liveborn infant disorder","obo:DOID_2471 rdf:type owl:Class","aafbeeae-8c06-454c-afc4-95ba58ea709e oboInOwl:hasDbXref url:http://www.ncbi.nlm.nih.gov/pubmedhealth/PMH0001659/","734cf9e2-f36f-45f7-9902-2d5750c9ea3b owl:annotatedProperty oboInOwl:hasExactSynonym","obo:DOID_11088 oboInOwl:hasExactSynonym Asphyxia - birth","c18473fe-5f9d-412d-bd1e-2901029e24df owl:annotatedSource obo:DOID_6581","obo:DOID_12784 oboInOwl:hasExactSynonym Diabetes mellitus type I [insulin dependent type] [IDDM] [juvenile type], not stated as uncontrolled, with neurological manifestations","b31ebe4b-7118-4666-aa6e-3ed028fdb6bf owl:annotatedTarget lipoid histiocytosis classical phosphatide","obo:DOID_5411 oboInOwl:hasDbXref UMLS_CUI:C0262584","obo:DOID_13343 oboInOwl:hasExactSynonym Conjunctivitis due to acquired toxoplasmosis disorder","8887a119-f169-49c1-897c-86ed15d78944 oboInOwl:hasDbXref SNOMEDCT_2005_07_31:79195003","obo:DOID_4588 oboInOwl:hasDbXref SNOMEDCT_US_2015_03_01:19453003","2c7cb773-2dce-4ed9-b150-9057db1d1aee owl:annotatedProperty oboInOwl:hasExactSynonym","d8d8457d-82a3-4daa-9198-5d15e7f57697 oboInOwl:hasDbXref NCI2004_11_17:C3637","1a9a9f1a-29d2-4586-a36c-181becae79c6 oboInOwl:hasDbXref SNOMEDCT_2005_07_31:254704004","obo:DOID_2434 oboInOwl:id DOID:2434","obo:DOID_5411 oboInOwl:id DOID:5411","obo:DOID_12784 oboInOwl:hasOBONamespace disease_ontology","obo:DOID_1712 rdfs:label aortic valve stenosis","1a9a9f1a-29d2-4586-a36c-181becae79c6 owl:annotatedTarget Naevoid basal cell carcinoma syndrome","3b3c518b-71c8-4cce-a7c0-3f4b24d04f30 owl:annotatedProperty oboInOwl:hasExactSynonym","ed8559d8-3f4b-454c-a055-a20e8bb28bc1 owl:annotatedProperty oboInOwl:hasExactSynonym","obo:DOID_13431 oboInOwl:hasDbXref UMLS_CUI:C0004945","obo:DOID_3193 oboInOwl:hasExactSynonym nerve sheath tumour","obo:DOID_11088 rdf:type owl:Class","60c590b6-c685-4c2e-bbe5-09ee88e1d456 owl:annotatedProperty oboInOwl:hasExactSynonym","8868bc91-5981-40f9-ab69-918aa22d3d17 oboInOwl:hasDbXref ICD9CM_2006:343.1","1ffa0883-cea5-4065-a63e-76f7bb13d1a5 oboInOwl:hasDbXref url:http://www.nhlbi.nih.gov/health/health-topics/topics/cf/","obo:DOID_3866 oboInOwl:hasOBONamespace disease_ontology","obo:DOID_0060210 oboInOwl:hasDbXref OMIM:615515","6a8e6271-d532-453f-a7bb-44ea668efc04 owl:annotatedProperty oboInOwl:hasExactSynonym","a0565246-f87e-4a2e-acbe-6302ad5218bb rdf:type owl:Axiom","obo:DOID_0050079 rdf:type owl:Class","obo:DOID_11849 owl:deprecated true^^http://www.w3.org/2001/XMLSchema#boolean","f4ea126e-ddd9-48a0-90ac-2458afd0149b oboInOwl:hasDbXref SNOMEDCT_2005_07_31:86003009","4392a975-8621-4e0b-a88c-ea2e14bf4f50 owl:annotatedProperty oboInOwl:hasExactSynonym","e1bd8936-7d36-42dd-a66f-7ab670f3241f oboInOwl:hasDbXref NCI2004_11_17:C5659","obo:DOID_13431 oboInOwl:hasDbXref SNOMEDCT_US_2015_03_01:186978001","obo:DOID_9724 oboInOwl:hasDbXref UMLS_CUI:C0259800","obo:DOID_4588 oboInOwl:hasOBONamespace disease_ontology","obo:DOID_5360 rdf:type owl:Class","obo:DOID_789 oboInOwl:id DOID:789","775f55a1-ce72-4e87-b198-6edde939bfbb rdf:type owl:Axiom","obo:DOID_2346 oboInOwl:hasDbXref SNOMEDCT_US_2015_03_01:190812003","obo:DOID_5272 rdf:type owl:Class","7f41d8cc-0483-4203-a9fd-05ca6ae4a8ca owl:annotatedTarget A pathologic nystagmus, present at birth, characterized by involuntary, rhythmic eye movements; oscillations are usually horizontal in direction.","obo:DOID_2383 oboInOwl:hasDbXref SNOMEDCT_US_2015_03_01:30235009","obo:DOID_8153 rdfs:label fibroosseous pseudotumor of digits","obo:DOID_1712 oboInOwl:hasDbXref NCI:C50462","obo:DOID_3829 oboInOwl:hasDbXref NCI:C3329","obo:DOID_4676 oboInOwl:hasDbXref MSH:D014511","obo:DOID_0050167 rdf:type owl:Class","obo:DOID_2383 oboInOwl:hasDbXref ICD10CM:P59.9","932c8613-a11e-4290-98bc-de8bf2124bdd oboInOwl:hasDbXref NCI2004_11_17:C4959","obo:DOID_13343 rdf:type owl:Class","b0034073-73da-4fae-ad4f-850bf0ac7889 rdf:type owl:Axiom","obo:DOID_3829 oboInOwl:hasDbXref MSH:D010911","obo:DOID_5272 oboInOwl:hasDbXref NCI:C5335","obo:DOID_13343 oboInOwl:hasAlternativeId DOID:13337","obo:DOID_11849 rdfs:label degenerative changes of ciliary body","2c7cb773-2dce-4ed9-b150-9057db1d1aee rdf:type owl:Axiom","obo:DOID_3030 oboInOwl:hasExactSynonym Mucin-Secreting carcinoma","obo:DOID_3829 rdfs:label pituitary adenoma","obo:DOID_0050218 oboInOwl:hasExactSynonym neotropical echinococcosis","bb934f6f-3cf6-4d13-9205-9711dfe5a4e7 owl:annotatedTarget Anterior uveitis, NOS","obo:DOID_1624 rdf:type owl:Class","4383b55a-67c3-483d-9569-8dd36d1dbe43 owl:annotatedTarget deficiency, Laki-Lorand factor","1ff742d7-5319-44f2-ab10-45829b546864 owl:annotatedTarget disorder of lens","33cd347c-95df-4e5c-a39a-ab76c7ba029e oboInOwl:hasDbXref NCI2004_11_17:C5128","aa7b5407-d214-44ac-8f32-3f8771e18a5c owl:annotatedSource obo:DOID_4226","aef07f37-dc11-466c-a979-5d813e5f8aa8 owl:annotatedSource obo:DOID_8498","43e226ce-1df2-4581-bcb8-52393ddfaeb5 owl:annotatedTarget A candidiasis that involves fungal infection of the esophagus by Candida albicans in immunocompromised people, resulting in lesions, bleeding, painful swallowing and substernal pain.","734cf9e2-f36f-45f7-9902-2d5750c9ea3b rdf:type owl:Axiom","obo:DOID_1712 oboInOwl:hasDbXref UMLS_CUI:C0003507","obo:DOID_0060071 oboInOwl:created_by lschriml","obo:DOID_0050167 obo:IAO_0000115 An autoimmune polyendocrine syndrome that is inherited in an autosomal recessive fashion, which is characterized by abnormal functioning of the immune system that causes auto-reactivity against endocrine organs.","6a8e6271-d532-453f-a7bb-44ea668efc04 rdf:type owl:Axiom","417dc2d1-0eab-4234-8269-b725f5b6a169 oboInOwl:hasDbXref SNOMEDCT_2005_07_31:270489003","39755631-dbe3-4e8a-9eef-12d22599577d owl:annotatedTarget HEMOPHILUS INFLUENZA INFECTION","obo:DOID_1699 oboInOwl:hasExactSynonym Congenital non bullous ichthyosiform erythroderma","obo:DOID_0050255 rdf:type owl:Class","obo:DOID_3829 oboInOwl:hasDbXref SNOMEDCT_US_2015_03_01:254956000","479ea661-efb9-4904-a86c-9394e87a2f3b owl:annotatedTarget Retinal artery occlusion disorder","1ff742d7-5319-44f2-ab10-45829b546864 oboInOwl:hasDbXref SNOMEDCT_2005_07_31:194613002","obo:DOID_1800 oboInOwl:hasDbXref SNOMEDCT_US_2015_03_01:55937004","60c590b6-c685-4c2e-bbe5-09ee88e1d456 rdf:type owl:Axiom","obo:DOID_13431 rdf:type owl:Class","ed8559d8-3f4b-454c-a055-a20e8bb28bc1 rdf:type owl:Axiom","obo:DOID_6872 oboInOwl:hasDbXref UMLS_CUI:C1336048","obo:DOID_5147 oboInOwl:hasDbXref NCI:C4483","3b3c518b-71c8-4cce-a7c0-3f4b24d04f30 rdf:type owl:Axiom","obo:DOID_9724 oboInOwl:id DOID:9724","obo:DOID_4588 oboInOwl:hasExactSynonym Secretory meningioma morphologic abnormality","obo:DOID_0060071 oboInOwl:creation_date 2011-05-11T12:18:41Z","obo:DOID_3193 oboInOwl:hasExactSynonym neoplasm of the nerve Sheath","obo:DOID_14190 rdfs:label shared paranoid disease","obo:DOID_1712 rdf:type owl:Class","obo:DOID_1712 oboInOwl:hasExactSynonym Aortic stenosis","obo:DOID_3030 oboInOwl:hasDbXref NCI:C26712","f4ea126e-ddd9-48a0-90ac-2458afd0149b owl:annotatedProperty oboInOwl:hasExactSynonym","95722297-d944-482b-b823-50f737eea39c rdf:type owl:Axiom","b31ebe4b-7118-4666-aa6e-3ed028fdb6bf owl:annotatedProperty oboInOwl:hasExactSynonym","obo:DOID_3829 oboInOwl:hasDbXref SNOMEDCT_US_2015_03_01:269643009","a88f6f0c-d86e-4570-aa30-c7fbf8597b48 owl:annotatedSource obo:DOID_10976","obo:DOID_10278 rdf:type owl:Class","obo:DOID_4588 rdfs:subClassOf obo:DOID_3565","obo:DOID_3866 oboInOwl:id DOID:3866","43e226ce-1df2-4581-bcb8-52393ddfaeb5 rdf:type owl:Axiom","obo:DOID_0050431 oboInOwl:hasDbXref OMIM:604401","aafbeeae-8c06-454c-afc4-95ba58ea709e owl:annotatedSource obo:DOID_13778","obo:DOID_3917 oboInOwl:hasOBONamespace disease_ontology","obo:DOID_9724 oboInOwl:hasDbXref SNOMEDCT_US_2015_03_01:193271007","obo:DOID_11088 oboInOwl:hasDbXref MSH:D001238","obo:DOID_3030 oboInOwl:hasDbXref SNOMEDCT_US_2015_03_01:900006","074d4486-9fab-41e7-b313-47439e3a757b oboInOwl:hasDbXref SNOMEDCT_2005_07_31:193920003","obo:DOID_3829 rdfs:subClassOf obo:DOID_0060089","obo:DOID_11101 oboInOwl:hasDbXref MSH:D014205","obo:DOID_5272 rdfs:label small intestinal sarcoma","obo:DOID_5147 rdf:type owl:Class","obo:DOID_3829 oboInOwl:hasDbXref SNOMEDCT_US_2015_03_01:128664001","e1bd8936-7d36-42dd-a66f-7ab670f3241f rdf:type owl:Axiom","obo:DOID_0060071 oboInOwl:hasOBONamespace disease_ontology","obo:DOID_9724 rdf:type owl:Class","aef07f37-dc11-466c-a979-5d813e5f8aa8 rdf:type owl:Axiom","obo:DOID_11088 oboInOwl:hasDbXref SNOMEDCT_US_2015_03_01:206278008","obo:DOID_0050292 rdf:type owl:Class","obo:DOID_4676 oboInOwl:hasOBONamespace disease_ontology","obo:DOID_14190 rdf:type owl:Class","282a2fd4-9836-4390-b441-92cd64e0e57f owl:annotatedProperty oboInOwl:hasExactSynonym","obo:DOID_12784 owl:deprecated true^^http://www.w3.org/2001/XMLSchema#boolean","obo:DOID_0050431 oboInOwl:hasDbXref OMIM:604400","obo:DOID_0050167 oboInOwl:hasExactSynonym Autoimmune Polyglandular Syndrome I","1a9a9f1a-29d2-4586-a36c-181becae79c6 rdf:type owl:Axiom","obo:DOID_10366 rdf:type owl:Class","b95f3ab6-2f28-43f5-9eaf-46ff3f9d2a3c owl:annotatedSource obo:DOID_4889","obo:DOID_3866 owl:deprecated true^^http://www.w3.org/2001/XMLSchema#boolean","95722297-d944-482b-b823-50f737eea39c owl:annotatedTarget A disease of mental health that involves a conflict between a persons actual physical gender and the gender that person identifies himself or herself as.","obo:DOID_0050380 rdf:type owl:Class","obo:DOID_8153 oboInOwl:hasOBONamespace disease_ontology","acc8d527-4455-489a-953b-bb8d98cd866b owl:annotatedSource obo:DOID_13371","obo:DOID_3030 oboInOwl:hasExactSynonym Mucous carcinoma","obo:DOID_11088 oboInOwl:hasExactSynonym Liveborn with birth asphyxia NOS","obo:DOID_13306 rdf:type owl:Class","obo:DOID_2346 rdfs:label monoclonal paraproteinemia","eed30c35-604c-44ac-b8c3-724a90169eef owl:annotatedSource obo:DOID_3119","obo:DOID_3917 oboInOwl:hasDbXref UMLS_CUI:C1335316","obo:DOID_1699 oboInOwl:hasDbXref SNOMEDCT_US_2015_03_01:205556009","obo:DOID_1699 oboInOwl:hasExactSynonym Alligator skin","c18473fe-5f9d-412d-bd1e-2901029e24df rdf:type owl:Axiom","obo:DOID_1712 oboInOwl:hasDbXref ICD10CM:I06.0","c786c92e-298c-4bb0-a447-8ceed2924dbd owl:annotatedTarget DiGeorges syndrome","obo:DOID_5059 rdf:type owl:Class","4726a952-9b96-487c-b765-219270694e73 oboInOwl:hasDbXref url:www.iarc.fr/en/publications/pdfs-online/pat-gen/bb5/bb5-chap5.pdf","obo:DOID_5059 rdfs:label childhood cerebellar neoplasm","obo:DOID_0060122 rdfs:subClassOf obo:DOID_0050686"],"InferredAxioms":["obo:DOID_1699 rdfs:subClassOf obo:DOID_1699","obo:DOID_0060210 rdfs:subClassOf obo:DOID_0060210","rdf:object rdfs:domain rdf:Statement","rdf:Bag rdfs:subClassOf rdf:Bag","obo:DOID_1496 rdf:type rdfs:Class","obo:DOID_4588 rdf:type rdfs:Class","obo:DOID_5411 rdf:type rdfs:Class","obo:DOID_2346 rdfs:subClassOf obo:DOID_2346","obo:DOID_0050737 rdfs:subClassOf obo:DOID_0050737","obo:DOID_10154 rdfs:subClassOf obo:DOID_10154","rdfs:Resource rdf:type rdfs:Class","obo:DOID_3565 rdf:type rdfs:Class","obo:DOID_5147 rdf:type rdfs:Resource","rdf:XMLLiteral rdf:type rdfs:Datatype","rdf:XMLLiteral rdf:type rdfs:Class","obo:DOID_11101 rdfs:subClassOf obo:DOID_11101","obo:DOID_62 rdf:type rdfs:Class","obo:DOID_4205 rdf:type rdfs:Class","rdf:first rdfs:domain rdf:List","rdfs:domain rdfs:domain rdf:Property","obo:DOID_0050338 rdf:type rdfs:Class","obo:DOID_0050292 rdfs:subClassOf obo:DOID_0050292","rdf:predicate rdfs:domain rdf:Statement","obo:DOID_11101 rdf:type rdfs:Resource","obo:DOID_9724 rdf:type rdfs:Resource","obo:DOID_6872 rdfs:subClassOf obo:DOID_6872","obo:DOID_0050292 rdf:type rdfs:Resource","obo:DOID_0060210 rdf:type rdfs:Resource","obo:DOID_1699 rdf:type rdfs:Resource","obo:DOID_4676 rdfs:subClassOf obo:DOID_4676","obo:DOID_0050218 rdf:type rdfs:Class","obo:DOID_6659 rdf:type rdfs:Class","obo:DOID_9724 rdfs:subClassOf obo:DOID_9724","obo:DOID_10154 rdf:type rdfs:Resource","obo:DOID_0050737 rdf:type rdfs:Resource","rdfs:domain rdf:type rdfs:Resource","obo:DOID_11102 rdf:type rdfs:Resource","obo:DOID_4692 rdf:type rdfs:Class","obo:DOID_2893 rdf:type rdfs:Class","rdfs:subPropertyOf rdfs:range rdf:Property","rdf:Seq rdf:type rdfs:Class","obo:DOID_1579 rdf:type rdfs:Resource","obo:DOID_2345 rdfs:subClassOf obo:DOID_2345","rdf:predicate rdfs:subPropertyOf rdf:predicate","obo:DOID_0060089 rdf:type rdfs:Class","rdf:Alt rdfs:subClassOf rdf:Alt","obo:DOID_10366 rdf:type rdfs:Resource","owl:Class rdf:type rdfs:Resource","rdfs:domain rdf:type rdf:Property","rdfs:subClassOf rdf:type rdfs:Resource","obo:DOID_2346 rdf:type rdfs:Class","obo:DOID_10123 rdf:type rdfs:Resource","obo:DOID_0060122 rdf:type rdfs:Resource","rdf:rest rdfs:range rdf:List","rdf:first rdfs:subPropertyOf rdf:first","obo:DOID_13306 rdf:type rdfs:Resource","obo:DOID_6872 rdf:type rdfs:Class","obo:DOID_0050622 rdfs:subClassOf obo:DOID_0050622","obo:DOID_5059 rdf:type rdfs:Resource","rdf:Alt rdf:type rdfs:Class","obo:DOID_11088 rdfs:subClassOf obo:DOID_11088","obo:DOID_2345 rdf:type rdfs:Class","rdf:List rdf:type rdfs:Class","rdfs:subClassOf rdf:type rdf:Property","obo:DOID_0060036 rdf:type rdfs:Resource","obo:DOID_3856 rdf:type rdfs:Resource","obo:DOID_14040 rdf:type rdfs:Class","obo:DOID_1679 rdf:type rdfs:Resource","obo:DOID_0050622 rdf:type rdfs:Class","obo:DOID_5147 rdfs:subClassOf obo:DOID_5147","obo:DOID_14040 rdfs:subClassOf obo:DOID_14040","obo:DOID_3193 rdf:type rdfs:Resource","rdf:Bag rdfs:subClassOf rdfs:Container","rdf:Property rdfs:subClassOf rdfs:Resource","obo:DOID_5612 rdf:type rdfs:Class","obo:DOID_10329 rdf:type rdfs:Class","obo:DOID_3918 rdf:type rdfs:Class","rdf:predicate rdf:type rdf:Property","obo:DOID_1800 rdf:type rdfs:Class","rdf:Statement rdf:type rdfs:Resource","obo:DOID_2383 rdf:type rdfs:Class","obo:DOID_0060089 rdfs:subClassOf obo:DOID_0060089","rdf:Bag rdf:type rdfs:Resource","obo:DOID_3917 rdf:type rdfs:Class","rdf:object rdfs:subPropertyOf rdf:object","rdf:nil rdf:type rdf:List","obo:DOID_0050431 rdfs:subClassOf obo:DOID_0050431","rdfs:comment rdfs:range rdfs:Literal","owl:Axiom rdf:type rdfs:Class","obo:DOID_8153 rdfs:subClassOf obo:DOID_8153","rdf:predicate rdf:type rdfs:Resource","rdf:Property rdfs:subClassOf rdf:Property","obo:DOID_10316 rdf:type rdfs:Class","obo:DOID_5614 rdf:type rdfs:Class","obo:DOID_9799 rdf:type rdfs:Resource","obo:DOID_0050167 rdfs:subClassOf obo:DOID_0050167","rdf:object rdf:type rdfs:Resource","obo:DOID_5272 rdf:type rdfs:Resource","obo:DOID_0050136 rdf:type rdfs:Class","obo:DOID_4692 rdfs:subClassOf obo:DOID_4692","rdfs:Container rdf:type rdfs:Class","obo:DOID_0060071 rdf:type rdfs:Class","obo:DOID_1074 rdf:type rdfs:Class","rdf:Statement rdfs:subClassOf rdfs:Resource","obo:DOID_0050167 rdf:type rdfs:Resource","obo:DOID_2893 rdfs:subClassOf obo:DOID_2893","rdfs:isDefinedBy rdfs:subPropertyOf rdfs:seeAlso","rdf:Seq rdfs:subClassOf rdf:Seq","obo:DOID_0060094 rdf:type rdfs:Class","obo:DOID_5409 rdf:type rdfs:Class","rdf:object rdf:type rdf:Property","rdf:Property rdf:type rdfs:Resource","rdfs:Literal rdf:type rdfs:Class","obo:DOID_0050686 rdfs:subClassOf obo:DOID_0050686","obo:DOID_4676 rdf:type rdfs:Class","rdfs:Class rdfs:subClassOf rdfs:Class","rdfs:subClassOf rdfs:range rdfs:Class","obo:DOID_11088 rdf:type rdfs:Class","rdfs:Datatype rdf:type rdfs:Resource","obo:DOID_14566 rdf:type rdfs:Resource","obo:DOID_305 rdfs:subClassOf obo:DOID_305","rdfs:ContainerMembershipProperty rdf:type rdfs:Resource","obo:DOID_1192 rdf:type rdfs:Resource","rdf:rest rdf:type rdf:Property","rdfs:seeAlso rdf:type rdfs:Resource","rdfs:comment rdf:type rdfs:Resource","obo:DOID_0050431 rdf:type rdfs:Class","obo:DOID_3829 rdf:type rdfs:Resource","obo:DOID_8153 rdf:type rdfs:Class","obo:DOID_332 rdf:type rdfs:Resource","rdfs:domain rdfs:range rdfs:Class","obo:DOID_13431 rdf:type rdfs:Resource","obo:DOID_5272 rdfs:subClassOf obo:DOID_5272","obo:DOID_305 rdf:type rdfs:Class","obo:DOID_0050686 rdf:type rdfs:Class","obo:DOID_9799 rdfs:subClassOf obo:DOID_9799","rdfs:Class rdf:type rdfs:Class","obo:DOID_1712 rdf:type rdfs:Resource","rdf:rest rdf:type rdfs:Resource","rdfs:seeAlso rdf:type rdf:Property","rdfs:ContainerMembershipProperty rdfs:subClassOf rdf:Property","rdfs:comment rdf:type rdf:Property","obo:DOID_0050136 rdf:type rdfs:Resource","obo:DOID_13306 rdfs:subClassOf obo:DOID_13306","obo:DOID_9799 rdf:type rdfs:Class","obo:DOID_5614 rdf:type rdfs:Resource","obo:DOID_5272 rdf:type rdfs:Class","obo:DOID_10316 rdfs:subClassOf obo:DOID_10316","rdf:nil rdf:type rdfs:Resource","rdfs:Container rdf:type rdfs:Resource","obo:DOID_0060071 rdf:type rdfs:Resource","obo:DOID_1074 rdf:type rdfs:Resource","rdf:subject rdf:type rdf:Property","rdf:Seq rdfs:subClassOf rdfs:Container","obo:DOID_0060122 rdfs:subClassOf obo:DOID_0060122","rdf:rest rdfs:domain rdf:List","rdf:subject rdf:type rdfs:Resource","obo:DOID_0050167 rdf:type rdfs:Class","obo:DOID_10123 rdfs:subClassOf obo:DOID_10123","rdfs:isDefinedBy rdfs:subPropertyOf rdfs:isDefinedBy","rdf:Property rdf:type rdfs:Class","obo:DOID_5409 rdf:type rdfs:Resource","obo:DOID_0060094 rdf:type rdfs:Resource","obo:DOID_10329 rdf:type rdfs:Resource","obo:DOID_3918 rdf:type rdfs:Resource","obo:DOID_5612 rdf:type rdfs:Resource","rdf:Statement rdf:type rdfs:Class","obo:DOID_1800 rdf:type rdfs:Resource","rdfs:label rdf:type rdf:Property","obo:DOID_2383 rdfs:subClassOf obo:DOID_2383","rdfs:label rdf:type rdfs:Resource","obo:DOID_3917 rdf:type rdfs:Resource","obo:DOID_2383 rdf:type rdfs:Resource","obo:DOID_6659 rdfs:subClassOf obo:DOID_6659","rdf:Bag rdf:type rdfs:Class","rdf:Alt rdfs:subClassOf rdfs:Container","obo:DOID_10316 rdf:type rdfs:Resource","obo:DOID_3917 rdfs:subClassOf obo:DOID_3917","rdfs:subPropertyOf rdfs:domain rdf:Property","obo:DOID_0050218 rdfs:subClassOf obo:DOID_0050218","owl:Axiom rdf:type rdfs:Resource","obo:DOID_1679 rdfs:subClassOf obo:DOID_1679","obo:DOID_332 rdf:type rdfs:Class","obo:DOID_8153 rdf:type rdfs:Resource","obo:DOID_0050431 rdf:type rdfs:Resource","obo:DOID_3829 rdf:type rdfs:Class","obo:DOID_3856 rdfs:subClassOf obo:DOID_3856","obo:DOID_0060036 rdfs:subClassOf obo:DOID_0060036","rdfs:label rdfs:range rdfs:Literal","rdfs:Datatype rdfs:subClassOf rdfs:Datatype","rdfs:Datatype rdfs:subClassOf rdfs:Class","rdfs:subPropertyOf rdf:type rdf:Property","obo:DOID_13431 rdf:type rdfs:Class","obo:DOID_1800 rdfs:subClassOf obo:DOID_1800","rdfs:Class rdf:type rdfs:Resource","obo:DOID_0050686 rdf:type rdfs:Resource","obo:DOID_3193 rdfs:subClassOf obo:DOID_3193","rdfs:range rdfs:range rdfs:Class","obo:DOID_305 rdf:type rdfs:Resource","obo:DOID_14566 rdfs:subClassOf obo:DOID_14566","rdfs:subPropertyOf rdf:type rdfs:Resource","rdfs:Literal rdfs:subClassOf rdfs:Resource","obo:DOID_1712 rdf:type rdfs:Class","obo:DOID_0050338 rdfs:subClassOf obo:DOID_0050338","obo:DOID_4676 rdf:type rdfs:Resource","obo:DOID_5612 rdfs:subClassOf obo:DOID_5612","rdfs:Literal rdf:type rdfs:Resource","rdf:type rdf:type rdf:Property","obo:DOID_10329 rdfs:subClassOf obo:DOID_10329","obo:DOID_62 rdfs:subClassOf obo:DOID_62","rdfs:Class rdfs:subClassOf rdfs:Resource","obo:DOID_3918 rdfs:subClassOf obo:DOID_3918","obo:DOID_5059 rdfs:subClassOf obo:DOID_5059","obo:DOID_4205 rdfs:subClassOf obo:DOID_4205","obo:DOID_14566 rdf:type rdfs:Class","rdfs:ContainerMembershipProperty rdfs:subClassOf rdfs:ContainerMembershipProperty","obo:DOID_11088 rdf:type rdfs:Resource","rdfs:Datatype rdf:type rdfs:Class","obo:DOID_1192 rdf:type rdfs:Class","rdfs:ContainerMembershipProperty rdf:type rdfs:Class","rdf:type rdf:type rdfs:Resource","obo:DOID_1192 rdfs:subClassOf obo:DOID_1192","rdf:XMLLiteral rdf:type rdfs:Resource","obo:DOID_5147 rdf:type rdfs:Class","obo:DOID_3565 rdfs:subClassOf obo:DOID_3565","rdfs:isDefinedBy rdf:type rdfs:Resource","obo:DOID_0050338 rdf:type rdfs:Resource","obo:DOID_62 rdf:type rdfs:Resource","obo:DOID_4205 rdf:type rdfs:Resource","obo:DOID_0050292 rdf:type rdfs:Class","obo:DOID_13431 rdfs:subClassOf obo:DOID_13431","obo:DOID_9724 rdf:type rdfs:Class","rdfs:range rdfs:domain rdf:Property","rdfs:isDefinedBy rdf:type rdf:Property","obo:DOID_11101 rdf:type rdfs:Class","obo:DOID_10154 rdf:type rdfs:Class","obo:DOID_0050737 rdf:type rdfs:Class","obo:DOID_11102 rdfs:subClassOf obo:DOID_11102","obo:DOID_6659 rdf:type rdfs:Resource","obo:DOID_0060210 rdf:type rdfs:Class","obo:DOID_1699 rdf:type rdfs:Class","obo:DOID_0050218 rdf:type rdfs:Resource","obo:DOID_332 rdfs:subClassOf obo:DOID_332","obo:DOID_4588 rdfs:subClassOf obo:DOID_4588","obo:DOID_1496 rdf:type rdfs:Resource","obo:DOID_5411 rdfs:subClassOf obo:DOID_5411","obo:DOID_3829 rdfs:subClassOf obo:DOID_3829","obo:DOID_5409 rdfs:subClassOf obo:DOID_5409","obo:DOID_1579 rdfs:subClassOf obo:DOID_1579","obo:DOID_0060094 rdfs:subClassOf obo:DOID_0060094","obo:DOID_4588 rdf:type rdfs:Resource","obo:DOID_5411 rdf:type rdfs:Resource","rdf:rest rdfs:subPropertyOf rdf:rest","rdfs:subClassOf rdfs:domain rdfs:Class","rdfs:Resource rdf:type rdfs:Resource","obo:DOID_3565 rdf:type rdfs:Resource","rdf:subject rdfs:domain rdf:Statement","obo:DOID_1712 rdfs:subClassOf obo:DOID_1712","obo:DOID_2346 rdf:type rdfs:Resource","rdf:first rdf:type rdfs:Resource","obo:DOID_6872 rdf:type rdfs:Resource","obo:DOID_5614 rdfs:subClassOf obo:DOID_5614","obo:DOID_13306 rdf:type rdfs:Class","obo:DOID_10123 rdf:type rdfs:Class","obo:DOID_0060122 rdf:type rdfs:Class","rdfs:seeAlso rdfs:subPropertyOf rdfs:seeAlso","obo:DOID_2345 rdf:type rdfs:Resource","rdf:type rdfs:range rdfs:Class","obo:DOID_0050136 rdfs:subClassOf obo:DOID_0050136","obo:DOID_5059 rdf:type rdfs:Class","rdf:Alt rdf:type rdfs:Resource","rdf:first rdf:type rdf:Property","obo:DOID_3193 rdf:type rdfs:Class","obo:DOID_0050622 rdf:type rdfs:Resource","obo:DOID_1496 rdfs:subClassOf obo:DOID_1496","obo:DOID_0060036 rdf:type rdfs:Class","obo:DOID_3856 rdf:type rdfs:Class","rdf:List rdf:type rdfs:Resource","obo:DOID_1679 rdf:type rdfs:Class","obo:DOID_14040 rdf:type rdfs:Resource","rdfs:range rdf:type rdf:Property","rdf:subject rdfs:subPropertyOf rdf:subject","rdf:List rdfs:subClassOf rdfs:Resource","rdf:Seq rdf:type rdfs:Resource","obo:DOID_0060071 rdfs:subClassOf obo:DOID_0060071","rdfs:Container rdfs:subClassOf rdfs:Container","obo:DOID_10366 rdfs:subClassOf obo:DOID_10366","obo:DOID_2893 rdf:type rdfs:Resource","obo:DOID_4692 rdf:type rdfs:Resource","obo:DOID_1074 rdfs:subClassOf obo:DOID_1074","obo:DOID_11102 rdf:type rdfs:Class","obo:DOID_0060089 rdf:type rdfs:Resource","obo:DOID_1579 rdf:type rdfs:Class","rdfs:range rdf:type rdfs:Resource","obo:DOID_10366 rdf:type rdfs:Class","owl:Class rdf:type rdfs:Class"],"InvalidAxioms":["obo:DOID_0060122 rdfs:domain rdf:Property","obo:DOID_14566 rdfs:subClassOf obo:DOID_0050136","obo:DOID_0050218 rdfs:subClassOf rdfs:Datatype","rdf:Alt rdfs:domain rdfs:Class","rdf:predicate rdfs:subPropertyOf rdfs:isDefinedBy","obo:DOID_1496 rdfs:subClassOf obo:DOID_1192","rdfs:domain rdfs:subClassOf obo:DOID_3918","rdf:object rdfs:range rdfs:Class","rdfs:seeAlso rdfs:subClassOf rdfs:Container","obo:DOID_10366 rdfs:subClassOf obo:DOID_9799","rdf:Alt rdfs:subClassOf obo:DOID_2346","rdf:rest rdfs:subClassOf rdfs:Container","obo:DOID_3918 rdfs:subClassOf obo:DOID_3856","obo:DOID_5059 rdfs:domain rdf:Property","obo:DOID_6659 rdfs:subClassOf obo:DOID_14566","obo:DOID_2893 rdfs:subClassOf obo:DOID_6872","obo:DOID_0050167 rdfs:subPropertyOf rdfs:isDefinedBy","obo:DOID_4205 rdfs:subClassOf rdfs:ContainerMembershipProperty","obo:DOID_0060210 rdf:type rdf:Property","rdf:Statement rdfs:domain rdf:Statement","rdfs:Container rdfs:subClassOf obo:DOID_3193","rdfs:range rdfs:subClassOf obo:DOID_11102","obo:DOID_2383 rdfs:subClassOf obo:DOID_5059","obo:DOID_9724 rdf:type rdf:Property","obo:DOID_5411 rdfs:subClassOf obo:DOID_2345","obo:DOID_4205 rdfs:subClassOf obo:DOID_14040","rdfs:isDefinedBy rdf:type rdfs:Class","obo:DOID_3856 rdfs:subClassOf obo:DOID_9799","rdfs:subPropertyOf rdfs:subClassOf obo:DOID_0060122","rdfs:isDefinedBy rdfs:subClassOf obo:DOID_10366","obo:DOID_0050218 rdfs:subClassOf rdfs:ContainerMembershipProperty","obo:DOID_1192 rdfs:subClassOf obo:DOID_0060071","obo:DOID_13306 rdfs:subClassOf obo:DOID_5147","rdfs:comment rdfs:subPropertyOf rdf:predicate","rdf:predicate rdfs:range rdfs:Class","rdfs:subClassOf rdfs:subClassOf obo:DOID_5272","obo:DOID_0060036 rdfs:subClassOf obo:DOID_5612","obo:DOID_0060122 rdfs:subClassOf obo:DOID_9799","obo:DOID_1074 rdfs:subPropertyOf rdfs:seeAlso","rdf:type rdfs:subClassOf obo:DOID_1712","owl:Class rdf:type rdf:Property","obo:DOID_6659 rdfs:subClassOf obo:DOID_11102","obo:DOID_14040 rdfs:subClassOf rdfs:Class","rdfs:comment rdfs:domain rdf:Statement","rdfs:comment rdfs:range rdfs:Class","obo:DOID_1699 rdfs:domain rdf:Property","obo:DOID_13306 rdfs:subClassOf rdfs:Resource","obo:DOID_0050167 rdfs:subClassOf obo:DOID_4205","rdf:first rdfs:subClassOf obo:DOID_0050686","rdf:rest rdfs:range rdfs:Class","obo:DOID_1496 rdfs:subClassOf obo:DOID_6872","rdfs:label rdfs:subClassOf obo:DOID_13306","rdfs:range rdf:type rdfs:Class","obo:DOID_62 rdfs:domain rdfs:Class","rdf:rest rdfs:subClassOf obo:DOID_0050218","obo:DOID_0060036 rdfs:subClassOf obo:DOID_11101","rdf:Statement rdfs:subClassOf obo:DOID_0060071","obo:DOID_1800 rdfs:subPropertyOf rdf:rest","rdf:first rdf:type rdfs:Class","obo:DOID_3856 rdf:type rdf:Property","rdf:nil rdfs:subClassOf obo:DOID_13306","rdfs:Container rdfs:subClassOf obo:DOID_13306","obo:DOID_5612 rdfs:subClassOf obo:DOID_4692","rdfs:subPropertyOf rdfs:subClassOf obo:DOID_3856","obo:DOID_6872 rdfs:subClassOf obo:DOID_1192","obo:DOID_1192 rdfs:subClassOf obo:DOID_5409","obo:DOID_5059 rdf:type rdf:Property","obo:DOID_2893 rdfs:subClassOf obo:DOID_305","obo:DOID_10123 rdfs:subClassOf obo:DOID_2383","rdfs:label rdfs:subClassOf obo:DOID_332","obo:DOID_13306 rdf:type rdf:Property","rdfs:range rdfs:subClassOf obo:DOID_305","obo:DOID_14040 rdfs:subClassOf obo:DOID_0050622","obo:DOID_10123 rdf:type rdf:Property","rdfs:comment rdfs:range rdf:List","rdf:object rdfs:subClassOf obo:DOID_0050136","obo:DOID_2346 rdfs:subClassOf obo:DOID_10366","obo:DOID_1699 rdfs:subClassOf obo:DOID_5612","obo:DOID_1679 rdfs:subClassOf obo:DOID_2383","obo:DOID_10123 rdfs:subClassOf obo:DOID_1074","obo:DOID_0060122 rdfs:subClassOf rdfs:Container","rdfs:seeAlso rdfs:domain rdf:Property","rdfs:comment rdfs:domain rdf:Property","obo:DOID_5147 rdfs:domain rdf:Statement","obo:DOID_1699 rdfs:subClassOf obo:DOID_5409","rdf:first rdfs:subClassOf obo:DOID_3829","obo:DOID_3829 rdfs:subClassOf obo:DOID_1496","rdf:Statement rdf:type rdf:Property","obo:DOID_0060210 rdfs:domain rdf:Statement","obo:DOID_0060071 rdfs:subClassOf rdfs:Datatype","obo:DOID_0060210 rdfs:subClassOf obo:DOID_0060094","rdfs:label rdf:type rdfs:Class","rdf:first rdfs:subClassOf rdf:Seq","obo:DOID_5059 rdfs:subClassOf obo:DOID_0050338","obo:DOID_9799 rdfs:subClassOf rdfs:Resource","obo:DOID_0050292 rdfs:domain rdf:Statement","obo:DOID_2383 rdfs:subPropertyOf rdf:first","rdf:List rdfs:subClassOf obo:DOID_332","rdf:Property rdf:type rdf:Property","rdf:List rdfs:subClassOf obo:DOID_0060089","rdf:nil rdf:type rdfs:Class","rdfs:domain rdfs:subClassOf obo:DOID_0050338","rdfs:domain rdfs:subClassOf rdfs:Container","obo:DOID_6872 rdfs:subClassOf obo:DOID_0060089","rdfs:domain rdfs:subPropertyOf rdf:subject","rdf:subject rdf:type rdfs:Class","obo:DOID_1192 rdfs:domain rdf:Property","rdfs:Literal rdfs:domain rdfs:Class","rdf:List rdfs:subClassOf obo:DOID_13306","rdf:Property rdfs:subClassOf obo:DOID_3917","obo:DOID_9799 rdf:type rdf:Property","rdfs:comment rdfs:subClassOf obo:DOID_0050737","obo:DOID_5409 rdfs:subClassOf obo:DOID_11102","rdfs:isDefinedBy rdfs:subPropertyOf rdf:rest","rdf:rest rdfs:subClassOf rdfs:Resource","obo:DOID_1192 rdf:type rdf:Property","obo:DOID_5059 rdfs:subClassOf obo:DOID_5409","obo:DOID_0050218 rdfs:subClassOf rdf:Seq","obo:DOID_3565 rdfs:subClassOf obo:DOID_10123","rdfs:Class rdfs:subClassOf rdfs:Datatype","rdfs:subClassOf rdfs:subClassOf obo:DOID_6659","rdfs:comment rdfs:subPropertyOf rdf:object","rdf:object rdfs:range rdfs:Literal","rdfs:Container rdfs:subClassOf obo:DOID_11102","rdf:type rdfs:subClassOf obo:DOID_14040","obo:DOID_0050167 rdfs:domain rdf:Property","rdfs:comment rdfs:subClassOf rdfs:Resource","rdf:type rdf:type rdfs:Class","obo:DOID_0050686 rdfs:subClassOf obo:DOID_305","obo:DOID_0050737 rdfs:subClassOf obo:DOID_4205","obo:DOID_2383 rdfs:subClassOf obo:DOID_0050431","obo:DOID_0060071 rdfs:domain rdf:List","rdf:Alt rdfs:subPropertyOf rdfs:seeAlso","obo:DOID_14566 rdfs:subClassOf rdfs:Resource","obo:DOID_0060036 rdfs:subPropertyOf rdfs:isDefinedBy","obo:DOID_0050136 rdfs:domain rdf:List","rdf:predicate rdfs:domain rdf:Property","rdfs:subPropertyOf rdf:type rdfs:Class","obo:DOID_305 rdf:type rdfs:Datatype","obo:DOID_10366 rdfs:subClassOf obo:DOID_6659","obo:DOID_14566 rdfs:subClassOf rdf:Property","obo:DOID_0050622 rdfs:subClassOf obo:DOID_3193","rdfs:comment rdfs:subClassOf obo:DOID_5411","obo:DOID_3829 rdf:type rdf:Property","obo:DOID_2893 rdfs:subClassOf obo:DOID_5059","obo:DOID_0050686 rdfs:subClassOf rdfs:ContainerMembershipProperty","rdfs:ContainerMembershipProperty rdfs:subClassOf obo:DOID_10154","obo:DOID_0060210 rdfs:subClassOf obo:DOID_1679","obo:DOID_0060210 rdfs:subClassOf obo:DOID_0060036","rdf:object rdf:type rdfs:Class","obo:DOID_5272 rdf:type rdfs:Datatype","obo:DOID_14566 rdfs:domain rdfs:Class","obo:DOID_0050218 rdfs:range rdf:List","obo:DOID_11102 rdfs:subClassOf obo:DOID_4692","rdfs:comment rdfs:domain rdf:List","rdfs:range rdfs:subPropertyOf rdf:subject","obo:DOID_5272 rdfs:subClassOf obo:DOID_0050622","owl:Class rdfs:subClassOf obo:DOID_3829","obo:DOID_3565 rdfs:domain rdf:Statement","rdfs:range rdfs:subClassOf obo:DOID_1074","obo:DOID_8153 rdfs:subClassOf obo:DOID_9799","obo:DOID_0050136 rdfs:subClassOf obo:DOID_11101","rdf:predicate rdfs:subClassOf obo:DOID_14566","rdfs:isDefinedBy rdfs:range rdfs:Class","obo:DOID_6872 rdfs:subClassOf obo:DOID_0060071","rdf:rest rdfs:subClassOf obo:DOID_11102","obo:DOID_5059 rdfs:subClassOf obo:DOID_4676","obo:DOID_14566 rdfs:subClassOf obo:DOID_6872","rdfs:Resource rdfs:subPropertyOf rdfs:isDefinedBy","obo:DOID_0050167 rdfs:subClassOf rdfs:Datatype","rdf:Statement rdfs:subClassOf obo:DOID_1192","rdf:XMLLiteral rdfs:domain rdf:Statement","rdfs:Container rdfs:subClassOf obo:DOID_0050737","obo:DOID_14040 rdfs:subClassOf rdfs:Container","rdfs:ContainerMembershipProperty rdfs:domain rdf:List","rdf:first rdfs:subPropertyOf rdf:subject","obo:DOID_14566 rdfs:domain rdf:List","obo:DOID_5614 rdfs:subClassOf obo:DOID_0060210","obo:DOID_5612 rdf:type rdf:Property","rdf:predicate rdf:type rdfs:Class","obo:DOID_5612 rdfs:subClassOf obo:DOID_4588","obo:DOID_3829 rdfs:subClassOf obo:DOID_2346","rdfs:comment rdfs:subClassOf obo:DOID_1192","obo:DOID_10316 rdfs:subClassOf obo:DOID_1800","rdf:predicate rdfs:subClassOf obo:DOID_2346","rdfs:seeAlso rdf:type rdfs:Class","rdfs:comment rdf:type rdfs:Class","rdfs:label rdfs:subClassOf obo:DOID_1496","obo:DOID_0060210 rdfs:subClassOf obo:DOID_10123","obo:DOID_2893 rdfs:range rdfs:Class","obo:DOID_0050136 rdfs:subClassOf obo:DOID_10329","rdfs:Container rdfs:subClassOf obo:DOID_5147","obo:DOID_10316 rdfs:domain rdf:Property","rdfs:subClassOf rdfs:subPropertyOf rdfs:seeAlso","obo:DOID_1074 rdfs:subClassOf obo:DOID_9799","rdf:rest rdf:type rdfs:Class","obo:DOID_1712 rdfs:subClassOf obo:DOID_1192","rdfs:label rdfs:domain rdf:Property","obo:DOID_11102 rdfs:subClassOf obo:DOID_5059","obo:DOID_4676 rdfs:subClassOf obo:DOID_0060210","rdf:rest rdfs:subClassOf obo:DOID_1192","obo:DOID_3829 rdfs:subClassOf obo:DOID_305","obo:DOID_13431 rdfs:subClassOf obo:DOID_14566","rdf:XMLLiteral rdfs:subClassOf obo:DOID_0060071","rdfs:Resource rdfs:subClassOf obo:DOID_0050136","rdfs:Class rdfs:subClassOf obo:DOID_1699","obo:DOID_10329 rdfs:subClassOf obo:DOID_9799","obo:DOID_332 rdfs:subClassOf obo:DOID_0050686","rdfs:isDefinedBy rdfs:subPropertyOf rdf:subject","obo:DOID_4676 rdfs:subClassOf obo:DOID_5411","rdfs:domain rdfs:subClassOf obo:DOID_3856","obo:DOID_4676 rdf:type rdf:Property","obo:DOID_0050292 rdfs:subPropertyOf rdf:rest","obo:DOID_3917 rdfs:subClassOf obo:DOID_3918","obo:DOID_5411 rdfs:subClassOf obo:DOID_5614","owl:Class rdfs:subClassOf obo:DOID_11102","obo:DOID_0050218 rdf:type rdf:Property","rdf:rest rdfs:subClassOf obo:DOID_0060089","rdf:Property rdfs:subClassOf obo:DOID_1679","rdf:predicate rdfs:range rdf:Property","rdfs:Resource rdfs:subClassOf obo:DOID_10316","rdf:List rdfs:subClassOf obo:DOID_9799","obo:DOID_2346 rdfs:subClassOf obo:DOID_3918","rdf:first rdfs:subClassOf obo:DOID_3918","obo:DOID_0050338 rdf:type rdf:Property","rdfs:Datatype rdfs:subClassOf obo:DOID_332","rdf:object rdfs:subPropertyOf rdfs:seeAlso","rdfs:label rdfs:range rdfs:Class","rdfs:seeAlso rdfs:subClassOf obo:DOID_10123","obo:DOID_8153 rdfs:subClassOf obo:DOID_4205","obo:DOID_0050431 rdfs:subClassOf obo:DOID_4205","obo:DOID_6872 rdfs:domain rdf:Property","obo:DOID_3917 rdfs:range rdf:List","rdf:rest rdfs:subClassOf rdf:Seq","rdfs:label rdfs:range rdf:List","rdf:predicate rdfs:subPropertyOf rdfs:seeAlso","obo:DOID_14040 rdfs:subClassOf obo:DOID_1496","rdfs:comment rdfs:subPropertyOf rdf:rest","rdfs:Datatype rdfs:subClassOf obo:DOID_10123","rdf:first rdfs:domain rdf:Property","rdf:nil rdfs:subClassOf obo:DOID_0050218","obo:DOID_0050737 rdfs:subClassOf obo:DOID_0050686","obo:DOID_0050292 rdfs:subClassOf rdfs:Datatype","obo:DOID_4205 rdfs:subClassOf rdfs:Resource","obo:DOID_0050338 rdfs:subClassOf rdfs:Resource","rdfs:subPropertyOf rdfs:subClassOf obo:DOID_0060071","rdf:subject rdfs:range rdfs:Class","obo:DOID_0060089 rdfs:subClassOf obo:DOID_5272","obo:DOID_2345 rdfs:domain rdf:Property","rdfs:isDefinedBy rdfs:subPropertyOf rdf:object","owl:Class rdfs:subClassOf rdfs:Datatype","rdfs:subClassOf rdf:type rdfs:Class","rdf:first rdfs:subClassOf obo:DOID_2383","obo:DOID_10329 rdfs:subClassOf obo:DOID_4205","obo:DOID_3918 rdfs:subClassOf obo:DOID_4205","rdf:List rdfs:subClassOf obo:DOID_4588","obo:DOID_1800 rdfs:subClassOf obo:DOID_0060071","rdf:Bag rdfs:subClassOf obo:DOID_4676","obo:DOID_4676 rdfs:range rdfs:Class","rdfs:comment rdfs:subClassOf obo:DOID_3193","rdf:Alt rdf:type rdf:Property","obo:DOID_3918 rdfs:subClassOf obo:DOID_1074","rdfs:range rdfs:subClassOf obo:DOID_10316","rdf:rest rdfs:subPropertyOf rdfs:seeAlso","rdf:type rdfs:subClassOf obo:DOID_5409","rdf:Alt rdfs:subClassOf obo:DOID_0050292","obo:DOID_10123 rdfs:subClassOf obo:DOID_10366","obo:DOID_6872 rdfs:subClassOf obo:DOID_4588","rdf:rest rdfs:subClassOf obo:DOID_3193","rdfs:domain rdfs:subClassOf rdfs:Class","rdf:object rdfs:subClassOf obo:DOID_13431","obo:DOID_5272 rdfs:subClassOf obo:DOID_0060089","obo:DOID_4205 rdfs:subClassOf obo:DOID_9799","obo:DOID_2346 rdf:type rdf:Property","obo:DOID_0050338 rdfs:subClassOf obo:DOID_5272","rdfs:isDefinedBy rdfs:domain rdf:Property","obo:DOID_10154 rdfs:subClassOf obo:DOID_11102","obo:DOID_9724 rdfs:domain rdfs:Class","rdfs:domain rdf:type rdfs:Class","rdf:Alt rdfs:subClassOf obo:DOID_10316","rdf:first rdfs:subClassOf rdf:Property","obo:DOID_11101 rdfs:subClassOf obo:DOID_8153","obo:DOID_0050431 rdfs:range rdfs:Class","obo:DOID_5272 rdfs:subClassOf obo:DOID_3829","obo:DOID_0050167 rdfs:subClassOf obo:DOID_4676","rdfs:Resource rdfs:subClassOf obo:DOID_9799","rdf:Bag rdfs:subClassOf obo:DOID_10123","rdf:object rdfs:subClassOf obo:DOID_4692","obo:DOID_4692 rdf:type rdf:Property","obo:DOID_332 rdfs:subClassOf obo:DOID_5059","obo:DOID_11102 rdfs:subClassOf obo:DOID_10366","obo:DOID_3829 rdfs:subClassOf obo:DOID_5059","rdf:subject rdfs:subClassOf obo:DOID_0060071","obo:DOID_0060094 rdfs:subClassOf obo:DOID_4205","rdf:Seq rdf:type rdf:Property","obo:DOID_5059 rdfs:subClassOf obo:DOID_305"]}