{"OntologyName":"http://purl.obolibrary.org/obo/doid.owl#","Prefixes":{"":"http://purl.obolibrary.org/obo/doid.owl#","owl":"http://www.w3.org/2002/07/owl#","rdf":"http://www.w3.org/1999/02/22-rdf-syntax-ns#","oboInOwl":"http://www.geneontology.org/formats/oboInOwl#","xsd":"http://www.w3.org/2001/XMLSchema#","doid":"http://purl.obolibrary.org/obo/doid#","rdfs":"http://www.w3.org/2000/01/rdf-schema#","obo":"http://purl.obolibrary.org/obo/"},"TotalBase Triples":1000,"Axiomatic Triples in Base":0,"rdf:TypeTriples in Base":139,"TotalUniqueSubjects in base":140,"TotalUniquePredicates in base":17,"TotalUniqueObjects in base":707,"TotalInferred Triples":350,"AxiomaticTriples in inferred":100,"rdf:TypeTriples in inferred":225,"TotalUniqueSubjects in inferred":112,"TotalUniquePredicates in inferred":5,"TotalUniqueObjects in inferred":101,"TotalInvalid Triples":350,"AxiomaticTriples in invalid":60,"rdf:TypeTriples in invalid":38,"fullRandomTriples in invalid":0,"trickyTriplesInInvalid in invalid":350,"TotalUniqueSubjects in invalid":103,"TotalUniquePredicates in invalid":5,"TotalUniqueObjects in invalid":93,"Inference_time (miliseconds)":6,"Invalid triples generation time (miliseconds)":55,"Output (json_format) writing time (miliseconds)":0,"OriginalAxioms":["obo:DOID_14202 oboInOwl:hasOBONamespace disease_ontology","obo:DOID_4725 oboInOwl:hasOBONamespace disease_ontology","obo:DOID_14114 oboInOwl:id DOID:14114","obo:DOID_7518 rdf:type owl:Class","901cd4f7-6a67-4b06-93c8-71f9674c7956 owl:annotatedProperty oboInOwl:hasExactSynonym","66ec47b0-80b1-4008-a4d5-26b656e1dc5e oboInOwl:hasDbXref SNOMEDCT_2005_07_31:75614007","80b46bf3-523b-4f31-add7-d05a4a30834f owl:annotatedProperty obo:IAO_0000115","fc1798bc-8588-4d10-a4ac-9812f3deb4a1 rdf:type owl:Axiom","5ab9c689-ad5d-407c-8304-ab3df5de009a rdf:type owl:Axiom","obo:DOID_9087 oboInOwl:hasDbXref SNOMEDCT_US_2015_03_01:92537005","deb63009-e891-43ee-906c-cb5ea371fb2a oboInOwl:hasDbXref url:http://en.wikipedia.org/wiki/Sensory_system","obo:DOID_3117 oboInOwl:hasDbXref NCI:C8614","obo:DOID_14026 oboInOwl:hasExactSynonym Megaloblastic anemia due to folate deficiency disorder","obo:DOID_1924 oboInOwl:hasDbXref NCI:C9227","obo:DOID_0050467 oboInOwl:hasDbXref NCI:C84696","obo:DOID_11262 oboInOwl:hasOBONamespace disease_ontology","dcfe821b-5ca1-4dc7-87a7-b2dc73876283 owl:annotatedTarget A rectum sarcoma that is located_in the rectum in which the cancer cells are thought to arise from skeletal muscle progenitors.","obo:DOID_0050467 oboInOwl:id DOID:0050467","obo:DOID_7731 oboInOwl:id DOID:7731","d88e58c8-7da3-4b97-a10c-aadb90f57c40 owl:annotatedProperty oboInOwl:hasExactSynonym","c4d2ae8f-2723-4271-afca-a5e52e26faf1 owl:annotatedSource obo:DOID_7696","7cfcde0a-413c-4dc8-a46e-63d82fd4e09e oboInOwl:hasDbXref SNOMEDCT_2005_07_31:397379005","87e90338-7214-4fbf-8962-61bd38bce38b owl:annotatedProperty oboInOwl:hasExactSynonym","obo:DOID_0050592 oboInOwl:hasDbXref OMIM:613091","obo:DOID_2683 oboInOwl:hasExactSynonym adenofibroma, no ICD-O subtype morphologic abnormality","obo:DOID_13555 oboInOwl:hasExactSynonym Gonorrhea of pharynx disorder","obo:DOID_6211 oboInOwl:hasExactSynonym Ovarian mixed epithelial tumor","obo:DOID_8541 oboInOwl:hasAlternativeId DOID:8790","87e90338-7214-4fbf-8962-61bd38bce38b owl:annotatedTarget Incipient cataract disorder","obo:DOID_14114 oboInOwl:hasOBONamespace disease_ontology","obo:DOID_5396 oboInOwl:hasOBONamespace disease_ontology","obo:DOID_4813 oboInOwl:hasOBONamespace disease_ontology","49597ec2-436f-42e5-8b2e-641035b14a40 owl:annotatedProperty oboInOwl:hasRelatedSynonym","obo:DOID_11049 rdfs:label meconium aspiration syndrome","obo:DOID_14026 oboInOwl:hasDbXref SNOMEDCT_US_2015_03_01:191152006","c1078dfe-3b56-43fb-b0c8-56bce898dc7e rdf:type owl:Axiom","obo:DOID_5396 oboInOwl:hasDbXref UMLS_CUI:C0278863","obo:DOID_3117 rdf:type owl:Class","74038016-628d-496d-83a1-4a007dc4419e oboInOwl:hasDbXref url:http://mycology.adelaide.edu.au/Mycoses/Subcutaneous/Zygomycosis/","obo:DOID_5359 owl:deprecated true^^http://www.w3.org/2001/XMLSchema#boolean","obo:DOID_5572 oboInOwl:hasDbXref NCI:C34415","f913ce33-1146-4573-a89e-22c15a4e0d4e owl:annotatedTarget cancer of nasal cavity","obo:DOID_8541 oboInOwl:hasDbXref SNOMEDCT_US_2015_03_01:4950009","obo:DOID_11350 oboInOwl:hasOBONamespace disease_ontology","66ec47b0-80b1-4008-a4d5-26b656e1dc5e owl:annotatedSource obo:DOID_12030","f913ce33-1146-4573-a89e-22c15a4e0d4e rdf:type owl:Axiom","915cde19-1e7a-4d54-bc9c-49b400884663 oboInOwl:hasDbXref SNOMEDCT_2005_07_31:371160000","9c194d4a-b7fa-42ca-b3f4-65d0c84d1bd1 rdf:type owl:Axiom","b01272dd-f9c7-4f05-83d9-2138628661cb rdf:type owl:Axiom","093d4d59-0ce7-4099-9d0a-53a9aafe9330 owl:annotatedSource obo:DOID_2213","6bd39a9a-5392-4b65-9d0c-1dbe04baadb9 rdf:type owl:Axiom","obo:DOID_3205 rdf:type owl:Class","2df22198-419d-4914-9a41-a0f29649921d rdf:type owl:Axiom","e3ad56ad-cb39-4edc-9a1d-d9cf915bd488 rdf:type owl:Axiom","obo:DOID_4637 oboInOwl:hasOBONamespace disease_ontology","fc1798bc-8588-4d10-a4ac-9812f3deb4a1 oboInOwl:hasDbXref NCI2004_11_17:C4763","obo:DOID_3330 oboInOwl:id DOID:3330","obo:DOID_1748 oboInOwl:hasOBONamespace disease_ontology","obo:DOID_4637 oboInOwl:hasDbXref UMLS_CUI:C0149642","obo:DOID_2683 oboInOwl:hasDbXref SNOMEDCT_US_2015_03_01:189823009","ee33b406-aef1-4887-83f9-dc0707f382ea rdf:type owl:Axiom","obo:DOID_7731 rdf:type owl:Class","obo:DOID_9973 rdfs:label substance dependence","obo:DOID_11262 rdfs:subClassOf obo:DOID_0050338","obo:DOID_11262 oboInOwl:hasDbXref NCI:C34873","obo:DOID_1924 oboInOwl:hasDbXref SNOMEDCT_US_2015_03_01:48130008","ee33b406-aef1-4887-83f9-dc0707f382ea owl:annotatedTarget Colonic adenoma with Intramucosal adenocarcinoma","e939fc35-ad31-46f8-b4dd-ddb640a9be42 owl:annotatedSource obo:DOID_13371","288afb3f-eb0d-4edd-b10f-673c95c3b4b2 owl:annotatedTarget POEMS syndrome disorder","c084de28-de26-4b12-a4cc-98fe39b03b1d owl:annotatedTarget An autoimmune disease that is located_in lung, located_in kidney, located_in skin resulting from an autoimmune attack by antineutrophil cytoplasmic antibodies against small and medium-size blood vessels.","686a1fb5-9692-43c2-8dbe-47521cfe606a owl:annotatedProperty obo:IAO_0000115","2eb265b8-7e07-49cf-9b4f-576524a751d5 oboInOwl:hasDbXref NCI2004_11_17:C6532","obo:DOID_3029 rdfs:subClassOf obo:DOID_234","obo:DOID_9848 rdfs:subClassOf obo:DOID_9847","obo:DOID_4901 oboInOwl:id DOID:4901","obo:DOID_0050467 oboInOwl:hasDbXref OMIM:133200","obo:DOID_5484 oboInOwl:id DOID:5484","bccf483d-b999-4c87-b242-01eaa5ad1d31 owl:annotatedTarget acute haemorrhagic gastritis","obo:DOID_12072 oboInOwl:hasDbXref UMLS_CUI:C0152163","c084de28-de26-4b12-a4cc-98fe39b03b1d owl:annotatedProperty obo:IAO_0000115","obo:DOID_5396 oboInOwl:id DOID:5396","7e55e904-aef7-4c48-98b6-96ff03699e1c rdf:type owl:Axiom","obo:DOID_4813 oboInOwl:id DOID:4813","obo:DOID_14026 oboInOwl:hasDbXref SNOMEDCT_US_2015_03_01:154791000","obo:DOID_12072 oboInOwl:hasDbXref ICD9CM:537.81","obo:DOID_0050467 rdfs:subClassOf obo:DOID_37","990b02d6-2ccc-40e7-b8f6-0203e2bf9d7b owl:annotatedProperty oboInOwl:hasExactSynonym","obo:DOID_6996 rdfs:subClassOf obo:DOID_6992","23b974b9-e779-4391-8d51-da9854ce98dc owl:annotatedProperty oboInOwl:hasExactSynonym","obo:DOID_5572 obo:IAO_0000115 A syndrome characterized by overgrowth macrosomia, an increased risk of childhood cancer and congenital malformations.","6501fb5e-90a4-4876-b2d8-3048cd053d69 owl:annotatedProperty oboInOwl:hasExactSynonym","obo:DOID_11350 oboInOwl:hasExactSynonym Grand mal status disorder","obo:DOID_6996 oboInOwl:hasExactSynonym mixed cell melanoma of Choroid","obo:DOID_5572 oboInOwl:hasOBONamespace disease_ontology","obo:DOID_12072 rdfs:subClassOf obo:DOID_76","obo:DOID_14026 oboInOwl:hasExactSynonym Folate deficiency anemia NOS disorder","ba2537d0-a0c0-4eb2-9e95-4fffd7853321 owl:annotatedTarget Argininosuccinate lyase deficiency disorder","obo:DOID_11262 oboInOwl:hasDbXref SNOMEDCT_US_2015_03_01:186653003","obo:DOID_14202 rdfs:subClassOf obo:DOID_10223","ad220a42-7638-4b20-b1c0-9288efa4d429 oboInOwl:hasDbXref url:http://en.wikipedia.org/wiki/Diabetes","10317e30-d485-474c-8a6c-b4c4bde45fe7 owl:annotatedProperty oboInOwl:hasExactSynonym","e9e8852e-0389-46f1-90db-da936572c378 oboInOwl:hasDbXref PMID:9288107","5ab9c689-ad5d-407c-8304-ab3df5de009a oboInOwl:hasDbXref NCI2004_11_17:C9423","ebd075b3-d34f-4796-83ad-2a52437ad2b5 owl:annotatedSource obo:DOID_14262","obo:DOID_11049 oboInOwl:hasOBONamespace disease_ontology","obo:DOID_5359 rdfs:label pure BAC","b66e9bdd-3e09-44e9-a978-4c553c3981ea owl:annotatedSource obo:DOID_1572","16b09ef9-b288-435c-9e0b-b19c4c458f5c rdf:type owl:Axiom","ffc354a8-27b9-4545-88ca-88426cdf2af1 owl:annotatedTarget A connective tissue disease that affects the structure or development of bone or causes an impairment of normal bone function.","obo:DOID_3205 oboInOwl:hasExactSynonym Pigmented schwannoma","obo:DOID_9973 oboInOwl:hasOBONamespace disease_ontology","obo:DOID_3205 oboInOwl:hasDbXref NCI:C6970","obo:DOID_3330 rdf:type owl:Class","000825b1-0631-4537-927f-05c1cf98ee96 rdf:type owl:Axiom","915cde19-1e7a-4d54-bc9c-49b400884663 rdf:type owl:Axiom","3b26ebe5-9519-4466-b8d8-24d7dd669387 owl:annotatedProperty oboInOwl:hasExactSynonym","obo:DOID_1873 oboInOwl:id DOID:1873","obo:DOID_1873 oboInOwl:hasOBONamespace disease_ontology","3781fc94-e605-4b8b-95c7-a395aaa3a0ea owl:annotatedTarget Gingival recession","093d4d59-0ce7-4099-9d0a-53a9aafe9330 owl:annotatedTarget Hemorrhagic diathesis","obo:DOID_11049 oboInOwl:hasDbXref ICD10CM:P24.0","bccf483d-b999-4c87-b242-01eaa5ad1d31 owl:annotatedSource obo:DOID_4029","obo:DOID_4901 oboInOwl:hasOBONamespace disease_ontology","obo:DOID_5484 oboInOwl:hasOBONamespace disease_ontology","obo:DOID_8490 rdf:type owl:Class","obo:DOID_6959 rdfs:subClassOf obo:DOID_5528","deb63009-e891-43ee-906c-cb5ea371fb2a rdf:type owl:Axiom","cbe04a93-0d7a-4719-b621-1efc917417df oboInOwl:hasDbXref MTHICD9_2006:259.0","obo:DOID_9087 oboInOwl:hasDbXref ICD9CM:230.6","obo:DOID_11262 oboInOwl:hasDbXref UMLS_CUI:C0029291","obo:DOID_0060158 rdfs:subClassOf obo:DOID_0014667","obo:DOID_341 oboInOwl:hasDbXref UMLS_CUI:C0031115","obo:DOID_6211 oboInOwl:hasDbXref NCI:C4508","obo:DOID_3029 rdf:type owl:Class","4f9d73b6-cd71-47b6-8d0a-a2169a9c1ea5 owl:annotatedTarget WHO grade II Ependymal tumor","deb63009-e891-43ee-906c-cb5ea371fb2a owl:annotatedSource obo:DOID_0060116","obo:DOID_10791 oboInOwl:id DOID:10791","obo:DOID_8490 rdfs:label primary hypotonic uterine dysfunction","obo:DOID_2595 oboInOwl:hasDbXref NCI:C3544","2df22198-419d-4914-9a41-a0f29649921d oboInOwl:hasDbXref SNOMEDCT_2005_07_31:190319000","4fa374fc-cdf0-4149-8389-93f4a639aeb2 rdf:type owl:Axiom","obo:DOID_0060195 oboInOwl:hasExactSynonym amyotrophic lateral sclerosis 3","10317e30-d485-474c-8a6c-b4c4bde45fe7 rdf:type owl:Axiom","obo:DOID_0060283 oboInOwl:created_by emitraka","obo:DOID_0050379 oboInOwl:id DOID:0050379","obo:DOID_2683 oboInOwl:hasOBONamespace disease_ontology","e9e8852e-0389-46f1-90db-da936572c378 owl:annotatedProperty obo:IAO_0000115","obo:DOID_0060158 obo:IAO_0000115 A disease of metabolism that has _material_basis_in enzyme deficiency or accumulation of enzymes or toxins which interfere with normal function due to an endocrine organ disease, organ malfunction, inadequate intake, dietary deficiency, or malabsorption.","16b09ef9-b288-435c-9e0b-b19c4c458f5c owl:annotatedTarget Iodine-deficiency-related endemic goiter disorder","obo:DOID_4725 oboInOwl:id DOID:4725","3cbf9fd6-8b33-4fb9-8e97-2e62dd7ad155 owl:annotatedTarget serous carcinoma of Ovary","ebd075b3-d34f-4796-83ad-2a52437ad2b5 owl:annotatedTarget Thrush, oral","6501fb5e-90a4-4876-b2d8-3048cd053d69 rdf:type owl:Axiom","4fa374fc-cdf0-4149-8389-93f4a639aeb2 owl:annotatedTarget Locked-in state","obo:DOID_14114 owl:deprecated true^^http://www.w3.org/2001/XMLSchema#boolean","c084de28-de26-4b12-a4cc-98fe39b03b1d oboInOwl:hasDbXref url:http://en.wikipedia.org/wiki/Wegener%27s_granulomatosis","obo:DOID_341 rdf:type owl:Class","obo:DOID_9973 oboInOwl:hasDbXref SNOMEDCT_US_2015_03_01:255338002","obo:DOID_12921 oboInOwl:hasExactSynonym childhood schizophrenia NOS","23b974b9-e779-4391-8d51-da9854ce98dc rdf:type owl:Axiom","obo:DOID_0060158 oboInOwl:id DOID:0060158","obo:DOID_11262 oboInOwl:id DOID:11262","obo:DOID_0060371 oboInOwl:hasOBONamespace disease_ontology","3781fc94-e605-4b8b-95c7-a395aaa3a0ea owl:annotatedSource obo:DOID_1134","c85d2df5-7cf5-4978-8951-c06b6b95b10f owl:annotatedSource obo:DOID_10343","990b02d6-2ccc-40e7-b8f6-0203e2bf9d7b rdf:type owl:Axiom","obo:DOID_6996 oboInOwl:hasOBONamespace disease_ontology","obo:DOID_13680 rdf:type owl:Class","obo:DOID_14114 oboInOwl:hasExactSynonym Congenital adhesions of tongue","obo:DOID_0060283 oboInOwl:inSubset doid:DO_MGI_slim","obo:DOID_0060283 oboInOwl:hasDbXref OMIM:270300","obo:DOID_4725 owl:deprecated true^^http://www.w3.org/2001/XMLSchema#boolean","b01272dd-f9c7-4f05-83d9-2138628661cb oboInOwl:hasDbXref MTH:NOCODE","obo:DOID_4901 rdfs:subClassOf obo:DOID_1791","obo:DOID_9848 oboInOwl:hasExactSynonym labyrinthine hydrops","obo:DOID_1748 rdfs:label conjunctiva squamous cell carcinoma","obo:DOID_4637 oboInOwl:hasExactSynonym cervical Lymphadenitis","obo:DOID_0060195 oboInOwl:created_by emitraka","16b09ef9-b288-435c-9e0b-b19c4c458f5c owl:annotatedProperty oboInOwl:hasExactSynonym","obo:DOID_9936 oboInOwl:hasOBONamespace disease_ontology","obo:DOID_2595 oboInOwl:hasOBONamespace disease_ontology","obo:DOID_9848 oboInOwl:hasDbXref SNOMEDCT_US_2015_03_01:70831000119103","74038016-628d-496d-83a1-4a007dc4419e owl:annotatedSource obo:DOID_0050279","obo:DOID_5535 oboInOwl:hasRelatedSynonym squamous cell carcinoma of the gallbladder","obo:DOID_7518 oboInOwl:hasExactSynonym Inhibited female orgasm disorder","obo:DOID_5535 oboInOwl:hasExactSynonym Epidermoid gallbladder carcinoma","de1bd3ef-9841-4fbc-94ba-f843289cf918 owl:annotatedProperty obo:IAO_0000115","obo:DOID_5660 oboInOwl:hasOBONamespace disease_ontology","obo:DOID_128 rdf:type owl:Class","ad220a42-7638-4b20-b1c0-9288efa4d429 rdf:type owl:Axiom","obo:DOID_0050592 rdf:type owl:Class","obo:DOID_2595 rdfs:subClassOf obo:DOID_2596","obo:DOID_12921 oboInOwl:id DOID:12921","c4d2ae8f-2723-4271-afca-a5e52e26faf1 oboInOwl:hasDbXref SNOMEDCT_2005_07_31:93827000","obo:DOID_9848 oboInOwl:hasOBONamespace disease_ontology","obo:DOID_0060283 oboInOwl:hasOBONamespace disease_ontology","3b26ebe5-9519-4466-b8d8-24d7dd669387 rdf:type owl:Axiom","66ec47b0-80b1-4008-a4d5-26b656e1dc5e owl:annotatedTarget Diffuse uveitis","49597ec2-436f-42e5-8b2e-641035b14a40 owl:annotatedSource obo:DOID_210","e9e8852e-0389-46f1-90db-da936572c378 oboInOwl:hasDbXref url:https://en.wikipedia.org/wiki/Werner_syndrome","915cde19-1e7a-4d54-bc9c-49b400884663 owl:annotatedProperty oboInOwl:hasExactSynonym","obo:DOID_12072 oboInOwl:hasOBONamespace disease_ontology","000825b1-0631-4537-927f-05c1cf98ee96 owl:annotatedProperty oboInOwl:hasExactSynonym","obo:DOID_11262 oboInOwl:hasDbXref ICD9CM:073.9","obo:DOID_10791 oboInOwl:hasDbXref SNOMEDCT_US_2015_03_01:78737005","obo:DOID_9936 rdfs:subClassOf obo:DOID_9935","40f04eb0-dd50-414c-aff5-58193c42185b oboInOwl:hasDbXref SNOMEDCT_2005_07_31:276804009","obo:DOID_14026 oboInOwl:hasExactSynonym Folate-deficient megaloblastic anaemia","c388be46-c2de-44e0-8741-3f04c3719e3a rdf:type owl:Axiom","6bd39a9a-5392-4b65-9d0c-1dbe04baadb9 owl:annotatedTarget Croup syndrome","obo:DOID_11350 owl:deprecated true^^http://www.w3.org/2001/XMLSchema#boolean","7d6d5d74-62fd-4af8-8304-f6f5abe258fc owl:annotatedTarget Goldberg - Maxwell syndrome","40f04eb0-dd50-414c-aff5-58193c42185b owl:annotatedSource obo:DOID_3748","obo:DOID_11401 oboInOwl:hasOBONamespace disease_ontology","f913ce33-1146-4573-a89e-22c15a4e0d4e oboInOwl:hasDbXref NCI2004_11_17:C9336","4fa374fc-cdf0-4149-8389-93f4a639aeb2 owl:annotatedProperty oboInOwl:hasExactSynonym","obo:DOID_5359 oboInOwl:hasOBONamespace disease_ontology","4c0036c0-ed18-4b94-907c-da4007aafcbe oboInOwl:hasDbXref SNOMEDCT_2005_07_31:76376003","obo:DOID_0050680 rdfs:label Boomerang dysplasia","obo:DOID_11262 oboInOwl:hasDbXref SNOMEDCT_US_2015_03_01:75116005","obo:DOID_0050379 oboInOwl:inSubset doid:gram-negative_bacterial_infectious_disease","obo:DOID_14202 oboInOwl:id DOID:14202","obo:DOID_3029 oboInOwl:hasDbXref NCI:C7966","obo:DOID_11262 oboInOwl:hasDbXref SNOMEDCT_US_2015_03_01:154367007","obo:DOID_0050680 rdf:type owl:Class","obo:DOID_0060195 oboInOwl:hasOBONamespace disease_ontology","obo:DOID_11350 oboInOwl:hasExactSynonym Grand mal status, epileptic","ffc354a8-27b9-4545-88ca-88426cdf2af1 owl:annotatedSource obo:DOID_0080001","86df904d-db48-4d0b-99c2-5844c0e6dd02 owl:annotatedTarget cancer of lung","49597ec2-436f-42e5-8b2e-641035b14a40 rdf:type owl:Axiom","d88e58c8-7da3-4b97-a10c-aadb90f57c40 rdf:type owl:Axiom","obo:DOID_11350 oboInOwl:id DOID:11350","obo:DOID_0050467 oboInOwl:hasDbXref MSH:C566591","obo:DOID_1748 oboInOwl:hasDbXref NCI:C4549","cc6ae474-07c2-4060-bcfd-d3cdf3fd1d5a oboInOwl:hasDbXref SNOMEDCT_2005_07_31:72294005","403ae5a6-c03a-414f-a5cb-7fd045e3d977 owl:annotatedSource obo:DOID_11722","fc1798bc-8588-4d10-a4ac-9812f3deb4a1 owl:annotatedProperty oboInOwl:hasExactSynonym","5ab9c689-ad5d-407c-8304-ab3df5de009a owl:annotatedProperty oboInOwl:hasExactSynonym","obo:DOID_5572 oboInOwl:hasDbXref MSH:D001506","obo:DOID_13555 rdf:type owl:Class","obo:DOID_6959 oboInOwl:hasExactSynonym transitional Zone carcinoma of rectum","901cd4f7-6a67-4b06-93c8-71f9674c7956 rdf:type owl:Axiom","obo:DOID_0050680 oboInOwl:hasDbXref OMIM:112310","7304934a-8233-40fe-ac9a-3ca261393bf9 owl:annotatedTarget malignant tumor of lingual tonsil","obo:DOID_1748 oboInOwl:hasExactSynonym squamous cell carcinoma of conjunctiva disorder","4c0036c0-ed18-4b94-907c-da4007aafcbe owl:annotatedTarget Endometriosis of uterus disorder","b66e9bdd-3e09-44e9-a978-4c553c3981ea oboInOwl:hasDbXref SNOMEDCT_2005_07_31:30753002","obo:DOID_13555 rdfs:label pharyngeal gonorrhea","obo:DOID_11049 oboInOwl:hasDbXref UMLS_CUI:C0025048","obo:DOID_14026 rdfs:label folic acid deficiency anemia","9d767d66-b38c-402b-b1f8-c182f28c4396 owl:annotatedSource obo:DOID_4306","obo:DOID_0050467 oboInOwl:hasExactSynonym Greither Disease","87e90338-7214-4fbf-8962-61bd38bce38b rdf:type owl:Axiom","obo:DOID_8453 oboInOwl:hasExactSynonym Folic acid deficiency","obo:DOID_3205 oboInOwl:hasExactSynonym Melanotic neurilemmoma disorder","74038016-628d-496d-83a1-4a007dc4419e rdf:type owl:Axiom","db707b3e-28c2-4bc0-b1a2-340e7af072ad owl:annotatedSource obo:DOID_10239","obo:DOID_6996 rdfs:label intermediate cell type choroid melanoma","obo:DOID_5535 oboInOwl:hasOBONamespace disease_ontology","ee33b406-aef1-4887-83f9-dc0707f382ea owl:annotatedProperty oboInOwl:hasExactSynonym","obo:DOID_10791 rdf:type owl:Class","obo:DOID_3205 oboInOwl:hasDbXref UMLS_CUI:C1306247","f913ce33-1146-4573-a89e-22c15a4e0d4e owl:annotatedSource obo:DOID_4931","obo:DOID_13555 oboInOwl:hasExactSynonym gonococcal pharyngitis","obo:DOID_11262 oboInOwl:hasDbXref MSH:D009956","2df22198-419d-4914-9a41-a0f29649921d owl:annotatedProperty oboInOwl:hasExactSynonym","e3ad56ad-cb39-4edc-9a1d-d9cf915bd488 owl:annotatedProperty oboInOwl:hasExactSynonym","obo:DOID_2595 oboInOwl:hasDbXref SNOMEDCT_US_2015_03_01:187841006","b01272dd-f9c7-4f05-83d9-2138628661cb owl:annotatedProperty oboInOwl:hasExactSynonym","6bd39a9a-5392-4b65-9d0c-1dbe04baadb9 owl:annotatedProperty oboInOwl:hasExactSynonym","9c194d4a-b7fa-42ca-b3f4-65d0c84d1bd1 owl:annotatedProperty oboInOwl:hasExactSynonym","obo:DOID_6996 rdfs:subClassOf obo:DOID_6438","f913ce33-1146-4573-a89e-22c15a4e0d4e owl:annotatedProperty oboInOwl:hasExactSynonym","e939fc35-ad31-46f8-b4dd-ddb640a9be42 oboInOwl:hasDbXref SNOMEDCT_2005_07_31:73911003","7e55e904-aef7-4c48-98b6-96ff03699e1c owl:annotatedProperty oboInOwl:hasExactSynonym","obo:DOID_3117 oboInOwl:id DOID:3117","c4d2ae8f-2723-4271-afca-a5e52e26faf1 owl:annotatedTarget primary malignant neoplasm of hilus of lung disorder","c1078dfe-3b56-43fb-b0c8-56bce898dc7e owl:annotatedSource obo:DOID_0050591","obo:DOID_8541 oboInOwl:hasDbXref NCI:C3366","obo:DOID_1748 rdfs:subClassOf obo:DOID_5467","obo:DOID_1924 oboInOwl:hasOBONamespace disease_ontology","obo:DOID_4725 oboInOwl:hasExactSynonym neck neoplasm Including All Pharyngeal Related neoplasm","obo:DOID_14114 rdfs:label congenital adhesion of tongue","obo:DOID_3029 oboInOwl:id DOID:3029","obo:DOID_9087 oboInOwl:hasExactSynonym carcinoma in situ of anus NOS disorder","obo:DOID_6959 rdfs:label rectal cloacogenic carcinoma","ba2537d0-a0c0-4eb2-9e95-4fffd7853321 oboInOwl:hasDbXref SNOMEDCT_2005_07_31:41013004","obo:DOID_1873 owl:deprecated true^^http://www.w3.org/2001/XMLSchema#boolean","obo:DOID_9848 oboInOwl:hasDbXref ICD10CM:H81.0","32d90049-21bb-4351-8ffa-9d75fe28ff44 owl:annotatedTarget pathologic calcification","obo:DOID_4813 oboInOwl:hasExactSynonym adult Brainstem Neuroglial tumor","obo:DOID_1748 oboInOwl:hasDbXref SNOMEDCT_US_2015_03_01:255003007","1f5a559b-f8b1-45c8-8db5-cb19fa5cd53f oboInOwl:hasDbXref MTHICD9_2006:388.5","ad220a42-7638-4b20-b1c0-9288efa4d429 owl:annotatedProperty obo:IAO_0000115","0b942100-c209-477d-b91f-73b9c8831539 owl:annotatedSource obo:DOID_0050635","3b26ebe5-9519-4466-b8d8-24d7dd669387 owl:annotatedTarget GANT","72e67d15-1368-4e87-9b21-7a10389e4882 owl:annotatedProperty oboInOwl:hasExactSynonym","cfa4bd5b-e2f8-4652-a598-9061f929c65a rdf:type owl:Axiom","obo:DOID_11401 oboInOwl:hasDbXref UMLS_CUI:C0034188","c388be46-c2de-44e0-8741-3f04c3719e3a owl:annotatedProperty obo:IAO_0000115","obo:DOID_11401 oboInOwl:hasExactSynonym Xanthogranulomatous pyelonephritis","obo:DOID_9087 oboInOwl:id DOID:9087","80b46bf3-523b-4f31-add7-d05a4a30834f owl:annotatedSource obo:DOID_13450","ab220b05-1856-4404-ab2f-d40f231a37b8 rdf:type owl:Axiom","obo:DOID_2683 oboInOwl:id DOID:2683","obo:DOID_1748 oboInOwl:hasDbXref UMLS_CUI:C0346359","0fc95ff0-88e5-42cc-bf6d-9170fd03eda3 owl:annotatedSource obo:DOID_13417","c85d2df5-7cf5-4978-8951-c06b6b95b10f owl:annotatedTarget Latent schizophrenia disorder","7d6d5d74-62fd-4af8-8304-f6f5abe258fc owl:annotatedSource obo:DOID_4674","2eb265b8-7e07-49cf-9b4f-576524a751d5 rdf:type owl:Axiom","e9e8852e-0389-46f1-90db-da936572c378 owl:annotatedTarget An autosomal recessive disease characterized by premature aging and age-related phenotypes such as atherosclerosis, arteriosclerosis, cataracts, osteoporosis, soft tissue calcification, premature thinning, graying, and loss of hair, as well as a high incidence of some types of cancers. In 90% of the cases it is caused by mutations in the WRN gene, located_in chromosome 8.","obo:DOID_341 oboInOwl:hasDbXref UMLS_CUI:C0003838","deb63009-e891-43ee-906c-cb5ea371fb2a owl:annotatedTarget A nervous system cancer that is located_in the sensory system.","obo:DOID_14026 oboInOwl:hasDbXref ICD10CM:D52","90ed1904-80f3-40ec-b271-21fb1712bfb0 oboInOwl:hasDbXref SNOMEDCT_2005_07_31:126961004","obo:DOID_13555 oboInOwl:hasExactSynonym Gonococcal infection of pharynx","obo:DOID_3117 oboInOwl:hasDbXref UMLS_CUI:C0854196","2e6ef77f-4002-45a8-ba46-c780944f7ce8 owl:annotatedProperty oboInOwl:hasExactSynonym","obo:DOID_14026 oboInOwl:hasDbXref ICD9CM:281.2","e9e8852e-0389-46f1-90db-da936572c378 rdf:type owl:Axiom","obo:DOID_14202 rdfs:label adult dermatomyositis","obo:DOID_8490 oboInOwl:hasExactSynonym primary uterine inertia - delivered disorder","288afb3f-eb0d-4edd-b10f-673c95c3b4b2 owl:annotatedProperty oboInOwl:hasExactSynonym","c388be46-c2de-44e0-8741-3f04c3719e3a owl:annotatedSource obo:DOID_0060039","obo:DOID_0050379 rdfs:label Campylobacter fetus infectious disease","obo:DOID_6959 oboInOwl:hasOBONamespace disease_ontology","obo:DOID_7731 rdfs:subClassOf obo:DOID_264","7304934a-8233-40fe-ac9a-3ca261393bf9 owl:annotatedSource obo:DOID_8649","7c4a6ea1-7f5c-490b-9158-7cdd430357cd owl:annotatedProperty oboInOwl:hasExactSynonym","obo:DOID_11262 rdfs:label ornithosis","3cbf9fd6-8b33-4fb9-8e97-2e62dd7ad155 oboInOwl:hasDbXref NCI2004_11_17:C7550","49597ec2-436f-42e5-8b2e-641035b14a40 owl:annotatedTarget Calcaneal spur","e9e8852e-0389-46f1-90db-da936572c378 oboInOwl:hasDbXref PMID:15946710","obo:DOID_3117 obo:IAO_0000115 A gastrointestinal system benign neoplasm located_in the hepatobiliary system.","f81b464d-dfa5-40db-9fb4-b74fae6666bb owl:annotatedTarget malignant neoplasm of vermilion border of lip","obo:DOID_10791 oboInOwl:hasDbXref ICD10CM:J32.1","obo:DOID_10791 oboInOwl:hasExactSynonym Frontal sinusitis disorder","b01272dd-f9c7-4f05-83d9-2138628661cb owl:annotatedSource obo:DOID_12663","40f04eb0-dd50-414c-aff5-58193c42185b owl:annotatedProperty oboInOwl:hasExactSynonym","obo:DOID_0050467 oboInOwl:hasExactSynonym Erythrokeratodermia Figurata Variabilis","obo:DOID_8490 oboInOwl:id DOID:8490","obo:DOID_5572 oboInOwl:hasDbXref SNOMEDCT_US_2015_03_01:81780002","obo:DOID_9087 rdf:type owl:Class","obo:DOID_5660 rdfs:subClassOf obo:DOID_305","e3ad56ad-cb39-4edc-9a1d-d9cf915bd488 owl:annotatedTarget metastatic tumor to the Liver","ab220b05-1856-4404-ab2f-d40f231a37b8 oboInOwl:hasDbXref SNOMEDCT_2005_07_31:23730008","obo:DOID_7518 oboInOwl:hasDbXref NCI:C34958","2eb265b8-7e07-49cf-9b4f-576524a751d5 owl:annotatedSource obo:DOID_2701","de1bd3ef-9841-4fbc-94ba-f843289cf918 rdf:type owl:Axiom","dc5b0ed0-7bc5-4dbc-aeb2-eddf313324a9 owl:annotatedSource obo:DOID_8445","obo:DOID_4052 oboInOwl:hasExactSynonym relapsed Rhabdomyosarcoma","b5c6c68b-f245-492b-a659-989255df5e07 rdf:type owl:Axiom","obo:DOID_1924 rdfs:subClassOf obo:DOID_2277","6501fb5e-90a4-4876-b2d8-3048cd053d69 owl:annotatedSource obo:DOID_7641","obo:DOID_0060158 oboInOwl:creation_date 2011-08-24T02:53:03Z","0b942100-c209-477d-b91f-73b9c8831539 oboInOwl:hasDbXref url:http://ghr.nlm.nih.gov/condition/alternating-hemiplegia-of-childhood","403ae5a6-c03a-414f-a5cb-7fd045e3d977 owl:annotatedTarget Dystrophia myotonica","obo:DOID_8490 oboInOwl:hasAlternativeId DOID:8496","cfa4bd5b-e2f8-4652-a598-9061f929c65a owl:annotatedSource obo:DOID_11168","obo:DOID_14026 oboInOwl:hasExactSynonym Folate-deficiency anemia","obo:DOID_0050379 owl:deprecated true^^http://www.w3.org/2001/XMLSchema#boolean","obo:DOID_7518 oboInOwl:id DOID:7518","obo:DOID_4637 oboInOwl:id DOID:4637","obo:DOID_11049 oboInOwl:id DOID:11049","obo:DOID_1748 oboInOwl:hasRelatedSynonym squamous cell carcinoma of colon","obo:DOID_4850 rdf:type owl:Class","c85d2df5-7cf5-4978-8951-c06b6b95b10f owl:annotatedProperty oboInOwl:hasExactSynonym","obo:DOID_14026 oboInOwl:hasDbXref ICD10CM:D52.9","obo:DOID_0060371 rdfs:subClassOf obo:DOID_14330","000825b1-0631-4537-927f-05c1cf98ee96 owl:annotatedSource obo:DOID_8400","c084de28-de26-4b12-a4cc-98fe39b03b1d owl:annotatedSource obo:DOID_12132","obo:DOID_2595 oboInOwl:hasExactSynonym malignant tumor of glottis disorder","e926afaf-a19b-48e1-8a2b-8cf849c906a9 oboInOwl:hasDbXref SNOMEDCT_2005_07_31:109844006","de1bd3ef-9841-4fbc-94ba-f843289cf918 owl:annotatedTarget A refractory hematologic cancer that is a mature B cell cancer that does not yield readily to treatment.","10317e30-d485-474c-8a6c-b4c4bde45fe7 oboInOwl:hasDbXref SNOMEDCT_2005_07_31:3323003","b5c6c68b-f245-492b-a659-989255df5e07 oboInOwl:hasDbXref MTHICD9_2006:758.31","obo:DOID_8541 oboInOwl:hasDbXref UMLS_CUI:C0036920","obo:DOID_11262 oboInOwl:inSubset doid:zoonotic_infectious_disease","38ed7f51-6cff-4d74-a27c-139b7d9698a6 owl:annotatedTarget disorder of puerperium disorder","bccf483d-b999-4c87-b242-01eaa5ad1d31 oboInOwl:hasDbXref SNOMEDCT_2005_07_31:196732003","obo:DOID_12921 rdf:type owl:Class","obo:DOID_0060195 oboInOwl:hasDbXref OMIM:606640","d88e58c8-7da3-4b97-a10c-aadb90f57c40 oboInOwl:hasDbXref NCI2004_11_17:C38766","obo:DOID_11262 oboInOwl:inSubset doid:gram-negative_bacterial_infectious_disease","obo:DOID_9973 obo:IAO_0000115 A substance-related disorder that involves the continued use of alcohol or other drugs despite problems related to use of the substance.","dc5b0ed0-7bc5-4dbc-aeb2-eddf313324a9 owl:annotatedProperty oboInOwl:hasExactSynonym","937c2c3d-e4fb-48aa-b3ac-22b51cd72f08 owl:annotatedProperty oboInOwl:hasExactSynonym","obo:DOID_8541 oboInOwl:hasDbXref SNOMEDCT_US_2015_03_01:188629004","dcfe821b-5ca1-4dc7-87a7-b2dc73876283 oboInOwl:hasDbXref url:http://en.wikipedia.org/wiki/Rhabdomyosarcoma","915cde19-1e7a-4d54-bc9c-49b400884663 owl:annotatedSource obo:DOID_3407","obo:DOID_7731 oboInOwl:hasDbXref NCI:C8090","f81b464d-dfa5-40db-9fb4-b74fae6666bb rdf:type owl:Axiom","8019f3ce-167b-4c6c-99a7-be0b361c73c5 owl:annotatedProperty oboInOwl:hasExactSynonym","e926afaf-a19b-48e1-8a2b-8cf849c906a9 rdf:type owl:Axiom","c4d2ae8f-2723-4271-afca-a5e52e26faf1 rdf:type owl:Axiom","obo:DOID_0060283 rdfs:subClassOf obo:DOID_37","obo:DOID_3205 rdfs:subClassOf obo:DOID_3192","obo:DOID_9973 oboInOwl:hasDbXref NCI:C35458","obo:DOID_0050592 rdfs:subClassOf obo:DOID_0050737","obo:DOID_0050467 oboInOwl:hasDbXref SNOMEDCT_US_2015_03_01:70041004","obo:DOID_9936 oboInOwl:hasDbXref ICD9CM:375.41","obo:DOID_4725 oboInOwl:hasExactSynonym neck neoplasm","obo:DOID_3205 oboInOwl:hasDbXref SNOMEDCT_US_2015_03_01:985004","obo:DOID_4901 oboInOwl:hasDbXref UMLS_CUI:C1514429","ebd075b3-d34f-4796-83ad-2a52437ad2b5 oboInOwl:hasDbXref MTHICD9_2006:112.0","fa8c5232-02c8-4d6c-a179-857b3b4396c9 owl:annotatedProperty oboInOwl:hasExactSynonym","74038016-628d-496d-83a1-4a007dc4419e owl:annotatedProperty obo:IAO_0000115","14056a11-b785-4481-8250-cab38102623f rdf:type owl:Axiom","obo:DOID_6211 oboInOwl:hasOBONamespace disease_ontology","32d90049-21bb-4351-8ffa-9d75fe28ff44 owl:annotatedSource obo:DOID_182","1f5a559b-f8b1-45c8-8db5-cb19fa5cd53f owl:annotatedTarget disorder of acoustic or eighth nerve","obo:DOID_2595 rdfs:label glottis cancer","obo:DOID_10791 oboInOwl:hasExactSynonym Frontal sinusitis \u0026 chronic","b5c6c68b-f245-492b-a659-989255df5e07 owl:annotatedProperty oboInOwl:hasExactSynonym","9c194d4a-b7fa-42ca-b3f4-65d0c84d1bd1 oboInOwl:hasDbXref SNOMEDCT_2005_07_31:128715000","obo:DOID_8541 oboInOwl:hasExactSynonym Sezary disease","686a1fb5-9692-43c2-8dbe-47521cfe606a owl:annotatedSource obo:DOID_2508","1f5a559b-f8b1-45c8-8db5-cb19fa5cd53f owl:annotatedSource obo:DOID_12657","87e90338-7214-4fbf-8962-61bd38bce38b oboInOwl:hasDbXref SNOMEDCT_2005_07_31:52421005","obo:DOID_5660 oboInOwl:hasExactSynonym Lymphoepithelioma-like carcinoma","obo:DOID_5396 rdfs:label prolactin producing pituitary tumor","b66e9bdd-3e09-44e9-a978-4c553c3981ea owl:annotatedTarget Normal pressure hydrocephalus disorder","obo:DOID_8541 rdf:type owl:Class","de1bd3ef-9841-4fbc-94ba-f843289cf918 oboInOwl:hasDbXref url:http://www.medterms.com/script/main/art.asp?articlekey\u003d5274","obo:DOID_11049 oboInOwl:hasDbXref SNOMEDCT_US_2015_03_01:278927005","686a1fb5-9692-43c2-8dbe-47521cfe606a rdf:type owl:Axiom","obo:DOID_1924 oboInOwl:hasDbXref OMIM:146110","obo:DOID_9848 oboInOwl:hasDbXref MSH:D018159","obo:DOID_5660 rdfs:label lymphoepithelioma-like carcinoma","23b974b9-e779-4391-8d51-da9854ce98dc owl:annotatedTarget Tumour of heart","obo:DOID_1924 rdfs:label hypogonadism","c85d2df5-7cf5-4978-8951-c06b6b95b10f rdf:type owl:Axiom","b5c6c68b-f245-492b-a659-989255df5e07 owl:annotatedSource obo:DOID_12580","915cde19-1e7a-4d54-bc9c-49b400884663 owl:annotatedTarget disorder of carotid artery disorder","c084de28-de26-4b12-a4cc-98fe39b03b1d rdf:type owl:Axiom","de1bd3ef-9841-4fbc-94ba-f843289cf918 oboInOwl:hasDbXref url:http://en.wikipedia.org/wiki/Hairy_cell_leukemia","obo:DOID_7518 oboInOwl:hasDbXref SNOMEDCT_US_2015_03_01:191794003","fa8c5232-02c8-4d6c-a179-857b3b4396c9 oboInOwl:hasDbXref SNOMEDCT_2005_07_31:190394009","7fbd0954-f0e0-41c0-aca9-a7e9cfee6087 owl:annotatedSource obo:DOID_4449","80b46bf3-523b-4f31-add7-d05a4a30834f rdf:type owl:Axiom","b01272dd-f9c7-4f05-83d9-2138628661cb owl:annotatedTarget North American blastomycosis","obo:DOID_4901 rdfs:label peritoneal serous adenocarcinoma","dc5b0ed0-7bc5-4dbc-aeb2-eddf313324a9 oboInOwl:hasDbXref SNOMEDCT_2005_07_31:155774005","c4d2ae8f-2723-4271-afca-a5e52e26faf1 owl:annotatedProperty oboInOwl:hasExactSynonym","16b09ef9-b288-435c-9e0b-b19c4c458f5c oboInOwl:hasDbXref SNOMEDCT_2005_07_31:271949009","937c2c3d-e4fb-48aa-b3ac-22b51cd72f08 owl:annotatedSource obo:DOID_12918","e926afaf-a19b-48e1-8a2b-8cf849c906a9 owl:annotatedProperty oboInOwl:hasExactSynonym","obo:DOID_8453 rdf:type owl:Class","obo:DOID_0060283 oboInOwl:hasDbXref ICD10CM:Q80.8","obo:DOID_3029 rdfs:label colon mucinous adenocarcinoma","8019f3ce-167b-4c6c-99a7-be0b361c73c5 rdf:type owl:Axiom","90ed1904-80f3-40ec-b271-21fb1712bfb0 owl:annotatedSource obo:DOID_4203","4fa374fc-cdf0-4149-8389-93f4a639aeb2 owl:annotatedSource obo:DOID_12697","937c2c3d-e4fb-48aa-b3ac-22b51cd72f08 rdf:type owl:Axiom","obo:DOID_8490 oboInOwl:hasAlternativeId DOID:8497","obo:DOID_11350 rdfs:label grand mal status epilepticus","dc5b0ed0-7bc5-4dbc-aeb2-eddf313324a9 rdf:type owl:Axiom","obo:DOID_8541 rdfs:label Sezarys disease","50b083ff-3c0a-4ce5-8f82-fbe03b1a7b29 owl:annotatedSource obo:DOID_12097","fc1798bc-8588-4d10-a4ac-9812f3deb4a1 owl:annotatedTarget malignant neoplasm of the cervical esophagus","obo:DOID_11262 oboInOwl:hasDbXref ICD9CM:073","fa8c5232-02c8-4d6c-a179-857b3b4396c9 rdf:type owl:Axiom","14056a11-b785-4481-8250-cab38102623f owl:annotatedProperty oboInOwl:hasExactSynonym","obo:DOID_0060195 rdfs:label amyotrophic lateral sclerosis type 3","obo:DOID_11401 rdfs:label xanthogranulomatous pyelonephritis","obo:DOID_9973 rdfs:subClassOf obo:DOID_303","obo:DOID_9848 oboInOwl:hasDbXref SNOMEDCT_US_2015_03_01:27621000119100","obo:DOID_12072 rdfs:label pylorospasm","86df904d-db48-4d0b-99c2-5844c0e6dd02 owl:annotatedSource obo:DOID_3905","7cfcde0a-413c-4dc8-a46e-63d82fd4e09e owl:annotatedTarget Pineal parenchymal tumor of intermediate differentiation morphologic abnormality","obo:DOID_11049 oboInOwl:hasDbXref NCI:C87093","c1078dfe-3b56-43fb-b0c8-56bce898dc7e owl:annotatedProperty obo:IAO_0000115","obo:DOID_8365 rdf:type owl:Class","obo:DOID_6996 oboInOwl:hasDbXref UMLS_CUI:C1334208","e926afaf-a19b-48e1-8a2b-8cf849c906a9 owl:annotatedSource obo:DOID_268","obo:DOID_11049 rdfs:subClassOf obo:DOID_850","obo:DOID_2595 oboInOwl:hasDbXref SNOMEDCT_US_2015_03_01:269557000","ad220a42-7638-4b20-b1c0-9288efa4d429 owl:annotatedSource obo:DOID_9744","937c2c3d-e4fb-48aa-b3ac-22b51cd72f08 owl:annotatedTarget Thromboangiitis obliterans NOS disorder","cfa4bd5b-e2f8-4652-a598-9061f929c65a owl:annotatedProperty oboInOwl:hasExactSynonym","obo:DOID_6959 oboInOwl:id DOID:6959","obo:DOID_0060283 oboInOwl:creation_date 2015-02-04T16:28:52Z","obo:DOID_9087 oboInOwl:hasExactSynonym anal intraepithelial neoplasia grade III","b7157b0b-b605-431c-8734-008e294a2280 owl:annotatedTarget Candidal vulvovaginitis","obo:DOID_9087 oboInOwl:hasDbXref SNOMEDCT_US_2015_03_01:401311008","obo:DOID_5396 oboInOwl:hasDbXref NCI:C7910","72e67d15-1368-4e87-9b21-7a10389e4882 rdf:type owl:Axiom","obo:DOID_0050467 rdfs:label erythrokeratodermia variabilis","obo:DOID_12921 rdfs:label childhood schizophrenia","3cbf9fd6-8b33-4fb9-8e97-2e62dd7ad155 owl:annotatedSource obo:DOID_5744","ab220b05-1856-4404-ab2f-d40f231a37b8 owl:annotatedSource obo:DOID_2615","obo:DOID_2683 rdfs:subClassOf obo:DOID_0060084","obo:DOID_11401 oboInOwl:hasDbXref SNOMEDCT_US_2015_03_01:38898003","obo:DOID_0050467 oboInOwl:hasDbXref SNOMEDCT_US_2015_03_01:254184006","obo:DOID_0060371 oboInOwl:creation_date 2015-09-17T17:07:35Z","cbe04a93-0d7a-4719-b621-1efc917417df owl:annotatedTarget Delayed puberty","obo:DOID_7731 oboInOwl:hasDbXref UMLS_CUI:C0279983","obo:DOID_0060195 oboInOwl:creation_date 2014-09-16T13:18:38Z","deb63009-e891-43ee-906c-cb5ea371fb2a owl:annotatedProperty obo:IAO_0000115","6bd39a9a-5392-4b65-9d0c-1dbe04baadb9 oboInOwl:hasDbXref MTHICD9_2006:464.4","obo:DOID_341 oboInOwl:hasAlternativeId DOID:2868","9c194d4a-b7fa-42ca-b3f4-65d0c84d1bd1 owl:annotatedTarget Thymoma, epithelial","obo:DOID_11401 rdfs:subClassOf obo:DOID_1076","50b083ff-3c0a-4ce5-8f82-fbe03b1a7b29 owl:annotatedTarget Rat-bite fever, unspecified disorder","2eb265b8-7e07-49cf-9b4f-576524a751d5 owl:annotatedProperty oboInOwl:hasExactSynonym","obo:DOID_7731 oboInOwl:hasExactSynonym malignant pediatric hemangiopericytoma","obo:DOID_4813 rdfs:subClassOf obo:DOID_4202","obo:DOID_5396 oboInOwl:hasDbXref NCI:C5962","obo:DOID_4901 oboInOwl:hasExactSynonym primary peritoneal serous adenocarcinoma","obo:DOID_8453 oboInOwl:hasExactSynonym Folic acid deficiency disorder","ab220b05-1856-4404-ab2f-d40f231a37b8 owl:annotatedProperty oboInOwl:hasExactSynonym","obo:DOID_0050379 oboInOwl:hasOBONamespace disease_ontology","990b02d6-2ccc-40e7-b8f6-0203e2bf9d7b oboInOwl:hasDbXref NCI2004_11_17:C4478","7c4a6ea1-7f5c-490b-9158-7cdd430357cd rdf:type owl:Axiom","obo:DOID_341 rdfs:subClassOf obo:DOID_178","obo:DOID_9973 oboInOwl:id DOID:9973","288afb3f-eb0d-4edd-b10f-673c95c3b4b2 rdf:type owl:Axiom","0fc95ff0-88e5-42cc-bf6d-9170fd03eda3 oboInOwl:hasDbXref url:http://en.wikipedia.org/wiki/Alexia_%28disorder%29","403ae5a6-c03a-414f-a5cb-7fd045e3d977 oboInOwl:hasDbXref SNOMEDCT_2005_07_31:267713009","cc6ae474-07c2-4060-bcfd-d3cdf3fd1d5a owl:annotatedSource obo:DOID_9153","obo:DOID_9848 rdfs:label endolymphatic hydrops","obo:DOID_14026 oboInOwl:hasOBONamespace disease_ontology","obo:DOID_0060158 rdf:type owl:Class","cbe04a93-0d7a-4719-b621-1efc917417df owl:annotatedSource obo:DOID_5575","obo:DOID_3205 oboInOwl:hasDbXref SNOMEDCT_US_2015_03_01:253088003","obo:DOID_4725 oboInOwl:hasExactSynonym neoplasm of neck disorder","obo:DOID_0050467 oboInOwl:hasOBONamespace disease_ontology","obo:DOID_6211 rdfs:label mixed epithelial tumor of ovary","obo:DOID_6211 oboInOwl:hasDbXref UMLS_CUI:C0346166","obo:DOID_4637 oboInOwl:hasDbXref NCI:C26937","obo:DOID_0050592 oboInOwl:hasExactSynonym Jeune syndrome","0b942100-c209-477d-b91f-73b9c8831539 owl:annotatedTarget A hemiplegia characterized by recurrent episodes of temporary weakness or complete paralysis on one or both sides of the body.","obo:DOID_10791 oboInOwl:hasDbXref UMLS_CUI:C0016735","b7157b0b-b605-431c-8734-008e294a2280 owl:annotatedSource obo:DOID_2272","937c2c3d-e4fb-48aa-b3ac-22b51cd72f08 oboInOwl:hasDbXref SNOMEDCT_2005_07_31:195300008","40f04eb0-dd50-414c-aff5-58193c42185b rdf:type owl:Axiom","obo:DOID_3117 oboInOwl:hasExactSynonym hepatobiliary tumors","obo:DOID_4052 rdf:type owl:Class","cc6ae474-07c2-4060-bcfd-d3cdf3fd1d5a owl:annotatedTarget Alastrim disorder","9d767d66-b38c-402b-b1f8-c182f28c4396 owl:annotatedProperty oboInOwl:hasExactSynonym","obo:DOID_8541 oboInOwl:id DOID:8541","obo:DOID_5660 oboInOwl:hasDbXref SNOMEDCT_US_2015_03_01:7300000","obo:DOID_9936 rdf:type owl:Class","obo:DOID_2595 rdf:type owl:Class","obo:DOID_14026 oboInOwl:id DOID:14026","obo:DOID_11262 oboInOwl:hasDbXref SNOMEDCT_US_2015_03_01:266200005","ad220a42-7638-4b20-b1c0-9288efa4d429 oboInOwl:hasDbXref url:http://en.wikipedia.org/wiki/Diabetes_mellitus_type_1","obo:DOID_0060283 rdfs:label peeling skin syndrome","obo:DOID_0050592 oboInOwl:hasDbXref OMIM:613819","obo:DOID_12072 oboInOwl:hasExactSynonym Pylorospasm disorder","obo:DOID_2683 rdf:type owl:Class","fc1798bc-8588-4d10-a4ac-9812f3deb4a1 owl:annotatedSource obo:DOID_1111","obo:DOID_5572 oboInOwl:hasDbXref OMIM:130650","obo:DOID_341 oboInOwl:hasExactSynonym Arterial occlusive disease","ebd075b3-d34f-4796-83ad-2a52437ad2b5 rdf:type owl:Axiom","686a1fb5-9692-43c2-8dbe-47521cfe606a oboInOwl:hasDbXref url:http://www.nlm.nih.gov/medlineplus/ency/article/001250.htm","obo:DOID_341 obo:IAO_0000115 A vascular disease that is characterized by obstruction of larger arteries not within the coronary, aortic arch vasculature, or brain.","obo:DOID_14114 oboInOwl:hasExactSynonym Congenital adhesions of tongue disorder","obo:DOID_341 oboInOwl:hasOBONamespace disease_ontology","6dd727f7-4a4a-4e62-b134-3175e61d0944 owl:annotatedProperty oboInOwl:hasExactSynonym","6dd727f7-4a4a-4e62-b134-3175e61d0944 oboInOwl:hasDbXref MTH:649","obo:DOID_4813 rdfs:label adult brain stem glioma","obo:DOID_13680 oboInOwl:hasOBONamespace disease_ontology","obo:DOID_8541 oboInOwl:hasDbXref SNOMEDCT_US_2015_03_01:188638002","obo:DOID_6996 rdf:type owl:Class","obo:DOID_1924 oboInOwl:hasDbXref UMLS_CUI:C0020619","obo:DOID_0060371 rdf:type owl:Class","ffc354a8-27b9-4545-88ca-88426cdf2af1 owl:annotatedProperty obo:IAO_0000115","14056a11-b785-4481-8250-cab38102623f oboInOwl:hasDbXref CSP2005:3100-1695","obo:DOID_5359 rdf:type owl:Class","093d4d59-0ce7-4099-9d0a-53a9aafe9330 rdf:type owl:Axiom","c85d2df5-7cf5-4978-8951-c06b6b95b10f oboInOwl:hasDbXref SNOMEDCT_2005_07_31:191559008","obo:DOID_11401 rdf:type owl:Class","obo:DOID_11049 oboInOwl:hasDbXref MSH:D008471","6dd727f7-4a4a-4e62-b134-3175e61d0944 owl:annotatedSource obo:DOID_8466","obo:DOID_9087 rdfs:subClassOf obo:DOID_8719","14056a11-b785-4481-8250-cab38102623f owl:annotatedTarget Retroviridae disease","6501fb5e-90a4-4876-b2d8-3048cd053d69 owl:annotatedTarget Unresectable Small Intestine carcinoma","obo:DOID_0060371 oboInOwl:hasDbXref OMIM:607060","obo:DOID_0050680 oboInOwl:hasOBONamespace disease_ontology","0fc95ff0-88e5-42cc-bf6d-9170fd03eda3 owl:annotatedProperty obo:IAO_0000115","obo:DOID_5396 oboInOwl:hasExactSynonym malignant prolactin producing neoplasm of pituitary gland","obo:DOID_3330 oboInOwl:hasDbXref UMLS_CUI:C0752322","obo:DOID_11401 oboInOwl:id DOID:11401","3cbf9fd6-8b33-4fb9-8e97-2e62dd7ad155 owl:annotatedProperty oboInOwl:hasExactSynonym","obo:DOID_0060195 rdf:type owl:Class","obo:DOID_7518 rdfs:label inhibited female orgasm","90ed1904-80f3-40ec-b271-21fb1712bfb0 owl:annotatedProperty oboInOwl:hasExactSynonym","obo:DOID_9848 rdf:type owl:Class","obo:DOID_0050592 oboInOwl:hasOBONamespace disease_ontology","obo:DOID_1924 oboInOwl:id DOID:1924","obo:DOID_5660 rdf:type owl:Class","obo:DOID_128 oboInOwl:hasOBONamespace disease_ontology","obo:DOID_9848 oboInOwl:id DOID:9848","50b083ff-3c0a-4ce5-8f82-fbe03b1a7b29 rdf:type owl:Axiom","obo:DOID_0050680 rdfs:subClassOf obo:DOID_2256","obo:DOID_0060283 oboInOwl:id DOID:0060283","obo:DOID_0060283 rdf:type owl:Class","obo:DOID_8541 oboInOwl:hasDbXref ICD9CM:202.2","obo:DOID_0060371 oboInOwl:hasDbXref ORDO:411602","obo:DOID_12921 oboInOwl:hasExactSynonym childhood schizophrenia","obo:DOID_12072 rdf:type owl:Class","obo:DOID_4901 oboInOwl:hasDbXref NCI:C40023","obo:DOID_0050467 oboInOwl:hasDbXref MSH:D056266","e8445f2c-eabb-49f6-8a44-942d4505626f owl:annotatedProperty oboInOwl:hasExactSynonym","obo:DOID_5572 oboInOwl:hasDbXref ORDO:116","obo:DOID_11401 oboInOwl:hasDbXref SNOMEDCT_US_2015_03_01:197777006","obo:DOID_12921 oboInOwl:hasExactSynonym childhood Schizophrenia","obo:DOID_5396 oboInOwl:hasExactSynonym malignant Prolactinoma","obo:DOID_2595 oboInOwl:hasDbXref ICD9CM:161.0","obo:DOID_9087 oboInOwl:hasExactSynonym anal carcinoma stage 0","obo:DOID_10791 oboInOwl:hasDbXref SNOMEDCT_US_2015_03_01:195786002","obo:DOID_3117 rdfs:subClassOf obo:DOID_0050624","obo:DOID_14026 oboInOwl:hasDbXref UMLS_CUI:C0151482","obo:DOID_2595 oboInOwl:hasExactSynonym malignant tumor of the Glottis","obo:DOID_0060195 rdfs:subClassOf obo:DOID_332","obo:DOID_8453 oboInOwl:id DOID:8453","obo:DOID_4850 oboInOwl:id DOID:4850","obo:DOID_5572 rdfs:label Beckwith-Wiedemann syndrome","86df904d-db48-4d0b-99c2-5844c0e6dd02 rdf:type owl:Axiom","obo:DOID_128 rdfs:label vaginal soft tissue tumor","obo:DOID_6211 rdfs:subClassOf obo:DOID_0060112","obo:DOID_1924 obo:IAO_0000115 A gonadal disease that is characterized by diminished functional activity of the gonads.","b7157b0b-b605-431c-8734-008e294a2280 rdf:type owl:Axiom","ba2537d0-a0c0-4eb2-9e95-4fffd7853321 rdf:type owl:Axiom","obo:DOID_12921 oboInOwl:hasExactSynonym childhood schizophrenia NOS disorder","10317e30-d485-474c-8a6c-b4c4bde45fe7 owl:annotatedSource obo:DOID_8738","obo:DOID_11401 oboInOwl:hasExactSynonym Xanthogranulomatous pyelonephritis disorder","obo:DOID_0060371 obo:IAO_0000115 A Parkinsons disease caused by heterozygous mutation in the gene encoding dardarin , LRRK2, located on chromosome 12q12.","000825b1-0631-4537-927f-05c1cf98ee96 oboInOwl:hasDbXref SNOMEDCT_2005_07_31:255009006","obo:DOID_7518 oboInOwl:hasDbXref ICD10CM:F52.31","4c0036c0-ed18-4b94-907c-da4007aafcbe owl:annotatedProperty oboInOwl:hasExactSynonym","db707b3e-28c2-4bc0-b1a2-340e7af072ad owl:annotatedProperty oboInOwl:hasExactSynonym","obo:DOID_13555 oboInOwl:hasOBONamespace disease_ontology","obo:DOID_128 oboInOwl:id DOID:128","obo:DOID_4850 rdfs:label glioma of visual pathway","8019f3ce-167b-4c6c-99a7-be0b361c73c5 owl:annotatedTarget secondary malignant neoplasm of kidney disorder","obo:DOID_2683 oboInOwl:hasDbXref UMLS_CUI:C0001422","4fa374fc-cdf0-4149-8389-93f4a639aeb2 oboInOwl:hasDbXref ICD9CM_2006:344.81","2df22198-419d-4914-9a41-a0f29649921d owl:annotatedTarget Iodine-deficiency-related endemic goitre, unspecified","obo:DOID_8365 rdfs:label inferior vena cava malignant neoplasm","000825b1-0631-4537-927f-05c1cf98ee96 owl:annotatedTarget malignant melanoma of cornea disorder","38ed7f51-6cff-4d74-a27c-139b7d9698a6 oboInOwl:hasDbXref SNOMEDCT_2005_07_31:362973001","obo:DOID_1924 rdf:type owl:Class","obo:DOID_5484 rdfs:label fibrous synovial sarcoma","obo:DOID_9087 oboInOwl:hasDbXref UMLS_CUI:C0154064","6501fb5e-90a4-4876-b2d8-3048cd053d69 oboInOwl:hasDbXref NCI2004_11_17:C8638","b66e9bdd-3e09-44e9-a978-4c553c3981ea rdf:type owl:Axiom","obo:DOID_8541 oboInOwl:hasExactSynonym Sezary syndrome","obo:DOID_8490 oboInOwl:hasExactSynonym antepartum primary uterine inertia","obo:DOID_5535 rdf:type owl:Class","obo:DOID_8490 owl:deprecated true^^http://www.w3.org/2001/XMLSchema#boolean","obo:DOID_13680 oboInOwl:id DOID:13680","7fbd0954-f0e0-41c0-aca9-a7e9cfee6087 owl:annotatedProperty oboInOwl:hasExactSynonym","4f9d73b6-cd71-47b6-8d0a-a2169a9c1ea5 owl:annotatedProperty oboInOwl:hasExactSynonym","obo:DOID_10791 oboInOwl:hasOBONamespace disease_ontology","obo:DOID_8541 rdfs:subClassOf obo:DOID_0060061","obo:DOID_9087 oboInOwl:hasDbXref SNOMEDCT_US_2015_03_01:20365006","e3ad56ad-cb39-4edc-9a1d-d9cf915bd488 owl:annotatedSource obo:DOID_12722","9d767d66-b38c-402b-b1f8-c182f28c4396 owl:annotatedTarget nerve root disorder, NOS","0fc95ff0-88e5-42cc-bf6d-9170fd03eda3 oboInOwl:hasDbXref url:http://en.wikipedia.org/wiki/Agnosia","3781fc94-e605-4b8b-95c7-a395aaa3a0ea rdf:type owl:Axiom","c1078dfe-3b56-43fb-b0c8-56bce898dc7e owl:annotatedTarget A tooth disease characterized by failure to develop on or more missing teeth.","obo:DOID_4725 rdfs:label neck neoplasm","6dd727f7-4a4a-4e62-b134-3175e61d0944 owl:annotatedTarget RETINA degeneration","obo:DOID_6211 oboInOwl:hasExactSynonym mixed epithelial tumor of ovary disorder","80b46bf3-523b-4f31-add7-d05a4a30834f oboInOwl:hasDbXref url:http://www.merck.com/mmhe/sec17/ch197/ch197e.html","obo:DOID_6959 oboInOwl:hasDbXref UMLS_CUI:C1333074","288afb3f-eb0d-4edd-b10f-673c95c3b4b2 owl:annotatedSource obo:DOID_14039","obo:DOID_11262 oboInOwl:hasDbXref ICD10CM:A70","obo:DOID_4813 rdf:type owl:Class","obo:DOID_5396 rdf:type owl:Class","obo:DOID_14114 rdf:type owl:Class","obo:DOID_3117 oboInOwl:hasOBONamespace disease_ontology","obo:DOID_9848 oboInOwl:hasDbXref SNOMEDCT_US_2015_03_01:194346003","obo:DOID_5396 rdfs:subClassOf obo:DOID_5716","obo:DOID_5660 oboInOwl:hasExactSynonym Nasopharyngeal type Undifferentiated carcinoma","obo:DOID_13680 owl:deprecated true^^http://www.w3.org/2001/XMLSchema#boolean","obo:DOID_0060195 oboInOwl:id DOID:0060195","e8445f2c-eabb-49f6-8a44-942d4505626f oboInOwl:hasDbXref SNOMEDCT_2005_07_31:237495005","obo:DOID_341 oboInOwl:hasDbXref SNOMEDCT_US_2015_03_01:2929001","288afb3f-eb0d-4edd-b10f-673c95c3b4b2 oboInOwl:hasDbXref SNOMEDCT_2005_07_31:79268002","c388be46-c2de-44e0-8741-3f04c3719e3a owl:annotatedTarget A hypersensitivity reaction type II disease that is the abnormal functioning of the immune system that causes your immune system to produce antibodies or T cells against cells and/or tissues in the skin and connective tissue.","obo:DOID_7518 oboInOwl:hasOBONamespace disease_ontology","obo:DOID_11262 oboInOwl:hasDbXref SNOMEDCT_US_2015_03_01:186657002","obo:DOID_4637 rdfs:label cervical adenitis","db707b3e-28c2-4bc0-b1a2-340e7af072ad rdf:type owl:Axiom","obo:DOID_14202 rdf:type owl:Class","obo:DOID_4725 rdf:type owl:Class","obo:DOID_5396 oboInOwl:hasDbXref UMLS_CUI:C1334614","4c0036c0-ed18-4b94-907c-da4007aafcbe rdf:type owl:Axiom","obo:DOID_9973 oboInOwl:hasDbXref SNOMEDCT_US_2015_03_01:103326000","74038016-628d-496d-83a1-4a007dc4419e owl:annotatedTarget An subcutaneous mycosis that is a chronic inflammatory or granulomatous fungal infection caused by Conidiobolus species, which is restricted to the nasal submucosa and characterized by polyps or palpable restricted subcutaneous masses. Symptoms include nasal obstruction, drainage and sinus pain. Subcutaneous nodules develop in the nasal and perinasal regions.","obo:DOID_11262 obo:IAO_0000115 A primary bacterial infectious disease that results_in systemic infection, has_material_basis_in Chlamydia psittaci, which is transmitted_by inhaling aerosolized dried droppings or transmitted_by contact with infected birds. The infection has_symptom fever, has_symptom headache, has_symptom rash, has_symptom chills, and has_symptom pneumonia.","obo:DOID_11262 rdf:type owl:Class","obo:DOID_0060371 rdfs:label autosomal dominant Parkinson disease 8","ba2537d0-a0c0-4eb2-9e95-4fffd7853321 owl:annotatedProperty oboInOwl:hasExactSynonym","32d90049-21bb-4351-8ffa-9d75fe28ff44 oboInOwl:hasDbXref CSP2005:0531-6510","b7157b0b-b605-431c-8734-008e294a2280 owl:annotatedProperty oboInOwl:hasExactSynonym","7e55e904-aef7-4c48-98b6-96ff03699e1c oboInOwl:hasDbXref SNOMEDCT_2005_07_31:54225002","db707b3e-28c2-4bc0-b1a2-340e7af072ad oboInOwl:hasDbXref SNOMEDCT_2005_07_31:269573006","86df904d-db48-4d0b-99c2-5844c0e6dd02 owl:annotatedProperty oboInOwl:hasExactSynonym","obo:DOID_128 owl:deprecated true^^http://www.w3.org/2001/XMLSchema#boolean","obo:DOID_8365 oboInOwl:hasExactSynonym malignant tumor of Inferior Vena Cava","obo:DOID_14026 oboInOwl:hasExactSynonym Folate or folic acid deficiency anemia NOS","d88e58c8-7da3-4b97-a10c-aadb90f57c40 owl:annotatedTarget Lymphocytic Thyroiditis","b66e9bdd-3e09-44e9-a978-4c553c3981ea owl:annotatedProperty oboInOwl:hasExactSynonym","50b083ff-3c0a-4ce5-8f82-fbe03b1a7b29 oboInOwl:hasDbXref SNOMEDCT_2005_07_31:187307007","obo:DOID_3205 rdfs:label melanotic neurilemmoma","ee33b406-aef1-4887-83f9-dc0707f382ea oboInOwl:hasDbXref NCI2004_11_17:C27413","obo:DOID_9087 oboInOwl:hasExactSynonym carcinoma in situ of anal canal disorder","obo:DOID_3330 rdfs:subClassOf obo:DOID_2234","7fbd0954-f0e0-41c0-aca9-a7e9cfee6087 oboInOwl:hasDbXref CSP2005:1114-9311","obo:DOID_8490 oboInOwl:hasExactSynonym primary uterine inertia, with delivery","obo:DOID_2595 oboInOwl:id DOID:2595","093d4d59-0ce7-4099-9d0a-53a9aafe9330 oboInOwl:hasDbXref MTHICD9_2006:287.9","2eb265b8-7e07-49cf-9b4f-576524a751d5 owl:annotatedTarget localized Giant cell tumor of Tenosynovium","obo:DOID_7731 rdfs:label childhood malignant hemangiopericytoma","obo:DOID_11350 rdf:type owl:Class","3781fc94-e605-4b8b-95c7-a395aaa3a0ea owl:annotatedProperty oboInOwl:hasExactSynonym","obo:DOID_5660 oboInOwl:hasDbXref UMLS_CUI:C0334254","obo:DOID_0050592 oboInOwl:hasDbXref OMIM:614376","obo:DOID_3205 oboInOwl:hasOBONamespace disease_ontology","obo:DOID_0060283 oboInOwl:hasDbXref ORDO:263543","86df904d-db48-4d0b-99c2-5844c0e6dd02 oboInOwl:hasDbXref NCI2004_11_17:C4878","686a1fb5-9692-43c2-8dbe-47521cfe606a owl:annotatedTarget A syndrome that involves inflammation of the aorta that carries blood from the heart to the rest of the body.","obo:DOID_4637 oboInOwl:hasDbXref SNOMEDCT_US_2015_03_01:3502005","obo:DOID_7518 oboInOwl:hasDbXref UMLS_CUI:C0033948","obo:DOID_3029 oboInOwl:hasDbXref UMLS_CUI:C0279639","obo:DOID_11049 oboInOwl:hasDbXref SNOMEDCT_US_2015_03_01:14608006","obo:DOID_7731 oboInOwl:hasOBONamespace disease_ontology","obo:DOID_1748 rdf:type owl:Class","4f9d73b6-cd71-47b6-8d0a-a2169a9c1ea5 rdf:type owl:Axiom","4f9d73b6-cd71-47b6-8d0a-a2169a9c1ea5 owl:annotatedSource obo:DOID_4844","obo:DOID_3330 oboInOwl:hasDbXref MSH:D020937","obo:DOID_4637 rdf:type owl:Class","7fbd0954-f0e0-41c0-aca9-a7e9cfee6087 rdf:type owl:Axiom","obo:DOID_10791 oboInOwl:hasDbXref NCI:C34626","obo:DOID_10791 oboInOwl:hasDbXref MSH:D015522","obo:DOID_7518 oboInOwl:hasExactSynonym female Orgasmic disorder","obo:DOID_11049 rdf:type owl:Class","obo:DOID_4637 rdfs:subClassOf obo:DOID_1602","72e67d15-1368-4e87-9b21-7a10389e4882 owl:annotatedTarget Pericholangitis disorder","7c4a6ea1-7f5c-490b-9158-7cdd430357cd owl:annotatedTarget malignant neoplasm of ethmoidal sinus","dcfe821b-5ca1-4dc7-87a7-b2dc73876283 rdf:type owl:Axiom","9d767d66-b38c-402b-b1f8-c182f28c4396 rdf:type owl:Axiom","obo:DOID_13555 owl:deprecated true^^http://www.w3.org/2001/XMLSchema#boolean","obo:DOID_2683 oboInOwl:hasDbXref MSH:D000232","obo:DOID_14026 rdfs:subClassOf obo:DOID_5113","fa8c5232-02c8-4d6c-a179-857b3b4396c9 owl:annotatedSource obo:DOID_14221","6bd39a9a-5392-4b65-9d0c-1dbe04baadb9 owl:annotatedSource obo:DOID_9395","obo:DOID_341 oboInOwl:id DOID:341","7c4a6ea1-7f5c-490b-9158-7cdd430357cd oboInOwl:hasDbXref SNOMEDCT_2005_07_31:93787005","obo:DOID_0050467 oboInOwl:hasDbXref UMLS_CUI:C0265961","6dd727f7-4a4a-4e62-b134-3175e61d0944 rdf:type owl:Axiom","obo:DOID_5484 oboInOwl:hasDbXref NCI:C6533","obo:DOID_11049 oboInOwl:hasDbXref ICD10CM:P24.00","ebd075b3-d34f-4796-83ad-2a52437ad2b5 owl:annotatedProperty oboInOwl:hasExactSynonym","obo:DOID_5572 rdf:type owl:Class","obo:DOID_8541 oboInOwl:hasDbXref MSH:D012751","49597ec2-436f-42e5-8b2e-641035b14a40 oboInOwl:hasDbXref ICD9CM_2006:726.73","obo:DOID_13680 rdfs:label simple type schizophrenia subchronic state with acute exacerbation","obo:DOID_9848 oboInOwl:hasDbXref SNOMEDCT_US_2015_03_01:9794007","obo:DOID_1748 oboInOwl:hasExactSynonym Conjunctival Epidermoid carcinoma","3cbf9fd6-8b33-4fb9-8e97-2e62dd7ad155 rdf:type owl:Axiom","obo:DOID_4901 rdf:type owl:Class","obo:DOID_5484 rdf:type owl:Class","obo:DOID_8490 oboInOwl:hasOBONamespace disease_ontology","obo:DOID_9087 oboInOwl:hasExactSynonym anal intraepithelial neoplasia, grade III","obo:DOID_3029 oboInOwl:hasOBONamespace disease_ontology","obo:DOID_9936 oboInOwl:hasDbXref UMLS_CUI:C0155240","b5c6c68b-f245-492b-a659-989255df5e07 owl:annotatedTarget chromosome 5p deletion syndrome","obo:DOID_8541 oboInOwl:hasDbXref ICD10CM:C84.1","fa8c5232-02c8-4d6c-a179-857b3b4396c9 owl:annotatedTarget Metabolic syndrome X","obo:DOID_0060158 rdfs:label acquired metabolic disease","093d4d59-0ce7-4099-9d0a-53a9aafe9330 owl:annotatedProperty oboInOwl:hasExactSynonym","obo:DOID_14202 oboInOwl:hasExactSynonym adult onset dermatomyositis disorder","obo:DOID_9087 oboInOwl:hasExactSynonym carcinoma in situ of anal canal","b7157b0b-b605-431c-8734-008e294a2280 oboInOwl:hasDbXref SNOMEDCT_2005_07_31:154404004","e8445f2c-eabb-49f6-8a44-942d4505626f rdf:type owl:Axiom","obo:DOID_9973 rdf:type owl:Class","obo:DOID_0060371 oboInOwl:created_by elvira","obo:DOID_9936 rdfs:label chronic canaliculitis","obo:DOID_11049 oboInOwl:hasDbXref SNOMEDCT_US_2015_03_01:206292002","obo:DOID_3330 oboInOwl:hasOBONamespace disease_ontology","obo:DOID_0050592 oboInOwl:id DOID:0050592","obo:DOID_8541 oboInOwl:hasDbXref ICD10CM:C84.10","obo:DOID_11049 oboInOwl:hasDbXref ICD10CM:P24.01","obo:DOID_5572 rdfs:subClassOf obo:DOID_225","0b942100-c209-477d-b91f-73b9c8831539 owl:annotatedProperty obo:IAO_0000115","50b083ff-3c0a-4ce5-8f82-fbe03b1a7b29 owl:annotatedProperty oboInOwl:hasExactSynonym","e8445f2c-eabb-49f6-8a44-942d4505626f owl:annotatedSource obo:DOID_14313","obo:DOID_1873 rdf:type owl:Class","5ab9c689-ad5d-407c-8304-ab3df5de009a owl:annotatedSource obo:DOID_7081","90ed1904-80f3-40ec-b271-21fb1712bfb0 rdf:type owl:Axiom","obo:DOID_5535 oboInOwl:id DOID:5535","66ec47b0-80b1-4008-a4d5-26b656e1dc5e rdf:type owl:Axiom","4f9d73b6-cd71-47b6-8d0a-a2169a9c1ea5 oboInOwl:hasDbXref NCI2004_11_17:C3017","obo:DOID_3330 rdfs:label partial sensory epilepsy","e8445f2c-eabb-49f6-8a44-942d4505626f owl:annotatedTarget Thyroid nodule disorder","d88e58c8-7da3-4b97-a10c-aadb90f57c40 owl:annotatedSource obo:DOID_7188","obo:DOID_6996 oboInOwl:hasDbXref NCI:C6100","32d90049-21bb-4351-8ffa-9d75fe28ff44 owl:annotatedProperty oboInOwl:hasExactSynonym","c388be46-c2de-44e0-8741-3f04c3719e3a oboInOwl:hasDbXref ls:IEDB","403ae5a6-c03a-414f-a5cb-7fd045e3d977 rdf:type owl:Axiom","cfa4bd5b-e2f8-4652-a598-9061f929c65a oboInOwl:hasDbXref SNOMEDCT_2005_07_31:154365004","obo:DOID_5660 oboInOwl:hasDbXref NCI:C4107","obo:DOID_14114 oboInOwl:hasExactSynonym adhesions,tongue-congenital","obo:DOID_11262 oboInOwl:hasExactSynonym psittacosis","e939fc35-ad31-46f8-b4dd-ddb640a9be42 owl:annotatedProperty oboInOwl:hasExactSynonym","obo:DOID_10791 rdfs:label frontal sinusitis","5ab9c689-ad5d-407c-8304-ab3df5de009a owl:annotatedTarget small cell and squamous cell carcinoma of the lung","obo:DOID_9087 oboInOwl:hasDbXref SNOMEDCT_US_2015_03_01:189233005","obo:DOID_2595 oboInOwl:hasExactSynonym Ca larynx - glottis","cc6ae474-07c2-4060-bcfd-d3cdf3fd1d5a rdf:type owl:Axiom","obo:DOID_0060158 oboInOwl:created_by lschriml","obo:DOID_8541 oboInOwl:hasOBONamespace disease_ontology","obo:DOID_0050592 rdfs:label asphyxiating thoracic dystrophy","obo:DOID_0050467 oboInOwl:hasDbXref UMLS_CUI:C1851480","obo:DOID_9973 oboInOwl:hasDbXref UMLS_CUI:C0439857","obo:DOID_341 oboInOwl:hasDbXref MSH:D001157","obo:DOID_5535 rdfs:subClassOf obo:DOID_4948","obo:DOID_2683 obo:IAO_0000115 A cell type benign neoplasm that is composed_of glandular and fibrous tissues, with a relatively large proportion of glands.","obo:DOID_1748 oboInOwl:id DOID:1748","901cd4f7-6a67-4b06-93c8-71f9674c7956 owl:annotatedSource obo:DOID_456","obo:DOID_6211 oboInOwl:id DOID:6211","obo:DOID_5396 oboInOwl:hasExactSynonym Prolactin Secreting tumor of Pituitary","7e55e904-aef7-4c48-98b6-96ff03699e1c owl:annotatedTarget malignant hypertensive heart disease disorder","obo:DOID_3205 oboInOwl:hasDbXref SNOMEDCT_US_2015_03_01:404024000","e3ad56ad-cb39-4edc-9a1d-d9cf915bd488 oboInOwl:hasDbXref NCI2004_11_17:C4758","901cd4f7-6a67-4b06-93c8-71f9674c7956 owl:annotatedTarget Ascariasis - roundworm","obo:DOID_8365 oboInOwl:hasOBONamespace disease_ontology","obo:DOID_9848 oboInOwl:hasDbXref UMLS_CUI:C0206586","obo:DOID_3205 oboInOwl:hasExactSynonym Melanotic Schwannoma morphologic abnormality","obo:DOID_12921 oboInOwl:hasExactSynonym Schizophrenic syndrome of childhood NOS","obo:DOID_10791 rdfs:subClassOf obo:DOID_0050127","7e55e904-aef7-4c48-98b6-96ff03699e1c owl:annotatedSource obo:DOID_548","obo:DOID_13555 oboInOwl:inSubset doid:gram-negative_bacterial_infectious_disease","7d6d5d74-62fd-4af8-8304-f6f5abe258fc oboInOwl:hasDbXref SNOMEDCT_2005_07_31:190562003","obo:DOID_11350 oboInOwl:hasExactSynonym Grand mal status","obo:DOID_8453 oboInOwl:hasOBONamespace disease_ontology","ad220a42-7638-4b20-b1c0-9288efa4d429 owl:annotatedTarget A diabetes mellitus that results from the bodys failure to produce insulin and has_material_basis_in autoimmune destruction of insulin-producing beta cells of the pancreas.","obo:DOID_13555 oboInOwl:id DOID:13555","obo:DOID_10791 oboInOwl:hasExactSynonym Frontal sinusitis","7c4a6ea1-7f5c-490b-9158-7cdd430357cd owl:annotatedSource obo:DOID_1363","38ed7f51-6cff-4d74-a27c-139b7d9698a6 owl:annotatedSource obo:DOID_3726","obo:DOID_8541 oboInOwl:hasDbXref SNOMEDCT_US_2015_03_01:118611004","obo:DOID_5572 oboInOwl:hasDbXref ICD10CM:Q87.3","8019f3ce-167b-4c6c-99a7-be0b361c73c5 oboInOwl:hasDbXref SNOMEDCT_2005_07_31:94360002","990b02d6-2ccc-40e7-b8f6-0203e2bf9d7b owl:annotatedSource obo:DOID_5769","990b02d6-2ccc-40e7-b8f6-0203e2bf9d7b owl:annotatedTarget Cutaneous Verruciform Xanthoma","obo:DOID_11049 oboInOwl:hasExactSynonym Neonatal aspiration of meconium disorder","7cfcde0a-413c-4dc8-a46e-63d82fd4e09e owl:annotatedProperty oboInOwl:hasExactSynonym","7cfcde0a-413c-4dc8-a46e-63d82fd4e09e owl:annotatedSource obo:DOID_5030","obo:DOID_9087 oboInOwl:hasExactSynonym carcinoma in situ of anus disorder","obo:DOID_0050680 oboInOwl:id DOID:0050680","87e90338-7214-4fbf-8962-61bd38bce38b owl:annotatedSource obo:DOID_10997","obo:DOID_9087 rdfs:label anal carcinoma in situ","obo:DOID_0050379 rdf:type owl:Class","obo:DOID_4850 owl:deprecated true^^http://www.w3.org/2001/XMLSchema#boolean","obo:DOID_14026 oboInOwl:hasDbXref SNOMEDCT_US_2015_03_01:85649008","obo:DOID_1924 oboInOwl:hasDbXref MSH:D007006","obo:DOID_5396 oboInOwl:hasAlternativeId DOID:6272","7d6d5d74-62fd-4af8-8304-f6f5abe258fc owl:annotatedProperty oboInOwl:hasExactSynonym","obo:DOID_5535 oboInOwl:hasDbXref UMLS_CUI:C0279658","de1bd3ef-9841-4fbc-94ba-f843289cf918 owl:annotatedSource obo:DOID_711","obo:DOID_8453 oboInOwl:hasExactSynonym deficiency of folic acid disorder","obo:DOID_5572 oboInOwl:hasDbXref UMLS_CUI:C0004903","obo:DOID_11049 oboInOwl:hasExactSynonym meconium aspiration","80b46bf3-523b-4f31-add7-d05a4a30834f owl:annotatedTarget A primary systemic mycosis that results_in systemic fungal infection, has_material_basis_in Coccidioides immitis, transmitted_by airborne spores and has_symptom conjunctivitis, has_symptom arthritis, has_symptom chest pain and results_in_formation_of skin nodules.","0b942100-c209-477d-b91f-73b9c8831539 rdf:type owl:Axiom","obo:DOID_7518 oboInOwl:hasDbXref SNOMEDCT_US_2015_03_01:60103007","7fbd0954-f0e0-41c0-aca9-a7e9cfee6087 owl:annotatedTarget macular edema","1f5a559b-f8b1-45c8-8db5-cb19fa5cd53f rdf:type owl:Axiom","obo:DOID_12921 owl:deprecated true^^http://www.w3.org/2001/XMLSchema#boolean","ee33b406-aef1-4887-83f9-dc0707f382ea owl:annotatedSource obo:DOID_3028","0b942100-c209-477d-b91f-73b9c8831539 oboInOwl:hasDbXref url:http://en.wikipedia.org/wiki/Alternating_hemiplegia_of_childhood","3b26ebe5-9519-4466-b8d8-24d7dd669387 oboInOwl:hasDbXref NCI2004_11_17:C27940","obo:DOID_0060158 oboInOwl:hasOBONamespace disease_ontology","ffc354a8-27b9-4545-88ca-88426cdf2af1 oboInOwl:hasDbXref url:http://en.wikipedia.org/wiki/Bone_disease","obo:DOID_14026 rdf:type owl:Class","obo:DOID_2595 oboInOwl:hasDbXref SNOMEDCT_US_2015_03_01:154481005","23b974b9-e779-4391-8d51-da9854ce98dc owl:annotatedSource obo:DOID_117","obo:DOID_0050467 rdf:type owl:Class","obo:DOID_3029 oboInOwl:hasExactSynonym Colonic mucinous adenocarcinoma","9d767d66-b38c-402b-b1f8-c182f28c4396 oboInOwl:hasDbXref SNOMEDCT_2005_07_31:72274001","dcfe821b-5ca1-4dc7-87a7-b2dc73876283 owl:annotatedProperty obo:IAO_0000115","obo:DOID_13555 oboInOwl:inSubset doid:sexually_transmitted_infectious_disease","obo:DOID_3205 oboInOwl:id DOID:3205","obo:DOID_4052 oboInOwl:hasOBONamespace disease_ontology","14056a11-b785-4481-8250-cab38102623f owl:annotatedSource obo:DOID_617","8019f3ce-167b-4c6c-99a7-be0b361c73c5 owl:annotatedSource obo:DOID_6995","obo:DOID_5535 rdfs:label gallbladder squamous cell carcinoma","obo:DOID_3117 rdfs:label hepatobiliary benign neoplasm","cbe04a93-0d7a-4719-b621-1efc917417df owl:annotatedProperty oboInOwl:hasExactSynonym","7304934a-8233-40fe-ac9a-3ca261393bf9 rdf:type owl:Axiom","e926afaf-a19b-48e1-8a2b-8cf849c906a9 owl:annotatedTarget angiosarcoma of liver disorder","bccf483d-b999-4c87-b242-01eaa5ad1d31 owl:annotatedProperty oboInOwl:hasExactSynonym","obo:DOID_8490 oboInOwl:hasExactSynonym primary uterine inertia - delivered","38ed7f51-6cff-4d74-a27c-139b7d9698a6 owl:annotatedProperty oboInOwl:hasExactSynonym","obo:DOID_2683 oboInOwl:hasDbXref SNOMEDCT_US_2015_03_01:2962009","ffc354a8-27b9-4545-88ca-88426cdf2af1 rdf:type owl:Axiom","obo:DOID_5535 oboInOwl:hasDbXref NCI:C9170","obo:DOID_6996 oboInOwl:id DOID:6996","obo:DOID_4850 oboInOwl:hasExactSynonym glioma of the optic tract","0fc95ff0-88e5-42cc-bf6d-9170fd03eda3 rdf:type owl:Axiom","7cfcde0a-413c-4dc8-a46e-63d82fd4e09e rdf:type owl:Axiom","0fc95ff0-88e5-42cc-bf6d-9170fd03eda3 owl:annotatedTarget An agnosia that is a loss of the ability to recognize text.","obo:DOID_341 oboInOwl:hasExactSynonym arterial occlusive disease","1f5a559b-f8b1-45c8-8db5-cb19fa5cd53f owl:annotatedProperty oboInOwl:hasExactSynonym","obo:DOID_5660 oboInOwl:hasExactSynonym lymphoepithelial carcinoma","90ed1904-80f3-40ec-b271-21fb1712bfb0 owl:annotatedTarget neoplasm of brain stem disorder","obo:DOID_341 rdfs:label peripheral vascular disease","obo:DOID_10791 oboInOwl:hasDbXref SNOMEDCT_US_2015_03_01:275485006","dcfe821b-5ca1-4dc7-87a7-b2dc73876283 owl:annotatedSource obo:DOID_4053","7d6d5d74-62fd-4af8-8304-f6f5abe258fc rdf:type owl:Axiom","ba2537d0-a0c0-4eb2-9e95-4fffd7853321 owl:annotatedSource obo:DOID_14755","obo:DOID_8453 oboInOwl:hasExactSynonym folate deficiency","72e67d15-1368-4e87-9b21-7a10389e4882 oboInOwl:hasDbXref SNOMEDCT_2005_07_31:111373008","obo:DOID_7518 rdfs:subClassOf obo:DOID_229","obo:DOID_11262 oboInOwl:hasDbXref SNOMEDCT_US_2015_03_01:154369005","obo:DOID_9087 oboInOwl:hasOBONamespace disease_ontology","obo:DOID_5660 obo:IAO_0000115 A carcinoma that is a malignant epithelial neoplasm densely infiltrated by lymphoid cells.","obo:DOID_5660 oboInOwl:id DOID:5660","obo:DOID_8453 owl:deprecated true^^http://www.w3.org/2001/XMLSchema#boolean","9c194d4a-b7fa-42ca-b3f4-65d0c84d1bd1 owl:annotatedSource obo:DOID_7926","obo:DOID_2595 oboInOwl:hasExactSynonym Ca larynx - glottis disorder","obo:DOID_2683 oboInOwl:hasDbXref NCI:C8984","obo:DOID_9936 oboInOwl:id DOID:9936","c1078dfe-3b56-43fb-b0c8-56bce898dc7e oboInOwl:hasDbXref url:http://en.wikipedia.org/wiki/Hypodontia","obo:DOID_0060283 oboInOwl:hasDbXref OMIM:613088","obo:DOID_5572 oboInOwl:id DOID:5572","obo:DOID_3205 oboInOwl:hasExactSynonym Pigmented Neurilemmoma","cfa4bd5b-e2f8-4652-a598-9061f929c65a owl:annotatedTarget Genital warts","38ed7f51-6cff-4d74-a27c-139b7d9698a6 rdf:type owl:Axiom","obo:DOID_6959 rdf:type owl:Class","bccf483d-b999-4c87-b242-01eaa5ad1d31 rdf:type owl:Axiom","7304934a-8233-40fe-ac9a-3ca261393bf9 owl:annotatedProperty oboInOwl:hasExactSynonym","obo:DOID_12072 oboInOwl:id DOID:12072","cbe04a93-0d7a-4719-b621-1efc917417df rdf:type owl:Axiom","obo:DOID_2683 rdfs:label adenofibroma","db707b3e-28c2-4bc0-b1a2-340e7af072ad owl:annotatedTarget Ca pelvic bones/sacrum/coccyx disorder","obo:DOID_4813 oboInOwl:hasDbXref NCI:C9091","obo:DOID_11401 oboInOwl:hasDbXref MSH:D011705","obo:DOID_4052 oboInOwl:id DOID:4052","obo:DOID_9936 oboInOwl:hasDbXref SNOMEDCT_US_2015_03_01:26479009","23b974b9-e779-4391-8d51-da9854ce98dc oboInOwl:hasDbXref SNOMEDCT_2005_07_31:126730001","4c0036c0-ed18-4b94-907c-da4007aafcbe owl:annotatedSource obo:DOID_288","2df22198-419d-4914-9a41-a0f29649921d owl:annotatedSource obo:DOID_13198","obo:DOID_8365 owl:deprecated true^^http://www.w3.org/2001/XMLSchema#boolean","7304934a-8233-40fe-ac9a-3ca261393bf9 oboInOwl:hasDbXref MTH:U001010","72e67d15-1368-4e87-9b21-7a10389e4882 owl:annotatedSource obo:DOID_14272","obo:DOID_4850 oboInOwl:hasOBONamespace disease_ontology","16b09ef9-b288-435c-9e0b-b19c4c458f5c owl:annotatedSource obo:DOID_13198","dc5b0ed0-7bc5-4dbc-aeb2-eddf313324a9 owl:annotatedTarget Volvulus","obo:DOID_5484 oboInOwl:hasDbXref UMLS_CUI:C1333616","403ae5a6-c03a-414f-a5cb-7fd045e3d977 owl:annotatedProperty oboInOwl:hasExactSynonym","32d90049-21bb-4351-8ffa-9d75fe28ff44 rdf:type owl:Axiom","obo:DOID_0060195 obo:IAO_0000115 A type of ALS with loci associated with the disease located_in chromosome 18.","obo:DOID_6959 oboInOwl:hasDbXref NCI:C5555","obo:DOID_12921 oboInOwl:hasOBONamespace disease_ontology","obo:DOID_0060371 oboInOwl:hasExactSynonym PARK8","66ec47b0-80b1-4008-a4d5-26b656e1dc5e owl:annotatedProperty oboInOwl:hasExactSynonym","cc6ae474-07c2-4060-bcfd-d3cdf3fd1d5a owl:annotatedProperty oboInOwl:hasExactSynonym","obo:DOID_8453 rdfs:label folic acid deficiency","obo:DOID_2595 oboInOwl:hasDbXref ICD10CM:C32.0","obo:DOID_4052 rdfs:label rhabdomyosarcoma recurrent","40f04eb0-dd50-414c-aff5-58193c42185b owl:annotatedTarget squamous cell carcinoma of esophagus disorder","e939fc35-ad31-46f8-b4dd-ddb640a9be42 rdf:type owl:Axiom","obo:DOID_11049 oboInOwl:hasDbXref SNOMEDCT_US_2015_03_01:85779008","obo:DOID_6211 oboInOwl:hasDbXref SNOMEDCT_US_2015_03_01:254855000","obo:DOID_4813 oboInOwl:hasDbXref UMLS_CUI:C0278873","obo:DOID_0050592 oboInOwl:hasDbXref OMIM:611263","obo:DOID_10791 obo:IAO_0000115 A sinusitis which involves infection of the frontal sinuses over the eyes in the brow area. This causes pain or pressure in the frontal sinus cavity and headache over the forehead.","obo:DOID_5484 oboInOwl:hasExactSynonym fibrous sarcoma of Synovium","ab220b05-1856-4404-ab2f-d40f231a37b8 owl:annotatedTarget papilloma except papilloma of bladder M-81201 morphologic abnormality","f81b464d-dfa5-40db-9fb4-b74fae6666bb oboInOwl:hasDbXref SNOMEDCT_2005_07_31:94135007","obo:DOID_341 oboInOwl:hasDbXref SNOMEDCT_US_2015_03_01:195624006","obo:DOID_341 oboInOwl:hasDbXref ICD9CM:443.81","e9e8852e-0389-46f1-90db-da936572c378 owl:annotatedSource obo:DOID_5688","3781fc94-e605-4b8b-95c7-a395aaa3a0ea oboInOwl:hasDbXref SNOMEDCT_2005_07_31:155645006","obo:DOID_0050592 oboInOwl:hasDbXref OMIM:208500","obo:DOID_5359 oboInOwl:id DOID:5359","e939fc35-ad31-46f8-b4dd-ddb640a9be42 owl:annotatedTarget Scrub typhus disorder [Ambiguous]","obo:DOID_5484 rdfs:subClassOf obo:DOID_5485","obo:DOID_6211 rdf:type owl:Class","3b26ebe5-9519-4466-b8d8-24d7dd669387 owl:annotatedSource obo:DOID_9253","901cd4f7-6a67-4b06-93c8-71f9674c7956 oboInOwl:hasDbXref SNOMEDCT_2005_07_31:271435007","obo:DOID_11049 oboInOwl:hasDbXref SNOMEDCT_US_2015_03_01:157110000","ffc354a8-27b9-4545-88ca-88426cdf2af1 oboInOwl:hasDbXref url:http://www.dsls.usra.edu/meetings/bonehealth_2005/information/factsheet1.pdf","obo:DOID_8365 oboInOwl:id DOID:8365","obo:DOID_0060195 oboInOwl:hasRelatedSynonym ALS3","obo:DOID_4637 oboInOwl:hasExactSynonym cervical lymphadenitis disorder","obo:DOID_1873 rdfs:label abortion complicated by metabolic disorder","obo:DOID_2595 oboInOwl:hasDbXref UMLS_CUI:C0153483","obo:DOID_12072 oboInOwl:hasDbXref SNOMEDCT_US_2015_03_01:335002","obo:DOID_9936 oboInOwl:hasDbXref ICD10CM:H04.42","obo:DOID_4052 owl:deprecated true^^http://www.w3.org/2001/XMLSchema#boolean","obo:DOID_0060371 oboInOwl:id DOID:0060371","10317e30-d485-474c-8a6c-b4c4bde45fe7 owl:annotatedTarget Leukoplakia of penis disorder"],"InferredAxioms":["obo:DOID_5113 rdf:type rdfs:Resource","obo:DOID_11049 rdf:type rdfs:Resource","obo:DOID_5396 rdfs:subClassOf obo:DOID_5396","obo:DOID_2683 rdf:type rdfs:Class","obo:DOID_4813 rdfs:subClassOf obo:DOID_4813","rdf:object rdfs:domain rdf:Statement","obo:DOID_6438 rdf:type rdfs:Class","obo:DOID_0060112 rdf:type rdfs:Resource","rdf:Bag rdfs:subClassOf rdf:Bag","obo:DOID_341 rdfs:subClassOf obo:DOID_341","obo:DOID_0014667 rdf:type rdfs:Resource","obo:DOID_2234 rdf:type rdfs:Class","obo:DOID_6996 rdf:type rdfs:Class","obo:DOID_11401 rdfs:subClassOf obo:DOID_11401","obo:DOID_3029 rdfs:subClassOf obo:DOID_3029","obo:DOID_0050737 rdfs:subClassOf obo:DOID_0050737","obo:DOID_0060371 rdf:type rdfs:Class","obo:DOID_3117 rdf:type rdfs:Class","rdfs:Resource rdf:type rdfs:Class","obo:DOID_10223 rdf:type rdfs:Class","obo:DOID_5572 rdfs:subClassOf obo:DOID_5572","obo:DOID_7518 rdf:type rdfs:Class","obo:DOID_9935 rdf:type rdfs:Class","rdf:XMLLiteral rdf:type rdfs:Datatype","rdf:XMLLiteral rdf:type rdfs:Class","obo:DOID_2596 rdf:type rdfs:Class","obo:DOID_5535 rdfs:subClassOf obo:DOID_5535","obo:DOID_8541 rdfs:subClassOf obo:DOID_8541","rdfs:domain rdfs:domain rdf:Property","rdf:first rdfs:domain rdf:List","obo:DOID_0050338 rdf:type rdfs:Class","rdf:predicate rdfs:domain rdf:Statement","obo:DOID_2595 rdf:type rdfs:Class","obo:DOID_9936 rdf:type rdfs:Class","obo:DOID_5572 rdf:type rdfs:Resource","obo:DOID_2256 rdf:type rdfs:Class","obo:DOID_3205 rdfs:subClassOf obo:DOID_3205","obo:DOID_0050737 rdf:type rdfs:Resource","obo:DOID_7731 rdfs:subClassOf obo:DOID_7731","rdfs:domain rdf:type rdfs:Resource","obo:DOID_9848 rdf:type rdfs:Class","obo:DOID_5484 rdf:type rdfs:Resource","obo:DOID_4901 rdf:type rdfs:Resource","rdfs:subPropertyOf rdfs:range rdf:Property","obo:DOID_5660 rdf:type rdfs:Class","rdf:Seq rdf:type rdfs:Class","obo:DOID_37 rdfs:subClassOf obo:DOID_37","obo:DOID_76 rdf:type rdfs:Class","obo:DOID_1791 rdf:type rdfs:Class","rdf:predicate rdfs:subPropertyOf rdf:predicate","obo:DOID_0060283 rdf:type rdfs:Class","obo:DOID_10791 rdf:type rdfs:Resource","obo:DOID_9087 rdf:type rdfs:Class","obo:DOID_5467 rdf:type rdfs:Class","obo:DOID_264 rdf:type rdfs:Resource","obo:DOID_5485 rdf:type rdfs:Resource","rdf:Alt rdfs:subClassOf rdf:Alt","obo:DOID_12072 rdf:type rdfs:Class","obo:DOID_4202 rdfs:subClassOf obo:DOID_4202","obo:DOID_9847 rdfs:subClassOf obo:DOID_9847","owl:Class rdf:type rdfs:Resource","obo:DOID_6211 rdf:type rdfs:Resource","obo:DOID_0050624 rdf:type rdfs:Class","rdfs:domain rdf:type rdf:Property","obo:DOID_6992 rdf:type rdfs:Class","obo:DOID_9973 rdf:type rdfs:Resource","obo:DOID_14330 rdfs:subClassOf obo:DOID_14330","rdfs:subClassOf rdf:type rdfs:Resource","obo:DOID_11401 rdf:type rdfs:Class","obo:DOID_178 rdf:type rdfs:Resource","obo:DOID_0060158 rdf:type rdfs:Resource","rdf:rest rdfs:range rdf:List","obo:DOID_0060195 rdfs:subClassOf obo:DOID_0060195","rdf:first rdfs:subPropertyOf rdf:first","obo:DOID_3205 rdf:type rdfs:Class","rdf:Alt rdf:type rdfs:Class","obo:DOID_9847 rdf:type rdfs:Class","obo:DOID_3192 rdf:type rdfs:Resource","obo:DOID_7731 rdf:type rdfs:Class","rdf:List rdf:type rdfs:Class","rdfs:subClassOf rdf:type rdf:Property","obo:DOID_303 rdfs:subClassOf obo:DOID_303","obo:DOID_4948 rdf:type rdfs:Resource","obo:DOID_0060195 rdf:type rdfs:Class","rdf:Bag rdfs:subClassOf rdfs:Container","rdf:Property rdfs:subClassOf rdfs:Resource","obo:DOID_1791 rdfs:subClassOf obo:DOID_1791","rdf:predicate rdf:type rdf:Property","obo:DOID_1076 rdf:type rdfs:Class","obo:DOID_0060061 rdf:type rdfs:Class","obo:DOID_76 rdfs:subClassOf obo:DOID_76","rdf:Statement rdf:type rdfs:Resource","obo:DOID_14026 rdfs:subClassOf obo:DOID_14026","obo:DOID_341 rdf:type rdfs:Resource","rdf:Bag rdf:type rdfs:Resource","obo:DOID_5528 rdf:type rdfs:Class","obo:DOID_5396 rdf:type rdfs:Resource","obo:DOID_4813 rdf:type rdfs:Resource","rdf:object rdfs:subPropertyOf rdf:object","rdf:nil rdf:type rdf:List","obo:DOID_9087 rdfs:subClassOf obo:DOID_9087","rdfs:comment rdfs:range rdfs:Literal","obo:DOID_0014667 rdfs:subClassOf obo:DOID_0014667","owl:Axiom rdf:type rdfs:Class","obo:DOID_8541 rdf:type rdfs:Resource","rdf:predicate rdf:type rdfs:Resource","obo:DOID_0050127 rdf:type rdfs:Class","obo:DOID_0060283 rdfs:subClassOf obo:DOID_0060283","rdf:Property rdfs:subClassOf rdf:Property","obo:DOID_0060084 rdf:type rdfs:Class","obo:DOID_2277 rdfs:subClassOf obo:DOID_2277","obo:DOID_0050467 rdfs:subClassOf obo:DOID_0050467","obo:DOID_229 rdf:type rdfs:Class","rdf:object rdf:type rdfs:Resource","obo:DOID_14202 rdf:type rdfs:Resource","rdfs:Container rdf:type rdfs:Class","obo:DOID_9848 rdfs:subClassOf obo:DOID_9848","obo:DOID_3330 rdfs:subClassOf obo:DOID_3330","rdf:Statement rdfs:subClassOf rdfs:Resource","obo:DOID_5660 rdfs:subClassOf obo:DOID_5660","obo:DOID_11262 rdfs:subClassOf obo:DOID_11262","obo:DOID_11262 rdf:type rdfs:Resource","rdfs:isDefinedBy rdfs:subPropertyOf rdfs:seeAlso","rdf:Seq rdfs:subClassOf rdf:Seq","rdf:object rdf:type rdf:Property","rdf:Property rdf:type rdfs:Resource","rdfs:Literal rdf:type rdfs:Class","obo:DOID_0050592 rdf:type rdfs:Resource","obo:DOID_5535 rdf:type rdfs:Class","obo:DOID_6992 rdfs:subClassOf obo:DOID_6992","obo:DOID_225 rdf:type rdfs:Resource","rdfs:Class rdfs:subClassOf rdfs:Class","rdfs:subClassOf rdfs:range rdfs:Class","obo:DOID_1924 rdfs:subClassOf obo:DOID_1924","obo:DOID_3029 rdf:type rdfs:Class","rdfs:Datatype rdf:type rdfs:Resource","obo:DOID_850 rdfs:subClassOf obo:DOID_850","obo:DOID_303 rdf:type rdfs:Class","obo:DOID_14330 rdf:type rdfs:Class","obo:DOID_0050624 rdfs:subClassOf obo:DOID_0050624","obo:DOID_5716 rdf:type rdfs:Resource","obo:DOID_4202 rdf:type rdfs:Class","obo:DOID_305 rdfs:subClassOf obo:DOID_305","rdfs:ContainerMembershipProperty rdf:type rdfs:Resource","obo:DOID_37 rdf:type rdfs:Class","obo:DOID_5113 rdfs:subClassOf obo:DOID_5113","obo:DOID_11049 rdfs:subClassOf obo:DOID_11049","rdf:rest rdf:type rdf:Property","rdfs:seeAlso rdf:type rdfs:Resource","rdfs:comment rdf:type rdfs:Resource","obo:DOID_14026 rdf:type rdfs:Class","obo:DOID_2277 rdf:type rdfs:Class","obo:DOID_12072 rdfs:subClassOf obo:DOID_12072","obo:DOID_332 rdf:type rdfs:Resource","rdfs:domain rdfs:range rdfs:Class","obo:DOID_3330 rdf:type rdfs:Class","obo:DOID_1602 rdf:type rdfs:Resource","obo:DOID_0050467 rdf:type rdfs:Class","obo:DOID_6959 rdf:type rdfs:Resource","obo:DOID_850 rdf:type rdfs:Class","obo:DOID_0050680 rdf:type rdfs:Resource","obo:DOID_14202 rdfs:subClassOf obo:DOID_14202","obo:DOID_5467 rdfs:subClassOf obo:DOID_5467","obo:DOID_305 rdf:type rdfs:Class","obo:DOID_4637 rdf:type rdfs:Resource","obo:DOID_1924 rdf:type rdfs:Class","rdfs:Class rdf:type rdfs:Class","obo:DOID_0060112 rdfs:subClassOf obo:DOID_0060112","obo:DOID_234 rdf:type rdfs:Resource","obo:DOID_1748 rdf:type rdfs:Resource","obo:DOID_8719 rdf:type rdfs:Class","rdf:rest rdf:type rdfs:Resource","obo:DOID_8719 rdfs:subClassOf obo:DOID_8719","rdfs:seeAlso rdf:type rdf:Property","rdfs:ContainerMembershipProperty rdfs:subClassOf rdf:Property","rdfs:comment rdf:type rdf:Property","obo:DOID_225 rdfs:subClassOf obo:DOID_225","obo:DOID_229 rdf:type rdfs:Resource","obo:DOID_14202 rdf:type rdfs:Class","obo:DOID_0060084 rdfs:subClassOf obo:DOID_0060084","obo:DOID_2256 rdfs:subClassOf obo:DOID_2256","rdf:nil rdf:type rdfs:Resource","rdfs:Container rdf:type rdfs:Resource","rdf:subject rdf:type rdf:Property","rdf:Seq rdfs:subClassOf rdfs:Container","obo:DOID_11262 rdf:type rdfs:Class","rdf:rest rdfs:domain rdf:List","rdf:subject rdf:type rdfs:Resource","obo:DOID_0050127 rdfs:subClassOf obo:DOID_0050127","obo:DOID_9936 rdfs:subClassOf obo:DOID_9936","rdfs:isDefinedBy rdfs:subPropertyOf rdfs:isDefinedBy","rdf:Property rdf:type rdfs:Class","obo:DOID_2595 rdfs:subClassOf obo:DOID_2595","obo:DOID_0050592 rdfs:subClassOf obo:DOID_0050592","obo:DOID_0060158 rdfs:subClassOf obo:DOID_0060158","obo:DOID_178 rdfs:subClassOf obo:DOID_178","rdf:Statement rdf:type rdfs:Class","obo:DOID_1076 rdf:type rdfs:Resource","obo:DOID_0060061 rdf:type rdfs:Resource","rdfs:label rdf:type rdf:Property","obo:DOID_9973 rdfs:subClassOf obo:DOID_9973","rdfs:label rdf:type rdfs:Resource","obo:DOID_5396 rdf:type rdfs:Class","obo:DOID_4813 rdf:type rdfs:Class","obo:DOID_5528 rdf:type rdfs:Resource","obo:DOID_341 rdf:type rdfs:Class","rdf:Bag rdf:type rdfs:Class","rdf:Alt rdfs:subClassOf rdfs:Container","obo:DOID_0060084 rdf:type rdfs:Resource","obo:DOID_5528 rdfs:subClassOf obo:DOID_5528","rdfs:subPropertyOf rdfs:domain rdf:Property","obo:DOID_0050127 rdf:type rdfs:Resource","obo:DOID_8541 rdf:type rdfs:Class","owl:Axiom rdf:type rdfs:Resource","obo:DOID_0060061 rdfs:subClassOf obo:DOID_0060061","obo:DOID_1076 rdfs:subClassOf obo:DOID_1076","obo:DOID_2277 rdf:type rdfs:Resource","obo:DOID_332 rdf:type rdfs:Class","obo:DOID_7518 rdfs:subClassOf obo:DOID_7518","obo:DOID_14026 rdf:type rdfs:Resource","rdfs:label rdfs:range rdfs:Literal","rdfs:Datatype rdfs:subClassOf rdfs:Datatype","rdfs:Datatype rdfs:subClassOf rdfs:Class","obo:DOID_9935 rdfs:subClassOf obo:DOID_9935","obo:DOID_6959 rdf:type rdfs:Class","rdfs:subPropertyOf rdf:type rdf:Property","obo:DOID_0050467 rdf:type rdfs:Resource","obo:DOID_1602 rdf:type rdfs:Class","obo:DOID_3330 rdf:type rdfs:Resource","obo:DOID_1924 rdf:type rdfs:Resource","obo:DOID_234 rdf:type rdfs:Class","obo:DOID_1748 rdf:type rdfs:Class","rdfs:Class rdf:type rdfs:Resource","obo:DOID_2596 rdfs:subClassOf obo:DOID_2596","obo:DOID_4948 rdfs:subClassOf obo:DOID_4948","rdfs:range rdfs:range rdfs:Class","obo:DOID_4637 rdf:type rdfs:Class","obo:DOID_305 rdf:type rdfs:Resource","obo:DOID_0050680 rdf:type rdfs:Class","obo:DOID_850 rdf:type rdfs:Resource","rdfs:subPropertyOf rdf:type rdfs:Resource","rdfs:Literal rdfs:subClassOf rdfs:Resource","obo:DOID_5716 rdfs:subClassOf obo:DOID_5716","obo:DOID_8719 rdf:type rdfs:Resource","obo:DOID_225 rdf:type rdfs:Class","obo:DOID_0050338 rdfs:subClassOf obo:DOID_0050338","obo:DOID_3192 rdfs:subClassOf obo:DOID_3192","obo:DOID_0050592 rdf:type rdfs:Class","rdfs:Literal rdf:type rdfs:Resource","rdf:type rdf:type rdf:Property","obo:DOID_5535 rdf:type rdfs:Resource","obo:DOID_3029 rdf:type rdfs:Resource","rdfs:Class rdfs:subClassOf rdfs:Resource","rdfs:ContainerMembershipProperty rdfs:subClassOf rdfs:ContainerMembershipProperty","obo:DOID_14330 rdf:type rdfs:Resource","obo:DOID_5716 rdf:type rdfs:Class","obo:DOID_303 rdf:type rdfs:Resource","rdfs:Datatype rdf:type rdfs:Class","rdfs:ContainerMembershipProperty rdf:type rdfs:Class","rdf:type rdf:type rdfs:Resource","obo:DOID_37 rdf:type rdfs:Resource","obo:DOID_4202 rdf:type rdfs:Resource","obo:DOID_10223 rdfs:subClassOf obo:DOID_10223","obo:DOID_2596 rdf:type rdfs:Resource","obo:DOID_9935 rdf:type rdfs:Resource","rdf:XMLLiteral rdf:type rdfs:Resource","obo:DOID_6959 rdfs:subClassOf obo:DOID_6959","obo:DOID_7518 rdf:type rdfs:Resource","obo:DOID_3117 rdfs:subClassOf obo:DOID_3117","rdfs:isDefinedBy rdf:type rdfs:Resource","obo:DOID_0050338 rdf:type rdfs:Resource","obo:DOID_0060371 rdfs:subClassOf obo:DOID_0060371","obo:DOID_5484 rdfs:subClassOf obo:DOID_5484","obo:DOID_2256 rdf:type rdfs:Resource","obo:DOID_1602 rdfs:subClassOf obo:DOID_1602","obo:DOID_4901 rdfs:subClassOf obo:DOID_4901","obo:DOID_2595 rdf:type rdfs:Resource","obo:DOID_9936 rdf:type rdfs:Resource","obo:DOID_5572 rdf:type rdfs:Class","rdfs:range rdfs:domain rdf:Property","rdfs:isDefinedBy rdf:type rdf:Property","obo:DOID_0050737 rdf:type rdfs:Class","obo:DOID_6996 rdfs:subClassOf obo:DOID_6996","obo:DOID_10791 rdfs:subClassOf obo:DOID_10791","obo:DOID_2683 rdf:type rdfs:Resource","obo:DOID_332 rdfs:subClassOf obo:DOID_332","obo:DOID_5113 rdf:type rdfs:Class","obo:DOID_11049 rdf:type rdfs:Class","obo:DOID_2234 rdfs:subClassOf obo:DOID_2234","obo:DOID_0060112 rdf:type rdfs:Class","obo:DOID_6438 rdf:type rdfs:Resource","obo:DOID_2234 rdf:type rdfs:Resource","obo:DOID_0014667 rdf:type rdfs:Class","rdf:rest rdfs:subPropertyOf rdf:rest","rdfs:subClassOf rdfs:domain rdfs:Class","rdfs:Resource rdf:type rdfs:Resource","rdf:subject rdfs:domain rdf:Statement","obo:DOID_10223 rdf:type rdfs:Resource","obo:DOID_0060371 rdf:type rdfs:Resource","obo:DOID_3117 rdf:type rdfs:Resource","obo:DOID_6996 rdf:type rdfs:Resource","obo:DOID_0060158 rdf:type rdfs:Class","obo:DOID_178 rdf:type rdfs:Class","obo:DOID_11401 rdf:type rdfs:Resource","rdf:first rdf:type rdfs:Resource","obo:DOID_9973 rdf:type rdfs:Class","obo:DOID_6438 rdfs:subClassOf obo:DOID_6438","obo:DOID_229 rdfs:subClassOf obo:DOID_229","obo:DOID_3205 rdf:type rdfs:Resource","obo:DOID_5485 rdfs:subClassOf obo:DOID_5485","obo:DOID_264 rdfs:subClassOf obo:DOID_264","rdfs:seeAlso rdfs:subPropertyOf rdfs:seeAlso","rdf:type rdfs:range rdfs:Class","obo:DOID_7731 rdf:type rdfs:Resource","obo:DOID_3192 rdf:type rdfs:Class","obo:DOID_9847 rdf:type rdfs:Resource","rdf:Alt rdf:type rdfs:Resource","rdf:first rdf:type rdf:Property","obo:DOID_4948 rdf:type rdfs:Class","obo:DOID_0060195 rdf:type rdfs:Resource","rdf:List rdf:type rdfs:Resource","rdfs:range rdf:type rdf:Property","rdf:subject rdfs:subPropertyOf rdf:subject","rdf:List rdfs:subClassOf rdfs:Resource","rdf:Seq rdf:type rdfs:Resource","rdfs:Container rdfs:subClassOf rdfs:Container","obo:DOID_5660 rdf:type rdfs:Resource","obo:DOID_4637 rdfs:subClassOf obo:DOID_4637","obo:DOID_9848 rdf:type rdfs:Resource","obo:DOID_5484 rdf:type rdfs:Class","obo:DOID_4901 rdf:type rdfs:Class","obo:DOID_2683 rdfs:subClassOf obo:DOID_2683","obo:DOID_9087 rdf:type rdfs:Resource","obo:DOID_10791 rdf:type rdfs:Class","obo:DOID_0060283 rdf:type rdfs:Resource","obo:DOID_0050680 rdfs:subClassOf obo:DOID_0050680","obo:DOID_6211 rdfs:subClassOf obo:DOID_6211","obo:DOID_1791 rdf:type rdfs:Resource","obo:DOID_76 rdf:type rdfs:Resource","obo:DOID_12072 rdf:type rdfs:Resource","obo:DOID_234 rdfs:subClassOf obo:DOID_234","obo:DOID_1748 rdfs:subClassOf obo:DOID_1748","obo:DOID_264 rdf:type rdfs:Class","obo:DOID_5485 rdf:type rdfs:Class","obo:DOID_5467 rdf:type rdfs:Resource","obo:DOID_6992 rdf:type rdfs:Resource","obo:DOID_6211 rdf:type rdfs:Class","rdfs:range rdf:type rdfs:Resource","obo:DOID_0050624 rdf:type rdfs:Resource","owl:Class rdf:type rdfs:Class"],"InvalidAxioms":["rdfs:label rdfs:subClassOf obo:DOID_37","rdf:rest rdfs:subClassOf obo:DOID_0060112","rdf:Statement rdfs:subClassOf obo:DOID_0014667","obo:DOID_9848 rdfs:subClassOf obo:DOID_3330","rdf:predicate rdfs:subClassOf obo:DOID_2256","obo:DOID_3330 rdfs:subPropertyOf rdf:rest","rdf:XMLLiteral rdfs:subClassOf obo:DOID_9847","obo:DOID_2256 rdfs:subClassOf rdfs:Class","obo:DOID_5396 rdfs:subClassOf rdf:Bag","obo:DOID_9847 rdfs:subClassOf obo:DOID_2277","obo:DOID_5572 rdfs:subClassOf rdfs:Resource","obo:DOID_0050737 rdfs:subClassOf obo:DOID_0060084","owl:Axiom rdfs:subClassOf obo:DOID_37","rdf:rest rdfs:subClassOf rdfs:Container","obo:DOID_9087 rdfs:subClassOf obo:DOID_3205","obo:DOID_0050737 rdfs:subClassOf obo:DOID_6996","obo:DOID_5113 rdf:type rdf:Property","obo:DOID_11049 rdf:type rdf:Property","obo:DOID_11049 rdfs:subClassOf obo:DOID_2234","obo:DOID_9935 rdf:type rdf:List","rdf:Statement rdfs:subClassOf obo:DOID_5396","obo:DOID_7518 rdfs:subClassOf rdfs:Datatype","obo:DOID_0050737 rdf:type rdf:Property","rdfs:label rdfs:subClassOf obo:DOID_4637","obo:DOID_3117 rdfs:subClassOf obo:DOID_7731","obo:DOID_14026 rdfs:subClassOf obo:DOID_6959","obo:DOID_2234 rdfs:subClassOf rdfs:Class","rdfs:isDefinedBy rdf:type rdfs:Class","obo:DOID_8719 rdfs:subClassOf obo:DOID_3029","rdfs:ContainerMembershipProperty rdfs:subClassOf obo:DOID_0050338","obo:DOID_2596 rdfs:subClassOf obo:DOID_0060195","obo:DOID_0060112 rdfs:subClassOf rdfs:Resource","obo:DOID_3029 rdfs:subClassOf obo:DOID_5660","rdfs:isDefinedBy rdfs:subClassOf obo:DOID_6211","obo:DOID_3192 rdfs:subClassOf obo:DOID_2683","obo:DOID_0060112 rdfs:subClassOf obo:DOID_0060371","obo:DOID_4202 rdfs:subClassOf obo:DOID_6992","rdf:List rdfs:subClassOf obo:DOID_264","obo:DOID_4948 rdfs:subClassOf obo:DOID_10223","rdfs:Datatype rdfs:range rdf:List","rdfs:Literal rdfs:subClassOf obo:DOID_4948","obo:DOID_5485 rdf:type rdf:Property","rdfs:range rdfs:subClassOf obo:DOID_0060195","rdf:nil rdfs:subClassOf obo:DOID_0060158","obo:DOID_0060084 rdfs:subClassOf obo:DOID_1791","obo:DOID_10791 rdf:type rdf:Property","rdfs:range rdfs:subClassOf rdfs:ContainerMembershipProperty","rdf:type rdfs:subClassOf obo:DOID_0050624","rdfs:subPropertyOf rdfs:subClassOf obo:DOID_5467","obo:DOID_5535 rdfs:subClassOf obo:DOID_37","obo:DOID_0050737 rdfs:domain rdf:Property","rdf:rest rdfs:domain rdf:Statement","rdfs:range rdf:type rdfs:Class","obo:DOID_3330 rdfs:subClassOf obo:DOID_12072","obo:DOID_4637 rdfs:range rdfs:Class","obo:DOID_225 rdfs:subClassOf rdf:Bag","obo:DOID_7518 rdfs:subClassOf obo:DOID_11401","obo:DOID_11401 rdfs:subClassOf obo:DOID_1924","rdfs:Datatype rdfs:subClassOf obo:DOID_9936","rdf:XMLLiteral rdfs:subClassOf obo:DOID_11401","obo:DOID_2234 rdfs:domain rdfs:Class","obo:DOID_5396 rdfs:subPropertyOf rdf:subject","rdf:Statement rdfs:subClassOf rdfs:Container","rdf:first rdf:type rdfs:Class","obo:DOID_5535 rdfs:subClassOf obo:DOID_5467","rdfs:subPropertyOf rdfs:subPropertyOf rdfs:seeAlso","rdf:predicate rdfs:subClassOf obo:DOID_0060112","obo:DOID_178 rdfs:subClassOf obo:DOID_11262","obo:DOID_229 rdfs:subClassOf obo:DOID_76","obo:DOID_11049 rdfs:subClassOf obo:DOID_6438","obo:DOID_6211 rdfs:subClassOf obo:DOID_0060084","rdf:type rdfs:range rdf:Property","obo:DOID_14330 rdfs:subClassOf obo:DOID_0050680","rdfs:seeAlso rdfs:subClassOf obo:DOID_9936","rdfs:seeAlso rdfs:subClassOf obo:DOID_0014667","obo:DOID_3192 rdf:type rdf:Property","obo:DOID_2256 rdfs:subClassOf obo:DOID_3330","rdf:object rdfs:subPropertyOf rdf:predicate","obo:DOID_0060283 rdfs:subClassOf obo:DOID_1924","rdf:XMLLiteral rdfs:subClassOf obo:DOID_3205","rdfs:label rdfs:subPropertyOf rdf:rest","rdfs:Datatype rdfs:range rdfs:Class","obo:DOID_11262 rdfs:subClassOf obo:DOID_9935","obo:DOID_178 rdf:type rdf:Property","obo:DOID_6992 rdfs:subClassOf obo:DOID_850","obo:DOID_0060061 rdfs:subClassOf obo:DOID_9973","obo:DOID_14202 rdfs:subClassOf rdf:Property","obo:DOID_2683 rdfs:subClassOf obo:DOID_4202","rdfs:Resource rdfs:subClassOf obo:DOID_6992","obo:DOID_5535 rdfs:subClassOf obo:DOID_3330","rdfs:seeAlso rdfs:domain rdf:Property","rdf:subject rdfs:subClassOf rdfs:Class","obo:DOID_8719 rdfs:subClassOf obo:DOID_4901","rdfs:seeAlso rdfs:subClassOf obo:DOID_0060061","rdf:subject rdfs:subClassOf obo:DOID_264","rdf:rest rdfs:subClassOf obo:DOID_1076","obo:DOID_3117 rdfs:subClassOf obo:DOID_0050624","rdf:Statement rdf:type rdf:Property","rdf:first rdfs:subClassOf obo:DOID_5660","rdfs:seeAlso rdfs:range rdfs:Literal","rdfs:label rdf:type rdfs:Class","rdf:Alt rdfs:subClassOf obo:DOID_178","owl:Class rdfs:subClassOf obo:DOID_9935","obo:DOID_76 rdfs:subClassOf obo:DOID_0060283","obo:DOID_0050338 rdfs:subClassOf obo:DOID_12072","obo:DOID_5485 rdfs:subClassOf obo:DOID_229","rdfs:subClassOf rdfs:subClassOf obo:DOID_7518","obo:DOID_0060084 rdfs:subClassOf rdfs:Class","rdf:subject rdfs:subClassOf obo:DOID_6211","obo:DOID_341 rdfs:subClassOf obo:DOID_0060371","obo:DOID_0060084 rdfs:subClassOf obo:DOID_7731","rdf:nil rdf:type rdfs:Class","obo:DOID_11262 rdf:type rdf:Property","obo:DOID_14026 rdfs:subClassOf obo:DOID_10791","obo:DOID_0060371 rdfs:subClassOf obo:DOID_3192","rdfs:ContainerMembershipProperty rdfs:subClassOf obo:DOID_1076","obo:DOID_0050737 rdfs:subClassOf obo:DOID_0014667","obo:DOID_303 rdfs:subClassOf obo:DOID_225","rdf:subject rdf:type rdfs:Class","obo:DOID_9847 rdfs:subClassOf obo:DOID_76","owl:Class rdfs:subClassOf rdfs:Container","obo:DOID_2256 rdfs:subClassOf obo:DOID_0050624","obo:DOID_6996 rdfs:subClassOf obo:DOID_1748","obo:DOID_0014667 rdfs:range rdfs:Class","obo:DOID_6959 rdfs:subClassOf obo:DOID_14202","rdfs:comment rdfs:subClassOf rdf:Property","rdfs:ContainerMembershipProperty rdf:type rdf:Property","rdf:rest rdfs:subClassOf rdfs:Resource","obo:DOID_14202 rdfs:subClassOf obo:DOID_6438","obo:DOID_8719 rdfs:subClassOf rdfs:Class","rdf:rest rdfs:subClassOf obo:DOID_0060371","obo:DOID_264 rdfs:subClassOf obo:DOID_2256","obo:DOID_0060158 rdfs:domain rdf:Statement","rdf:subject rdfs:subClassOf obo:DOID_0050592","obo:DOID_0050127 rdfs:subClassOf obo:DOID_3205","obo:DOID_3117 rdfs:subClassOf obo:DOID_1791","owl:Axiom rdfs:subClassOf obo:DOID_0050467","obo:DOID_0060195 rdfs:subClassOf obo:DOID_303","obo:DOID_10223 rdfs:subClassOf obo:DOID_6959","rdf:first rdfs:subClassOf obo:DOID_14330","obo:DOID_3205 rdfs:subClassOf obo:DOID_3192","rdf:type rdf:type rdfs:Class","rdfs:subClassOf rdfs:subClassOf obo:DOID_9936","rdfs:subClassOf rdfs:subClassOf obo:DOID_0014667","rdfs:range rdfs:subClassOf obo:DOID_12072","obo:DOID_303 rdfs:subClassOf obo:DOID_1924","obo:DOID_2595 rdfs:subClassOf obo:DOID_9087","rdfs:domain rdfs:domain rdf:Statement","obo:DOID_2256 rdfs:subClassOf obo:DOID_1602","obo:DOID_0050680 rdf:type rdf:Property","obo:DOID_4202 rdfs:subClassOf obo:DOID_7731","obo:DOID_8719 rdfs:subClassOf obo:DOID_0060195","obo:DOID_2595 rdfs:subClassOf obo:DOID_1602","obo:DOID_7518 rdfs:subClassOf obo:DOID_0060283","rdf:predicate rdfs:domain rdf:Property","rdfs:subPropertyOf rdf:type rdfs:Class","obo:DOID_37 rdfs:subClassOf obo:DOID_5716","obo:DOID_2256 rdfs:subClassOf obo:DOID_76","obo:DOID_11049 rdfs:subPropertyOf rdf:subject","rdf:first rdfs:subPropertyOf rdfs:seeAlso","obo:DOID_12072 rdfs:subClassOf obo:DOID_5467","rdf:first rdfs:subClassOf obo:DOID_37","obo:DOID_76 rdfs:subClassOf obo:DOID_14330","obo:DOID_1076 rdfs:domain rdfs:Class","rdfs:range rdfs:subClassOf obo:DOID_234","owl:Axiom rdfs:subClassOf rdfs:Resource","obo:DOID_0050127 rdfs:subClassOf rdfs:Resource","rdfs:range rdfs:subClassOf obo:DOID_0060112","obo:DOID_5113 rdfs:subClassOf obo:DOID_234","rdf:object rdf:type rdfs:Class","rdfs:Container rdfs:subClassOf obo:DOID_5528","rdfs:subClassOf rdfs:subClassOf obo:DOID_76","rdf:predicate rdfs:subClassOf obo:DOID_7731","rdfs:seeAlso rdfs:domain rdf:List","obo:DOID_0050737 rdfs:subPropertyOf rdfs:seeAlso","obo:DOID_5535 rdfs:domain rdf:Property","obo:DOID_5528 rdfs:subClassOf obo:DOID_10223","rdf:type rdfs:domain rdf:Property","obo:DOID_0060061 rdfs:subClassOf rdfs:Resource","obo:DOID_341 rdfs:subClassOf rdf:Alt","obo:DOID_0060283 rdfs:subClassOf obo:DOID_0060112","obo:DOID_225 rdfs:subClassOf obo:DOID_14026","obo:DOID_0060061 rdfs:subClassOf obo:DOID_10223","obo:DOID_9935 rdfs:subClassOf obo:DOID_5396","obo:DOID_6992 rdfs:subClassOf rdfs:Container","rdf:XMLLiteral rdfs:subClassOf obo:DOID_5396","obo:DOID_5467 rdfs:subClassOf rdfs:Container","obo:DOID_8541 rdfs:subClassOf obo:DOID_850","obo:DOID_5528 rdfs:subClassOf obo:DOID_0050127","obo:DOID_0050338 rdfs:subClassOf obo:DOID_5396","rdfs:isDefinedBy rdfs:domain rdf:Statement","rdfs:label rdfs:subClassOf obo:DOID_5572","obo:DOID_1924 rdfs:range rdfs:Literal","obo:DOID_14026 rdfs:subClassOf obo:DOID_6438","obo:DOID_11049 rdfs:subClassOf obo:DOID_4202","owl:Class rdfs:subClassOf obo:DOID_9087","rdf:predicate rdfs:subClassOf obo:DOID_0060195","obo:DOID_5660 rdfs:subClassOf obo:DOID_229","obo:DOID_2256 rdfs:subClassOf obo:DOID_8541","rdf:nil rdfs:subClassOf rdf:Property","rdf:Seq rdfs:subClassOf obo:DOID_9935","rdfs:comment rdfs:subClassOf obo:DOID_14026","obo:DOID_850 rdfs:subClassOf obo:DOID_6438","obo:DOID_8719 rdfs:subClassOf obo:DOID_0060061","obo:DOID_10223 rdfs:subClassOf obo:DOID_0014667","obo:DOID_6992 rdfs:subClassOf obo:DOID_229","obo:DOID_14026 rdfs:range rdfs:Literal","obo:DOID_1924 rdfs:subClassOf obo:DOID_6438","obo:DOID_1924 rdfs:domain rdf:Property","rdfs:Class rdfs:domain rdf:Property","rdf:predicate rdf:type rdfs:Class","obo:DOID_5396 rdfs:subClassOf obo:DOID_4901","obo:DOID_8719 rdfs:subClassOf obo:DOID_2234","rdfs:seeAlso rdf:type rdfs:Class","rdfs:comment rdf:type rdfs:Class","rdf:predicate rdfs:subClassOf obo:DOID_0050592","obo:DOID_5716 rdfs:subClassOf obo:DOID_264","rdfs:domain rdfs:subClassOf obo:DOID_303","rdfs:comment rdfs:subPropertyOf rdf:first","rdf:Alt rdfs:subClassOf obo:DOID_2256","rdf:object rdfs:subClassOf obo:DOID_10791","obo:DOID_2256 rdfs:subClassOf obo:DOID_11049","obo:DOID_0050467 rdf:type rdf:Property","rdfs:domain rdfs:range rdf:Property","obo:DOID_0060371 rdfs:subClassOf rdfs:Container","rdfs:comment rdfs:subClassOf obo:DOID_6211","obo:DOID_10223 rdfs:subClassOf obo:DOID_0050338","obo:DOID_305 rdfs:subClassOf obo:DOID_11262","rdfs:range rdfs:domain rdf:Statement","obo:DOID_0050680 rdfs:subPropertyOf rdf:first","rdf:rest rdf:type rdfs:Class","obo:DOID_9935 rdfs:subClassOf obo:DOID_5113","obo:DOID_0050467 rdfs:subClassOf obo:DOID_5572","obo:DOID_0050467 rdfs:subClassOf obo:DOID_0050127","rdfs:isDefinedBy rdfs:subClassOf rdfs:Container","obo:DOID_1748 rdfs:subClassOf obo:DOID_7731","rdfs:subPropertyOf rdfs:subClassOf obo:DOID_0060084","rdfs:subClassOf rdfs:subClassOf obo:DOID_1748","rdf:predicate rdfs:subClassOf obo:DOID_3205","obo:DOID_9935 rdfs:subClassOf rdfs:Container","rdf:XMLLiteral rdfs:subClassOf rdfs:Container","rdf:first rdfs:range rdfs:Class","rdfs:domain rdfs:subClassOf obo:DOID_4948","obo:DOID_341 rdfs:subClassOf obo:DOID_3330","rdfs:subClassOf rdfs:subClassOf obo:DOID_4637","rdfs:domain rdfs:subPropertyOf rdfs:seeAlso","obo:DOID_2683 rdfs:subClassOf obo:DOID_2596","rdfs:Resource rdfs:subClassOf obo:DOID_229","obo:DOID_2277 rdfs:subClassOf obo:DOID_10223","obo:DOID_2595 rdfs:subClassOf rdfs:Container","obo:DOID_8719 rdfs:subClassOf obo:DOID_6996","rdfs:Literal rdf:type rdf:Property","obo:DOID_14202 rdfs:subClassOf obo:DOID_2277","rdfs:seeAlso rdfs:subClassOf obo:DOID_264","rdf:Alt rdfs:range rdfs:Class","rdfs:seeAlso rdfs:subClassOf obo:DOID_76","obo:DOID_9973 rdfs:subClassOf obo:DOID_3330","obo:DOID_264 rdfs:subClassOf obo:DOID_5484","obo:DOID_225 rdfs:subClassOf obo:DOID_0060158","rdfs:subClassOf rdfs:subClassOf obo:DOID_3330","obo:DOID_10223 rdfs:subClassOf rdfs:Resource","rdfs:Resource rdfs:subClassOf rdfs:Resource","rdf:predicate rdfs:range rdf:Property","obo:DOID_6211 rdfs:subClassOf obo:DOID_5484","rdf:Seq rdfs:domain rdf:Property","rdf:predicate rdfs:subClassOf obo:DOID_14330","rdf:subject rdfs:subClassOf obo:DOID_341","obo:DOID_0050338 rdf:type rdf:Property","obo:DOID_4202 rdfs:subClassOf rdfs:Container","rdfs:seeAlso rdfs:subClassOf obo:DOID_3029","obo:DOID_0050467 rdfs:subClassOf obo:DOID_5113","obo:DOID_9935 rdf:type rdf:Property","rdfs:label rdfs:range rdfs:Class","obo:DOID_0060112 rdfs:subClassOf obo:DOID_7731","obo:DOID_4901 rdfs:subClassOf obo:DOID_2277","obo:DOID_0060371 rdf:type rdf:Property","obo:DOID_9936 rdfs:subClassOf obo:DOID_0060084","obo:DOID_5467 rdfs:subClassOf obo:DOID_14202","obo:DOID_3117 rdf:type rdf:Property","obo:DOID_5572 rdfs:subClassOf rdfs:Datatype","obo:DOID_4637 rdfs:subClassOf rdf:Seq","obo:DOID_8541 rdfs:subPropertyOf rdfs:seeAlso","obo:DOID_11401 rdfs:domain rdf:Property","obo:DOID_8719 rdfs:subPropertyOf rdf:subject","obo:DOID_2277 rdfs:subClassOf rdfs:Container","rdfs:seeAlso rdfs:subClassOf obo:DOID_9973","obo:DOID_0050127 rdfs:subClassOf obo:DOID_0014667","rdfs:domain rdfs:subClassOf obo:DOID_3205","obo:DOID_4637 rdfs:subClassOf obo:DOID_5535","rdf:Bag rdfs:subClassOf obo:DOID_4202","obo:DOID_2595 rdfs:subClassOf obo:DOID_0050737","rdfs:isDefinedBy rdfs:subClassOf obo:DOID_0060084","obo:DOID_850 rdfs:subClassOf obo:DOID_0050338","obo:DOID_9935 rdfs:subClassOf rdfs:Resource","rdfs:ContainerMembershipProperty rdfs:subClassOf obo:DOID_76","obo:DOID_0050592 rdfs:subClassOf obo:DOID_9087","obo:DOID_3029 rdfs:domain rdf:Statement","obo:DOID_5572 rdfs:subClassOf obo:DOID_3205","obo:DOID_14202 rdfs:subClassOf obo:DOID_76","obo:DOID_11262 rdfs:subClassOf obo:DOID_0060283","rdfs:subClassOf rdf:type rdfs:Class","obo:DOID_6992 rdfs:subClassOf obo:DOID_10223","obo:DOID_0060061 rdfs:subClassOf rdfs:Container","rdf:type rdfs:subClassOf obo:DOID_8541","rdf:object rdfs:subClassOf obo:DOID_6959","obo:DOID_229 rdfs:subClassOf obo:DOID_9935","obo:DOID_9087 rdfs:subClassOf rdf:Property","rdfs:Resource rdfs:range rdfs:Literal","obo:DOID_8719 rdfs:subClassOf obo:DOID_5396","owl:Axiom rdfs:subClassOf rdfs:Container","obo:DOID_8541 rdfs:subPropertyOf rdf:rest","obo:DOID_341 rdfs:subClassOf obo:DOID_5535","rdfs:Datatype rdfs:subClassOf obo:DOID_1748","obo:DOID_11262 rdfs:subClassOf obo:DOID_76","obo:DOID_0060084 rdfs:subClassOf obo:DOID_0050338","obo:DOID_14330 rdfs:range rdfs:Class","obo:DOID_9848 rdfs:subClassOf rdfs:Resource","obo:DOID_11401 rdf:type rdf:Property","rdfs:comment rdfs:subClassOf obo:DOID_6992","obo:DOID_1791 rdfs:subClassOf obo:DOID_0060084","rdfs:range rdfs:subClassOf rdf:Property","obo:DOID_2595 rdfs:range rdfs:Literal","obo:DOID_1076 rdfs:subClassOf obo:DOID_229","obo:DOID_4202 rdfs:subClassOf obo:DOID_2256","obo:DOID_6992 rdf:type rdf:Property","obo:DOID_5396 rdfs:subClassOf obo:DOID_0060283","rdfs:domain rdf:type rdfs:Class","obo:DOID_341 rdfs:subClassOf obo:DOID_0060283","rdf:first rdfs:subClassOf rdf:Property","rdf:rest rdfs:subClassOf obo:DOID_4637","obo:DOID_6992 rdfs:subClassOf obo:DOID_5572","rdf:type rdfs:subClassOf obo:DOID_4813","obo:DOID_7518 rdfs:domain rdf:Property","obo:DOID_11049 rdfs:subClassOf obo:DOID_0050467","rdf:predicate rdfs:subClassOf obo:DOID_0060283","obo:DOID_9973 rdfs:subClassOf obo:DOID_305","obo:DOID_9847 rdfs:subClassOf obo:DOID_10223","obo:DOID_11049 rdfs:domain rdf:List","rdf:Alt rdfs:subClassOf rdf:Property","obo:DOID_3205 rdfs:subClassOf rdfs:Resource","rdf:type rdfs:subClassOf obo:DOID_0014667","obo:DOID_1924 rdfs:range rdfs:Class","obo:DOID_9848 rdf:type rdf:Property","obo:DOID_0060158 rdfs:subClassOf obo:DOID_264","obo:DOID_2234 rdfs:subClassOf obo:DOID_2683","rdf:subject rdfs:subClassOf rdfs:Container","rdf:Seq rdf:type rdf:Property","rdfs:isDefinedBy rdfs:range rdfs:Literal","obo:DOID_1791 rdfs:subClassOf obo:DOID_5572","obo:DOID_5660 rdf:type rdf:Property"]}