{"OntologyName":"http://purl.obolibrary.org/obo/doid.owl#","Prefixes":{"":"http://purl.obolibrary.org/obo/doid.owl#","owl":"http://www.w3.org/2002/07/owl#","rdf":"http://www.w3.org/1999/02/22-rdf-syntax-ns#","oboInOwl":"http://www.geneontology.org/formats/oboInOwl#","xsd":"http://www.w3.org/2001/XMLSchema#","doid":"http://purl.obolibrary.org/obo/doid#","rdfs":"http://www.w3.org/2000/01/rdf-schema#","obo":"http://purl.obolibrary.org/obo/"},"TotalBase Triples":1000,"Axiomatic Triples in Base":0,"rdf:TypeTriples in Base":128,"TotalUniqueSubjects in base":129,"TotalUniquePredicates in base":16,"TotalUniqueObjects in base":730,"TotalInferred Triples":284,"AxiomaticTriples in inferred":100,"rdf:TypeTriples in inferred":181,"TotalUniqueSubjects in inferred":90,"TotalUniquePredicates in inferred":5,"TotalUniqueObjects in inferred":79,"TotalInvalid Triples":284,"AxiomaticTriples in invalid":68,"rdf:TypeTriples in invalid":40,"fullRandomTriples in invalid":0,"trickyTriplesInInvalid in invalid":284,"TotalUniqueSubjects in invalid":90,"TotalUniquePredicates in invalid":5,"TotalUniqueObjects in invalid":73,"Inference_time (miliseconds)":6,"Invalid triples generation time (miliseconds)":35,"Output (json_format) writing time (miliseconds)":0,"OriginalAxioms":["82f7af1e-20d6-4d38-a1e8-1da19eb8166e owl:annotatedTarget acute infective polyneuritis","d4f2dff1-8850-450d-a671-68a040c99e77 owl:annotatedSource obo:DOID_633","81a1d20d-4970-4484-b1a5-3545a3556f4b owl:annotatedProperty obo:IAO_0000115","9d5aeb9b-a049-4581-aedd-3ab5b468d7d1 owl:annotatedSource obo:DOID_13368","obo:DOID_6227 oboInOwl:hasAlternativeId DOID:9873","5787d6ce-846b-46ea-8e2e-0dc6aa47280e owl:annotatedProperty obo:IAO_0000115","3dcdc153-ae6f-4d25-b73b-78dc5e573e60 rdf:type owl:Axiom","obo:DOID_8770 oboInOwl:hasOBONamespace disease_ontology","b79d3572-ca0c-46a6-bef0-38b2105d7501 owl:annotatedTarget acute tubule necrosis","561e5970-3924-4b56-947a-ac61c0063af0 owl:annotatedProperty oboInOwl:hasExactSynonym","ffe2046e-83b1-4234-9710-9831f541536c owl:annotatedProperty obo:IAO_0000115","e5459e79-e791-40f1-876c-b7edf80d07a0 rdf:type owl:Axiom","obo:DOID_0050408 oboInOwl:id DOID:0050408","6daa49cf-88d8-4e48-8d5b-d0f53721ae68 rdf:type owl:Axiom","81f3860d-cbca-4a09-a4dc-d79d4dfda074 owl:annotatedTarget Viral hepatitis, type A disorder","obo:DOID_11491 oboInOwl:hasDbXref SNOMEDCT_US_2015_03_01:53808001","6bfef1b1-e87e-4ac3-9a89-a805b15e444f owl:annotatedTarget A cardiovascular cancer located_in the heart.","obo:DOID_8469 oboInOwl:hasOBONamespace disease_ontology","9d5aeb9b-a049-4581-aedd-3ab5b468d7d1 owl:annotatedTarget Deep Seated Dermatophytosis","4ab622c3-d1bb-4c2b-9c2d-0cec15e67818 owl:annotatedTarget A speech disorder that involves a complete inability to speak.","obo:DOID_6315 oboInOwl:id DOID:6315","9d5aeb9b-a049-4581-aedd-3ab5b468d7d1 rdf:type owl:Axiom","51acfd73-847e-4162-8ca9-647531701be1 owl:annotatedSource obo:DOID_3587","obo:DOID_8557 oboInOwl:hasDbXref UMLS_CUI:C0153390","obo:DOID_0050533 oboInOwl:hasExactSynonym MITRAL VALVE PROLAPSE SYNDROME","072a192b-13fd-4b4b-af5c-c6517f38f9c8 oboInOwl:hasDbXref SNOMEDCT_2005_07_31:155082001","obo:DOID_8469 oboInOwl:hasDbXref SNOMEDCT_US_2015_03_01:266353003","obo:DOID_12849 oboInOwl:hasDbXref SNOMEDCT_US_2015_03_01:408856003","obo:DOID_12849 oboInOwl:hasDbXref OMIM:610908","54b58da9-0216-41f3-b3bb-1298691bbfc3 owl:annotatedSource obo:DOID_11547","faa15112-c2cb-4706-82ff-ef512b8812d5 owl:annotatedSource obo:DOID_11701","e39d3a39-32cc-4faa-a184-0ccb42d118cd owl:annotatedTarget neoplasm of Rathkes Pouch","obo:DOID_12849 oboInOwl:hasDbXref SNOMEDCT_US_2015_03_01:271450003","471a5ec4-7665-4235-925a-277893665ad6 rdf:type owl:Axiom","obo:DOID_6227 oboInOwl:hasDbXref SNOMEDCT_US_2015_03_01:268062001","obo:DOID_6227 oboInOwl:hasAlternativeId DOID:9874","obo:DOID_12849 oboInOwl:hasDbXref SNOMEDCT_US_2015_03_01:408857007","obo:DOID_6315 rdf:type owl:Class","obo:DOID_10519 oboInOwl:hasDbXref SNOMEDCT_US_2015_03_01:111898002","obo:DOID_4778 oboInOwl:hasDbXref NCI:C35281","51acfd73-847e-4162-8ca9-647531701be1 oboInOwl:hasDbXref MTHICD9_2006:157.3","939bfbd9-f3b9-4abe-b62a-4ec58784bb25 owl:annotatedSource obo:DOID_13165","obo:DOID_6139 oboInOwl:id DOID:6139","obo:DOID_10607 oboInOwl:hasExactSynonym Tropical steatorrhea","obo:DOID_4866 oboInOwl:id DOID:4866","obo:DOID_9241 oboInOwl:hasExactSynonym Reticulosarcoma of lymph nodes of axilla and upper limb disorder","1aa4fee2-5394-4993-8a7e-e3b0fb71d972 owl:annotatedSource obo:DOID_12996","obo:DOID_8557 oboInOwl:hasDbXref SNOMEDCT_US_2015_03_01:187688008","072a192b-13fd-4b4b-af5c-c6517f38f9c8 owl:annotatedProperty oboInOwl:hasExactSynonym","obo:DOID_7074 oboInOwl:hasExactSynonym Choroidal hemorrhage or rupture NOS disorder","obo:DOID_8557 oboInOwl:inSubset doid:DO_cancer_slim","3558c1ab-516f-42d0-b594-18e33ffa4a75 rdf:type owl:Axiom","d6c13373-fe26-4b8b-931c-82ae1f0c34a9 owl:annotatedSource obo:DOID_4029","d88236e7-e9d4-402a-8b4e-5b11461ec275 rdf:type owl:Axiom","obo:DOID_6227 oboInOwl:hasExactSynonym Articular cartilage disorder of the shoulder region disorder","d6c13373-fe26-4b8b-931c-82ae1f0c34a9 oboInOwl:hasDbXref SNOMEDCT_2005_07_31:235653009","obo:DOID_2800 rdfs:subClassOf obo:DOID_2797","d88236e7-e9d4-402a-8b4e-5b11461ec275 owl:annotatedTarget Hodgkins granuloma of spleen","obo:DOID_482 oboInOwl:id DOID:482","obo:DOID_8557 oboInOwl:hasDbXref ICD10CM:C10","b79d3572-ca0c-46a6-bef0-38b2105d7501 rdf:type owl:Axiom","obo:DOID_4866 oboInOwl:hasDbXref NCI:C2970","f14340da-16f6-4997-baa8-70033719ffb9 oboInOwl:hasDbXref NCI2004_11_17:C4967","obo:DOID_10607 oboInOwl:hasDbXref UMLS_CUI:C0038054","12cb9bdc-1658-4466-8c69-e37b8ecd5d74 owl:annotatedSource obo:DOID_829","obo:DOID_11491 rdfs:subClassOf obo:DOID_5113","obo:DOID_4866 oboInOwl:hasDbXref SNOMEDCT_US_2015_03_01:189594000","12cb9bdc-1658-4466-8c69-e37b8ecd5d74 owl:annotatedTarget Unspecified crystal arthropathy involving multiple sites","23456de2-a8ee-4435-8c6a-1104b9e0cfca oboInOwl:hasDbXref url:http://en.wikipedia.org/wiki/Osteomalacia","obo:DOID_1016 oboInOwl:id DOID:1016","obo:DOID_0060400 oboInOwl:id DOID:0060400","obo:DOID_4193 oboInOwl:hasOBONamespace disease_ontology","obo:DOID_8557 oboInOwl:hasAlternativeId DOID:8949","obo:DOID_12849 oboInOwl:hasDbXref OMIM:611016","obo:DOID_6227 oboInOwl:hasDbXref SNOMEDCT_US_2015_03_01:202132006","obo:DOID_3258 oboInOwl:hasDbXref NCI:C6246","42c70e95-088b-4607-a261-88849f5a7bf6 owl:annotatedSource obo:DOID_3973","obo:DOID_2712 oboInOwl:hasExactSynonym Tight foreskin finding","f09efae2-f928-4ddc-9956-0954f9a676a3 owl:annotatedSource obo:DOID_3766","6ab16c4f-4279-4533-a6be-cd23d2e499db owl:annotatedSource obo:DOID_2887","obo:DOID_6139 oboInOwl:hasDbXref UMLS_CUI:C1519851","obo:DOID_14218 oboInOwl:hasDbXref UMLS_CUI:C3495551","obo:DOID_9989 oboInOwl:hasExactSynonym metastatic tumor to the orbit","b50f407a-4c54-4f6e-a4b9-1224554cb02a oboInOwl:hasDbXref SNOMEDCT_2005_07_31:240842000","c027bb1d-bf46-4519-a840-8b4d53981189 owl:annotatedProperty oboInOwl:hasExactSynonym","06bd8493-51c8-421f-8470-b0dbdd01742e rdf:type owl:Axiom","obo:DOID_6227 oboInOwl:hasExactSynonym Articular cartilage disorder of the pelvic region and thigh disorder","obo:DOID_5588 oboInOwl:hasExactSynonym Papillary adenocarcinoma of the lung","obo:DOID_5601 rdf:type owl:Class","obo:DOID_0060312 oboInOwl:hasDbXref SNOMEDCT_US_2015_03_01:155664000","28ec26cc-50fb-4956-93ab-4a3009b2a4a2 owl:annotatedSource obo:DOID_2424","obo:DOID_2712 oboInOwl:hasDbXref NCI:C26852","obo:DOID_6227 oboInOwl:hasAlternativeId DOID:9875","2f4b1fcd-60c0-4b6b-ac5e-a89636086523 owl:annotatedSource obo:DOID_11754","7bef42f7-8aa4-4536-b2e9-03b8654ef40b owl:annotatedSource obo:DOID_5806","obo:DOID_8557 oboInOwl:hasDbXref SNOMEDCT_US_2015_03_01:448868009","obo:DOID_3295 rdfs:label fowlpox","80b5251b-13c0-45e5-b76a-07d5a4af8995 rdf:type owl:Axiom","obo:DOID_12849 rdf:type owl:Class","82f7af1e-20d6-4d38-a1e8-1da19eb8166e rdf:type owl:Axiom","obo:DOID_6227 oboInOwl:hasExactSynonym Articular cartilage disorder of the forearm disorder","obo:DOID_12849 oboInOwl:hasDbXref OMIM:613436","3558c1ab-516f-42d0-b594-18e33ffa4a75 owl:annotatedSource obo:DOID_2186","1b848343-e6bc-4537-9ae3-85b7faa85b71 owl:annotatedTarget HSMN","obo:DOID_7747 oboInOwl:hasExactSynonym childhood Extraocular Retinoblastoma","e160052f-e100-4514-a4ca-e08e4717dc80 owl:annotatedProperty obo:IAO_0000115","obo:DOID_12849 oboInOwl:hasDbXref OMIM:611015","obo:DOID_8557 oboInOwl:hasAlternativeId DOID:9168","obo:DOID_2800 oboInOwl:hasDbXref ICD9CM:516.33","obo:DOID_12849 oboInOwl:hasDbXref ICD9CM:299.0","obo:DOID_0060299 rdfs:label complement component 6 deficiency","obo:DOID_14218 oboInOwl:hasDbXref MSH:D054067","cbb65dde-5021-4eb0-bdd3-0092a5896151 rdf:type owl:Axiom","obo:DOID_11329 oboInOwl:hasDbXref OMIM:103400","obo:DOID_11491 oboInOwl:hasExactSynonym acquired night blindness disorder","obo:DOID_7074 rdf:type owl:Class","f0995ac7-02e8-4e8b-bd42-75affe2c995c owl:annotatedTarget A bone disease that results_in formation or resorption abnormalities located_in bone.","obo:DOID_9153 oboInOwl:hasDbXref ICD9CM:050.1","23456de2-a8ee-4435-8c6a-1104b9e0cfca oboInOwl:hasDbXref url:http://www.nlm.nih.gov/medlineplus/ency/article/000376.htm","ffe2046e-83b1-4234-9710-9831f541536c owl:annotatedSource obo:DOID_0050857","bc353229-8f8f-4871-b9b7-32d93e5bf202 owl:annotatedTarget Infantile hemiplegia [Ambiguous]","7bef42f7-8aa4-4536-b2e9-03b8654ef40b owl:annotatedTarget Unnas nevus","b50f407a-4c54-4f6e-a4b9-1224554cb02a rdf:type owl:Axiom","4c528c2f-37a5-4686-96a0-d0ed12af8a39 owl:annotatedSource obo:DOID_14026","obo:DOID_8557 oboInOwl:hasOBONamespace disease_ontology","obo:DOID_2712 oboInOwl:hasDbXref SNOMEDCT_US_2015_03_01:266571009","1d78c907-f40c-4faf-9c1b-57bc17d8813f oboInOwl:hasDbXref SNOMEDCT_2005_07_31:7265005","obo:DOID_14218 oboInOwl:hasExactSynonym Dihydrouracil Dehydrogenase deficiency","obo:DOID_12849 oboInOwl:hasDbXref SNOMEDCT_US_2015_03_01:154878007","505b3381-380f-4b2a-b3fc-2a9b3659bf74 owl:annotatedSource obo:DOID_12879","obo:DOID_6227 oboInOwl:hasExactSynonym Articular cartilage disorder of forearm disorder","obo:DOID_2800 oboInOwl:hasExactSynonym acute interstitial pneumonitis, NOS","c027bb1d-bf46-4519-a840-8b4d53981189 owl:annotatedTarget paroxysmal sleep","obo:DOID_3295 oboInOwl:id DOID:3295","obo:DOID_12849 oboInOwl:hasDbXref MSH:D001321","obo:DOID_2712 oboInOwl:hasDbXref SNOMEDCT_US_2015_03_01:449826002","23456de2-a8ee-4435-8c6a-1104b9e0cfca oboInOwl:hasDbXref url:http://my.clevelandclinic.org/disorders/osteomalacia/hic_osteomalacia.aspx","16c8f512-121c-4ced-8beb-93d89b3fec55 oboInOwl:hasDbXref SNOMEDCT_2005_07_31:271545007","57d18b16-3119-420a-8b52-e54f2853959b owl:annotatedTarget Neurolipocytoma","obo:DOID_6227 oboInOwl:hasExactSynonym Articular cartilage disorder involving pelvic region and thigh","9e4d7e56-696b-4387-97fd-e4827adeeff0 owl:annotatedSource obo:DOID_535","obo:DOID_7747 oboInOwl:hasDbXref UMLS_CUI:C1321870","d4f2dff1-8850-450d-a671-68a040c99e77 oboInOwl:hasDbXref SNOMEDCT_2005_07_31:128496001","obo:DOID_4991 oboInOwl:hasDbXref UMLS_CUI:C1336971","obo:DOID_4778 oboInOwl:hasDbXref SNOMEDCT_US_2015_03_01:441815006","23456de2-a8ee-4435-8c6a-1104b9e0cfca owl:annotatedTarget A bone remodeling disease that has_material_basis_in a vitamin D deficiency which results_in softening located_in bone.","obo:DOID_12849 oboInOwl:hasDbXref OMIM:300872","obo:DOID_7960 oboInOwl:hasExactSynonym malignant Eccrine Spiradenoma","bc353229-8f8f-4871-b9b7-32d93e5bf202 oboInOwl:hasDbXref SNOMEDCT_2005_07_31:192952005","obo:DOID_8770 owl:deprecated true^^http://www.w3.org/2001/XMLSchema#boolean","7326e20f-10d9-45d5-9f2a-2db0068f6f5c rdf:type owl:Axiom","f09efae2-f928-4ddc-9956-0954f9a676a3 oboInOwl:hasDbXref SNOMEDCT_2005_07_31:156017008","d88236e7-e9d4-402a-8b4e-5b11461ec275 owl:annotatedSource obo:DOID_8795","06bd8493-51c8-421f-8470-b0dbdd01742e owl:annotatedProperty oboInOwl:hasExactSynonym","obo:DOID_0050533 oboInOwl:hasExactSynonym IRRITABLE HEART","c027bb1d-bf46-4519-a840-8b4d53981189 rdf:type owl:Axiom","obo:DOID_2712 oboInOwl:id DOID:2712","obo:DOID_6227 oboInOwl:id DOID:6227","5787d6ce-846b-46ea-8e2e-0dc6aa47280e owl:annotatedTarget A parasitic helminthiasis infectious disease that involves infection by parasitic worms known as flukes, which are carried to various organs through blood stream.","b79d3572-ca0c-46a6-bef0-38b2105d7501 oboInOwl:hasDbXref SNOMEDCT_2005_07_31:35455006","obo:DOID_8557 oboInOwl:hasDbXref UMLS_CUI:C0153382","obo:DOID_14218 oboInOwl:hasDbXref OMIM:274270","35ca8e94-20a2-497c-b33a-db2b5ed1150e owl:annotatedSource obo:DOID_12087","16c8f512-121c-4ced-8beb-93d89b3fec55 owl:annotatedSource obo:DOID_13760","9e4d7e56-696b-4387-97fd-e4827adeeff0 owl:annotatedTarget Non-organic sleep disorder","obo:DOID_7747 oboInOwl:id DOID:7747","obo:DOID_10519 oboInOwl:hasExactSynonym chronic mycotic otitis externa","obo:DOID_8557 oboInOwl:hasExactSynonym malignant neoplasm of junctional region of oropharynx","5787d6ce-846b-46ea-8e2e-0dc6aa47280e oboInOwl:hasDbXref url:http://en.wikipedia.org/wiki/Trematoda","obo:DOID_10519 oboInOwl:hasExactSynonym chronic mycotic otitis externa NOS disorder","37914600-8299-4955-91b0-2f1a564da3bc owl:annotatedSource obo:DOID_4481","82f7af1e-20d6-4d38-a1e8-1da19eb8166e owl:annotatedProperty oboInOwl:hasExactSynonym","81a1d20d-4970-4484-b1a5-3545a3556f4b oboInOwl:hasDbXref url:https://www.nhlbi.nih.gov/health/health-topics/topics/pad/","80b5251b-13c0-45e5-b76a-07d5a4af8995 owl:annotatedProperty oboInOwl:hasExactSynonym","obo:DOID_12849 oboInOwl:hasDbXref SNOMEDCT_US_2015_03_01:192581001","b50f407a-4c54-4f6e-a4b9-1224554cb02a owl:annotatedProperty oboInOwl:hasExactSynonym","ee7734f0-97b7-43e0-acb6-1082c15c9bde owl:annotatedSource obo:DOID_12759","obo:DOID_0060312 oboInOwl:hasExactSynonym cheilosis","obo:DOID_2800 oboInOwl:hasDbXref NCI:C35806","ee7734f0-97b7-43e0-acb6-1082c15c9bde owl:annotatedTarget neoplasm of choroid disorder","obo:DOID_6315 rdfs:subClassOf obo:DOID_6231","obo:DOID_8770 oboInOwl:hasExactSynonym Reticulosarcoma of intra-abdominal lymph nodes disorder","obo:DOID_12849 oboInOwl:hasDbXref OMIM:300425","dd355d89-038d-4512-b0ca-84e38fcd340f owl:annotatedSource obo:DOID_8765","cbb65dde-5021-4eb0-bdd3-0092a5896151 owl:annotatedProperty oboInOwl:hasExactSynonym","6daa49cf-88d8-4e48-8d5b-d0f53721ae68 owl:annotatedProperty oboInOwl:hasExactSynonym","obo:DOID_11491 oboInOwl:hasDbXref ICD10CM:H53.62","obo:DOID_6227 oboInOwl:hasAlternativeId DOID:9871","51acfd73-847e-4162-8ca9-647531701be1 owl:annotatedTarget malignant neoplasm of duct of Wirsung","cd09ed90-e5ef-4251-9b03-032d71701334 owl:annotatedTarget Diphtheritic myocarditis disorder","e5459e79-e791-40f1-876c-b7edf80d07a0 owl:annotatedProperty oboInOwl:hasExactSynonym","obo:DOID_4778 oboInOwl:hasOBONamespace disease_ontology","obo:DOID_9153 oboInOwl:hasExactSynonym cottonpox","obo:DOID_6139 oboInOwl:hasDbXref NCI:C40174","obo:DOID_4829 rdfs:subClassOf obo:DOID_3908","561e5970-3924-4b56-947a-ac61c0063af0 rdf:type owl:Axiom","3dcdc153-ae6f-4d25-b73b-78dc5e573e60 owl:annotatedProperty oboInOwl:hasExactSynonym","42380236-9c4a-4fa7-bc19-ece9a20e2d2d owl:annotatedTarget DIC","obo:DOID_2800 oboInOwl:hasExactSynonym accelerated interstitial pneumonia","42380236-9c4a-4fa7-bc19-ece9a20e2d2d owl:annotatedSource obo:DOID_11247","obo:DOID_8469 oboInOwl:hasDbXref SNOMEDCT_US_2015_03_01:266393000","obo:DOID_6227 rdf:type owl:Class","6bfef1b1-e87e-4ac3-9a89-a805b15e444f owl:annotatedProperty obo:IAO_0000115","obo:DOID_8469 oboInOwl:hasDbXref UMLS_CUI:C0021400","072a192b-13fd-4b4b-af5c-c6517f38f9c8 owl:annotatedTarget acute inf. polyneuritis","obo:DOID_8557 oboInOwl:hasExactSynonym malignant tumour of mesopharynx disorder","obo:DOID_0060312 oboInOwl:hasExactSynonym angular stomatitis","obo:DOID_6227 oboInOwl:hasExactSynonym Articular cartilage disorder of hand","obo:DOID_8557 oboInOwl:hasDbXref SNOMEDCT_US_2015_03_01:373653002","obo:DOID_2800 oboInOwl:id DOID:2800","80b5251b-13c0-45e5-b76a-07d5a4af8995 owl:annotatedTarget Transvestic fetishism","obo:DOID_6139 rdf:type owl:Class","6ab16c4f-4279-4533-a6be-cd23d2e499db oboInOwl:hasDbXref NCI2004_11_17:C5544","9d5aeb9b-a049-4581-aedd-3ab5b468d7d1 owl:annotatedProperty oboInOwl:hasExactSynonym","7326e20f-10d9-45d5-9f2a-2db0068f6f5c owl:annotatedTarget A parasitic helminthiasis infectious disease that involves parasitic infection of the bile ducts of the liver by Clonorchis sinensis. The symptoms include abdominal pain, nausea, diarrhea, and eosinophilia. In long-standing infections, cholangitis, cholelithiasis, pancreatitis, and cholangiocarcinoma can develop.","obo:DOID_0060400 rdfs:label chromosome 16p12.2-p11.2 deletion syndrome","d4f2dff1-8850-450d-a671-68a040c99e77 owl:annotatedTarget Inflammatory disorder of muscle disorder","obo:DOID_0080091 rdf:type owl:Class","ffe2046e-83b1-4234-9710-9831f541536c oboInOwl:hasDbXref url:http://ghr.nlm.nih.gov/gene/LARS2","obo:DOID_4829 oboInOwl:hasDbXref NCI:C9133","d88236e7-e9d4-402a-8b4e-5b11461ec275 owl:annotatedProperty oboInOwl:hasExactSynonym","61507e07-19f2-4ebc-97c7-9c5837ff1a4d owl:annotatedSource obo:DOID_106","obo:DOID_6227 oboInOwl:hasAlternativeId DOID:9872","obo:DOID_4991 oboInOwl:hasOBONamespace disease_ontology","3558c1ab-516f-42d0-b594-18e33ffa4a75 owl:annotatedProperty oboInOwl:hasExactSynonym","072a192b-13fd-4b4b-af5c-c6517f38f9c8 rdf:type owl:Axiom","obo:DOID_12849 oboInOwl:hasDbXref OMIM:209850","ffe2046e-83b1-4234-9710-9831f541536c owl:annotatedTarget An autosomal recessive disesase that is characterized by sensorineural hearing loss and ovarian failure.","2c7c7f4c-3d91-4f41-a6f9-f360c644ee9f owl:annotatedTarget ampulla of vater cancer","6b485447-711d-4eb0-a52b-8031e3119377 oboInOwl:hasDbXref url:http://bioinf.uta.fi/CD247base/","52ca3264-a2fb-4cf8-9289-fa964d60880c oboInOwl:hasDbXref SNOMEDCT_2005_07_31:156394009","obo:DOID_8469 rdfs:label influenza","obo:DOID_8557 obo:IAO_0000115 A pharynx cancer that is located_in the  oropharynx.","obo:DOID_0060299 oboInOwl:id DOID:0060299","obo:DOID_482 oboInOwl:hasDbXref UMLS_CUI:C1333956","obo:DOID_8557 oboInOwl:hasDbXref NCI:C7398","obo:DOID_2712 oboInOwl:hasExactSynonym Phimosis disorder [Ambiguous]","471a5ec4-7665-4235-925a-277893665ad6 owl:annotatedProperty oboInOwl:hasExactSynonym","dd355d89-038d-4512-b0ca-84e38fcd340f owl:annotatedProperty obo:IAO_0000115","obo:DOID_11329 oboInOwl:hasDbXref ICD9CM:136.0","obo:DOID_2712 oboInOwl:hasDbXref SNOMEDCT_US_2015_03_01:155921009","obo:DOID_12849 oboInOwl:hasExactSynonym autistic disorder of childhood onset","obo:DOID_9153 oboInOwl:hasDbXref MSH:D012899","obo:DOID_8557 oboInOwl:hasExactSynonym Oropharyngeal carcinoma","28ec26cc-50fb-4956-93ab-4a3009b2a4a2 owl:annotatedTarget Intradermal nevus morphologic abnormality","4c528c2f-37a5-4686-96a0-d0ed12af8a39 oboInOwl:hasDbXref ICD9CM_2006:281.2","23456de2-a8ee-4435-8c6a-1104b9e0cfca rdf:type owl:Axiom","81a1d20d-4970-4484-b1a5-3545a3556f4b owl:annotatedTarget An artery disease that is characterized by build up of plaque in the arteries that carry blood to your head, organs, and limbs.","b79d3572-ca0c-46a6-bef0-38b2105d7501 owl:annotatedProperty oboInOwl:hasExactSynonym","obo:DOID_12849 oboInOwl:hasDbXref SNOMEDCT_US_2015_03_01:34883005","obo:DOID_4778 oboInOwl:hasExactSynonym Proliferative Glomerulonephritis","cbb65dde-5021-4eb0-bdd3-0092a5896151 owl:annotatedTarget Henoch-Schonlein purpura disorder","obo:DOID_8469 oboInOwl:hasExactSynonym Influenza with other manifestations disorder","obo:DOID_7960 oboInOwl:hasDbXref NCI:C5117","obo:DOID_2712 oboInOwl:hasExactSynonym Tight foreskin","61507e07-19f2-4ebc-97c7-9c5837ff1a4d oboInOwl:hasDbXref NCI2004_11_17:C26898","obo:DOID_11329 oboInOwl:hasExactSynonym Ainhum disorder","412d809f-f494-4824-8483-9efad4e585df oboInOwl:hasDbXref SNOMEDCT_2005_07_31:198146003","42380236-9c4a-4fa7-bc19-ece9a20e2d2d owl:annotatedProperty oboInOwl:hasExactSynonym","obo:DOID_6227 oboInOwl:hasExactSynonym Articular cartilage disorder of the hand disorder","obo:DOID_11329 oboInOwl:id DOID:11329","obo:DOID_0060312 oboInOwl:created_by emitraka","c027bb1d-bf46-4519-a840-8b4d53981189 owl:annotatedSource obo:DOID_8986","obo:DOID_7747 rdf:type owl:Class","obo:DOID_482 rdfs:subClassOf obo:DOID_255","obo:DOID_7074 oboInOwl:id DOID:7074","obo:DOID_0060400 oboInOwl:hasOBONamespace disease_ontology","obo:DOID_12849 oboInOwl:hasDbXref OMIM:608049","obo:DOID_12849 oboInOwl:hasDbXref OMIM:610676","obo:DOID_6227 oboInOwl:hasExactSynonym Articular cartilage disorder of ankle and/or foot disorder","9c1c4498-907d-4a32-bac2-7bdd2b962385 oboInOwl:hasDbXref SNOMEDCT_2005_07_31:67073007","obo:DOID_0050533 rdf:type owl:Class","obo:DOID_4193 oboInOwl:hasDbXref ICD9CM:434.0","obo:DOID_2800 oboInOwl:hasExactSynonym Hamman-Rich syndrome","7bef42f7-8aa4-4536-b2e9-03b8654ef40b rdf:type owl:Axiom","obo:DOID_4193 oboInOwl:id DOID:4193","6daa49cf-88d8-4e48-8d5b-d0f53721ae68 owl:annotatedTarget Mature teratoma","f09efae2-f928-4ddc-9956-0954f9a676a3 owl:annotatedProperty oboInOwl:hasExactSynonym","obo:DOID_12849 oboInOwl:hasDbXref OMIM:615032","obo:DOID_0060299 rdf:type owl:Class","obo:DOID_3258 oboInOwl:id DOID:3258","obo:DOID_12849 oboInOwl:hasDbXref OMIM:607373","obo:DOID_11329 oboInOwl:hasDbXref UMLS_CUI:C0001860","57d18b16-3119-420a-8b52-e54f2853959b oboInOwl:hasDbXref SNOMEDCT_2005_07_31:128858006","obo:DOID_1016 oboInOwl:inSubset doid:gram-positive_bacterial_infectious_disease","7c11d249-c988-4b6e-bee9-d989f1d2f704 rdf:type owl:Axiom","3df745ec-6fcb-4e27-b3b8-c6ca22b2aa8a owl:annotatedSource obo:DOID_1487","7c11d249-c988-4b6e-bee9-d989f1d2f704 owl:annotatedTarget malignant neoplasm of lip, inner aspect","obo:DOID_4193 rdfs:subClassOf obo:DOID_6713","obo:DOID_4866 oboInOwl:hasOBONamespace disease_ontology","obo:DOID_4778 oboInOwl:id DOID:4778","obo:DOID_1977 oboInOwl:hasOBONamespace disease_ontology","obo:DOID_14218 oboInOwl:hasDbXref UMLS_CUI:C1959620","obo:DOID_7074 oboInOwl:hasExactSynonym Choroidal hemorrhage and rupture disorder","obo:DOID_0060312 oboInOwl:hasOBONamespace disease_ontology","obo:DOID_7960 oboInOwl:id DOID:7960","obo:DOID_0050621 rdf:type owl:Class","81f3860d-cbca-4a09-a4dc-d79d4dfda074 owl:annotatedProperty oboInOwl:hasExactSynonym","obo:DOID_9153 rdfs:subClassOf obo:DOID_8736","52ca3264-a2fb-4cf8-9289-fa964d60880c owl:annotatedTarget Necrobiosis lipoidica","11522f08-6df7-4af5-bfce-f15973db1977 owl:annotatedSource obo:DOID_1380","obo:DOID_11329 rdf:type owl:Class","obo:DOID_8557 oboInOwl:hasDbXref SNOMEDCT_US_2015_03_01:187686007","6ab16c4f-4279-4533-a6be-cd23d2e499db owl:annotatedTarget Prostatic leiomyoma","obo:DOID_2800 oboInOwl:hasExactSynonym Idiopathic pulmonary fibrosis, acute fatal form","16c8f512-121c-4ced-8beb-93d89b3fec55 rdf:type owl:Axiom","obo:DOID_7960 rdf:type owl:Class","obo:DOID_11329 oboInOwl:hasDbXref MSH:D000387","e16dca6f-682b-430d-b6d4-0a18110d40ca oboInOwl:hasDbXref SNOMEDCT_2005_07_31:128525008","80b5251b-13c0-45e5-b76a-07d5a4af8995 oboInOwl:hasDbXref ICD9CM_2006:302.3","obo:DOID_4991 rdfs:subClassOf obo:DOID_4992","obo:DOID_1016 owl:deprecated true^^http://www.w3.org/2001/XMLSchema#boolean","obo:DOID_12849 oboInOwl:hasDbXref ORDO:106","cd09ed90-e5ef-4251-9b03-032d71701334 owl:annotatedSource obo:DOID_13308","obo:DOID_0060400 oboInOwl:hasDbXref ICD10CM:Q93.5","5b175db9-3253-450c-aec4-18c53d134d70 owl:annotatedProperty oboInOwl:hasExactSynonym","obo:DOID_8770 oboInOwl:id DOID:8770","7326e20f-10d9-45d5-9f2a-2db0068f6f5c owl:annotatedProperty obo:IAO_0000115","39011830-6894-4c4c-9fe4-1747a962b8e8 rdf:type owl:Axiom","c8bbb379-7074-4977-8189-f689ddc79239 owl:annotatedTarget malignant tumor of muscle disorder","obo:DOID_0060400 oboInOwl:inSubset doid:DO_MGI_slim","obo:DOID_13696 oboInOwl:hasOBONamespace disease_ontology","61aae9f3-0a25-47c7-8c3c-8a53c3282b14 oboInOwl:hasDbXref url:http://books.google.com/books?id\u003dFB0Asxq2KSQC\u0026pg\u003dPA120\u0026lpg#v\u003donepage\u0026q\u003d\u0026f\u003dfalse","d3fb5e08-9ef3-447f-a000-edefc74f7de4 rdf:type owl:Axiom","obo:DOID_2800 oboInOwl:hasDbXref SNOMEDCT_US_2015_03_01:236302005","obo:DOID_0060299 oboInOwl:hasDbXref OMIM:612446","obo:DOID_10607 oboInOwl:hasDbXref NCI:C45428","obo:DOID_9989 oboInOwl:hasOBONamespace disease_ontology","obo:DOID_0080091 oboInOwl:id DOID:0080091","obo:DOID_11329 oboInOwl:hasExactSynonym Dactylolysis spontanea","obo:DOID_6227 rdfs:subClassOf obo:DOID_381","1d78c907-f40c-4faf-9c1b-57bc17d8813f rdf:type owl:Axiom","e16dca6f-682b-430d-b6d4-0a18110d40ca owl:annotatedProperty oboInOwl:hasExactSynonym","5296158b-6955-40c8-ae52-7caad50d1ff1 oboInOwl:hasDbXref SNOMEDCT_2005_07_31:61831009","6ab16c4f-4279-4533-a6be-cd23d2e499db rdf:type owl:Axiom","obo:DOID_0050621 oboInOwl:id DOID:0050621","6bfef1b1-e87e-4ac3-9a89-a805b15e444f oboInOwl:hasDbXref url:http://en.wikipedia.org/wiki/Heart_cancer","dd355d89-038d-4512-b0ca-84e38fcd340f rdf:type owl:Axiom","37914600-8299-4955-91b0-2f1a564da3bc owl:annotatedProperty oboInOwl:hasExactSynonym","452a97a3-921f-4c87-a623-e63f9ea2734c oboInOwl:hasDbXref MTHICD9_2006:155.1","obo:DOID_8469 oboInOwl:hasDbXref SNOMEDCT_US_2015_03_01:155559006","4ab622c3-d1bb-4c2b-9c2d-0cec15e67818 oboInOwl:hasDbXref url:http://en.wikipedia.org/wiki/Mutism","23456de2-a8ee-4435-8c6a-1104b9e0cfca owl:annotatedProperty obo:IAO_0000115","obo:DOID_9153 oboInOwl:hasDbXref SNOMEDCT_US_2015_03_01:72294005","obo:DOID_4917 oboInOwl:hasOBONamespace disease_ontology","obo:DOID_11329 oboInOwl:hasDbXref ICD10CM:L94.6","obo:DOID_6227 rdfs:label articular cartilage disease","e5459e79-e791-40f1-876c-b7edf80d07a0 owl:annotatedTarget Congenital abnormality of skull and face bones disorder","obo:DOID_6227 oboInOwl:hasExactSynonym articular cartilage disorder of ankle and/or foot","obo:DOID_10519 oboInOwl:hasDbXref UMLS_CUI:C0155396","obo:DOID_12849 obo:IAO_0000115 An autism spectrum disorder that is characterized by symptoms across all three symptom domains communication, social, restricted repetitive interests and behaviors, delayed language development, and symptom onset prior to age 3 years.","obo:DOID_6227 oboInOwl:hasExactSynonym Articular cartilage disorder of the upper arm disorder","cb735de2-1fb4-4f0b-a34f-eedd4302ed5b owl:annotatedSource obo:DOID_13035","3df745ec-6fcb-4e27-b3b8-c6ca22b2aa8a owl:annotatedTarget secondary syphilitic uveitis NOS disorder","12cb9bdc-1658-4466-8c69-e37b8ecd5d74 rdf:type owl:Axiom","37914600-8299-4955-91b0-2f1a564da3bc owl:annotatedTarget Perenial allergic rhinitis","1b848343-e6bc-4537-9ae3-85b7faa85b71 owl:annotatedSource obo:DOID_2477","6bfef1b1-e87e-4ac3-9a89-a805b15e444f rdf:type owl:Axiom","471a5ec4-7665-4235-925a-277893665ad6 owl:annotatedTarget Conjunctival pigmentation disorder","b79d3572-ca0c-46a6-bef0-38b2105d7501 owl:annotatedSource obo:DOID_12556","52ca3264-a2fb-4cf8-9289-fa964d60880c rdf:type owl:Axiom","obo:DOID_0060312 oboInOwl:hasExactSynonym commissural cheilitis","obo:DOID_0080091 oboInOwl:hasDbXref OMIM:182920","obo:DOID_2712 oboInOwl:hasDbXref ICD10CM:N47.1","obo:DOID_8469 oboInOwl:hasDbXref NCI:C53482","obo:DOID_0060312 oboInOwl:creation_date 2015-02-19T15:57:00Z","28ec26cc-50fb-4956-93ab-4a3009b2a4a2 owl:annotatedProperty oboInOwl:hasExactSynonym","62e6f28c-f1ac-4019-b5fa-1dbeeded5f99 owl:annotatedSource obo:DOID_8295","obo:DOID_1141 owl:deprecated true^^http://www.w3.org/2001/XMLSchema#boolean","obo:DOID_9241 owl:deprecated true^^http://www.w3.org/2001/XMLSchema#boolean","obo:DOID_4866 oboInOwl:inSubset doid:DO_cancer_slim","42c70e95-088b-4607-a261-88849f5a7bf6 owl:annotatedProperty oboInOwl:hasExactSynonym","obo:DOID_8557 oboInOwl:hasDbXref SNOMEDCT_US_2015_03_01:363392002","obo:DOID_0060387 rdfs:label chondrodysplasia Blomstrand type","obo:DOID_12849 oboInOwl:id DOID:12849","e0a26bb9-f100-4af5-ae7a-20170cf5dfca rdf:type owl:Axiom","obo:DOID_7960 oboInOwl:hasExactSynonym malignant eccrine spiradenoma morphologic abnormality","3558c1ab-516f-42d0-b594-18e33ffa4a75 owl:annotatedTarget megacephaly","obo:DOID_4917 oboInOwl:hasDbXref UMLS_CUI:C0334306","obo:DOID_3258 rdf:type owl:Class","obo:DOID_4829 oboInOwl:hasOBONamespace disease_ontology","1d78c907-f40c-4faf-9c1b-57bc17d8813f owl:annotatedSource obo:DOID_2749","37914600-8299-4955-91b0-2f1a564da3bc rdf:type owl:Axiom","e16dca6f-682b-430d-b6d4-0a18110d40ca owl:annotatedTarget disorder of cecum disorder","obo:DOID_8469 oboInOwl:hasDbXref SNOMEDCT_US_2015_03_01:195931008","obo:DOID_4193 oboInOwl:hasDbXref SNOMEDCT_US_2015_03_01:155401002","82f7af1e-20d6-4d38-a1e8-1da19eb8166e oboInOwl:hasDbXref ICD9CM_2006:357.0","6ab16c4f-4279-4533-a6be-cd23d2e499db owl:annotatedProperty oboInOwl:hasExactSynonym","obo:DOID_9153 oboInOwl:hasDbXref UMLS_CUI:C0001906","e16dca6f-682b-430d-b6d4-0a18110d40ca rdf:type owl:Axiom","obo:DOID_10607 oboInOwl:hasDbXref MSH:D013182","1d78c907-f40c-4faf-9c1b-57bc17d8813f owl:annotatedProperty oboInOwl:hasExactSynonym","obo:DOID_9153 oboInOwl:hasOBONamespace disease_ontology","obo:DOID_8557 oboInOwl:hasExactSynonym malignant neoplasm of oropharynx","obo:DOID_0060312 oboInOwl:hasDbXref NCI:C79545","obo:DOID_11491 rdf:type owl:Class","obo:DOID_10519 rdf:type owl:Class","obo:DOID_2712 oboInOwl:hasDbXref SNOMEDCT_US_2015_03_01:198007002","e0a26bb9-f100-4af5-ae7a-20170cf5dfca owl:annotatedSource obo:DOID_12929","obo:DOID_2712 rdf:type owl:Class","27eb7f79-a9ff-4f44-8928-614f46ea7cd6 oboInOwl:hasDbXref MTHICD9_2006:110.6","obo:DOID_3295 rdf:type owl:Class","ab3561f9-8cf3-4dd4-b3be-b80cc60ea308 owl:annotatedTarget squamous papilloma of the nasal Vestibule","obo:DOID_12849 oboInOwl:hasDbXref UMLS_CUI:C0004352","obo:DOID_8557 oboInOwl:hasDbXref SNOMEDCT_US_2015_03_01:187691008","obo:DOID_0060312 oboInOwl:hasExactSynonym angular cheilosis","obo:DOID_6139 rdfs:subClassOf obo:DOID_5289","obo:DOID_7960 rdfs:subClassOf obo:DOID_4921","obo:DOID_14218 oboInOwl:hasDbXref SNOMEDCT_US_2015_03_01:77365006","obo:DOID_9153 oboInOwl:hasExactSynonym Alastrim disorder","452a97a3-921f-4c87-a623-e63f9ea2734c owl:annotatedSource obo:DOID_12298","52ca3264-a2fb-4cf8-9289-fa964d60880c owl:annotatedProperty oboInOwl:hasExactSynonym","28ec26cc-50fb-4956-93ab-4a3009b2a4a2 oboInOwl:hasDbXref SNOMEDCT_2005_07_31:112681002","obo:DOID_0060312 obo:IAO_0000115 A cheilitis characterized by inflammation of one or both of the corners of the mouth.","5787d6ce-846b-46ea-8e2e-0dc6aa47280e rdf:type owl:Axiom","81a1d20d-4970-4484-b1a5-3545a3556f4b rdf:type owl:Axiom","obo:DOID_0080091 rdfs:label spheroid body myopathy","obo:DOID_0060387 oboInOwl:id DOID:0060387","obo:DOID_1016 rdfs:label primary tuberculosis","obo:DOID_14218 oboInOwl:hasExactSynonym familial pyrimidinaemia","obo:DOID_1016 oboInOwl:hasOBONamespace disease_ontology","12cb9bdc-1658-4466-8c69-e37b8ecd5d74 owl:annotatedProperty oboInOwl:hasExactSynonym","06bd8493-51c8-421f-8470-b0dbdd01742e owl:annotatedSource obo:DOID_8632","obo:DOID_6227 oboInOwl:hasExactSynonym Articular cartilage disorder of the ankle and foot disorder","ffe2046e-83b1-4234-9710-9831f541536c rdf:type owl:Axiom","452a97a3-921f-4c87-a623-e63f9ea2734c owl:annotatedTarget malignant neoplasm of intrahepatic biliary passages","obo:DOID_5588 oboInOwl:hasOBONamespace disease_ontology","7c11d249-c988-4b6e-bee9-d989f1d2f704 oboInOwl:hasDbXref MTH:NOCODE","obo:DOID_0050408 rdfs:label Staphylococcus aureus ecthyma","709dbf3a-f2e2-4515-b526-a06d5108b701 owl:annotatedSource obo:DOID_1570","obo:DOID_9153 rdfs:label variola minor","obo:DOID_13696 owl:deprecated true^^http://www.w3.org/2001/XMLSchema#boolean","e39d3a39-32cc-4faa-a184-0ccb42d118cd oboInOwl:hasDbXref NCI2004_11_17:C2964","obo:DOID_14218 rdf:type owl:Class","obo:DOID_10607 rdfs:subClassOf obo:DOID_5295","obo:DOID_1977 owl:deprecated true^^http://www.w3.org/2001/XMLSchema#boolean","obo:DOID_7960 oboInOwl:hasDbXref SNOMEDCT_US_2015_03_01:403942003","obo:DOID_6227 oboInOwl:hasDbXref ICD9CM:718.0","obo:DOID_6227 oboInOwl:hasExactSynonym Articular cartilage disorder involving multiple sites","e0a26bb9-f100-4af5-ae7a-20170cf5dfca owl:annotatedProperty oboInOwl:hasExactSynonym","obo:DOID_10607 rdf:type owl:Class","42c70e95-088b-4607-a261-88849f5a7bf6 rdf:type owl:Axiom","obo:DOID_2800 rdf:type owl:Class","28ec26cc-50fb-4956-93ab-4a3009b2a4a2 rdf:type owl:Axiom","obo:DOID_2712 oboInOwl:hasDbXref MSH:D010688","obo:DOID_10607 rdfs:label tropical sprue","obo:DOID_6227 oboInOwl:hasExactSynonym Articular cartilage disorder of forearm","06bd8493-51c8-421f-8470-b0dbdd01742e owl:annotatedTarget Kaposis sarcoma of the CNS","3558c1ab-516f-42d0-b594-18e33ffa4a75 oboInOwl:hasDbXref NCI2004_11_17:C35268","obo:DOID_6227 oboInOwl:hasExactSynonym Articular cartilage disorder of hand disorder","obo:DOID_0050533 oboInOwl:id DOID:0050533","61507e07-19f2-4ebc-97c7-9c5837ff1a4d owl:annotatedTarget Tuberculosis of Pleura","obo:DOID_4193 oboInOwl:hasDbXref UMLS_CUI:C0079102","e160052f-e100-4514-a4ca-e08e4717dc80 rdf:type owl:Axiom","obo:DOID_6227 oboInOwl:hasAlternativeId DOID:9366","obo:DOID_11491 oboInOwl:hasDbXref UMLS_CUI:C0152202","7c11d249-c988-4b6e-bee9-d989f1d2f704 owl:annotatedSource obo:DOID_8564","obo:DOID_0060299 oboInOwl:hasDbXref ICD10CM:D84.1","obo:DOID_0060312 oboInOwl:id DOID:0060312","cbb65dde-5021-4eb0-bdd3-0092a5896151 oboInOwl:hasDbXref SNOMEDCT_2005_07_31:191306005","obo:DOID_0050408 rdf:type owl:Class","obo:DOID_11329 oboInOwl:hasDbXref SNOMEDCT_US_2015_03_01:38528001","42380236-9c4a-4fa7-bc19-ece9a20e2d2d rdf:type owl:Axiom","obo:DOID_9989 owl:deprecated true^^http://www.w3.org/2001/XMLSchema#boolean","b50f407a-4c54-4f6e-a4b9-1224554cb02a owl:annotatedSource obo:DOID_11680","7c11d249-c988-4b6e-bee9-d989f1d2f704 owl:annotatedProperty oboInOwl:hasExactSynonym","faa15112-c2cb-4706-82ff-ef512b8812d5 oboInOwl:hasDbXref SNOMEDCT_2005_07_31:29260007","obo:DOID_12849 oboInOwl:hasDbXref SNOMEDCT_US_2015_03_01:43614003","cbb65dde-5021-4eb0-bdd3-0092a5896151 owl:annotatedSource obo:DOID_11123","obo:DOID_13696 oboInOwl:id DOID:13696","obo:DOID_10519 rdfs:subClassOf obo:DOID_0050147","obo:DOID_12849 oboInOwl:hasDbXref OMIM:609378","f09efae2-f928-4ddc-9956-0954f9a676a3 rdf:type owl:Axiom","7bef42f7-8aa4-4536-b2e9-03b8654ef40b owl:annotatedProperty oboInOwl:hasExactSynonym","obo:DOID_4778 oboInOwl:hasDbXref UMLS_CUI:C0235618","obo:DOID_4917 oboInOwl:hasExactSynonym villous adenocarcinoma morphologic abnormality","e16dca6f-682b-430d-b6d4-0a18110d40ca owl:annotatedSource obo:DOID_1518","7326e20f-10d9-45d5-9f2a-2db0068f6f5c owl:annotatedSource obo:DOID_13767","obo:DOID_9241 oboInOwl:hasOBONamespace disease_ontology","54b58da9-0216-41f3-b3bb-1298691bbfc3 oboInOwl:hasDbXref SNOMEDCT_2005_07_31:74460005","obo:DOID_1141 oboInOwl:hasOBONamespace disease_ontology","obo:DOID_4193 oboInOwl:hasAlternativeId DOID:12751","23456de2-a8ee-4435-8c6a-1104b9e0cfca owl:annotatedSource obo:DOID_10573","5b175db9-3253-450c-aec4-18c53d134d70 oboInOwl:hasDbXref NCI2004_11_17:C5500","obo:DOID_482 rdf:type owl:Class","81f3860d-cbca-4a09-a4dc-d79d4dfda074 rdf:type owl:Axiom","57d18b16-3119-420a-8b52-e54f2853959b owl:annotatedSource obo:DOID_14174","cb735de2-1fb4-4f0b-a34f-eedd4302ed5b owl:annotatedTarget Relapsing fever, louse-borne","35ca8e94-20a2-497c-b33a-db2b5ed1150e owl:annotatedTarget Deep vascularization of cornea disorder","obo:DOID_12849 oboInOwl:hasDbXref SNOMEDCT_US_2015_03_01:191691000","561e5970-3924-4b56-947a-ac61c0063af0 oboInOwl:hasDbXref CSP2005:2020-2747","939bfbd9-f3b9-4abe-b62a-4ec58784bb25 owl:annotatedTarget Pneumonia in aspergillosis","obo:DOID_8469 oboInOwl:id DOID:8469","d3fb5e08-9ef3-447f-a000-edefc74f7de4 owl:annotatedProperty oboInOwl:hasExactSynonym","obo:DOID_2712 rdfs:subClassOf obo:DOID_1529","obo:DOID_8557 oboInOwl:hasAlternativeId DOID:8851","39011830-6894-4c4c-9fe4-1747a962b8e8 owl:annotatedProperty oboInOwl:hasExactSynonym","obo:DOID_5588 oboInOwl:hasDbXref UMLS_CUI:C1335325","cd09ed90-e5ef-4251-9b03-032d71701334 oboInOwl:hasDbXref SNOMEDCT_2005_07_31:26117009","5b175db9-3253-450c-aec4-18c53d134d70 rdf:type owl:Axiom","obo:DOID_8557 oboInOwl:id DOID:8557","obo:DOID_6227 oboInOwl:hasExactSynonym Articular cartilage disorder of upper arm","607aea3b-95c3-43bd-a570-34cdb5d68430 oboInOwl:hasDbXref CSP2005:1851-4491","obo:DOID_12849 oboInOwl:hasExactSynonym Kanners syndrome","e5147551-74e6-4d1c-93a8-61508afbe79a owl:annotatedSource obo:DOID_10300","16c8f512-121c-4ced-8beb-93d89b3fec55 owl:annotatedProperty oboInOwl:hasExactSynonym","obo:DOID_4866 rdfs:label salivary gland adenoid cystic carcinoma","54b58da9-0216-41f3-b3bb-1298691bbfc3 rdf:type owl:Axiom","obo:DOID_3258 rdfs:subClassOf obo:DOID_3259","e0a26bb9-f100-4af5-ae7a-20170cf5dfca oboInOwl:hasDbXref MTHICD9_2006:425.3","obo:DOID_7747 oboInOwl:hasDbXref NCI:C9048","obo:DOID_4866 oboInOwl:hasDbXref MSH:D003528","452a97a3-921f-4c87-a623-e63f9ea2734c owl:annotatedProperty oboInOwl:hasExactSynonym","obo:DOID_2800 oboInOwl:hasDbXref SNOMEDCT_US_2015_03_01:35037009","d3fb5e08-9ef3-447f-a000-edefc74f7de4 owl:annotatedSource obo:DOID_3377","obo:DOID_8557 oboInOwl:hasDbXref ICD10CM:C10.9","obo:DOID_0050533 oboInOwl:hasExactSynonym NEUROCIRCULATORY ASTHENIA","561e5970-3924-4b56-947a-ac61c0063af0 owl:annotatedTarget cutaneous tag","c9293e45-5457-41b0-8a5c-9791d180cd10 rdf:type owl:Axiom","obo:DOID_9153 oboInOwl:hasExactSynonym milkpox","607aea3b-95c3-43bd-a570-34cdb5d68430 owl:annotatedTarget potassium deficiency","obo:DOID_7747 obo:IAO_0000115 An extraocular retinoblastoma that effects children.","obo:DOID_14218 rdfs:subClassOf obo:DOID_653","62e6f28c-f1ac-4019-b5fa-1dbeeded5f99 rdf:type owl:Axiom","obo:DOID_12849 oboInOwl:hasDbXref OMIM:300496","ee7734f0-97b7-43e0-acb6-1082c15c9bde owl:annotatedProperty oboInOwl:hasExactSynonym","obo:DOID_4778 rdfs:subClassOf obo:DOID_2921","61aae9f3-0a25-47c7-8c3c-8a53c3282b14 owl:annotatedTarget A labyrinthitis induced by alcohol, drug ingestion, or occasionally, inhaled substances that are toxic to the inner ear. Drugs like aminoglycosides, furosemide, ethacrynic acid, acetylsalicyclic acid, amiodarone, quinine, cisplatinum, barbiturates, quinine, anti-Alzheimers medications, anticonvulsants, antidepressants, and anxiolytics can be ototoxic.","c027bb1d-bf46-4519-a840-8b4d53981189 oboInOwl:hasDbXref CSP2005:2056-7716","obo:DOID_8469 oboInOwl:hasExactSynonym flu","obo:DOID_1977 oboInOwl:hasExactSynonym Lipoma of mediastinum","4ab622c3-d1bb-4c2b-9c2d-0cec15e67818 owl:annotatedProperty obo:IAO_0000115","obo:DOID_12849 rdfs:subClassOf obo:DOID_0060041","2f4b1fcd-60c0-4b6b-ac5e-a89636086523 rdf:type owl:Axiom","obo:DOID_6227 oboInOwl:hasExactSynonym Articular cartilage disorder of multiple sites","11522f08-6df7-4af5-bfce-f15973db1977 owl:annotatedProperty oboInOwl:hasExactSynonym","23456de2-a8ee-4435-8c6a-1104b9e0cfca oboInOwl:hasDbXref url:http://www.mayoclinic.com/health/osteomalacia/DS00935","505b3381-380f-4b2a-b3fc-2a9b3659bf74 owl:annotatedProperty oboInOwl:hasExactSynonym","obo:DOID_2800 oboInOwl:hasDbXref SNOMEDCT_US_2015_03_01:45157009","61aae9f3-0a25-47c7-8c3c-8a53c3282b14 owl:annotatedProperty obo:IAO_0000115","505b3381-380f-4b2a-b3fc-2a9b3659bf74 owl:annotatedTarget Exudative cyst of pars plana","f0995ac7-02e8-4e8b-bd42-75affe2c995c rdf:type owl:Axiom","b50f407a-4c54-4f6e-a4b9-1224554cb02a owl:annotatedTarget Ocular onchocerciasis disorder","obo:DOID_0060400 oboInOwl:hasExactSynonym 16p11.2-p12.2 microdeletion syndrome","709dbf3a-f2e2-4515-b526-a06d5108b701 oboInOwl:hasDbXref SNOMEDCT_2005_07_31:62909004","e39d3a39-32cc-4faa-a184-0ccb42d118cd owl:annotatedSource obo:DOID_3840","6daa49cf-88d8-4e48-8d5b-d0f53721ae68 owl:annotatedSource obo:DOID_5566","c8bbb379-7074-4977-8189-f689ddc79239 oboInOwl:hasDbXref SNOMEDCT_2005_07_31:363495004","27eb7f79-a9ff-4f44-8928-614f46ea7cd6 owl:annotatedTarget Granuloma trichophyticum","obo:DOID_8469 oboInOwl:hasDbXref ICD10CM:J11.1","obo:DOID_14218 oboInOwl:hasDbXref SNOMEDCT_US_2015_03_01:238016000","1aa4fee2-5394-4993-8a7e-e3b0fb71d972 owl:annotatedProperty oboInOwl:hasExactSynonym","42c70e95-088b-4607-a261-88849f5a7bf6 oboInOwl:hasDbXref NCI2004_11_17:C3879","obo:DOID_0080091 oboInOwl:created_by lschriml","obo:DOID_8469 oboInOwl:hasExactSynonym Influenza with non-respiratory manifestation disorder","obo:DOID_9153 oboInOwl:hasExactSynonym Variola minor","2c7c7f4c-3d91-4f41-a6f9-f360c644ee9f rdf:type owl:Axiom","cb735de2-1fb4-4f0b-a34f-eedd4302ed5b rdf:type owl:Axiom","cb735de2-1fb4-4f0b-a34f-eedd4302ed5b oboInOwl:hasDbXref ICD9CM_2006:087.0","obo:DOID_14218 oboInOwl:hasDbXref NCI:C3964","3dcdc153-ae6f-4d25-b73b-78dc5e573e60 owl:annotatedTarget acinar cell carcinoma morphologic abnormality","35ca8e94-20a2-497c-b33a-db2b5ed1150e oboInOwl:hasDbXref SNOMEDCT_2005_07_31:2102007","5b175db9-3253-450c-aec4-18c53d134d70 owl:annotatedSource obo:DOID_10657","e5147551-74e6-4d1c-93a8-61508afbe79a oboInOwl:hasDbXref SNOMEDCT_2005_07_31:123266007","obo:DOID_4829 oboInOwl:hasDbXref UMLS_CUI:C0279557","obo:DOID_8557 rdfs:label oropharynx cancer","obo:DOID_6139 oboInOwl:hasOBONamespace disease_ontology","obo:DOID_4829 oboInOwl:hasExactSynonym Adenosquamous lung carcinoma","1b848343-e6bc-4537-9ae3-85b7faa85b71 oboInOwl:hasDbXref SNOMEDCT_2005_07_31:128202008","obo:DOID_0080091 oboInOwl:hasOBONamespace disease_ontology","obo:DOID_9241 oboInOwl:id DOID:9241","obo:DOID_4193 rdfs:label intracranial thrombosis","80b5251b-13c0-45e5-b76a-07d5a4af8995 owl:annotatedSource obo:DOID_1233","f14340da-16f6-4997-baa8-70033719ffb9 owl:annotatedTarget adult acute lymphoid Leukemia","27eb7f79-a9ff-4f44-8928-614f46ea7cd6 owl:annotatedProperty oboInOwl:hasExactSynonym","obo:DOID_12849 oboInOwl:hasExactSynonym autism","52ca3264-a2fb-4cf8-9289-fa964d60880c owl:annotatedSource obo:DOID_3486","ffe2046e-83b1-4234-9710-9831f541536c oboInOwl:hasDbXref url:http://www.ncbi.nlm.nih.gov/pubmed/23541340","obo:DOID_8469 oboInOwl:hasDbXref MSH:D007251","82f7af1e-20d6-4d38-a1e8-1da19eb8166e owl:annotatedSource obo:DOID_12842","obo:DOID_2712 oboInOwl:hasExactSynonym Tight frenulum","9c1c4498-907d-4a32-bac2-7bdd2b962385 rdf:type owl:Axiom","obo:DOID_5601 owl:deprecated true^^http://www.w3.org/2001/XMLSchema#boolean","obo:DOID_2800 oboInOwl:hasDbXref UMLS_CUI:C1279945","6490ff4d-b56f-4835-9ab3-51f38b264acc owl:annotatedTarget Kawasakis disease","obo:DOID_4778 rdf:type owl:Class","d3fb5e08-9ef3-447f-a000-edefc74f7de4 oboInOwl:hasDbXref SNOMEDCT_2005_07_31:12302002","412d809f-f494-4824-8483-9efad4e585df owl:annotatedTarget chronic salpingitis and oophoritis NOS disorder","obo:DOID_6227 oboInOwl:hasOBONamespace disease_ontology","obo:DOID_12849 oboInOwl:hasDbXref ICD10CM:F84.0","obo:DOID_6227 oboInOwl:hasExactSynonym Articular cartilage disorder involving shoulder region","51acfd73-847e-4162-8ca9-647531701be1 owl:annotatedProperty oboInOwl:hasExactSynonym","1d78c907-f40c-4faf-9c1b-57bc17d8813f owl:annotatedTarget Glycogen storage disease, type I disorder","d3fb5e08-9ef3-447f-a000-edefc74f7de4 owl:annotatedTarget Round cell osteosarcoma","ab3561f9-8cf3-4dd4-b3be-b80cc60ea308 oboInOwl:hasDbXref NCI2004_11_17:C4369","dd355d89-038d-4512-b0ca-84e38fcd340f oboInOwl:hasDbXref url:http://www.nlm.nih.gov/medlineplus/ency/article/001355.htm","obo:DOID_8557 rdfs:subClassOf obo:DOID_0060119","obo:DOID_8557 oboInOwl:hasDbXref ICD10CM:C10.8","obo:DOID_0060387 oboInOwl:hasOBONamespace disease_ontology","obo:DOID_8557 oboInOwl:hasExactSynonym oropharyngeal cancer","d6c13373-fe26-4b8b-931c-82ae1f0c34a9 owl:annotatedTarget Gastritis [Ambiguous]","obo:DOID_10519 oboInOwl:hasDbXref SNOMEDCT_US_2015_03_01:194209004","obo:DOID_8770 oboInOwl:hasExactSynonym Reticulosarcoma of intra-abdominal lymph nodes","obo:DOID_4991 rdf:type owl:Class","obo:DOID_12849 oboInOwl:hasDbXref OMIM:300495","39011830-6894-4c4c-9fe4-1747a962b8e8 oboInOwl:hasDbXref ICD9CM_2006:362.32","obo:DOID_0060312 oboInOwl:hasDbXref MSH:D002613","obo:DOID_7074 owl:deprecated true^^http://www.w3.org/2001/XMLSchema#boolean","obo:DOID_9241 rdfs:label reticulosarcoma involving lymph nodes of axilla and upper limb","23456de2-a8ee-4435-8c6a-1104b9e0cfca oboInOwl:hasDbXref url:http://www.umm.edu/ency/article/000376.htm","obo:DOID_0080091 oboInOwl:inSubset doid:DO_MGI_slim","obo:DOID_4193 oboInOwl:hasDbXref UMLS_CUI:C0752143","6bfef1b1-e87e-4ac3-9a89-a805b15e444f owl:annotatedSource obo:DOID_117","obo:DOID_4193 oboInOwl:hasDbXref MSH:D020767","obo:DOID_2800 oboInOwl:hasDbXref SNOMEDCT_US_2015_03_01:129459004","obo:DOID_8557 oboInOwl:hasDbXref SNOMEDCT_US_2015_03_01:93933005","obo:DOID_6227 oboInOwl:hasDbXref ICD9CM:718.00","obo:DOID_6227 oboInOwl:hasExactSynonym Articular cartilage disorder involving upper arm","obo:DOID_6227 oboInOwl:hasDbXref SNOMEDCT_US_2015_03_01:287014004","f0995ac7-02e8-4e8b-bd42-75affe2c995c owl:annotatedSource obo:DOID_0080005","27eb7f79-a9ff-4f44-8928-614f46ea7cd6 owl:annotatedSource obo:DOID_13368","obo:DOID_9153 oboInOwl:id DOID:9153","obo:DOID_8469 rdf:type owl:Class","obo:DOID_8557 oboInOwl:hasDbXref ICD9CM:146.9","obo:DOID_0060312 oboInOwl:hasDbXref UMLS_CUI:C0007971","obo:DOID_4991 oboInOwl:hasExactSynonym optic tract astrocytoma","42c70e95-088b-4607-a261-88849f5a7bf6 owl:annotatedTarget Medullary carcinoma of the Thyroid gland","obo:DOID_8557 oboInOwl:hasExactSynonym malignant neoplasm of posterior wall of oropharynx","obo:DOID_8557 oboInOwl:hasAlternativeId DOID:8684","obo:DOID_12849 oboInOwl:hasDbXref SNOMEDCT_US_2015_03_01:191688000","obo:DOID_4917 oboInOwl:id DOID:4917","obo:DOID_8770 rdf:type owl:Class","9c1c4498-907d-4a32-bac2-7bdd2b962385 owl:annotatedProperty oboInOwl:hasExactSynonym","obo:DOID_0060312 oboInOwl:hasDbXref SNOMEDCT_US_2015_03_01:196557006","61aae9f3-0a25-47c7-8c3c-8a53c3282b14 owl:annotatedSource obo:DOID_14081","5296158b-6955-40c8-ae52-7caad50d1ff1 owl:annotatedSource obo:DOID_14190","9fc47cd4-f7f9-4176-af4c-b94bb9ccdaa0 owl:annotatedTarget deficiency of argininosuccinate lyase disorder","27eb7f79-a9ff-4f44-8928-614f46ea7cd6 rdf:type owl:Axiom","61aae9f3-0a25-47c7-8c3c-8a53c3282b14 oboInOwl:hasDbXref url:http://www.ncbi.nlm.nih.gov/pubmed/16448876","obo:DOID_9989 rdfs:label metastasis to the orbit","obo:DOID_4829 rdfs:label adenosquamous cell lung carcinoma","obo:DOID_7960 rdfs:label malignant spiradenoma","obo:DOID_4917 rdfs:subClassOf obo:DOID_299","obo:DOID_8469 oboInOwl:hasAlternativeId DOID:8468","obo:DOID_9153 obo:IAO_0000115 A smallpox that results_in milder infection, located_in skin, has_material_basis_in Variola virus. The infection results_in_formation_of lesions.","obo:DOID_10519 oboInOwl:hasExactSynonym chronic mycotic otitis externa disorder","81a1d20d-4970-4484-b1a5-3545a3556f4b oboInOwl:hasDbXref url:http://www.nlm.nih.gov/medlineplus/ency/article/000170.htm","obo:DOID_6227 oboInOwl:hasDbXref SNOMEDCT_US_2015_03_01:202145005","obo:DOID_0060312 rdfs:subClassOf obo:DOID_1762","1aa4fee2-5394-4993-8a7e-e3b0fb71d972 oboInOwl:hasDbXref SNOMEDCT_2005_07_31:193986007","6b485447-711d-4eb0-a52b-8031e3119377 owl:annotatedTarget A severe combined immunodeficiency that affects the development and function of T cells.","6b485447-711d-4eb0-a52b-8031e3119377 owl:annotatedProperty obo:IAO_0000115","obo:DOID_4866 oboInOwl:hasDbXref SNOMEDCT_US_2015_03_01:11671000","51acfd73-847e-4162-8ca9-647531701be1 rdf:type owl:Axiom","obo:DOID_482 rdfs:label hemangioma of peripheral nerve","471a5ec4-7665-4235-925a-277893665ad6 owl:annotatedSource obo:DOID_12304","obo:DOID_4991 oboInOwl:hasDbXref NCI:C6769","obo:DOID_6227 oboInOwl:hasExactSynonym Articular cartilage disorder of upper arm disorder","5787d6ce-846b-46ea-8e2e-0dc6aa47280e owl:annotatedSource obo:DOID_887","obo:DOID_12849 oboInOwl:hasDbXref OMIM:606059","obo:DOID_2800 rdfs:label acute interstitial pneumonia","9c1c4498-907d-4a32-bac2-7bdd2b962385 owl:annotatedSource obo:DOID_2614","obo:DOID_6227 oboInOwl:hasDbXref UMLS_CUI:C0158073","obo:DOID_10519 rdfs:label chronic fungal otitis externa","obo:DOID_8557 oboInOwl:hasExactSynonym malignant neoplasm of lateral wall of oropharynx","obo:DOID_2712 oboInOwl:hasDbXref SNOMEDCT_US_2015_03_01:198006006","obo:DOID_11329 obo:IAO_0000115 A connective tissue disease that results in increasing fibrous constriction and ultimately in spontaneous amputation of the toes and especially the little toes. A painful constriction of the base of the fifth toe frequently followed by bilateral spontaneous amputation autoamputation a few years later.","obo:DOID_2800 obo:IAO_0000115 A idiopathic interstitial pneumonia which develops suddenly and is severe. Initially, the lung shows edema, hyaline membranes, and interstitial acute inflammation. Later,it develops loose organizing fibrosis, mostly within alveolar septa and type II pneumocyte hyperplasia. Fever, cough, and difficulty breathing develop over 1 to 2 weeks, typically progressing to acute respiratory failure.","obo:DOID_6315 oboInOwl:hasOBONamespace disease_ontology","42380236-9c4a-4fa7-bc19-ece9a20e2d2d oboInOwl:hasDbXref NCI2004_11_17:C2992","obo:DOID_4917 oboInOwl:hasDbXref SNOMEDCT_US_2015_03_01:28558000","obo:DOID_4917 obo:IAO_0000115 An adenocarcinoma that derives_from epithelial cells originating in glandular tissue, with villous architecture.","48480a8b-dcad-4b44-8b1d-ac08556befeb owl:annotatedTarget A pre-eclampsia characterized by the presence of hypertension without evidence of end-organ damage, in a woman who was normotensive before 20 weeks gestation.","obo:DOID_8557 oboInOwl:hasExactSynonym malignant Oropharyngeal tumor","e0a26bb9-f100-4af5-ae7a-20170cf5dfca owl:annotatedTarget Elastomyofibrosis","e5459e79-e791-40f1-876c-b7edf80d07a0 owl:annotatedSource obo:DOID_10334","48480a8b-dcad-4b44-8b1d-ac08556befeb owl:annotatedSource obo:DOID_10590","obo:DOID_2712 oboInOwl:hasDbXref UMLS_CUI:C0031538","23456de2-a8ee-4435-8c6a-1104b9e0cfca oboInOwl:hasDbXref url:http://www.wheelessonline.com/ortho/osteomalacia","2f4b1fcd-60c0-4b6b-ac5e-a89636086523 oboInOwl:hasDbXref ICD9CM_2006:360.23","obo:DOID_2800 oboInOwl:hasDbXref ICD10CM:J84.114","obo:DOID_12849 oboInOwl:inSubset doid:DO_MGI_slim","452a97a3-921f-4c87-a623-e63f9ea2734c rdf:type owl:Axiom","obo:DOID_7747 rdfs:label pediatric extraocular retinoblastoma","4c528c2f-37a5-4686-96a0-d0ed12af8a39 owl:annotatedTarget Folate-deficiency anemia","obo:DOID_5601 oboInOwl:hasOBONamespace disease_ontology","obo:DOID_1977 oboInOwl:id DOID:1977","obo:DOID_4866 oboInOwl:hasExactSynonym Cylindroma morphologic abnormality","obo:DOID_12849 oboInOwl:hasDbXref NCI:C97161","54b58da9-0216-41f3-b3bb-1298691bbfc3 owl:annotatedProperty oboInOwl:hasExactSynonym","obo:DOID_4193 rdf:type owl:Class","obo:DOID_8557 oboInOwl:hasDbXref SNOMEDCT_US_2015_03_01:93971002","obo:DOID_8557 oboInOwl:hasDbXref ICD10CM:C10.2","obo:DOID_5588 oboInOwl:id DOID:5588","obo:DOID_4866 oboInOwl:hasExactSynonym Cylindroma NOS","072a192b-13fd-4b4b-af5c-c6517f38f9c8 owl:annotatedSource obo:DOID_12842","11522f08-6df7-4af5-bfce-f15973db1977 rdf:type owl:Axiom","505b3381-380f-4b2a-b3fc-2a9b3659bf74 rdf:type owl:Axiom","2f4b1fcd-60c0-4b6b-ac5e-a89636086523 owl:annotatedProperty oboInOwl:hasExactSynonym","obo:DOID_0060400 oboInOwl:hasDbXref OMIM:613604","obo:DOID_8469 oboInOwl:hasExactSynonym Influenza with other manifestations NOS disorder","c9293e45-5457-41b0-8a5c-9791d180cd10 oboInOwl:hasDbXref url:http://cancergenome.nih.gov/cancersselected/endometrial","2c7c7f4c-3d91-4f41-a6f9-f360c644ee9f owl:annotatedSource obo:DOID_4932","obo:DOID_6227 oboInOwl:hasExactSynonym Articular cartilage disorder involving ankle and foot","obo:DOID_11491 rdfs:label acquired night blindness","obo:DOID_0050621 rdfs:label respiratory system benign neoplasm","ee7734f0-97b7-43e0-acb6-1082c15c9bde rdf:type owl:Axiom","ee7734f0-97b7-43e0-acb6-1082c15c9bde oboInOwl:hasDbXref SNOMEDCT_2005_07_31:127001008","obo:DOID_7960 oboInOwl:hasDbXref SNOMEDCT_US_2015_03_01:128895006","obo:DOID_14218 oboInOwl:hasDbXref NCI:C84672","62e6f28c-f1ac-4019-b5fa-1dbeeded5f99 owl:annotatedProperty oboInOwl:hasExactSynonym","obo:DOID_0050621 rdfs:subClassOf obo:DOID_0060085","obo:DOID_4829 oboInOwl:id DOID:4829","obo:DOID_6227 oboInOwl:hasExactSynonym Articular cartilage disorder of shoulder region disorder","7326e20f-10d9-45d5-9f2a-2db0068f6f5c oboInOwl:hasDbXref url:http://www.dpd.cdc.gov/dpdx/HTML/Clonorchiasis.htm","48480a8b-dcad-4b44-8b1d-ac08556befeb oboInOwl:hasDbXref url:http://emedicine.medscape.com/article/1476919-overview","obo:DOID_7747 rdfs:subClassOf obo:DOID_4656","obo:DOID_6227 oboInOwl:hasExactSynonym Articular cartilage disorder of the pelvic region and thigh","9fc47cd4-f7f9-4176-af4c-b94bb9ccdaa0 owl:annotatedSource obo:DOID_14755","obo:DOID_7074 oboInOwl:hasOBONamespace disease_ontology","obo:DOID_0060400 rdfs:subClassOf obo:DOID_0060388","48480a8b-dcad-4b44-8b1d-ac08556befeb owl:annotatedProperty obo:IAO_0000115","obo:DOID_2712 oboInOwl:hasDbXref SNOMEDCT_US_2015_03_01:198005005","obo:DOID_14218 oboInOwl:hasExactSynonym Dihydropyrimidine dehydrogenase deficiency disorder","obo:DOID_11329 oboInOwl:hasDbXref NCI:C84544","obo:DOID_11329 rdfs:label ainhum","obo:DOID_4991 oboInOwl:id DOID:4991","obo:DOID_8557 rdf:type owl:Class","obo:DOID_2800 oboInOwl:hasExactSynonym Hamman-Rich disease","obo:DOID_8557 oboInOwl:hasDbXref ICD10CM:C10.3","obo:DOID_7074 rdfs:label choroidal hemorrhage and rupture","obo:DOID_12849 oboInOwl:hasOBONamespace disease_ontology","obo:DOID_0060299 oboInOwl:hasDbXref ORDO:169150","obo:DOID_6227 oboInOwl:hasExactSynonym Articular cartilage disorder of shoulder region","471a5ec4-7665-4235-925a-277893665ad6 oboInOwl:hasDbXref SNOMEDCT_2005_07_31:66081003","cb735de2-1fb4-4f0b-a34f-eedd4302ed5b owl:annotatedProperty oboInOwl:hasExactSynonym","2c7c7f4c-3d91-4f41-a6f9-f360c644ee9f owl:annotatedProperty oboInOwl:hasExactSynonym","12cb9bdc-1658-4466-8c69-e37b8ecd5d74 oboInOwl:hasDbXref ICD9CM_2006:712.99","1aa4fee2-5394-4993-8a7e-e3b0fb71d972 rdf:type owl:Axiom","c9293e45-5457-41b0-8a5c-9791d180cd10 owl:annotatedSource obo:DOID_0050939","561e5970-3924-4b56-947a-ac61c0063af0 owl:annotatedSource obo:DOID_6873","607aea3b-95c3-43bd-a570-34cdb5d68430 owl:annotatedSource obo:DOID_13582","57d18b16-3119-420a-8b52-e54f2853959b owl:annotatedProperty oboInOwl:hasExactSynonym","obo:DOID_2712 oboInOwl:hasOBONamespace disease_ontology","obo:DOID_10607 oboInOwl:hasDbXref SNOMEDCT_US_2015_03_01:47384003","obo:DOID_11491 oboInOwl:hasOBONamespace disease_ontology","obo:DOID_10519 oboInOwl:hasOBONamespace disease_ontology","faa15112-c2cb-4706-82ff-ef512b8812d5 rdf:type owl:Axiom","obo:DOID_8557 oboInOwl:hasExactSynonym malignant tumor of oropharynx disorder","6b485447-711d-4eb0-a52b-8031e3119377 owl:annotatedSource obo:DOID_0060007","obo:DOID_1141 oboInOwl:id DOID:1141","obo:DOID_3295 oboInOwl:hasOBONamespace disease_ontology","obo:DOID_8469 oboInOwl:hasExactSynonym Influenza with other manifestations","62e6f28c-f1ac-4019-b5fa-1dbeeded5f99 owl:annotatedTarget Sarcoptic itch","obo:DOID_10607 oboInOwl:hasDbXref ICD10CM:K90.1","obo:DOID_8557 oboInOwl:hasDbXref ICD9CM:146.5","d4f2dff1-8850-450d-a671-68a040c99e77 rdf:type owl:Axiom","ab3561f9-8cf3-4dd4-b3be-b80cc60ea308 rdf:type owl:Axiom","6b485447-711d-4eb0-a52b-8031e3119377 rdf:type owl:Axiom","obo:DOID_0050533 owl:deprecated true^^http://www.w3.org/2001/XMLSchema#boolean","obo:DOID_9153 oboInOwl:hasDbXref NCI:C34365","obo:DOID_5588 oboInOwl:hasDbXref NCI:C5650","f14340da-16f6-4997-baa8-70033719ffb9 owl:annotatedSource obo:DOID_5604","obo:DOID_6227 oboInOwl:hasExactSynonym Articular cartilage disorder involving forearm","obo:DOID_9989 oboInOwl:hasExactSynonym secondary malignant neoplasm of orbit disorder","obo:DOID_4991 rdfs:label optic nerve astrocytoma","939bfbd9-f3b9-4abe-b62a-4ec58784bb25 oboInOwl:hasDbXref ICD9CM_2006:484.6","39011830-6894-4c4c-9fe4-1747a962b8e8 owl:annotatedTarget Retinal arterial branch occlusion","e160052f-e100-4514-a4ca-e08e4717dc80 owl:annotatedSource obo:DOID_1036","obo:DOID_14218 rdfs:label dihydropyrimidine dehydrogenase deficiency","obo:DOID_6139 rdfs:label uterine corpus epithelioid leiomyosarcoma","e39d3a39-32cc-4faa-a184-0ccb42d118cd owl:annotatedProperty oboInOwl:hasExactSynonym","81f3860d-cbca-4a09-a4dc-d79d4dfda074 owl:annotatedSource obo:DOID_12549","obo:DOID_9153 rdf:type owl:Class","939bfbd9-f3b9-4abe-b62a-4ec58784bb25 owl:annotatedProperty oboInOwl:hasExactSynonym","obo:DOID_4866 obo:IAO_0000115 A salivary gland carcinoma that is characterized by a distinctive pattern in which abnormal nests or cords of epithelial cells surround and/or infiltrate ducts or glandular structures within the affected organ. These structures are typically filled with a mucous-like material or contain abnormal fibrous membranes.","obo:DOID_14218 oboInOwl:hasOBONamespace disease_ontology","obo:DOID_0060387 oboInOwl:hasDbXref MSH:C537914","obo:DOID_4866 oboInOwl:hasExactSynonym adenoid cystic cancer","6acfa4a9-8fbf-4b4a-954e-d626ed18794d owl:annotatedTarget Brenner tumors morphologic abnormality","5b175db9-3253-450c-aec4-18c53d134d70 owl:annotatedTarget Colonic Lymphangioma","dd355d89-038d-4512-b0ca-84e38fcd340f owl:annotatedTarget A Simplexvirus infectious disease that results in inflammatory response by the immune system of the body to Human herpesvirus 1 or Human herpesvirus 2 in the blood, urine, lungs, skin, or other tissues. The symptoms include fever, chills, rapid breathing, and rapid heart rate.","obo:DOID_2800 oboInOwl:hasOBONamespace disease_ontology","obo:DOID_10607 oboInOwl:hasOBONamespace disease_ontology","3df745ec-6fcb-4e27-b3b8-c6ca22b2aa8a rdf:type owl:Axiom","obo:DOID_10519 obo:IAO_0000115 A otomycosis which is persistent and long-lasting or recurrent.","61507e07-19f2-4ebc-97c7-9c5837ff1a4d rdf:type owl:Axiom","9fc47cd4-f7f9-4176-af4c-b94bb9ccdaa0 rdf:type owl:Axiom","faa15112-c2cb-4706-82ff-ef512b8812d5 owl:annotatedTarget Immunoglobulin A deficiency disorder","obo:DOID_8469 obo:IAO_0000115 A viral infectious disease that results_in infection, located_in respiratory tract, has_material_basis_in Influenzavirus A, has_material_basis_in Influenzavirus B, or has_material_basis_in Influenzavirus C, which are transmitted_by droplet spread of oronasal secretions during coughing, sneezing, or talking from an infected person. It is a highly contagious disease that affects birds and mammals and has_symptom chills, has_symptom fever, has_symptom sore throat, has_symptom runny nose, has_symptom muscle pains, has_symptom severe headache, has_symptom cough, and has_symptom weakness.","obo:DOID_0060400 oboInOwl:creation_date 2015-09-28T16:42:38Z","obo:DOID_3258 oboInOwl:hasDbXref UMLS_CUI:C1335127","obo:DOID_10607 oboInOwl:hasDbXref SNOMEDCT_US_2015_03_01:155846005","obo:DOID_0050621 obo:IAO_0000115 An organ system benign neoplasm that is located_in the respiratory system which extends from the nasal sinuses to the diaphragm.","bc353229-8f8f-4871-b9b7-32d93e5bf202 rdf:type owl:Axiom","5296158b-6955-40c8-ae52-7caad50d1ff1 owl:annotatedTarget Induced psychotic disorder","obo:DOID_5601 oboInOwl:id DOID:5601","obo:DOID_1016 rdf:type owl:Class","1aa4fee2-5394-4993-8a7e-e3b0fb71d972 owl:annotatedTarget Dacryocystitis - acute","505b3381-380f-4b2a-b3fc-2a9b3659bf74 oboInOwl:hasDbXref ICD9CM_2006:364.64","obo:DOID_10519 oboInOwl:id DOID:10519","obo:DOID_5588 rdf:type owl:Class","d6c13373-fe26-4b8b-931c-82ae1f0c34a9 owl:annotatedProperty oboInOwl:hasExactSynonym","obo:DOID_12849 oboInOwl:hasExactSynonym childhood autism","obo:DOID_8557 oboInOwl:hasExactSynonym primary malignant neoplasm of lateral wall of oropharynx","obo:DOID_8557 oboInOwl:hasDbXref UMLS_CUI:C0153388","obo:DOID_12849 oboInOwl:hasDbXref OMIM:610836","e5147551-74e6-4d1c-93a8-61508afbe79a owl:annotatedProperty oboInOwl:hasExactSynonym","48480a8b-dcad-4b44-8b1d-ac08556befeb rdf:type owl:Axiom","obo:DOID_12849 oboInOwl:hasExactSynonym infantile autism","obo:DOID_12849 oboInOwl:hasDbXref SNOMEDCT_US_2015_03_01:38763009","5296158b-6955-40c8-ae52-7caad50d1ff1 owl:annotatedProperty oboInOwl:hasExactSynonym","3df745ec-6fcb-4e27-b3b8-c6ca22b2aa8a oboInOwl:hasDbXref SNOMEDCT_2005_07_31:186857000","4ab622c3-d1bb-4c2b-9c2d-0cec15e67818 owl:annotatedSource obo:DOID_4189","obo:DOID_0060299 rdfs:subClassOf obo:DOID_626","6daa49cf-88d8-4e48-8d5b-d0f53721ae68 oboInOwl:hasDbXref SNOMEDCT_2005_07_31:55818009","obo:DOID_8557 oboInOwl:hasDbXref ICD9CM:146.7","obo:DOID_4866 oboInOwl:hasDbXref UMLS_CUI:C0010606","412d809f-f494-4824-8483-9efad4e585df rdf:type owl:Axiom","obo:DOID_0080091 oboInOwl:creation_date 2015-11-10T16:57:47Z","obo:DOID_9989 oboInOwl:id DOID:9989","709dbf3a-f2e2-4515-b526-a06d5108b701 rdf:type owl:Axiom","obo:DOID_4193 oboInOwl:hasExactSynonym cerebral thrombosis","6acfa4a9-8fbf-4b4a-954e-d626ed18794d rdf:type owl:Axiom","obo:DOID_12849 rdfs:label autistic disorder","obo:DOID_11329 oboInOwl:hasDbXref SNOMEDCT_US_2015_03_01:51404004","obo:DOID_14218 oboInOwl:hasExactSynonym thymine-uracilurea ","e160052f-e100-4514-a4ca-e08e4717dc80 oboInOwl:hasDbXref url:http://www.nlm.nih.gov/medlineplus/leukemiaadultchronic.html","f14340da-16f6-4997-baa8-70033719ffb9 rdf:type owl:Axiom","607aea3b-95c3-43bd-a570-34cdb5d68430 owl:annotatedProperty oboInOwl:hasExactSynonym","obo:DOID_0060312 rdfs:label angular cheilitis","62e6f28c-f1ac-4019-b5fa-1dbeeded5f99 oboInOwl:hasDbXref SNOMEDCT_2005_07_31:187215008","obo:DOID_0050408 oboInOwl:hasOBONamespace disease_ontology","obo:DOID_8557 oboInOwl:hasDbXref ICD9CM:146","obo:DOID_4866 oboInOwl:hasExactSynonym adenoid cystic carcinoma morphologic abnormality","81f3860d-cbca-4a09-a4dc-d79d4dfda074 oboInOwl:hasDbXref SNOMEDCT_2005_07_31:40468003","35ca8e94-20a2-497c-b33a-db2b5ed1150e rdf:type owl:Axiom","c8bbb379-7074-4977-8189-f689ddc79239 owl:annotatedProperty oboInOwl:hasExactSynonym","1b848343-e6bc-4537-9ae3-85b7faa85b71 owl:annotatedProperty oboInOwl:hasExactSynonym","obo:DOID_14218 obo:IAO_0000115 A purine-pyrimidine metabolic disorder that is an autosomal recessive metabolic disorder in which there is absent or significantly decreased activity of dihydropyrimidine dehydrogenase, an enzyme involved in the metabolism of uracil and thymine.","obo:DOID_8557 oboInOwl:hasDbXref UMLS_CUI:C0153389","obo:DOID_10607 oboInOwl:hasExactSynonym Sprue - tropical","7326e20f-10d9-45d5-9f2a-2db0068f6f5c oboInOwl:hasDbXref url:http://en.wikipedia.org/wiki/Clonorchiasis","obo:DOID_11491 oboInOwl:id DOID:11491","obo:DOID_8469 oboInOwl:hasDbXref ICD9CM:487","cd09ed90-e5ef-4251-9b03-032d71701334 owl:annotatedProperty oboInOwl:hasExactSynonym","obo:DOID_8557 oboInOwl:hasDbXref ICD9CM:146.6","9e4d7e56-696b-4387-97fd-e4827adeeff0 owl:annotatedProperty oboInOwl:hasExactSynonym","obo:DOID_4917 oboInOwl:hasDbXref NCI:C4142","obo:DOID_12849 oboInOwl:hasDbXref EFO:0003758","e5459e79-e791-40f1-876c-b7edf80d07a0 oboInOwl:hasDbXref SNOMEDCT_2005_07_31:268239009","obo:DOID_5601 rdfs:label T-cell neoplasm","obo:DOID_12849 oboInOwl:hasDbXref OMIM:611913","obo:DOID_12849 oboInOwl:hasDbXref OMIM:608636","obo:DOID_1141 rdf:type owl:Class","obo:DOID_4991 oboInOwl:hasAlternativeId DOID:4849","obo:DOID_0060400 oboInOwl:created_by elvira","obo:DOID_9241 rdf:type owl:Class","6490ff4d-b56f-4835-9ab3-51f38b264acc rdf:type owl:Axiom","obo:DOID_482 oboInOwl:hasOBONamespace disease_ontology","c8bbb379-7074-4977-8189-f689ddc79239 owl:annotatedSource obo:DOID_4045","obo:DOID_12849 oboInOwl:hasDbXref OMIM:300847","obo:DOID_5588 rdfs:label lung papillary adenocarcinoma","obo:DOID_0080091 rdfs:subClassOf obo:DOID_423","obo:DOID_8469 rdfs:subClassOf obo:DOID_934","4c528c2f-37a5-4686-96a0-d0ed12af8a39 rdf:type owl:Axiom","obo:DOID_11329 rdfs:subClassOf obo:DOID_65","obo:DOID_0060299 oboInOwl:creation_date 2015-02-09T15:32:25Z","06bd8493-51c8-421f-8470-b0dbdd01742e oboInOwl:hasDbXref NCI2004_11_17:C7006","61aae9f3-0a25-47c7-8c3c-8a53c3282b14 rdf:type owl:Axiom","obo:DOID_2712 rdfs:label phimosis","5296158b-6955-40c8-ae52-7caad50d1ff1 rdf:type owl:Axiom","obo:DOID_0060299 oboInOwl:hasOBONamespace disease_ontology","f0995ac7-02e8-4e8b-bd42-75affe2c995c owl:annotatedProperty obo:IAO_0000115","6490ff4d-b56f-4835-9ab3-51f38b264acc oboInOwl:hasDbXref SNOMEDCT_2005_07_31:195348009","obo:DOID_10519 oboInOwl:hasDbXref ICD9CM:380.15","obo:DOID_4866 rdfs:subClassOf obo:DOID_0050904","e5147551-74e6-4d1c-93a8-61508afbe79a rdf:type owl:Axiom","obo:DOID_0060312 oboInOwl:hasDbXref SNOMEDCT_US_2015_03_01:7847004","obo:DOID_1141 oboInOwl:hasExactSynonym Alternating exotropia with V pattern disorder","11522f08-6df7-4af5-bfce-f15973db1977 oboInOwl:hasDbXref NCI2004_11_17:C3012","obo:DOID_4778 rdfs:label proliferative glomerulonephritis","d88236e7-e9d4-402a-8b4e-5b11461ec275 oboInOwl:hasDbXref SNOMEDCT_2005_07_31:188540004","f14340da-16f6-4997-baa8-70033719ffb9 owl:annotatedProperty oboInOwl:hasExactSynonym","607aea3b-95c3-43bd-a570-34cdb5d68430 rdf:type owl:Axiom","obo:DOID_3295 owl:deprecated true^^http://www.w3.org/2001/XMLSchema#boolean","412d809f-f494-4824-8483-9efad4e585df owl:annotatedSource obo:DOID_12265","f0995ac7-02e8-4e8b-bd42-75affe2c995c oboInOwl:hasDbXref url:http://en.wikipedia.org/wiki/Bone_remodeling","obo:DOID_0060400 oboInOwl:hasDbXref ORDO:261211","obo:DOID_0060400 rdf:type owl:Class","6acfa4a9-8fbf-4b4a-954e-d626ed18794d owl:annotatedProperty oboInOwl:hasExactSynonym","obo:DOID_7747 oboInOwl:hasOBONamespace disease_ontology","9d5aeb9b-a049-4581-aedd-3ab5b468d7d1 oboInOwl:hasDbXref NCI2004_11_17:C35073","709dbf3a-f2e2-4515-b526-a06d5108b701 owl:annotatedProperty oboInOwl:hasExactSynonym","412d809f-f494-4824-8483-9efad4e585df owl:annotatedProperty oboInOwl:hasExactSynonym","obo:DOID_0050533 oboInOwl:hasOBONamespace disease_ontology","obo:DOID_1141 rdfs:label alternating exotropia with V pattern","obo:DOID_0060299 oboInOwl:created_by emitraka","obo:DOID_7960 oboInOwl:hasOBONamespace disease_ontology","obo:DOID_2800 oboInOwl:hasExactSynonym AIP","9c1c4498-907d-4a32-bac2-7bdd2b962385 owl:annotatedTarget serous surface papilloma morphologic abnormality","obo:DOID_6315 oboInOwl:hasDbXref NCI:C7285","obo:DOID_8469 oboInOwl:hasDbXref SNOMEDCT_US_2015_03_01:6142004","9e4d7e56-696b-4387-97fd-e4827adeeff0 rdf:type owl:Axiom","obo:DOID_0050533 rdfs:label soldiers heart","6490ff4d-b56f-4835-9ab3-51f38b264acc owl:annotatedSource obo:DOID_13378","cd09ed90-e5ef-4251-9b03-032d71701334 rdf:type owl:Axiom","obo:DOID_12849 oboInOwl:hasDbXref OMIM:613410","e160052f-e100-4514-a4ca-e08e4717dc80 owl:annotatedTarget A leukemia that develops slowly.","2c7c7f4c-3d91-4f41-a6f9-f360c644ee9f oboInOwl:hasDbXref NCI2004_11_17:C3908","obo:DOID_10607 oboInOwl:hasDbXref SNOMEDCT_US_2015_03_01:266547002","obo:DOID_4991 oboInOwl:hasExactSynonym Astrocytic tumor of optic nerve","1b848343-e6bc-4537-9ae3-85b7faa85b71 rdf:type owl:Axiom","6acfa4a9-8fbf-4b4a-954e-d626ed18794d oboInOwl:hasDbXref SNOMEDCT_2005_07_31:189818009","c8bbb379-7074-4977-8189-f689ddc79239 rdf:type owl:Axiom","obo:DOID_3258 oboInOwl:hasExactSynonym Embryonal Rhabdomyosarcoma of the orbit","obo:DOID_13696 rdf:type owl:Class","c9293e45-5457-41b0-8a5c-9791d180cd10 owl:annotatedProperty obo:IAO_0000115","obo:DOID_0060312 oboInOwl:hasDbXref ICD10CM:K13.0","35ca8e94-20a2-497c-b33a-db2b5ed1150e owl:annotatedProperty oboInOwl:hasExactSynonym","4c528c2f-37a5-4686-96a0-d0ed12af8a39 owl:annotatedProperty oboInOwl:hasExactSynonym","obo:DOID_10607 oboInOwl:id DOID:10607","obo:DOID_0060312 rdf:type owl:Class","obo:DOID_1977 rdf:type owl:Class","obo:DOID_6227 oboInOwl:hasDbXref SNOMEDCT_US_2015_03_01:156523007","obo:DOID_4866 rdf:type owl:Class","obo:DOID_0060299 oboInOwl:inSubset doid:DO_MGI_slim","obo:DOID_8557 oboInOwl:hasExactSynonym malignant tumor of posterior wall of oropharynx disorder","obo:DOID_8469 oboInOwl:hasDbXref SNOMEDCT_US_2015_03_01:155562009","6490ff4d-b56f-4835-9ab3-51f38b264acc owl:annotatedProperty oboInOwl:hasExactSynonym","obo:DOID_0050621 oboInOwl:hasOBONamespace disease_ontology","4ab622c3-d1bb-4c2b-9c2d-0cec15e67818 rdf:type owl:Axiom","obo:DOID_10607 oboInOwl:hasDbXref ICD9CM:579.1","709dbf3a-f2e2-4515-b526-a06d5108b701 owl:annotatedTarget Ectropion of eyelid disorder","obo:DOID_0060312 oboInOwl:hasDbXref SNOMEDCT_US_2015_03_01:266495008","obo:DOID_12849 oboInOwl:hasDbXref OMIM:615091","obo:DOID_6315 oboInOwl:hasDbXref UMLS_CUI:C1335181","7bef42f7-8aa4-4536-b2e9-03b8654ef40b oboInOwl:hasDbXref NCI2004_11_17:C4399","obo:DOID_8469 oboInOwl:hasExactSynonym influenza with non-respiratory manifestation","obo:DOID_11329 oboInOwl:hasOBONamespace disease_ontology","bc353229-8f8f-4871-b9b7-32d93e5bf202 owl:annotatedSource obo:DOID_10969","obo:DOID_6315 rdfs:label ovarian solid teratoma","obo:DOID_4991 oboInOwl:hasDbXref UMLS_CUI:C1335114","obo:DOID_0060400 oboInOwl:hasExactSynonym 16p11.2p12.2 microdeletion syndrome","d4f2dff1-8850-450d-a671-68a040c99e77 owl:annotatedProperty oboInOwl:hasExactSynonym","ab3561f9-8cf3-4dd4-b3be-b80cc60ea308 owl:annotatedProperty oboInOwl:hasExactSynonym","obo:DOID_4917 rdfs:label villous adenocarcinoma","e5147551-74e6-4d1c-93a8-61508afbe79a owl:annotatedTarget Raynauds disease","obo:DOID_2712 oboInOwl:hasDbXref SNOMEDCT_US_2015_03_01:52743003","obo:DOID_6227 oboInOwl:hasExactSynonym Articular cartilage disorder of multiple sites disorder","obo:DOID_4917 rdf:type owl:Class","obo:DOID_5588 rdfs:subClassOf obo:DOID_3910","obo:DOID_0050533 oboInOwl:hasExactSynonym ORTHOSTATIC INTOLERANCE","9e4d7e56-696b-4387-97fd-e4827adeeff0 oboInOwl:hasDbXref SNOMEDCT_2005_07_31:192453005","obo:DOID_1977 rdfs:label lipoma of the mediastinum","obo:DOID_0050408 owl:deprecated true^^http://www.w3.org/2001/XMLSchema#boolean","faa15112-c2cb-4706-82ff-ef512b8812d5 owl:annotatedProperty oboInOwl:hasExactSynonym","obo:DOID_6227 oboInOwl:hasAlternativeId DOID:6226","57d18b16-3119-420a-8b52-e54f2853959b rdf:type owl:Axiom","obo:DOID_9989 rdf:type owl:Class","obo:DOID_3258 rdfs:label orbit embryonal rhabdomyosarcoma","939bfbd9-f3b9-4abe-b62a-4ec58784bb25 rdf:type owl:Axiom","obo:DOID_12849 oboInOwl:hasDbXref OMIM:612100","3dcdc153-ae6f-4d25-b73b-78dc5e573e60 owl:annotatedSource obo:DOID_3025","e39d3a39-32cc-4faa-a184-0ccb42d118cd rdf:type owl:Axiom","3dcdc153-ae6f-4d25-b73b-78dc5e573e60 oboInOwl:hasDbXref SNOMEDCT_2005_07_31:45410002","81a1d20d-4970-4484-b1a5-3545a3556f4b owl:annotatedSource obo:DOID_0050830","obo:DOID_4991 oboInOwl:hasDbXref NCI:C7533","54b58da9-0216-41f3-b3bb-1298691bbfc3 owl:annotatedTarget Corneal deposit disorder","obo:DOID_12849 oboInOwl:hasDbXref OMIM:300830","obo:DOID_482 oboInOwl:hasDbXref NCI:C27507","obo:DOID_13696 rdfs:label vesicoureteral reflux with reflux nephropathy","obo:DOID_9153 oboInOwl:hasExactSynonym whitepox","9fc47cd4-f7f9-4176-af4c-b94bb9ccdaa0 owl:annotatedProperty oboInOwl:hasExactSynonym","obo:DOID_7960 oboInOwl:hasDbXref UMLS_CUI:C1266063","61507e07-19f2-4ebc-97c7-9c5837ff1a4d owl:annotatedProperty oboInOwl:hasExactSynonym","3df745ec-6fcb-4e27-b3b8-c6ca22b2aa8a owl:annotatedProperty oboInOwl:hasExactSynonym","9fc47cd4-f7f9-4176-af4c-b94bb9ccdaa0 oboInOwl:hasDbXref SNOMEDCT_2005_07_31:124630007","37914600-8299-4955-91b0-2f1a564da3bc oboInOwl:hasDbXref SNOMEDCT_2005_07_31:266386004","4ab622c3-d1bb-4c2b-9c2d-0cec15e67818 oboInOwl:hasDbXref url:http://en.wikipedia.org/wiki/Speech_disorder","obo:DOID_14218 oboInOwl:id DOID:14218","obo:DOID_4829 rdf:type owl:Class","11522f08-6df7-4af5-bfce-f15973db1977 owl:annotatedTarget tumor of Endometrium","obo:DOID_8770 rdfs:label reticulosarcoma involving intra-abdominal lymph nodes","2f4b1fcd-60c0-4b6b-ac5e-a89636086523 owl:annotatedTarget Siderosis of globe","obo:DOID_3258 oboInOwl:hasOBONamespace disease_ontology","obo:DOID_6227 oboInOwl:hasExactSynonym Articular cartilage disorder involving hand","obo:DOID_0060387 oboInOwl:hasDbXref ICD10CM:Q78.8","obo:DOID_11491 oboInOwl:hasDbXref ICD9CM:368.62","obo:DOID_3295 obo:IAO_0000115 A viral infectious disease results_in infection located_in skin, or located_in mucous membranes of the mouth, oesophagus, larynx or trachea of birds, has_material_basis_in Fowlpox virus, has_symptom lesions on the skin, has_symptom diphtheritic lesions in the upper parts of the digestive and respiratory tracts.","6acfa4a9-8fbf-4b4a-954e-d626ed18794d owl:annotatedSource obo:DOID_2636","d6c13373-fe26-4b8b-931c-82ae1f0c34a9 rdf:type owl:Axiom","obo:DOID_6227 oboInOwl:hasDbXref SNOMEDCT_US_2015_03_01:53417006","obo:DOID_4866 oboInOwl:hasDbXref SNOMEDCT_US_2015_03_01:302827006","39011830-6894-4c4c-9fe4-1747a962b8e8 owl:annotatedSource obo:DOID_13094","f09efae2-f928-4ddc-9956-0954f9a676a3 owl:annotatedTarget discharge - leukorrhea","16c8f512-121c-4ced-8beb-93d89b3fec55 owl:annotatedTarget Phthiriasis pubis","bc353229-8f8f-4871-b9b7-32d93e5bf202 owl:annotatedProperty oboInOwl:hasExactSynonym","c9293e45-5457-41b0-8a5c-9791d180cd10 owl:annotatedTarget A uterine corpus cancer that is derived_from the inner lining of the uterus.","ab3561f9-8cf3-4dd4-b3be-b80cc60ea308 owl:annotatedSource obo:DOID_6059"],"InferredAxioms":["obo:DOID_5113 rdf:type rdfs:Resource","obo:DOID_0080091 rdfs:subClassOf obo:DOID_0080091","rdf:object rdfs:domain rdf:Statement","rdf:Bag rdfs:subClassOf rdf:Bag","obo:DOID_4917 rdf:type rdfs:Resource","obo:DOID_0060299 rdf:type rdfs:Class","obo:DOID_2797 rdf:type rdfs:Resource","obo:DOID_381 rdf:type rdfs:Resource","obo:DOID_3259 rdfs:subClassOf obo:DOID_3259","obo:DOID_0060119 rdfs:subClassOf obo:DOID_0060119","obo:DOID_6227 rdf:type rdfs:Resource","rdfs:Resource rdf:type rdfs:Class","obo:DOID_9153 rdf:type rdfs:Class","obo:DOID_4991 rdfs:subClassOf obo:DOID_4991","obo:DOID_0050621 rdfs:subClassOf obo:DOID_0050621","obo:DOID_6231 rdfs:subClassOf obo:DOID_6231","rdf:XMLLiteral rdf:type rdfs:Datatype","rdf:XMLLiteral rdf:type rdfs:Class","obo:DOID_8736 rdfs:subClassOf obo:DOID_8736","obo:DOID_4193 rdf:type rdfs:Resource","rdfs:domain rdfs:domain rdf:Property","rdf:first rdfs:domain rdf:List","obo:DOID_934 rdf:type rdfs:Resource","obo:DOID_6139 rdf:type rdfs:Resource","obo:DOID_6315 rdfs:subClassOf obo:DOID_6315","rdf:predicate rdfs:domain rdf:Statement","obo:DOID_7747 rdf:type rdfs:Class","obo:DOID_0080091 rdf:type rdfs:Resource","obo:DOID_6139 rdfs:subClassOf obo:DOID_6139","rdfs:domain rdf:type rdfs:Resource","rdfs:subPropertyOf rdfs:range rdf:Property","obo:DOID_3258 rdfs:subClassOf obo:DOID_3258","obo:DOID_7960 rdf:type rdfs:Class","rdf:Seq rdf:type rdfs:Class","rdf:predicate rdfs:subPropertyOf rdf:predicate","obo:DOID_0060041 rdf:type rdfs:Class","obo:DOID_5588 rdf:type rdfs:Class","obo:DOID_482 rdf:type rdfs:Resource","rdf:Alt rdfs:subClassOf rdf:Alt","obo:DOID_4921 rdfs:subClassOf obo:DOID_4921","obo:DOID_65 rdf:type rdfs:Class","owl:Class rdf:type rdfs:Resource","obo:DOID_8557 rdf:type rdfs:Resource","obo:DOID_1762 rdf:type rdfs:Resource","obo:DOID_626 rdf:type rdfs:Class","rdfs:domain rdf:type rdf:Property","obo:DOID_934 rdfs:subClassOf obo:DOID_934","obo:DOID_4829 rdf:type rdfs:Resource","rdfs:subClassOf rdf:type rdfs:Resource","obo:DOID_299 rdf:type rdfs:Resource","obo:DOID_6315 rdf:type rdfs:Class","obo:DOID_0060388 rdf:type rdfs:Resource","rdf:rest rdfs:range rdf:List","obo:DOID_0050621 rdf:type rdfs:Class","obo:DOID_8736 rdf:type rdfs:Class","obo:DOID_4193 rdfs:subClassOf obo:DOID_4193","rdf:first rdfs:subPropertyOf rdf:first","obo:DOID_5289 rdf:type rdfs:Resource","rdf:Alt rdf:type rdfs:Class","obo:DOID_4992 rdfs:subClassOf obo:DOID_4992","obo:DOID_11329 rdfs:subClassOf obo:DOID_11329","rdf:List rdf:type rdfs:Class","rdfs:subClassOf rdf:type rdf:Property","obo:DOID_11329 rdf:type rdfs:Class","obo:DOID_8469 rdfs:subClassOf obo:DOID_8469","rdf:Bag rdfs:subClassOf rdfs:Container","rdf:Property rdfs:subClassOf rdfs:Resource","obo:DOID_4921 rdf:type rdfs:Resource","obo:DOID_381 rdfs:subClassOf obo:DOID_381","rdf:predicate rdf:type rdf:Property","obo:DOID_4656 rdf:type rdfs:Class","obo:DOID_2797 rdfs:subClassOf obo:DOID_2797","obo:DOID_3908 rdfs:subClassOf obo:DOID_3908","obo:DOID_6713 rdf:type rdfs:Class","obo:DOID_8469 rdf:type rdfs:Resource","obo:DOID_12849 rdfs:subClassOf obo:DOID_12849","obo:DOID_0060085 rdf:type rdfs:Class","rdf:Statement rdf:type rdfs:Resource","rdf:Bag rdf:type rdfs:Resource","rdf:nil rdf:type rdf:List","rdf:object rdfs:subPropertyOf rdf:object","obo:DOID_4778 rdf:type rdfs:Class","obo:DOID_0060119 rdf:type rdfs:Resource","rdfs:comment rdfs:range rdfs:Literal","owl:Axiom rdf:type rdfs:Class","obo:DOID_6231 rdf:type rdfs:Resource","rdf:predicate rdf:type rdfs:Resource","obo:DOID_0060041 rdfs:subClassOf obo:DOID_0060041","rdf:Property rdfs:subClassOf rdf:Property","obo:DOID_423 rdf:type rdfs:Class","obo:DOID_2712 rdf:type rdfs:Resource","obo:DOID_653 rdf:type rdfs:Class","rdf:object rdf:type rdfs:Resource","obo:DOID_11491 rdf:type rdfs:Resource","obo:DOID_10519 rdf:type rdfs:Resource","obo:DOID_255 rdf:type rdfs:Resource","obo:DOID_3910 rdf:type rdfs:Resource","rdfs:Container rdf:type rdfs:Class","rdf:Statement rdfs:subClassOf rdfs:Resource","obo:DOID_0060400 rdfs:subClassOf obo:DOID_0060400","obo:DOID_6227 rdfs:subClassOf obo:DOID_6227","obo:DOID_0060400 rdf:type rdfs:Resource","obo:DOID_7960 rdfs:subClassOf obo:DOID_7960","rdfs:isDefinedBy rdfs:subPropertyOf rdfs:seeAlso","rdf:Seq rdfs:subClassOf rdf:Seq","rdf:object rdf:type rdf:Property","rdf:Property rdf:type rdfs:Resource","rdfs:Literal rdf:type rdfs:Class","obo:DOID_4991 rdf:type rdfs:Class","rdfs:Class rdfs:subClassOf rdfs:Class","obo:DOID_0050904 rdf:type rdfs:Resource","rdfs:subClassOf rdfs:range rdfs:Class","obo:DOID_626 rdfs:subClassOf obo:DOID_626","obo:DOID_3259 rdf:type rdfs:Class","obo:DOID_4992 rdf:type rdfs:Class","rdfs:Datatype rdf:type rdfs:Resource","obo:DOID_3910 rdfs:subClassOf obo:DOID_3910","obo:DOID_5295 rdf:type rdfs:Resource","rdfs:ContainerMembershipProperty rdf:type rdfs:Resource","obo:DOID_65 rdfs:subClassOf obo:DOID_65","obo:DOID_5113 rdfs:subClassOf obo:DOID_5113","obo:DOID_3258 rdf:type rdfs:Class","rdf:rest rdf:type rdf:Property","obo:DOID_3908 rdf:type rdfs:Class","rdfs:seeAlso rdf:type rdfs:Resource","obo:DOID_4866 rdf:type rdfs:Resource","obo:DOID_12849 rdf:type rdfs:Class","rdfs:comment rdf:type rdfs:Resource","obo:DOID_255 rdfs:subClassOf obo:DOID_255","obo:DOID_4917 rdfs:subClassOf obo:DOID_4917","obo:DOID_14218 rdf:type rdfs:Resource","obo:DOID_0060312 rdf:type rdfs:Resource","obo:DOID_1529 rdf:type rdfs:Resource","rdfs:domain rdfs:range rdfs:Class","obo:DOID_10519 rdfs:subClassOf obo:DOID_10519","obo:DOID_11491 rdfs:subClassOf obo:DOID_11491","obo:DOID_2800 rdf:type rdfs:Resource","obo:DOID_2921 rdf:type rdfs:Resource","obo:DOID_0050147 rdf:type rdfs:Resource","obo:DOID_5588 rdfs:subClassOf obo:DOID_5588","obo:DOID_10607 rdf:type rdfs:Resource","rdfs:Class rdf:type rdfs:Class","rdf:rest rdf:type rdfs:Resource","obo:DOID_2712 rdfs:subClassOf obo:DOID_2712","rdfs:seeAlso rdf:type rdf:Property","rdfs:ContainerMembershipProperty rdfs:subClassOf rdf:Property","rdfs:comment rdf:type rdf:Property","obo:DOID_255 rdf:type rdfs:Class","obo:DOID_11491 rdf:type rdfs:Class","obo:DOID_10519 rdf:type rdfs:Class","obo:DOID_2712 rdf:type rdfs:Class","obo:DOID_423 rdf:type rdfs:Resource","obo:DOID_653 rdf:type rdfs:Resource","rdf:nil rdf:type rdfs:Resource","rdfs:Container rdf:type rdfs:Resource","rdf:subject rdf:type rdf:Property","obo:DOID_3910 rdf:type rdfs:Class","rdf:Seq rdfs:subClassOf rdfs:Container","obo:DOID_0060400 rdf:type rdfs:Class","rdf:rest rdfs:domain rdf:List","obo:DOID_0060388 rdfs:subClassOf obo:DOID_0060388","rdf:subject rdf:type rdfs:Resource","rdfs:isDefinedBy rdfs:subPropertyOf rdfs:isDefinedBy","rdf:Property rdf:type rdfs:Class","obo:DOID_7747 rdfs:subClassOf obo:DOID_7747","obo:DOID_4778 rdfs:subClassOf obo:DOID_4778","obo:DOID_4656 rdf:type rdfs:Resource","obo:DOID_4921 rdf:type rdfs:Class","obo:DOID_299 rdfs:subClassOf obo:DOID_299","rdf:Statement rdf:type rdfs:Class","obo:DOID_0060085 rdf:type rdfs:Resource","obo:DOID_8469 rdf:type rdfs:Class","rdfs:label rdf:type rdf:Property","obo:DOID_6713 rdf:type rdfs:Resource","rdfs:label rdf:type rdfs:Resource","obo:DOID_0060119 rdf:type rdfs:Class","obo:DOID_4778 rdf:type rdfs:Resource","rdf:Bag rdf:type rdfs:Class","rdf:Alt rdfs:subClassOf rdfs:Container","obo:DOID_0050904 rdfs:subClassOf obo:DOID_0050904","rdfs:subPropertyOf rdfs:domain rdf:Property","owl:Axiom rdf:type rdfs:Resource","obo:DOID_6231 rdf:type rdfs:Class","obo:DOID_14218 rdf:type rdfs:Class","obo:DOID_0060312 rdf:type rdfs:Class","obo:DOID_1529 rdf:type rdfs:Class","obo:DOID_5295 rdfs:subClassOf obo:DOID_5295","obo:DOID_4866 rdf:type rdfs:Class","obo:DOID_3908 rdf:type rdfs:Resource","rdfs:label rdfs:range rdfs:Literal","obo:DOID_12849 rdf:type rdfs:Resource","rdfs:Datatype rdfs:subClassOf rdfs:Datatype","rdfs:Datatype rdfs:subClassOf rdfs:Class","obo:DOID_6713 rdfs:subClassOf obo:DOID_6713","rdfs:subPropertyOf rdf:type rdf:Property","rdfs:Class rdf:type rdfs:Resource","obo:DOID_10607 rdf:type rdfs:Class","rdfs:range rdfs:range rdfs:Class","obo:DOID_0050147 rdf:type rdfs:Class","obo:DOID_2800 rdf:type rdfs:Class","obo:DOID_2921 rdf:type rdfs:Class","rdfs:subPropertyOf rdf:type rdfs:Resource","rdfs:Literal rdfs:subClassOf rdfs:Resource","obo:DOID_0060085 rdfs:subClassOf obo:DOID_0060085","rdfs:Literal rdf:type rdfs:Resource","obo:DOID_4991 rdf:type rdfs:Resource","rdf:type rdf:type rdf:Property","obo:DOID_3259 rdf:type rdfs:Resource","obo:DOID_0050904 rdf:type rdfs:Class","rdfs:Class rdfs:subClassOf rdfs:Resource","obo:DOID_5289 rdfs:subClassOf obo:DOID_5289","rdfs:ContainerMembershipProperty rdfs:subClassOf rdfs:ContainerMembershipProperty","obo:DOID_5295 rdf:type rdfs:Class","rdfs:Datatype rdf:type rdfs:Class","obo:DOID_4992 rdf:type rdfs:Resource","obo:DOID_3258 rdf:type rdfs:Resource","rdfs:ContainerMembershipProperty rdf:type rdfs:Class","rdf:type rdf:type rdfs:Resource","obo:DOID_4656 rdfs:subClassOf obo:DOID_4656","obo:DOID_4193 rdf:type rdfs:Class","rdf:XMLLiteral rdf:type rdfs:Resource","obo:DOID_9153 rdfs:subClassOf obo:DOID_9153","obo:DOID_6139 rdf:type rdfs:Class","rdfs:isDefinedBy rdf:type rdfs:Resource","obo:DOID_934 rdf:type rdfs:Class","obo:DOID_7747 rdf:type rdfs:Resource","rdfs:range rdfs:domain rdf:Property","rdfs:isDefinedBy rdf:type rdf:Property","obo:DOID_0080091 rdf:type rdfs:Class","obo:DOID_14218 rdfs:subClassOf obo:DOID_14218","obo:DOID_0060312 rdfs:subClassOf obo:DOID_0060312","obo:DOID_1529 rdfs:subClassOf obo:DOID_1529","obo:DOID_5113 rdf:type rdfs:Class","obo:DOID_0060299 rdf:type rdfs:Resource","obo:DOID_4917 rdf:type rdfs:Class","rdf:rest rdfs:subPropertyOf rdf:rest","rdfs:subClassOf rdfs:domain rdfs:Class","obo:DOID_2797 rdf:type rdfs:Class","obo:DOID_381 rdf:type rdfs:Class","obo:DOID_4866 rdfs:subClassOf obo:DOID_4866","rdfs:Resource rdf:type rdfs:Resource","obo:DOID_9153 rdf:type rdfs:Resource","rdf:subject rdfs:domain rdf:Statement","obo:DOID_6227 rdf:type rdfs:Class","obo:DOID_299 rdf:type rdfs:Class","obo:DOID_423 rdfs:subClassOf obo:DOID_423","rdf:first rdf:type rdfs:Resource","obo:DOID_653 rdfs:subClassOf obo:DOID_653","obo:DOID_482 rdfs:subClassOf obo:DOID_482","obo:DOID_0050621 rdf:type rdfs:Resource","obo:DOID_8736 rdf:type rdfs:Resource","obo:DOID_0060388 rdf:type rdfs:Class","obo:DOID_6315 rdf:type rdfs:Resource","rdfs:seeAlso rdfs:subPropertyOf rdfs:seeAlso","obo:DOID_0060299 rdfs:subClassOf obo:DOID_0060299","rdf:type rdfs:range rdfs:Class","obo:DOID_5289 rdf:type rdfs:Class","rdf:Alt rdf:type rdfs:Resource","rdf:first rdf:type rdf:Property","obo:DOID_11329 rdf:type rdfs:Resource","rdf:List rdf:type rdfs:Resource","rdfs:range rdf:type rdf:Property","rdf:List rdfs:subClassOf rdfs:Resource","rdf:subject rdfs:subPropertyOf rdf:subject","obo:DOID_7960 rdf:type rdfs:Resource","rdf:Seq rdf:type rdfs:Resource","rdfs:Container rdfs:subClassOf rdfs:Container","obo:DOID_0050147 rdfs:subClassOf obo:DOID_0050147","obo:DOID_2921 rdfs:subClassOf obo:DOID_2921","obo:DOID_1762 rdfs:subClassOf obo:DOID_1762","obo:DOID_0060041 rdf:type rdfs:Resource","obo:DOID_8557 rdfs:subClassOf obo:DOID_8557","obo:DOID_2800 rdfs:subClassOf obo:DOID_2800","obo:DOID_5588 rdf:type rdfs:Resource","obo:DOID_4829 rdfs:subClassOf obo:DOID_4829","obo:DOID_482 rdf:type rdfs:Class","obo:DOID_626 rdf:type rdfs:Resource","obo:DOID_4829 rdf:type rdfs:Class","obo:DOID_10607 rdfs:subClassOf obo:DOID_10607","obo:DOID_8557 rdf:type rdfs:Class","rdfs:range rdf:type rdfs:Resource","obo:DOID_1762 rdf:type rdfs:Class","owl:Class rdf:type rdfs:Class","obo:DOID_65 rdf:type rdfs:Resource"],"InvalidAxioms":["obo:DOID_0050621 rdfs:subClassOf obo:DOID_3908","obo:DOID_0060119 rdfs:subClassOf obo:DOID_381","obo:DOID_0080091 rdfs:subClassOf rdfs:Resource","obo:DOID_934 rdfs:subClassOf rdf:Property","obo:DOID_4866 rdfs:subClassOf obo:DOID_4917","rdf:object rdfs:range rdfs:Class","obo:DOID_0060400 rdfs:subClassOf obo:DOID_6231","rdfs:subClassOf rdfs:domain rdf:Property","obo:DOID_65 rdfs:subClassOf obo:DOID_0050904","rdf:Seq rdfs:domain rdf:List","rdfs:Class rdfs:subClassOf obo:DOID_14218","rdfs:Literal rdfs:subClassOf obo:DOID_0060041","rdfs:subClassOf rdfs:subClassOf obo:DOID_0060299","obo:DOID_934 rdfs:subPropertyOf rdf:object","obo:DOID_10519 rdfs:subClassOf obo:DOID_6231","obo:DOID_2921 rdfs:subClassOf rdfs:Container","obo:DOID_4991 rdfs:subClassOf obo:DOID_14218","obo:DOID_9153 rdfs:subClassOf rdfs:Class","obo:DOID_0050147 rdfs:subPropertyOf rdf:predicate","obo:DOID_10607 rdfs:subPropertyOf rdf:predicate","obo:DOID_0080091 rdf:type rdf:Property","obo:DOID_0050904 rdfs:subClassOf rdfs:Container","obo:DOID_6713 rdfs:subClassOf obo:DOID_10607","rdfs:isDefinedBy rdf:type rdfs:Class","obo:DOID_934 rdfs:subClassOf obo:DOID_0060400","obo:DOID_4992 rdfs:subClassOf obo:DOID_7960","rdfs:range rdfs:subClassOf obo:DOID_3908","obo:DOID_11491 rdfs:subClassOf obo:DOID_2797","obo:DOID_6139 rdf:type rdf:Property","rdfs:domain rdfs:range rdfs:Literal","obo:DOID_0060085 rdfs:subClassOf obo:DOID_2800","rdf:first rdfs:subClassOf obo:DOID_0050904","obo:DOID_0060312 rdfs:subPropertyOf rdf:predicate","rdf:object rdfs:subClassOf rdf:Bag","obo:DOID_0060119 rdfs:range rdfs:Class","rdf:type rdfs:subClassOf obo:DOID_0060312","obo:DOID_6139 rdfs:subClassOf obo:DOID_4778","obo:DOID_4829 rdf:type rdf:Property","owl:Class rdf:type rdf:Property","obo:DOID_7747 rdfs:domain rdfs:Class","obo:DOID_8557 rdf:type rdf:Property","obo:DOID_1762 rdf:type rdf:Property","rdf:first rdfs:subClassOf rdf:Alt","rdfs:seeAlso rdfs:range rdfs:Class","obo:DOID_2797 rdfs:subClassOf obo:DOID_2712","rdf:Bag rdfs:subClassOf obo:DOID_653","rdfs:subPropertyOf rdfs:subClassOf obo:DOID_5588","rdf:subject rdfs:subClassOf obo:DOID_299","rdf:rest rdfs:range rdfs:Class","obo:DOID_0060388 rdfs:subClassOf rdfs:Resource","rdfs:Datatype rdfs:subClassOf obo:DOID_7747","rdfs:range rdf:type rdfs:Class","obo:DOID_12849 rdfs:subClassOf obo:DOID_5289","obo:DOID_2921 rdfs:domain rdf:Statement","rdf:first rdfs:subClassOf rdfs:Class","rdf:Statement rdfs:subClassOf rdfs:Container","obo:DOID_299 rdfs:subClassOf obo:DOID_0060400","rdf:first rdf:type rdfs:Class","obo:DOID_1762 rdfs:subClassOf rdfs:Resource","rdfs:subPropertyOf rdfs:subPropertyOf rdfs:seeAlso","obo:DOID_1762 rdfs:subClassOf obo:DOID_9153","obo:DOID_8736 rdf:type rdfs:Datatype","obo:DOID_5588 rdfs:subClassOf rdfs:Class","obo:DOID_2712 rdfs:subPropertyOf rdf:predicate","rdfs:seeAlso rdfs:subClassOf obo:DOID_381","rdf:predicate rdfs:subClassOf rdfs:Container","obo:DOID_4917 rdfs:subClassOf obo:DOID_0060299","obo:DOID_0060388 rdf:type rdf:Property","obo:DOID_6713 rdfs:subClassOf rdf:Seq","obo:DOID_5295 rdfs:domain rdf:Statement","obo:DOID_3908 rdfs:subClassOf obo:DOID_3258","obo:DOID_0060119 rdfs:subClassOf rdfs:Container","obo:DOID_5295 rdfs:subClassOf obo:DOID_6227","obo:DOID_0060312 rdfs:subClassOf obo:DOID_6713","obo:DOID_2712 rdfs:subClassOf rdf:Property","rdfs:comment rdfs:subClassOf obo:DOID_6713","obo:DOID_0050147 rdfs:range rdfs:Literal","obo:DOID_2800 rdfs:subClassOf obo:DOID_934","rdfs:seeAlso rdfs:domain rdf:Property","obo:DOID_0060312 rdfs:domain rdf:Property","obo:DOID_1529 rdfs:subClassOf obo:DOID_934","obo:DOID_4656 rdfs:subClassOf obo:DOID_1762","rdf:type rdfs:subClassOf obo:DOID_8736","obo:DOID_4992 rdfs:subClassOf obo:DOID_6315","rdf:rest rdfs:domain rdf:Property","obo:DOID_8469 rdf:type rdf:Property","rdfs:label rdf:type rdfs:Class","rdfs:Datatype rdfs:subClassOf obo:DOID_11491","rdf:object rdfs:subClassOf obo:DOID_0080091","rdfs:label rdfs:subClassOf obo:DOID_4829","obo:DOID_14218 rdfs:subClassOf obo:DOID_0060299","rdfs:label rdfs:subClassOf rdfs:ContainerMembershipProperty","obo:DOID_2712 rdfs:subClassOf rdfs:Resource","obo:DOID_626 rdfs:subClassOf rdf:Seq","obo:DOID_4917 rdfs:range rdfs:Class","rdfs:label rdfs:subClassOf rdfs:Class","rdfs:label rdfs:subClassOf rdfs:Datatype","rdf:nil rdf:type rdfs:Class","obo:DOID_3908 rdfs:subClassOf obo:DOID_8736","obo:DOID_423 rdfs:subClassOf obo:DOID_4829","obo:DOID_0060041 rdfs:subClassOf obo:DOID_4991","rdf:subject rdf:type rdfs:Class","obo:DOID_6227 rdfs:range rdfs:Class","obo:DOID_3910 rdf:type rdf:Property","rdfs:domain rdfs:subClassOf obo:DOID_8469","obo:DOID_4193 rdfs:subPropertyOf rdfs:isDefinedBy","obo:DOID_0060312 rdfs:subClassOf obo:DOID_4656","obo:DOID_6231 rdfs:subClassOf rdf:Property","obo:DOID_381 rdfs:range rdfs:Class","obo:DOID_255 rdf:type rdf:Property","rdfs:range rdfs:subClassOf obo:DOID_14218","obo:DOID_626 rdfs:subClassOf obo:DOID_14218","rdf:first rdfs:subClassOf obo:DOID_0060388","obo:DOID_6315 rdfs:subClassOf obo:DOID_0060041","rdf:first rdfs:subClassOf obo:DOID_5588","obo:DOID_4921 rdfs:subClassOf obo:DOID_255","obo:DOID_934 rdfs:subClassOf rdfs:Container","obo:DOID_626 rdfs:subPropertyOf rdfs:seeAlso","rdfs:domain rdfs:subClassOf obo:DOID_0060119","obo:DOID_5289 rdfs:subClassOf obo:DOID_6231","obo:DOID_3258 rdfs:subClassOf obo:DOID_8557","obo:DOID_2921 rdfs:subClassOf rdfs:Resource","obo:DOID_299 rdfs:range rdfs:Class","obo:DOID_5295 rdf:type rdf:Property","rdf:Alt rdfs:subClassOf obo:DOID_2921","obo:DOID_7960 rdfs:subClassOf obo:DOID_626","rdf:type rdfs:subClassOf rdfs:ContainerMembershipProperty","obo:DOID_0050904 rdf:type rdf:Property","rdfs:comment rdfs:subClassOf obo:DOID_0080091","obo:DOID_2712 rdfs:subClassOf obo:DOID_3910","rdf:Property rdfs:subClassOf obo:DOID_6713","obo:DOID_0060312 rdfs:subClassOf obo:DOID_0080091","rdf:type rdf:type rdfs:Class","rdf:Alt rdfs:subClassOf obo:DOID_10607","rdf:subject rdfs:subClassOf obo:DOID_3908","rdfs:label rdfs:domain rdf:List","obo:DOID_8557 rdfs:subClassOf obo:DOID_6231","obo:DOID_4917 rdfs:subClassOf rdfs:Container","rdf:Statement rdfs:domain rdf:Property","obo:DOID_10519 rdfs:subClassOf obo:DOID_4193","rdf:predicate rdfs:range rdfs:Literal","obo:DOID_4992 rdf:type rdf:List","rdf:predicate rdfs:domain rdf:Property","rdfs:subPropertyOf rdf:type rdfs:Class","obo:DOID_3259 rdfs:subClassOf rdfs:Datatype","rdfs:Datatype rdfs:subClassOf rdf:Property","owl:Class rdfs:domain rdf:Statement","obo:DOID_0060388 rdfs:subClassOf rdf:Bag","obo:DOID_1762 rdfs:subClassOf obo:DOID_6227","rdfs:isDefinedBy rdfs:subClassOf obo:DOID_3259","obo:DOID_6227 rdfs:subClassOf obo:DOID_4917","rdfs:Resource rdfs:subClassOf obo:DOID_299","obo:DOID_482 rdfs:domain rdf:Statement","rdf:subject rdfs:subClassOf obo:DOID_8736","obo:DOID_2797 rdfs:subClassOf rdfs:Container","obo:DOID_6315 rdfs:subPropertyOf rdfs:seeAlso","rdfs:range rdfs:subClassOf obo:DOID_4992","obo:DOID_0060400 rdfs:subClassOf obo:DOID_10519","obo:DOID_0060299 rdfs:range rdfs:Class","rdf:object rdf:type rdfs:Class","obo:DOID_8736 rdfs:subClassOf obo:DOID_423","rdf:object rdfs:subPropertyOf rdf:first","obo:DOID_5289 rdfs:subClassOf obo:DOID_3259","rdf:type rdfs:domain rdf:Property","obo:DOID_0060085 rdfs:subClassOf rdfs:Resource","obo:DOID_10607 rdfs:subClassOf obo:DOID_6315","rdfs:Class rdfs:subClassOf obo:DOID_11491","obo:DOID_6315 rdfs:subClassOf rdfs:Container","obo:DOID_4829 rdfs:subClassOf obo:DOID_3259","rdfs:isDefinedBy rdfs:range rdfs:Class","owl:Axiom rdf:type rdf:Property","rdfs:subClassOf rdfs:subClassOf obo:DOID_14218","obo:DOID_653 rdfs:subClassOf rdf:Property","rdf:Property rdfs:subClassOf obo:DOID_482","rdfs:subClassOf rdfs:subPropertyOf rdf:rest","rdfs:range rdfs:subPropertyOf rdf:predicate","obo:DOID_6139 rdfs:subClassOf obo:DOID_4992","rdf:subject rdfs:subClassOf rdfs:Resource","rdf:XMLLiteral rdfs:domain rdf:Statement","rdfs:Container rdfs:subClassOf rdf:Property","rdf:predicate rdf:type rdfs:Class","obo:DOID_10519 rdfs:subClassOf rdfs:Datatype","obo:DOID_255 rdfs:subClassOf rdfs:Class","obo:DOID_255 rdfs:subClassOf rdfs:Datatype","obo:DOID_5113 rdfs:subClassOf obo:DOID_3258","rdfs:domain rdfs:subClassOf obo:DOID_4992","obo:DOID_2800 rdfs:subClassOf obo:DOID_1762","rdfs:seeAlso rdf:type rdfs:Class","rdfs:Container rdfs:subClassOf obo:DOID_4193","rdfs:seeAlso rdf:type rdfs:Datatype","rdfs:comment rdf:type rdfs:Class","obo:DOID_4917 rdfs:subPropertyOf rdf:rest","rdfs:Literal rdfs:subClassOf rdf:Property","obo:DOID_3258 rdfs:subClassOf rdfs:Resource","obo:DOID_4866 rdfs:subClassOf obo:DOID_1762","obo:DOID_934 rdfs:subClassOf obo:DOID_0060388","rdf:rest rdfs:subPropertyOf rdf:first","obo:DOID_381 rdfs:subClassOf obo:DOID_0060312","rdf:rest rdf:type rdfs:Class","rdfs:subPropertyOf rdfs:subPropertyOf rdf:object","obo:DOID_3258 rdf:type rdf:Property","obo:DOID_6227 rdfs:subClassOf obo:DOID_0060388","rdfs:range rdfs:subClassOf obo:DOID_2797","rdf:XMLLiteral rdfs:subClassOf rdfs:Container","obo:DOID_6227 rdfs:subClassOf obo:DOID_0060041","rdf:first rdfs:range rdfs:Class","rdf:rest rdfs:subClassOf obo:DOID_5295","obo:DOID_934 rdfs:subClassOf obo:DOID_14218","rdf:Statement rdfs:subClassOf obo:DOID_6315","rdfs:subClassOf rdfs:subClassOf obo:DOID_0050147","rdf:predicate rdfs:subClassOf obo:DOID_8736","rdfs:domain rdfs:subPropertyOf rdfs:seeAlso","obo:DOID_11491 rdfs:domain rdfs:Class","obo:DOID_5289 rdfs:subClassOf obo:DOID_5588","rdf:List rdfs:range rdfs:Class","rdf:subject rdfs:domain rdf:Property","obo:DOID_4991 rdf:type rdf:Property","obo:DOID_7747 rdfs:subClassOf rdfs:Container","obo:DOID_0050621 rdfs:subClassOf obo:DOID_11491","rdf:predicate rdfs:subClassOf obo:DOID_5289","rdfs:Container rdfs:subClassOf obo:DOID_7747","obo:DOID_3259 rdfs:subClassOf rdfs:Container","rdfs:Resource rdfs:subClassOf rdfs:Resource","obo:DOID_65 rdfs:subClassOf obo:DOID_934","obo:DOID_7747 rdf:type rdf:Property","rdfs:subPropertyOf rdfs:subClassOf obo:DOID_5113","obo:DOID_0050147 rdfs:subClassOf obo:DOID_0060388","obo:DOID_5295 rdfs:subClassOf obo:DOID_7960","obo:DOID_7960 rdfs:domain rdf:Property","obo:DOID_8736 rdfs:subClassOf obo:DOID_255","obo:DOID_0050621 rdfs:subClassOf obo:DOID_2712","obo:DOID_5588 rdfs:subClassOf obo:DOID_6713","obo:DOID_5289 rdfs:subClassOf obo:DOID_8736","obo:DOID_4778 rdfs:domain rdf:Statement","obo:DOID_5289 rdfs:domain rdf:List","obo:DOID_10607 rdfs:subClassOf obo:DOID_0060312","obo:DOID_2712 rdfs:range rdf:Property","obo:DOID_6713 rdfs:subClassOf rdf:Bag","obo:DOID_1762 rdfs:domain rdf:List","rdfs:range rdfs:subClassOf obo:DOID_10519","obo:DOID_2800 rdfs:subClassOf obo:DOID_14218","obo:DOID_2797 rdfs:subClassOf obo:DOID_4829","rdf:Property rdfs:subClassOf obo:DOID_5588","rdfs:Resource rdfs:subClassOf obo:DOID_0060400","obo:DOID_3259 rdfs:range rdfs:Class","obo:DOID_11329 rdf:type rdf:Property","rdfs:subClassOf rdf:type rdfs:Class","obo:DOID_0060388 rdfs:subClassOf obo:DOID_11329","rdf:Alt rdf:type rdf:Property","obo:DOID_12849 rdfs:subClassOf obo:DOID_0060119","rdfs:ContainerMembershipProperty rdfs:range rdf:Property","rdf:type rdfs:domain rdf:Statement","obo:DOID_4866 rdfs:subPropertyOf rdfs:seeAlso","owl:Axiom rdfs:subClassOf rdfs:Container","obo:DOID_8736 rdf:type rdf:Property","rdf:predicate rdfs:subPropertyOf rdf:rest","obo:DOID_0060312 rdfs:subPropertyOf rdfs:seeAlso","rdfs:subClassOf rdfs:subClassOf obo:DOID_1762","obo:DOID_6231 rdfs:subClassOf obo:DOID_299","rdfs:domain rdf:type rdf:List","rdf:nil rdfs:subClassOf obo:DOID_4921","rdfs:domain rdfs:subClassOf obo:DOID_482","obo:DOID_2712 rdfs:subClassOf obo:DOID_0060388","obo:DOID_4829 rdfs:subClassOf rdf:Alt","rdfs:subPropertyOf rdfs:subClassOf obo:DOID_7747","rdfs:range rdfs:subClassOf rdf:Property","rdfs:isDefinedBy rdfs:domain rdf:Property","obo:DOID_11329 rdfs:subClassOf rdfs:Resource","rdfs:domain rdf:type rdfs:Class","obo:DOID_11491 rdfs:subClassOf obo:DOID_1529","obo:DOID_255 rdfs:subClassOf obo:DOID_299","rdf:nil rdfs:subClassOf obo:DOID_4917","obo:DOID_423 rdfs:subClassOf rdfs:Container","obo:DOID_6231 rdfs:subClassOf obo:DOID_0060041","obo:DOID_5588 rdf:type rdf:Property","obo:DOID_5113 rdfs:domain rdf:List","rdf:XMLLiteral rdfs:range rdfs:Literal","rdf:first rdfs:subPropertyOf rdf:object","rdf:object rdfs:subClassOf obo:DOID_4866","obo:DOID_381 rdfs:subClassOf obo:DOID_8736","rdf:Seq rdf:type rdf:Property","rdfs:subClassOf rdfs:subClassOf rdfs:Class","obo:DOID_299 rdfs:subClassOf rdfs:Class","rdfs:subPropertyOf rdfs:range rdfs:Class"]}