{"OntologyName":"http://purl.obolibrary.org/obo/doid.owl#","Prefixes":{"":"http://purl.obolibrary.org/obo/doid.owl#","owl":"http://www.w3.org/2002/07/owl#","rdf":"http://www.w3.org/1999/02/22-rdf-syntax-ns#","oboInOwl":"http://www.geneontology.org/formats/oboInOwl#","xsd":"http://www.w3.org/2001/XMLSchema#","doid":"http://purl.obolibrary.org/obo/doid#","rdfs":"http://www.w3.org/2000/01/rdf-schema#","obo":"http://purl.obolibrary.org/obo/"},"TotalBase Triples":1000,"Axiomatic Triples in Base":0,"rdf:TypeTriples in Base":135,"TotalUniqueSubjects in base":136,"TotalUniquePredicates in base":17,"TotalUniqueObjects in base":716,"TotalInferred Triples":305,"AxiomaticTriples in inferred":100,"rdf:TypeTriples in inferred":195,"TotalUniqueSubjects in inferred":97,"TotalUniquePredicates in inferred":5,"TotalUniqueObjects in inferred":86,"TotalInvalid Triples":305,"AxiomaticTriples in invalid":63,"rdf:TypeTriples in invalid":46,"fullRandomTriples in invalid":0,"trickyTriplesInInvalid in invalid":305,"TotalUniqueSubjects in invalid":90,"TotalUniquePredicates in invalid":5,"TotalUniqueObjects in invalid":76,"Inference_time (miliseconds)":6,"Invalid triples generation time (miliseconds)":39,"Output (json_format) writing time (miliseconds)":0,"OriginalAxioms":["d4577d87-0e09-420b-93d5-af6ee29f2e2e rdf:type owl:Axiom","7bed227c-ff16-4d78-bc5e-d85e0b78645d owl:annotatedProperty oboInOwl:hasExactSynonym","ccd16941-25f2-4db0-8af0-b3b971277306 owl:annotatedTarget An adrenal medulla cancer that is characterized by overproduction of adrenaline.","obo:DOID_9861 obo:IAO_0000115 An extrapulmonary tuberculosis that results in formation of tiny lesions in all the organs.","11d89e50-852c-46e2-8919-059eff397198 owl:annotatedSource obo:DOID_8712","d4577d87-0e09-420b-93d5-af6ee29f2e2e oboInOwl:hasDbXref SNOMEDCT_2005_07_31:416154000","obo:DOID_0050889 oboInOwl:hasDbXref OMIM:613192","obo:DOID_0050977 oboInOwl:id DOID:0050977","obo:DOID_1724 oboInOwl:hasAlternativeId DOID:12880","obo:DOID_83 oboInOwl:hasDbXref SNOMEDCT_US_2015_03_01:193620000","obo:DOID_0050977 rdfs:label spinocerebellar ataxia type 28","obo:DOID_10127 oboInOwl:hasDbXref SNOMEDCT_US_2015_03_01:286956007","8bd4f26a-2255-40c7-bc87-2eeebda51e65 owl:annotatedTarget Chicago disease disorder","0b61ca48-da5f-468d-b3e4-a0da6a4fb9bb owl:annotatedProperty oboInOwl:hasExactSynonym","obo:DOID_14699 oboInOwl:hasDbXref ICD10CM:Q87.2","obo:DOID_9597 oboInOwl:hasDbXref MSH:D007725","2a847de1-adba-493a-870a-420de73dc6d8 owl:annotatedProperty oboInOwl:hasExactSynonym","obo:DOID_8838 oboInOwl:hasExactSynonym Hodgkin lymphoma, nodular sclerosis","obo:DOID_9773 oboInOwl:hasDbXref ICD10CM:C50.41","31420b77-94df-42e0-bc68-7c6058d6883b oboInOwl:hasDbXref url:http://en.wikipedia.org/wiki/Dysgerminoma","obo:DOID_4525 oboInOwl:id DOID:4525","cef29a82-7d2b-4a8e-8f25-4cb1291d064b rdf:type owl:Axiom","3d7e7f13-715e-4333-b9d5-28ce82f1abf4 owl:annotatedSource obo:DOID_0050596","obo:DOID_6759 oboInOwl:hasDbXref NCI:C6620","obo:DOID_3042 oboInOwl:hasDbXref SNOMEDCT_US_2015_03_01:200841005","7e58fe2c-89f3-497e-b6ae-a3155e90e6b8 owl:annotatedTarget Non-toxic simple goitre","obo:DOID_11150 rdfs:label glaucoma due to raised episcleral venous pressure","2d865378-1c53-411b-ac67-a9fb4c923ddf rdf:type owl:Axiom","obo:DOID_83 oboInOwl:hasDbXref OMIM:115700","11d89e50-852c-46e2-8919-059eff397198 owl:annotatedTarget Recklinghausens neurofibromatosis","38ef373a-e3d0-4311-9842-958c7ab38031 rdf:type owl:Axiom","a86f111a-b107-4e0d-a9cf-e60cae0faa46 oboInOwl:hasDbXref SNOMEDCT_2005_07_31:302914006","obo:DOID_10303 oboInOwl:hasDbXref NCI:C26882","0847a603-467d-45af-9c6c-fe9d7d8eb9fe owl:annotatedProperty oboInOwl:hasExactSynonym","obo:DOID_8838 oboInOwl:hasDbXref NCI:C3518","b3cbff35-06c4-4749-8c05-a4a6d21b331c owl:annotatedSource obo:DOID_8043","obo:DOID_12670 oboInOwl:id DOID:12670","obo:DOID_3803 oboInOwl:hasExactSynonym Bilirubin UDP glucuronyl transferase deficiency","obo:DOID_1761 rdfs:subClassOf obo:DOID_1756","e4214a79-dc3d-4f7b-a6c8-002567685572 owl:annotatedTarget adenocarcinoma of extrahepatic bile duct","obo:DOID_12369 oboInOwl:hasDbXref SNOMEDCT_US_2015_03_01:197935003","obo:DOID_638 owl:deprecated true^^http://www.w3.org/2001/XMLSchema#boolean","obo:DOID_3042 oboInOwl:hasOBONamespace disease_ontology","obo:DOID_1585 oboInOwl:id DOID:1585","02f84c95-dee2-4954-adb4-6e8e6e38d817 oboInOwl:hasDbXref SNOMEDCT_2005_07_31:192844008","bb86dccd-6b8f-4329-959c-480a65dae51b owl:annotatedTarget A carcinoma that is an early development defined by the absence of invasion of surrounding tissues.","obo:DOID_851 oboInOwl:hasDbXref ICD10CM:N75.0","obo:DOID_83 oboInOwl:hasDbXref OMIM:115800","obo:DOID_0060083 rdfs:label immune system cancer","obo:DOID_0060083 rdf:type owl:Class","obo:DOID_8838 rdfs:label Hodgkins lymphoma, nodular sclerosis","4240f275-37cb-43f7-8031-d78d976e2a5f oboInOwl:hasDbXref NCI2004_11_17:C8419","a0b76d2d-8d67-4bb2-b8c5-595d9d932ad5 owl:annotatedProperty oboInOwl:hasExactSynonym","933fa2a3-0904-4826-bc0a-519ff78a051b owl:annotatedSource obo:DOID_252","obo:DOID_7531 oboInOwl:hasOBONamespace disease_ontology","226c9511-49c4-42bf-abcb-ab48798977da owl:annotatedTarget malignant neoplasm of posterior wall of hypopharynx","0cd286bf-bb0a-43f1-a461-6d2d477c55b8 oboInOwl:hasDbXref url:http://www.ninds.nih.gov/disorders/charcot_marie_tooth/detail_charcot_marie_tooth.htm","39cd1225-8c8f-4944-b8a9-a1038435318b owl:annotatedProperty oboInOwl:hasExactSynonym","3a848cb5-0511-415e-a3e9-2e20cfef07e4 oboInOwl:hasDbXref NCI2004_11_17:C27690","f62b336a-0de7-4055-bea8-5cb447307e24 owl:annotatedSource obo:DOID_8941","obo:DOID_1724 oboInOwl:hasExactSynonym Stress ulcer disorder","ecb8c786-f7c9-4807-85fa-63237e3be2df owl:annotatedSource obo:DOID_11724","950169a5-47bc-439c-8160-28dee1848db5 owl:annotatedSource obo:DOID_5411","2ca3d00c-f1e3-4d31-aea4-9db09b2b7b24 owl:annotatedSource obo:DOID_4053","obo:DOID_4437 oboInOwl:id DOID:4437","bb39b169-c6e5-415a-88b3-ca20ec8ca59f rdf:type owl:Axiom","obo:DOID_9597 oboInOwl:hasDbXref SNOMEDCT_US_2015_03_01:94455000","e4aa8fe8-063b-4390-9b61-252406c72a20 rdf:type owl:Axiom","10406d69-8ebf-476a-b7bc-a015a2a98821 owl:annotatedProperty oboInOwl:hasExactSynonym","e5b3c48e-972d-4759-9b4f-ddd8d743a3a1 owl:annotatedProperty oboInOwl:hasExactSynonym","e5b3c48e-972d-4759-9b4f-ddd8d743a3a1 oboInOwl:hasDbXref MTHICD9_2006:518.3","3f632958-9f65-4d00-bcdb-d0f404dae406 rdf:type owl:Axiom","obo:DOID_4525 oboInOwl:hasDbXref NCI:C6613","d7e3eae0-c002-4426-a58d-3e779a02b4ec oboInOwl:hasDbXref ICD9CM_2006:611.0","obo:DOID_4613 oboInOwl:hasDbXref MSH:D020424","39cd1225-8c8f-4944-b8a9-a1038435318b owl:annotatedSource obo:DOID_2965","obo:DOID_9861 oboInOwl:hasDbXref SNOMEDCT_US_2015_03_01:154291001","ac3dabc9-9a53-4c2c-8fb0-2829d9219e41 owl:annotatedSource obo:DOID_1391","obo:DOID_6759 rdf:type owl:Class","obo:DOID_0050104 rdf:type owl:Class","e19e9128-3747-482c-b2bc-ff39e9745860 oboInOwl:hasDbXref ICD9CM_2006:110.1","9d39dbb5-2179-468d-b4d2-8e2de8eb2a19 rdf:type owl:Axiom","obo:DOID_83 oboInOwl:hasDbXref SNOMEDCT_US_2015_03_01:193622008","47b9ad2b-2c5e-4d7b-ae1a-ebe1b51a1601 owl:annotatedProperty oboInOwl:hasExactSynonym","obo:DOID_3803 oboInOwl:hasDbXref ICD10CM:E80.5","obo:DOID_2320 rdfs:label obstructive lung disease","obo:DOID_9773 oboInOwl:hasDbXref UMLS_CUI:C0153552","3dbde7e0-3729-4782-bdb7-b66eaa39403d owl:annotatedSource obo:DOID_13328","daa5c15f-42f4-4ce4-89ad-6fda2b7be1e2 owl:annotatedTarget disease caused by Mycoplasma [Ambiguous]","obo:DOID_4613 rdfs:label ulnar neuropathy","95f77d3c-8840-45c5-95f5-515197354059 rdf:type owl:Axiom","3dbde7e0-3729-4782-bdb7-b66eaa39403d owl:annotatedTarget Diabetic cataract","obo:DOID_9736 oboInOwl:hasDbXref UMLS_CUI:C0395863","obo:DOID_9736 obo:IAO_0000115 A acute transudative otitis media involving thick, viscid and mucuslike fluid effusion due to which the drum appears blue in color.","d7e3eae0-c002-4426-a58d-3e779a02b4ec owl:annotatedProperty oboInOwl:hasExactSynonym","obo:DOID_12369 oboInOwl:id DOID:12369","obo:DOID_9861 oboInOwl:hasAlternativeId DOID:9862","ccd16941-25f2-4db0-8af0-b3b971277306 owl:annotatedSource obo:DOID_0050892","38ef373a-e3d0-4311-9842-958c7ab38031 oboInOwl:hasDbXref url:http://en.wikipedia.org/wiki/Somatoform_disorder","obo:DOID_8838 oboInOwl:hasRelatedSynonym Hodgkins disease, nodular sclerosis","obo:DOID_5957 rdfs:label bladder urachal squamous cell carcinoma","ccd16941-25f2-4db0-8af0-b3b971277306 oboInOwl:hasDbXref url:http://en.wikipedia.org/wiki/Adrenal_tumor#Pheochromocytoma","obo:DOID_3878 oboInOwl:hasOBONamespace disease_ontology","39cd1225-8c8f-4944-b8a9-a1038435318b owl:annotatedTarget Bursitis NOS","obo:DOID_11150 rdf:type owl:Class","a8ba4f83-ce56-4fef-9672-5d943df6f6da oboInOwl:hasDbXref SNOMEDCT_2005_07_31:196583001","obo:DOID_8838 oboInOwl:hasExactSynonym Hodgkins disease, nodular sclerosis NOS disorder","obo:DOID_9773 rdf:type owl:Class","obo:DOID_1761 oboInOwl:hasDbXref NCI:C84886","obo:DOID_4437 oboInOwl:hasDbXref UMLS_CUI:C1335976","obo:DOID_11150 oboInOwl:hasExactSynonym Glaucoma with increased episcleral venous pressure","ae48e36d-aaa4-4838-a6e2-1e078e82e314 owl:annotatedTarget Proliferative polycythaemia","daa5c15f-42f4-4ce4-89ad-6fda2b7be1e2 oboInOwl:hasDbXref SNOMEDCT_2005_07_31:59846002","d9f386ec-68cf-4b0d-be15-4aed01c78294 owl:annotatedSource obo:DOID_3458","obo:DOID_851 oboInOwl:hasDbXref SNOMEDCT_US_2015_03_01:57044006","39cd1225-8c8f-4944-b8a9-a1038435318b rdf:type owl:Axiom","a0b76d2d-8d67-4bb2-b8c5-595d9d932ad5 rdf:type owl:Axiom","obo:DOID_0060083 oboInOwl:id DOID:0060083","obo:DOID_4562 oboInOwl:hasExactSynonym Subacute bacterial endocarditis","obo:DOID_6759 obo:IAO_0000115 A bone cancer and lymphoma by site that results_in lymphoma starting in the bone.","obo:DOID_0050889 oboInOwl:id DOID:0050889","obo:DOID_3042 oboInOwl:hasDbXref SNOMEDCT_US_2015_03_01:238575004","4d19a931-2765-4255-9e2d-4353c430fd20 owl:annotatedSource obo:DOID_3574","obo:DOID_3803 oboInOwl:hasDbXref SNOMEDCT_US_2015_03_01:190933008","obo:DOID_5284 rdf:type owl:Class","3f632958-9f65-4d00-bcdb-d0f404dae406 owl:annotatedProperty oboInOwl:hasExactSynonym","obo:DOID_9861 oboInOwl:hasExactSynonym generalized tuberculosis","obo:DOID_4525 rdfs:label mediastinum angiosarcoma","e5b3c48e-972d-4759-9b4f-ddd8d743a3a1 rdf:type owl:Axiom","obo:DOID_1761 oboInOwl:hasDbXref SNOMEDCT_US_2015_03_01:37770007","3f632958-9f65-4d00-bcdb-d0f404dae406 owl:annotatedTarget neoplasm of the retroperitoneum","10406d69-8ebf-476a-b7bc-a015a2a98821 rdf:type owl:Axiom","e4aa8fe8-063b-4390-9b61-252406c72a20 owl:annotatedProperty oboInOwl:hasExactSynonym","obo:DOID_9861 rdf:type owl:Class","de352ea6-dfa8-4389-8c8a-b476e1a54289 oboInOwl:hasDbXref url:http://www.ophthalmic.hyperguides.com/tutorials/oculoplastics/eyelid_infections/tutorial.asp?module\u003dpain","bb39b169-c6e5-415a-88b3-ca20ec8ca59f owl:annotatedProperty oboInOwl:hasExactSynonym","obo:DOID_14699 oboInOwl:hasExactSynonym Radial aplasia-thrombocytopenia syndrome disorder","f09dbd74-9c66-4bb7-afaf-835b3a794b27 owl:annotatedTarget Grand mal status disorder","obo:DOID_5284 rdfs:subClassOf obo:DOID_12341","95f77d3c-8840-45c5-95f5-515197354059 owl:annotatedProperty oboInOwl:hasExactSynonym","28a5e6de-568e-4432-84c6-34eb6584ce4e oboInOwl:hasDbXref SNOMEDCT_2005_07_31:64246009","obo:DOID_1724 oboInOwl:hasDbXref SNOMEDCT_US_2015_03_01:196680008","obo:DOID_6759 rdfs:label bone lymphoma","31420b77-94df-42e0-bc68-7c6058d6883b owl:annotatedProperty obo:IAO_0000115","obo:DOID_1673 oboInOwl:hasDbXref SNOMEDCT_US_2015_03_01:266367007","e8a3dbb5-4101-423b-96e4-6e274cba67a7 oboInOwl:hasDbXref SNOMEDCT_2005_07_31:83343001","47b9ad2b-2c5e-4d7b-ae1a-ebe1b51a1601 rdf:type owl:Axiom","9d39dbb5-2179-468d-b4d2-8e2de8eb2a19 owl:annotatedProperty oboInOwl:hasExactSynonym","3048787a-d8d3-4d80-a0ca-f70da3306075 owl:annotatedSource obo:DOID_11735","9d39dbb5-2179-468d-b4d2-8e2de8eb2a19 owl:annotatedTarget Choline deficiency disorder","df58ad51-6d31-44da-9995-1867ac7026bd owl:annotatedProperty obo:IAO_0000115","2d865378-1c53-411b-ac67-a9fb4c923ddf owl:annotatedSource obo:DOID_9228","obo:DOID_638 oboInOwl:hasOBONamespace disease_ontology","obo:DOID_4613 oboInOwl:hasDbXref SNOMEDCT_US_2015_03_01:55802003","obo:DOID_7531 oboInOwl:hasDbXref NCI:C5609","obo:DOID_3803 oboInOwl:hasDbXref UMLS_CUI:C0010324","obo:DOID_10303 oboInOwl:hasDbXref ICD10CM:K11.20","obo:DOID_1724 rdf:type owl:Class","obo:DOID_4613 rdf:type owl:Class","obo:DOID_5196 rdf:type owl:Class","obo:DOID_83 oboInOwl:hasDbXref OMIM:614697","d7e3eae0-c002-4426-a58d-3e779a02b4ec rdf:type owl:Axiom","obo:DOID_9736 oboInOwl:id DOID:9736","obo:DOID_9773 oboInOwl:hasDbXref SNOMEDCT_US_2015_03_01:188154003","7bed227c-ff16-4d78-bc5e-d85e0b78645d owl:annotatedSource obo:DOID_12918","7bed227c-ff16-4d78-bc5e-d85e0b78645d owl:annotatedTarget Buergers disease","obo:DOID_5196 rdfs:label fallopian tube adenomatoid tumor","c0fe42da-4114-4ce4-b5bd-88e13444f1c1 owl:annotatedTarget Cardiovascular neurosis","obo:DOID_8838 oboInOwl:hasDbXref ICD9CM:201.5","4d19a931-2765-4255-9e2d-4353c430fd20 owl:annotatedTarget Thrombosis transverse sinus disorder","96eb3f45-25f4-4a4c-9ae9-19805d5afab3 owl:annotatedSource obo:DOID_9682","obo:DOID_3878 oboInOwl:id DOID:3878","8bd4f26a-2255-40c7-bc87-2eeebda51e65 owl:annotatedSource obo:DOID_12663","7bed227c-ff16-4d78-bc5e-d85e0b78645d rdf:type owl:Axiom","2b56d74b-fae8-4976-a711-a01da9f80d6a owl:annotatedSource obo:DOID_418","d4577d87-0e09-420b-93d5-af6ee29f2e2e owl:annotatedProperty oboInOwl:hasExactSynonym","obo:DOID_14699 oboInOwl:hasExactSynonym chromosome 1q21.1 deletion syndrome","50237568-ad1e-420b-aca1-9c2acb2de81e owl:annotatedTarget Hodgkins disease, lymphocytic-histiocytic predominance of intrapelvic lymph nodes disorder","obo:DOID_1673 rdf:type owl:Class","9d39dbb5-2179-468d-b4d2-8e2de8eb2a19 owl:annotatedSource obo:DOID_8456","dfe8e07c-1258-4af3-9d47-a6a9e11c4ae1 owl:annotatedProperty obo:IAO_0000115","cef29a82-7d2b-4a8e-8f25-4cb1291d064b owl:annotatedProperty oboInOwl:hasExactSynonym","obo:DOID_14699 rdfs:subClassOf obo:DOID_0060388","obo:DOID_83 oboInOwl:hasDbXref OMIM:614422","obo:DOID_9736 rdf:type owl:Class","86810fd1-a77b-4a5a-8432-c66f6b709298 oboInOwl:hasDbXref url:http://www.ncbi.nlm.nih.gov/pmc/articles/PMC2689747/","2b56d74b-fae8-4976-a711-a01da9f80d6a oboInOwl:hasDbXref SNOMEDCT_2005_07_31:156451000","2a847de1-adba-493a-870a-420de73dc6d8 rdf:type owl:Axiom","0b61ca48-da5f-468d-b3e4-a0da6a4fb9bb rdf:type owl:Axiom","0847a603-467d-45af-9c6c-fe9d7d8eb9fe rdf:type owl:Axiom","b7337a4c-e730-4425-9867-8b4e0543e856 owl:annotatedTarget Hodgkins granuloma of lymph nodes of multiple sites disorder","obo:DOID_83 oboInOwl:hasDbXref OMIM:115900","obo:DOID_7531 rdfs:subClassOf obo:DOID_3447","dd9cceb4-3cf8-4995-827d-45970db878ca owl:annotatedTarget Kaposis sarcoma of conjunctiva disorder","ae48e36d-aaa4-4838-a6e2-1e078e82e314 oboInOwl:hasDbXref SNOMEDCT_2005_07_31:128841001","0cd286bf-bb0a-43f1-a461-6d2d477c55b8 owl:annotatedTarget A Charcot-Marie-Tooth disease characterized by demyelinating or axonal abnormalities that has_material_basis_in autosomal recessive inheritance.","15bf67a7-5981-4a01-8ad9-60e7d364c098 owl:annotatedSource obo:DOID_12707","obo:DOID_1761 rdf:type owl:Class","097959d5-ac42-4dec-ae9c-6206db8adec9 owl:annotatedProperty oboInOwl:hasExactSynonym","daa5c15f-42f4-4ce4-89ad-6fda2b7be1e2 owl:annotatedSource obo:DOID_5461","obo:DOID_1585 rdfs:label rheumatic pneumonia","28a5e6de-568e-4432-84c6-34eb6584ce4e owl:annotatedSource obo:DOID_11158","a86f111a-b107-4e0d-a9cf-e60cae0faa46 owl:annotatedTarget Barretts esophagus disorder","obo:DOID_83 oboInOwl:hasDbXref OMIM:607304","38ef373a-e3d0-4311-9842-958c7ab38031 owl:annotatedSource obo:DOID_4737","dd9cceb4-3cf8-4995-827d-45970db878ca owl:annotatedSource obo:DOID_8632","9791f210-6e2b-480b-a18d-2c3e5be82db9 owl:annotatedSource obo:DOID_4029","obo:DOID_4437 oboInOwl:hasDbXref NCI:C5272","2d865378-1c53-411b-ac67-a9fb4c923ddf owl:annotatedProperty oboInOwl:hasExactSynonym","7e58fe2c-89f3-497e-b6ae-a3155e90e6b8 oboInOwl:hasDbXref SNOMEDCT_2005_07_31:267369002","obo:DOID_9597 rdfs:subClassOf obo:DOID_2152","e4aa8fe8-063b-4390-9b61-252406c72a20 owl:annotatedSource obo:DOID_5166","obo:DOID_851 oboInOwl:hasOBONamespace disease_ontology","obo:DOID_4613 oboInOwl:hasExactSynonym Ulnar neuropathy","f09dbd74-9c66-4bb7-afaf-835b3a794b27 oboInOwl:hasDbXref SNOMEDCT_2005_07_31:13973009","obo:DOID_3878 oboInOwl:hasDbXref NCI:C34733","obo:DOID_6759 oboInOwl:hasExactSynonym lymphoma of bone","e4214a79-dc3d-4f7b-a6c8-002567685572 oboInOwl:hasDbXref NCI2004_11_17:C7975","00f179e2-2af1-4447-b217-44379ec653b9 oboInOwl:hasDbXref SNOMEDCT_2005_07_31:363387004","obo:DOID_4562 oboInOwl:hasDbXref MSH:D004698","obo:DOID_12721 oboInOwl:hasDbXref ORDO:251","91ba6d8e-5cbc-4859-b2df-8c4b91348090 rdf:type owl:Axiom","obo:DOID_9736 oboInOwl:hasExactSynonym acute mucoid otitis media","obo:DOID_12369 rdfs:subClassOf obo:DOID_1284","0cd286bf-bb0a-43f1-a461-6d2d477c55b8 rdf:type owl:Axiom","obo:DOID_4562 oboInOwl:inSubset doid:gram-positive_bacterial_infectious_disease","31420b77-94df-42e0-bc68-7c6058d6883b rdf:type owl:Axiom","daa5c15f-42f4-4ce4-89ad-6fda2b7be1e2 owl:annotatedProperty oboInOwl:hasExactSynonym","7e58fe2c-89f3-497e-b6ae-a3155e90e6b8 rdf:type owl:Axiom","62808cbb-e126-4025-ad49-bcb4053fba7c owl:annotatedProperty oboInOwl:hasExactSynonym","3a848cb5-0511-415e-a3e9-2e20cfef07e4 owl:annotatedSource obo:DOID_6250","d7e3eae0-c002-4426-a58d-3e779a02b4ec owl:annotatedTarget Inflammatory disease of breast","00f179e2-2af1-4447-b217-44379ec653b9 owl:annotatedTarget malignant tumor of hard palate disorder","obo:DOID_4349 owl:deprecated true^^http://www.w3.org/2001/XMLSchema#boolean","df58ad51-6d31-44da-9995-1867ac7026bd rdf:type owl:Axiom","obo:DOID_83 oboInOwl:hasDbXref OMIM:600881","00f179e2-2af1-4447-b217-44379ec653b9 owl:annotatedProperty oboInOwl:hasExactSynonym","obo:DOID_2320 rdf:type owl:Class","8bd4f26a-2255-40c7-bc87-2eeebda51e65 owl:annotatedProperty oboInOwl:hasExactSynonym","obo:DOID_9861 oboInOwl:hasDbXref ICD9CM:018.90","obo:DOID_12721 oboInOwl:hasDbXref SNOMEDCT_US_2015_03_01:59708000","c0fe42da-4114-4ce4-b5bd-88e13444f1c1 owl:annotatedProperty oboInOwl:hasExactSynonym","obo:DOID_0050889 obo:IAO_0000115 An intellectual disability that is characterized by the absence of associated medical and behavioral signs and symptoms.","obo:DOID_1724 oboInOwl:hasAlternativeId DOID:11480","obo:DOID_1673 rdfs:label pneumothorax","886ff7ac-9494-43c8-8c63-8691c0c85f1b owl:annotatedProperty oboInOwl:hasExactSynonym","d4577d87-0e09-420b-93d5-af6ee29f2e2e owl:annotatedSource obo:DOID_8970","obo:DOID_12633 owl:deprecated true^^http://www.w3.org/2001/XMLSchema#boolean","bb39b169-c6e5-415a-88b3-ca20ec8ca59f owl:annotatedSource obo:DOID_11104","obo:DOID_3042 oboInOwl:hasDbXref ICD10CM:L23","obo:DOID_10127 rdf:type owl:Class","obo:DOID_12721 oboInOwl:hasDbXref OMIM:614135","obo:DOID_10303 oboInOwl:hasDbXref ICD9CM:527.2","obo:DOID_1761 oboInOwl:hasDbXref OMIM:155900","df58ad51-6d31-44da-9995-1867ac7026bd oboInOwl:hasDbXref url:http://en.wikipedia.org/wiki/Rumination_syndrome","obo:DOID_1585 oboInOwl:inSubset doid:gram-positive_bacterial_infectious_disease","obo:DOID_10303 oboInOwl:hasDbXref SNOMEDCT_US_2015_03_01:155655005","3d7e7f13-715e-4333-b9d5-28ce82f1abf4 oboInOwl:hasDbXref MTHICD9_2006:123.2","obo:DOID_12369 oboInOwl:hasDbXref SNOMEDCT_US_2015_03_01:12068006","2ca3d00c-f1e3-4d31-aea4-9db09b2b7b24 rdf:type owl:Axiom","dd9cceb4-3cf8-4995-827d-45970db878ca rdf:type owl:Axiom","obo:DOID_1724 oboInOwl:id DOID:1724","3a848cb5-0511-415e-a3e9-2e20cfef07e4 rdf:type owl:Axiom","ecb8c786-f7c9-4807-85fa-63237e3be2df oboInOwl:hasDbXref url:http://en.wikipedia.org/wiki/Limb-girdle_muscular_dystrophy","d7e3eae0-c002-4426-a58d-3e779a02b4ec owl:annotatedSource obo:DOID_10690","obo:DOID_5196 rdfs:subClassOf obo:DOID_0060111","obo:DOID_11150 oboInOwl:hasExactSynonym Glaucoma with increased episcleral venous pressure disorder","e0694077-542d-4e38-98f8-be33c92d6017 owl:annotatedProperty oboInOwl:hasExactSynonym","obo:DOID_851 oboInOwl:hasExactSynonym Bartholins Cyst","obo:DOID_4562 oboInOwl:hasDbXref SNOMEDCT_US_2015_03_01:194923008","obo:DOID_10303 rdf:type owl:Class","886ff7ac-9494-43c8-8c63-8691c0c85f1b owl:annotatedSource obo:DOID_3703","f3aa1a18-2841-456e-a10a-33240fa13ff7 owl:annotatedProperty oboInOwl:hasExactSynonym","77d5c89d-b072-458a-a43a-30182a25b793 owl:annotatedSource obo:DOID_3860","obo:DOID_1761 oboInOwl:hasDbXref ICD10CM:G51.2","bb86dccd-6b8f-4329-959c-480a65dae51b owl:annotatedSource obo:DOID_8719","obo:DOID_12369 rdfs:subClassOf obo:DOID_732","obo:DOID_12670 oboInOwl:hasOBONamespace disease_ontology","obo:DOID_3878 oboInOwl:hasDbXref MSH:D007418","02f84c95-dee2-4954-adb4-6e8e6e38d817 owl:annotatedProperty oboInOwl:hasExactSynonym","a5ea6a0f-b616-4cb4-bf5e-9d2b48b1247f rdf:type owl:Axiom","95f77d3c-8840-45c5-95f5-515197354059 owl:annotatedTarget Hodgkins paragranuloma involving lymph nodes of head, face and neck","obo:DOID_3803 oboInOwl:hasOBONamespace disease_ontology","edce8b99-4a57-413d-addf-2c6e1145b348 rdf:type owl:Axiom","obo:DOID_0050889 rdf:type owl:Class","95f77d3c-8840-45c5-95f5-515197354059 oboInOwl:hasDbXref MTHICD9_2006:201.01","obo:DOID_1724 oboInOwl:hasAlternativeId DOID:9782","obo:DOID_12582 oboInOwl:hasOBONamespace disease_ontology","obo:DOID_1585 owl:deprecated true^^http://www.w3.org/2001/XMLSchema#boolean","obo:DOID_83 oboInOwl:hasDbXref OMIM:601885","obo:DOID_12633 oboInOwl:inSubset doid:gram-positive_bacterial_infectious_disease","47b9ad2b-2c5e-4d7b-ae1a-ebe1b51a1601 owl:annotatedTarget Taiga encephalitis","obo:DOID_4613 oboInOwl:hasDbXref SNOMEDCT_US_2015_03_01:359837005","d9f386ec-68cf-4b0d-be15-4aed01c78294 owl:annotatedTarget A breast carcinoma that originates in the milk ducts and/or lobules glandular tissue of the breast.","f09dbd74-9c66-4bb7-afaf-835b3a794b27 owl:annotatedProperty oboInOwl:hasExactSynonym","10406d69-8ebf-476a-b7bc-a015a2a98821 owl:annotatedTarget Stiffness of joint, not elsewhere classified, involving lower leg","obo:DOID_851 oboInOwl:hasDbXref NCI:C26706","obo:DOID_9861 oboInOwl:hasDbXref ICD9CM:018.9","obo:DOID_10303 oboInOwl:id DOID:10303","obo:DOID_8838 oboInOwl:hasExactSynonym NSHL","15bf67a7-5981-4a01-8ad9-60e7d364c098 owl:annotatedTarget Dyssynergia cerebellaris myoclonica","3a848cb5-0511-415e-a3e9-2e20cfef07e4 owl:annotatedTarget EBV Related carcinoma","86810fd1-a77b-4a5a-8432-c66f6b709298 oboInOwl:hasDbXref url:http://www.ncbi.nlm.nih.gov/pubmed/?term\u003d23091756","obo:DOID_83 oboInOwl:inSubset doid:DO_MGI_slim","obo:DOID_4562 oboInOwl:hasExactSynonym Endocarditis lenta","60fe0e7f-5b63-4518-bde3-8f2f5ff42db2 owl:annotatedTarget A motor neuron disease that is characterized by muscle spasticity, rapidly progressive weakness due to muscle atrophy, difficulty in speaking, swallowing, and breathing.","96eb3f45-25f4-4a4c-9ae9-19805d5afab3 owl:annotatedTarget Yellow fever, sylvan","obo:DOID_1673 oboInOwl:hasDbXref UMLS_CUI:C0029850","obo:DOID_83 oboInOwl:hasDbXref OMIM:611391","obo:DOID_83 oboInOwl:hasDbXref OMIM:601547","obo:DOID_12508 owl:deprecated true^^http://www.w3.org/2001/XMLSchema#boolean","obo:DOID_4650 oboInOwl:hasDbXref UMLS_CUI:C0854914","obo:DOID_1724 oboInOwl:hasAlternativeId DOID:9781","obo:DOID_83 oboInOwl:hasDbXref OMIM:116100","obo:DOID_6759 oboInOwl:id DOID:6759","bb39b169-c6e5-415a-88b3-ca20ec8ca59f owl:annotatedTarget Spotted fever group rickettsial disease disorder","ef52e342-9231-4034-9ca2-fe183bc754b2 rdf:type owl:Axiom","obo:DOID_12721 rdfs:label multiple epiphyseal dysplasia","obo:DOID_12369 oboInOwl:hasOBONamespace disease_ontology","ef52e342-9231-4034-9ca2-fe183bc754b2 owl:annotatedSource obo:DOID_6370","26af81d1-8d64-47a7-a270-bd40925cbf74 oboInOwl:hasDbXref SNOMEDCT_2005_07_31:192655005","obo:DOID_10303 rdfs:label sialadenitis","0cd286bf-bb0a-43f1-a461-6d2d477c55b8 owl:annotatedProperty obo:IAO_0000115","c8d25564-8d07-429f-b4d2-035c86c4647e owl:annotatedTarget A kidney cancer that is found in the kidney and is usually found before birth by ultrasound or within the first 3 months of life.","obo:DOID_13480 owl:deprecated true^^http://www.w3.org/2001/XMLSchema#boolean","91ba6d8e-5cbc-4859-b2df-8c4b91348090 owl:annotatedProperty obo:IAO_0000115","2b56d74b-fae8-4976-a711-a01da9f80d6a owl:annotatedTarget Scleroderma \u0026 [systemic sclerosis]","obo:DOID_9861 oboInOwl:hasDbXref SNOMEDCT_US_2015_03_01:187295007","bfa4fd87-6986-4d8b-adde-da33ae0476ca owl:annotatedTarget Congenital equinovarus","bfa4fd87-6986-4d8b-adde-da33ae0476ca owl:annotatedProperty oboInOwl:hasExactSynonym","50237568-ad1e-420b-aca1-9c2acb2de81e rdf:type owl:Axiom","obo:DOID_902 oboInOwl:hasOBONamespace disease_ontology","obo:DOID_5284 oboInOwl:hasDbXref NCI2009_04D:C27904","obo:DOID_0050977 oboInOwl:hasDbXref OMIM:610246","e4214a79-dc3d-4f7b-a6c8-002567685572 owl:annotatedProperty oboInOwl:hasExactSynonym","obo:DOID_4562 rdfs:label subacute bacterial endocarditis","81832eee-ed22-4a78-948b-de4724ea9552 rdf:type owl:Axiom","obo:DOID_902 rdfs:label malignant non-epithelial hepatic and intrahepatic bile duct neoplasm","obo:DOID_9597 rdfs:label Krukenberg carcinoma","933fa2a3-0904-4826-bc0a-519ff78a051b owl:annotatedTarget Alcoholic psychoses","obo:DOID_8838 oboInOwl:hasDbXref SNOMEDCT_US_2015_03_01:134178004","edce8b99-4a57-413d-addf-2c6e1145b348 oboInOwl:hasDbXref SNOMEDCT_2005_07_31:129589009","28a5e6de-568e-4432-84c6-34eb6584ce4e rdf:type owl:Axiom","933fa2a3-0904-4826-bc0a-519ff78a051b rdf:type owl:Axiom","91ba6d8e-5cbc-4859-b2df-8c4b91348090 oboInOwl:hasDbXref url:http://www.cancer.org/docroot/CRI/content/CRI_2_4_1x_What_is_Recurrent_Cancer.asp","950169a5-47bc-439c-8160-28dee1848db5 oboInOwl:hasDbXref CSP2005:2017-6589","obo:DOID_1724 oboInOwl:hasExactSynonym Stress Ulcer","452c3ea9-aae6-49c9-a917-5ef9c9a37d49 owl:annotatedProperty oboInOwl:hasExactSynonym","1e1d44d7-2b53-4d4d-8be7-00ec5bdd5824 oboInOwl:hasDbXref SNOMEDCT_2005_07_31:195299000","obo:DOID_4437 oboInOwl:hasExactSynonym meningioma of the Skull Base","ecb8c786-f7c9-4807-85fa-63237e3be2df oboInOwl:hasDbXref url:http://www.ncbi.nlm.nih.gov/books/NBK1408/","3dbde7e0-3729-4782-bdb7-b66eaa39403d rdf:type owl:Axiom","obo:DOID_3803 oboInOwl:hasDbXref OMIM:218800","obo:DOID_7531 obo:IAO_0000115 An anus carcinoma that derives_from epithelial cells of glandular origin located_in the anal gland.","0847a603-467d-45af-9c6c-fe9d7d8eb9fe owl:annotatedTarget situs inversus viscerum disorder","dfe8e07c-1258-4af3-9d47-a6a9e11c4ae1 rdf:type owl:Axiom","obo:DOID_1724 oboInOwl:hasDbXref NCI:C26755","31420b77-94df-42e0-bc68-7c6058d6883b oboInOwl:hasDbXref url:http://www.cancer.gov/dictionary?CdrID\u003d672835","obo:DOID_1724 oboInOwl:hasAlternativeId DOID:9780","obo:DOID_4349 oboInOwl:hasExactSynonym Rupture of uterus before onset of labor, with delivery","452c3ea9-aae6-49c9-a917-5ef9c9a37d49 owl:annotatedSource obo:DOID_4810","26af81d1-8d64-47a7-a270-bd40925cbf74 owl:annotatedProperty oboInOwl:hasExactSynonym","bb86dccd-6b8f-4329-959c-480a65dae51b oboInOwl:hasDbXref url:http://en.wikipedia.org/wiki/Carcinoma_in_situ","obo:DOID_10303 oboInOwl:hasDbXref UMLS_CUI:C0037023","a8ba4f83-ce56-4fef-9672-5d943df6f6da owl:annotatedTarget Glossitis NOS disorder","obo:DOID_83 oboInOwl:hasDbXref OMIM:605728","obo:DOID_83 oboInOwl:hasOBONamespace disease_ontology","2ca3d00c-f1e3-4d31-aea4-9db09b2b7b24 owl:annotatedTarget Rhabdomyosarcoma of rectum","obo:DOID_12582 oboInOwl:id DOID:12582","obo:DOID_0050889 oboInOwl:creation_date 2014-08-14T10:57:36Z","obo:DOID_12721 oboInOwl:hasDbXref OMIM:132400","obo:DOID_12633 oboInOwl:hasOBONamespace disease_ontology","obo:DOID_851 oboInOwl:hasExactSynonym Bartholin duct cyst","886ff7ac-9494-43c8-8c63-8691c0c85f1b owl:annotatedTarget acinar Colloid prostate adenocarcinoma","df58ad51-6d31-44da-9995-1867ac7026bd owl:annotatedTarget An eating disorder that is characterized by effortless regurgitation of most meals following consumption.","obo:DOID_12721 oboInOwl:inSubset doid:DO_MGI_slim","a5ea6a0f-b616-4cb4-bf5e-9d2b48b1247f oboInOwl:hasDbXref SNOMEDCT_2005_07_31:70555003","obo:DOID_4349 oboInOwl:hasAlternativeId DOID:11085","38ef373a-e3d0-4311-9842-958c7ab38031 owl:annotatedProperty obo:IAO_0000115","ef52e342-9231-4034-9ca2-fe183bc754b2 oboInOwl:hasDbXref NCI2004_11_17:C5833","obo:DOID_1761 oboInOwl:hasDbXref MSH:D008556","obo:DOID_9861 oboInOwl:hasDbXref ICD9CM:018","3f632958-9f65-4d00-bcdb-d0f404dae406 oboInOwl:hasDbXref SNOMEDCT_2005_07_31:359770008","obo:DOID_8838 oboInOwl:hasExactSynonym Hodgkins disease, nodular sclerosis NOS morphologic abnormality","0b61ca48-da5f-468d-b3e4-a0da6a4fb9bb owl:annotatedSource obo:DOID_10907","obo:DOID_7531 oboInOwl:hasDbXref UMLS_CUI:C1266027","obo:DOID_8838 oboInOwl:hasExactSynonym Hodgkins disease, nodular sclerosis of unspecified site disorder","obo:DOID_4650 oboInOwl:hasOBONamespace disease_ontology","obo:DOID_12721 oboInOwl:hasDbXref UMLS_CUI:C0026760","obo:DOID_3878 oboInOwl:hasExactSynonym intestinal Pseudo-obstruction","obo:DOID_3878 oboInOwl:hasExactSynonym intestine pseudoobstruction","ef52e342-9231-4034-9ca2-fe183bc754b2 owl:annotatedProperty oboInOwl:hasExactSynonym","81832eee-ed22-4a78-948b-de4724ea9552 owl:annotatedTarget Pityriasis Rosea","obo:DOID_10303 oboInOwl:hasExactSynonym Sialoadenitis","31420b77-94df-42e0-bc68-7c6058d6883b owl:annotatedTarget A dysgerminoma that is located_in the ovary.","obo:DOID_83 oboInOwl:hasDbXref OMIM:601202","a0b76d2d-8d67-4bb2-b8c5-595d9d932ad5 oboInOwl:hasDbXref SNOMEDCT_2005_07_31:87194000","obo:DOID_1761 oboInOwl:hasExactSynonym Cheilitis granulomatosa of Mescher-Melkersson-Rosenthal","obo:DOID_3803 oboInOwl:hasDbXref SNOMEDCT_US_2015_03_01:8933000","obo:DOID_12721 oboInOwl:hasDbXref OMIM:226900","obo:DOID_4349 oboInOwl:hasOBONamespace disease_ontology","933fa2a3-0904-4826-bc0a-519ff78a051b owl:annotatedProperty oboInOwl:hasExactSynonym","28a5e6de-568e-4432-84c6-34eb6584ce4e owl:annotatedProperty oboInOwl:hasExactSynonym","obo:DOID_12369 rdfs:label prolapse of urethra","obo:DOID_12721 rdfs:subClassOf obo:DOID_2256","obo:DOID_10127 oboInOwl:hasDbXref ICD9CM:434.9","obo:DOID_4349 oboInOwl:hasAlternativeId DOID:11084","3048787a-d8d3-4d80-a0ca-f70da3306075 owl:annotatedTarget Manic disorder, single episode, in full remission","obo:DOID_12582 owl:deprecated true^^http://www.w3.org/2001/XMLSchema#boolean","obo:DOID_1585 oboInOwl:hasOBONamespace disease_ontology","5f8b99f6-d052-4bd4-934f-1bcfe1e46f2b owl:annotatedTarget Witkops syndrome","obo:DOID_5957 rdf:type owl:Class","cef29a82-7d2b-4a8e-8f25-4cb1291d064b owl:annotatedSource obo:DOID_705","e19e9128-3747-482c-b2bc-ff39e9745860 owl:annotatedSource obo:DOID_13074","obo:DOID_14699 rdf:type owl:Class","81832eee-ed22-4a78-948b-de4724ea9552 owl:annotatedProperty oboInOwl:hasExactSynonym","e4214a79-dc3d-4f7b-a6c8-002567685572 rdf:type owl:Axiom","50237568-ad1e-420b-aca1-9c2acb2de81e owl:annotatedProperty oboInOwl:hasExactSynonym","obo:DOID_14699 oboInOwl:hasExactSynonym Thrombocytopenia with absent radii TAR syndrome","3dbde7e0-3729-4782-bdb7-b66eaa39403d oboInOwl:hasDbXref ICD9CM_2006:366.41","bfa4fd87-6986-4d8b-adde-da33ae0476ca rdf:type owl:Axiom","obo:DOID_12721 oboInOwl:hasDbXref OMIM:600204","obo:DOID_851 oboInOwl:hasDbXref UMLS_CUI:C0004767","obo:DOID_9861 rdfs:label miliary tuberculosis","obo:DOID_14787 rdf:type owl:Class","obo:DOID_83 oboInOwl:hasDbXref OMIM:302200","obo:DOID_83 oboInOwl:hasDbXref OMIM:116200","26af81d1-8d64-47a7-a270-bd40925cbf74 rdf:type owl:Axiom","obo:DOID_12721 oboInOwl:hasDbXref SNOMEDCT_US_2015_03_01:205504001","e0694077-542d-4e38-98f8-be33c92d6017 oboInOwl:hasDbXref SNOMEDCT_2005_07_31:194750008","obo:DOID_10303 oboInOwl:hasDbXref SNOMEDCT_US_2015_03_01:266494007","obo:DOID_10303 oboInOwl:hasDbXref ICD10CM:K11.2","obo:DOID_9861 oboInOwl:hasDbXref UMLS_CUI:C0041321","obo:DOID_4562 oboInOwl:hasOBONamespace disease_ontology","obo:DOID_12721 oboInOwl:hasDbXref ICD9CM:756.56","f09dbd74-9c66-4bb7-afaf-835b3a794b27 owl:annotatedSource obo:DOID_11350","obo:DOID_12670 owl:deprecated true^^http://www.w3.org/2001/XMLSchema#boolean","obo:DOID_12721 oboInOwl:hasOBONamespace disease_ontology","3dbde7e0-3729-4782-bdb7-b66eaa39403d owl:annotatedProperty oboInOwl:hasExactSynonym","ccd16941-25f2-4db0-8af0-b3b971277306 oboInOwl:hasDbXref url:http://en.wikipedia.org/wiki/Pheochromocytoma","obo:DOID_5957 rdfs:subClassOf obo:DOID_5958","452c3ea9-aae6-49c9-a917-5ef9c9a37d49 rdf:type owl:Axiom","10406d69-8ebf-476a-b7bc-a015a2a98821 oboInOwl:hasDbXref ICD9CM_2006:719.56","obo:DOID_12369 oboInOwl:hasDbXref UMLS_CUI:C0238502","obo:DOID_10303 oboInOwl:hasDbXref SNOMEDCT_US_2015_03_01:42982001","obo:DOID_9597 oboInOwl:hasOBONamespace disease_ontology","91ba6d8e-5cbc-4859-b2df-8c4b91348090 oboInOwl:hasDbXref url:http://www.cancer.gov/dictionary/?CdrID\u003d45708","47b9ad2b-2c5e-4d7b-ae1a-ebe1b51a1601 owl:annotatedSource obo:DOID_0050175","5f8b99f6-d052-4bd4-934f-1bcfe1e46f2b owl:annotatedSource obo:DOID_6678","obo:DOID_12508 oboInOwl:hasOBONamespace disease_ontology","62808cbb-e126-4025-ad49-bcb4053fba7c rdf:type owl:Axiom","obo:DOID_851 rdfs:subClassOf obo:DOID_229","obo:DOID_1724 oboInOwl:hasDbXref SNOMEDCT_US_2015_03_01:367474008","obo:DOID_5957 oboInOwl:hasDbXref UMLS_CUI:C1511206","obo:DOID_5957 oboInOwl:hasDbXref NCI:C39845","obo:DOID_10127 oboInOwl:hasDbXref UMLS_CUI:C0028790","daa5c15f-42f4-4ce4-89ad-6fda2b7be1e2 rdf:type owl:Axiom","7e58fe2c-89f3-497e-b6ae-a3155e90e6b8 owl:annotatedProperty oboInOwl:hasExactSynonym","obo:DOID_10127 oboInOwl:id DOID:10127","obo:DOID_0050977 rdf:type owl:Class","2ca3d00c-f1e3-4d31-aea4-9db09b2b7b24 oboInOwl:hasDbXref NCI2004_11_17:C5627","obo:DOID_13480 oboInOwl:hasOBONamespace disease_ontology","obo:DOID_9597 oboInOwl:id DOID:9597","2d865378-1c53-411b-ac67-a9fb4c923ddf owl:annotatedTarget Congenital Rubella","obo:DOID_4525 oboInOwl:hasOBONamespace disease_ontology","dd9cceb4-3cf8-4995-827d-45970db878ca owl:annotatedProperty oboInOwl:hasExactSynonym","2ca3d00c-f1e3-4d31-aea4-9db09b2b7b24 owl:annotatedProperty oboInOwl:hasExactSynonym","81832eee-ed22-4a78-948b-de4724ea9552 owl:annotatedSource obo:DOID_8892","obo:DOID_0050104 obo:IAO_0000115 An ectothrix infectious disease that results_in zoophilic inflammatory fungal infection located_in skin, located_in beard, located_in scalp and located_in nail in cattle and humans, has-agent Trichophyton verrucosum.","obo:DOID_3803 rdfs:label Crigler-Najjar syndrome","obo:DOID_1673 rdfs:subClassOf obo:DOID_1532","81832eee-ed22-4a78-948b-de4724ea9552 oboInOwl:hasDbXref NCI2004_11_17:C26855","b5cc24f3-f637-4fbb-9613-e8275514814e owl:annotatedSource obo:DOID_2121","obo:DOID_83 oboInOwl:hasDbXref OMIM:612968","obo:DOID_851 oboInOwl:id DOID:851","886ff7ac-9494-43c8-8c63-8691c0c85f1b rdf:type owl:Axiom","dfe8e07c-1258-4af3-9d47-a6a9e11c4ae1 oboInOwl:hasDbXref url:http://emedicine.medscape.com/article/297976-overview","cba43ddc-7dce-41b0-9a45-94fd83ec4eef owl:annotatedSource obo:DOID_8914","obo:DOID_9597 oboInOwl:hasDbXref SNOMEDCT_US_2015_03_01:4305004","c0fe42da-4114-4ce4-b5bd-88e13444f1c1 rdf:type owl:Axiom","8bd4f26a-2255-40c7-bc87-2eeebda51e65 rdf:type owl:Axiom","00f179e2-2af1-4447-b217-44379ec653b9 rdf:type owl:Axiom","c8d25564-8d07-429f-b4d2-035c86c4647e owl:annotatedSource obo:DOID_4772","02f84c95-dee2-4954-adb4-6e8e6e38d817 rdf:type owl:Axiom","obo:DOID_1761 oboInOwl:hasExactSynonym Melkerssons syndrome","obo:DOID_12369 oboInOwl:hasExactSynonym Prolapse of urethra disorder","obo:DOID_1761 rdfs:label Melkersson-Rosenthal syndrome","obo:DOID_83 oboInOwl:hasDbXref OMIM:614691","obo:DOID_4650 rdfs:subClassOf obo:DOID_768","02f84c95-dee2-4954-adb4-6e8e6e38d817 owl:annotatedSource obo:DOID_891","3d7e7f13-715e-4333-b9d5-28ce82f1abf4 owl:annotatedTarget Infection by Taeniarhynchus saginatus","f3aa1a18-2841-456e-a10a-33240fa13ff7 rdf:type owl:Axiom","obo:DOID_9597 oboInOwl:hasRelatedSynonym Krukenberg tumor","e0694077-542d-4e38-98f8-be33c92d6017 rdf:type owl:Axiom","886ff7ac-9494-43c8-8c63-8691c0c85f1b oboInOwl:hasDbXref NCI2004_11_17:C5537","obo:DOID_12633 rdfs:label cervicofacial actinomycosis","3a848cb5-0511-415e-a3e9-2e20cfef07e4 owl:annotatedProperty oboInOwl:hasExactSynonym","obo:DOID_8838 oboInOwl:hasOBONamespace disease_ontology","obo:DOID_9736 oboInOwl:hasDbXref SNOMEDCT_US_2015_03_01:52353000","f09dbd74-9c66-4bb7-afaf-835b3a794b27 rdf:type owl:Axiom","obo:DOID_5284 rdfs:label retroperitoneal leiomyosarcoma","obo:DOID_83 oboInOwl:hasDbXref OMIM:609741","60fe0e7f-5b63-4518-bde3-8f2f5ff42db2 oboInOwl:hasDbXref url:http://en.wikipedia.org/wiki/Amyotrophic_lateral_sclerosis","e4aa8fe8-063b-4390-9b61-252406c72a20 owl:annotatedTarget endometrial Stromal neoplasm","0847a603-467d-45af-9c6c-fe9d7d8eb9fe oboInOwl:hasDbXref SNOMEDCT_2005_07_31:43876007","obo:DOID_902 owl:deprecated true^^http://www.w3.org/2001/XMLSchema#boolean","obo:DOID_4437 oboInOwl:hasOBONamespace disease_ontology","obo:DOID_10127 oboInOwl:hasDbXref SNOMEDCT_US_2015_03_01:266255008","4af6ef8e-cd86-468e-b2f7-6152127422c6 owl:annotatedTarget A sarcoma and malignant tumor of extrahepatic bile duct that is located_in the bile duct.","obo:DOID_1761 rdfs:subClassOf obo:DOID_1762","edce8b99-4a57-413d-addf-2c6e1145b348 owl:annotatedProperty oboInOwl:hasExactSynonym","e19e9128-3747-482c-b2bc-ff39e9745860 owl:annotatedTarget Dermatophytosis of nail","1b79ed5e-efa1-475f-9902-b3366a533cbf owl:annotatedTarget A leukemia that is located_in myeloid tissue.","obo:DOID_4613 oboInOwl:hasDbXref SNOMEDCT_US_2015_03_01:395205004","a5ea6a0f-b616-4cb4-bf5e-9d2b48b1247f owl:annotatedProperty oboInOwl:hasExactSynonym","obo:DOID_5284 oboInOwl:hasOBONamespace disease_ontology","e0694077-542d-4e38-98f8-be33c92d6017 owl:annotatedSource obo:DOID_8481","5f8b99f6-d052-4bd4-934f-1bcfe1e46f2b oboInOwl:hasDbXref SNOMEDCT_2005_07_31:239039003","obo:DOID_4562 oboInOwl:hasDbXref SNOMEDCT_US_2015_03_01:73774007","obo:DOID_83 oboInOwl:hasDbXref OMIM:115660","obo:DOID_9861 oboInOwl:hasOBONamespace disease_ontology","38ef373a-e3d0-4311-9842-958c7ab38031 owl:annotatedTarget A disease of mental health that involves physical symptoms suggesting a physical illness where the biological or medical cause of the symptoms is indeterminate.","cba43ddc-7dce-41b0-9a45-94fd83ec4eef owl:annotatedProperty oboInOwl:hasExactSynonym","a0b76d2d-8d67-4bb2-b8c5-595d9d932ad5 owl:annotatedSource obo:DOID_5678","56e515f0-c989-4a36-a8c3-8f08c727765b owl:annotatedProperty oboInOwl:hasExactSynonym","1b79ed5e-efa1-475f-9902-b3366a533cbf rdf:type owl:Axiom","86810fd1-a77b-4a5a-8432-c66f6b709298 owl:annotatedSource obo:DOID_0050905","obo:DOID_2320 oboInOwl:id DOID:2320","obo:DOID_8838 oboInOwl:hasDbXref SNOMEDCT_US_2015_03_01:118608000","cef29a82-7d2b-4a8e-8f25-4cb1291d064b owl:annotatedTarget Lebers hereditary optic neuropathy","9f98a973-b3e9-4a4f-b3a8-7525478a1f3e oboInOwl:hasDbXref NCI2004_11_17:C8421","00f179e2-2af1-4447-b217-44379ec653b9 owl:annotatedSource obo:DOID_9149","obo:DOID_9773 oboInOwl:hasOBONamespace disease_ontology","obo:DOID_83 oboInOwl:hasDbXref OMIM:116300","obo:DOID_2320 rdfs:subClassOf obo:DOID_850","9f98a973-b3e9-4a4f-b3a8-7525478a1f3e owl:annotatedSource obo:DOID_11167","obo:DOID_83 oboInOwl:hasDbXref OMIM:609376","obo:DOID_11150 oboInOwl:hasOBONamespace disease_ontology","obo:DOID_14787 oboInOwl:id DOID:14787","bb86dccd-6b8f-4329-959c-480a65dae51b rdf:type owl:Axiom","obo:DOID_9861 oboInOwl:hasDbXref ICD10CM:A19","11d89e50-852c-46e2-8919-059eff397198 rdf:type owl:Axiom","62b40489-d45e-4855-9f70-d6bf4988949f rdf:type owl:Axiom","dd9cceb4-3cf8-4995-827d-45970db878ca oboInOwl:hasDbXref SNOMEDCT_2005_07_31:255114007","obo:DOID_7531 oboInOwl:hasRelatedSynonym adenocarcinoma of anal gland","obo:DOID_1673 oboInOwl:hasDbXref SNOMEDCT_US_2015_03_01:196251008","obo:DOID_12369 oboInOwl:hasDbXref ICD9CM:618.03","obo:DOID_638 oboInOwl:id DOID:638","9791f210-6e2b-480b-a18d-2c3e5be82db9 oboInOwl:hasDbXref NCI2004_11_17:C26928","097959d5-ac42-4dec-ae9c-6206db8adec9 owl:annotatedTarget NSCLC","obo:DOID_8838 oboInOwl:id DOID:8838","obo:DOID_7531 oboInOwl:id DOID:7531","obo:DOID_8838 rdfs:subClassOf obo:DOID_8567","obo:DOID_851 oboInOwl:hasExactSynonym Cyst of Bartholins gland","62808cbb-e126-4025-ad49-bcb4053fba7c oboInOwl:hasDbXref CSP2005:1653-7303","obo:DOID_5196 oboInOwl:hasOBONamespace disease_ontology","obo:DOID_4613 oboInOwl:hasOBONamespace disease_ontology","obo:DOID_14699 rdfs:label thrombocytopenia-absent radius syndrome","obo:DOID_3042 oboInOwl:hasDbXref ICD10CM:L23.9","obo:DOID_1724 oboInOwl:hasOBONamespace disease_ontology","obo:DOID_83 oboInOwl:hasDbXref OMIM:610425","obo:DOID_3042 oboInOwl:hasExactSynonym Allergic contact dermatitis","e4214a79-dc3d-4f7b-a6c8-002567685572 owl:annotatedSource obo:DOID_3495","df58ad51-6d31-44da-9995-1867ac7026bd owl:annotatedSource obo:DOID_11507","obo:DOID_12670 oboInOwl:hasExactSynonym Fusion with defective stereopsis disorder","9f98a973-b3e9-4a4f-b3a8-7525478a1f3e rdf:type owl:Axiom","obo:DOID_3042 oboInOwl:hasExactSynonym Allergic contact dermatitis disorder","39cd1225-8c8f-4944-b8a9-a1038435318b oboInOwl:hasDbXref SNOMEDCT_2005_07_31:156686008","obo:DOID_83 oboInOwl:hasDbXref OMIM:615277","obo:DOID_11150 oboInOwl:id DOID:11150","4af6ef8e-cd86-468e-b2f7-6152127422c6 rdf:type owl:Axiom","86810fd1-a77b-4a5a-8432-c66f6b709298 rdf:type owl:Axiom","obo:DOID_638 rdf:type owl:Class","obo:DOID_12721 oboInOwl:hasExactSynonym polyepiphyseal dysplasia","obo:DOID_0050889 oboInOwl:hasDbXref OMIM:614202","452c3ea9-aae6-49c9-a917-5ef9c9a37d49 owl:annotatedTarget Cholestanol storage disease disorder","311f7307-04c9-4ad9-9c6c-0d1dcc7f4834 owl:annotatedSource obo:DOID_9455","1b79ed5e-efa1-475f-9902-b3366a533cbf owl:annotatedSource obo:DOID_8692","de352ea6-dfa8-4389-8c8a-b476e1a54289 owl:annotatedProperty obo:IAO_0000115","ef52e342-9231-4034-9ca2-fe183bc754b2 owl:annotatedTarget Osteosarcoma of Liver","obo:DOID_83 oboInOwl:hasDbXref OMIM:604219","obo:DOID_83 oboInOwl:hasDbXref OMIM:115650","obo:DOID_4349 oboInOwl:hasExactSynonym Rupture of uterus before onset of labor, antepartum","4af6ef8e-cd86-468e-b2f7-6152127422c6 oboInOwl:hasDbXref url:http://en.wikipedia.org/wiki/Sarcoma_botryoides","311f7307-04c9-4ad9-9c6c-0d1dcc7f4834 owl:annotatedTarget Lipoidosis","4240f275-37cb-43f7-8031-d78d976e2a5f owl:annotatedProperty oboInOwl:hasExactSynonym","62808cbb-e126-4025-ad49-bcb4053fba7c owl:annotatedSource obo:DOID_2382","obo:DOID_9736 oboInOwl:hasOBONamespace disease_ontology","a5ea6a0f-b616-4cb4-bf5e-9d2b48b1247f owl:annotatedSource obo:DOID_4226","31420b77-94df-42e0-bc68-7c6058d6883b owl:annotatedSource obo:DOID_5511","obo:DOID_6759 rdfs:subClassOf obo:DOID_184","e5b3c48e-972d-4759-9b4f-ddd8d743a3a1 owl:annotatedSource obo:DOID_5870","obo:DOID_1761 oboInOwl:hasDbXref UMLS_CUI:C0025235","obo:DOID_10127 oboInOwl:hasDbXref SNOMEDCT_US_2015_03_01:155400001","obo:DOID_1724 oboInOwl:hasDbXref SNOMEDCT_US_2015_03_01:51868009","226c9511-49c4-42bf-abcb-ab48798977da rdf:type owl:Axiom","obo:DOID_1724 oboInOwl:hasDbXref ICD9CM:532","cba43ddc-7dce-41b0-9a45-94fd83ec4eef owl:annotatedTarget Burkitts lymphoma of intrapelvic lymph nodes disorder","9791f210-6e2b-480b-a18d-2c3e5be82db9 owl:annotatedTarget Hemorrhagic Gastritis","1e1d44d7-2b53-4d4d-8be7-00ec5bdd5824 owl:annotatedTarget Presenile gangrene disorder","ae48e36d-aaa4-4838-a6e2-1e078e82e314 rdf:type owl:Axiom","b7337a4c-e730-4425-9867-8b4e0543e856 oboInOwl:hasDbXref SNOMEDCT_2005_07_31:93535008","obo:DOID_10303 rdfs:subClassOf obo:DOID_10854","obo:DOID_1673 oboInOwl:hasOBONamespace disease_ontology","2d865378-1c53-411b-ac67-a9fb4c923ddf oboInOwl:hasDbXref NCI2004_11_17:C34992","obo:DOID_4613 oboInOwl:hasDbXref SNOMEDCT_US_2015_03_01:394515001","obo:DOID_851 oboInOwl:hasExactSynonym Cyst of Bartholins gland duct disorder","obo:DOID_83 rdfs:label cataract","obo:DOID_13480 oboInOwl:id DOID:13480","obo:DOID_851 rdf:type owl:Class","obo:DOID_83 oboInOwl:hasDbXref ICD9CM:366.8","obo:DOID_5957 oboInOwl:id DOID:5957","obo:DOID_4525 rdfs:subClassOf obo:DOID_4050","obo:DOID_8838 oboInOwl:hasDbXref UMLS_CUI:C0152268","obo:DOID_9736 rdfs:subClassOf obo:DOID_3697","obo:DOID_0050104 owl:deprecated true^^http://www.w3.org/2001/XMLSchema#boolean","obo:DOID_4437 rdfs:label skull base meningioma","obo:DOID_4613 oboInOwl:hasExactSynonym Ulnar neuropathy disorder [Ambiguous]","950169a5-47bc-439c-8160-28dee1848db5 owl:annotatedProperty oboInOwl:hasExactSynonym","obo:DOID_12369 oboInOwl:hasExactSynonym Urethrocele","obo:DOID_1673 oboInOwl:hasDbXref SNOMEDCT_US_2015_03_01:196105001","311f7307-04c9-4ad9-9c6c-0d1dcc7f4834 rdf:type owl:Axiom","obo:DOID_12721 obo:IAO_0000115 An osteochondrodysplasia that has_material_basis_in defective cartilage mineralization into bone which results_in irregular ossification centers of the located_in hip or located_in knee. The disease has_symptom fatigue, has_symptom joint pain.","226c9511-49c4-42bf-abcb-ab48798977da oboInOwl:hasDbXref MTH:U001377","obo:DOID_4650 rdfs:label bilateral retinoblastoma","obo:DOID_9861 oboInOwl:hasExactSynonym Tuberculosis miliaris disseminata disorder","b5cc24f3-f637-4fbb-9613-e8275514814e owl:annotatedProperty oboInOwl:hasExactSynonym","obo:DOID_83 oboInOwl:hasDbXref OMIM:116400","obo:DOID_4525 oboInOwl:hasExactSynonym hemangiosarcoma of mediastinum","0847a603-467d-45af-9c6c-fe9d7d8eb9fe owl:annotatedSource obo:DOID_758","ad1e1bad-1279-4294-82ed-40bfe1a25b2a rdf:type owl:Axiom","obo:DOID_4437 rdfs:subClassOf obo:DOID_3842","obo:DOID_1761 oboInOwl:hasOBONamespace disease_ontology","obo:DOID_83 oboInOwl:hasDbXref OMIM:609026","obo:DOID_4562 rdfs:subClassOf obo:DOID_0060000","f62b336a-0de7-4055-bea8-5cb447307e24 rdf:type owl:Axiom","2b56d74b-fae8-4976-a711-a01da9f80d6a rdf:type owl:Axiom","62808cbb-e126-4025-ad49-bcb4053fba7c owl:annotatedTarget bilirubin encephalopathy","f3aa1a18-2841-456e-a10a-33240fa13ff7 owl:annotatedSource obo:DOID_3156","ccd16941-25f2-4db0-8af0-b3b971277306 oboInOwl:hasDbXref url:http://www.cancer.gov/cancertopics/types/pheochromocytoma","obo:DOID_11150 owl:deprecated true^^http://www.w3.org/2001/XMLSchema#boolean","obo:DOID_9861 oboInOwl:hasDbXref NCI:C35086","obo:DOID_8838 oboInOwl:hasDbXref SNOMEDCT_US_2015_03_01:52248008","4240f275-37cb-43f7-8031-d78d976e2a5f rdf:type owl:Axiom","a8ba4f83-ce56-4fef-9672-5d943df6f6da owl:annotatedSource obo:DOID_1456","b5cc24f3-f637-4fbb-9613-e8275514814e owl:annotatedTarget Ectodermal dysplasia disorder","obo:DOID_5284 oboInOwl:id DOID:5284","edce8b99-4a57-413d-addf-2c6e1145b348 owl:annotatedSource obo:DOID_1172","77d5c89d-b072-458a-a43a-30182a25b793 oboInOwl:hasDbXref NCI2004_11_17:C5401","obo:DOID_12508 oboInOwl:id DOID:12508","obo:DOID_4525 obo:IAO_0000115 An angiosarcoma and sarcoma of the mediastinum that is located_in the mediastinum.","obo:DOID_5196 oboInOwl:hasDbXref NCI:C40129","obo:DOID_8838 oboInOwl:hasExactSynonym Hodgkins disease nodular sclerosis NOS","e8a3dbb5-4101-423b-96e4-6e274cba67a7 owl:annotatedTarget Capillary hemangioma morphologic abnormality","obo:DOID_83 obo:IAO_0000115 A lens disease characterized by clouding of the lens inside the eye which leads to a decrease in vision.","obo:DOID_2320 oboInOwl:hasDbXref MSH:D008173","obo:DOID_10127 oboInOwl:hasDbXref SNOMEDCT_US_2015_03_01:195188006","obo:DOID_9861 oboInOwl:hasDbXref SNOMEDCT_US_2015_03_01:47604008","91ba6d8e-5cbc-4859-b2df-8c4b91348090 owl:annotatedTarget A hematoloic cancer that is located_in the blood or bone marrow that has come back in a patient.","obo:DOID_12633 obo:IAO_0000115 An actinomycosis that involves invasion and infiltration located_in head and located_in neck, has_material_basis_in Actinomyces israelii. The infection results_in_formation_of abscesses following oral surgery or in patients with poor dental hygiene.","obo:DOID_83 oboInOwl:hasDbXref OMIM:615274","ae48e36d-aaa4-4838-a6e2-1e078e82e314 owl:annotatedProperty oboInOwl:hasExactSynonym","10406d69-8ebf-476a-b7bc-a015a2a98821 owl:annotatedSource obo:DOID_13518","226c9511-49c4-42bf-abcb-ab48798977da owl:annotatedProperty oboInOwl:hasExactSynonym","obo:DOID_1724 oboInOwl:hasDbXref SNOMEDCT_US_2015_03_01:196651004","9f98a973-b3e9-4a4f-b3a8-7525478a1f3e owl:annotatedTarget Condyloma of the Cervix Uteri","obo:DOID_1761 oboInOwl:hasDbXref SNOMEDCT_US_2015_03_01:2511001","obo:DOID_83 oboInOwl:hasDbXref OMIM:605749","452c3ea9-aae6-49c9-a917-5ef9c9a37d49 oboInOwl:hasDbXref SNOMEDCT_2005_07_31:63246000","60fe0e7f-5b63-4518-bde3-8f2f5ff42db2 owl:annotatedProperty obo:IAO_0000115","obo:DOID_83 oboInOwl:id DOID:83","obo:DOID_4562 oboInOwl:hasExactSynonym Subacute bacterial endocarditis disorder","obo:DOID_2320 oboInOwl:hasDbXref UMLS_CUI:C0600260","311f7307-04c9-4ad9-9c6c-0d1dcc7f4834 owl:annotatedProperty oboInOwl:hasExactSynonym","56e515f0-c989-4a36-a8c3-8f08c727765b oboInOwl:hasDbXref NCI2004_11_17:C4426","obo:DOID_851 oboInOwl:hasDbXref SNOMEDCT_US_2015_03_01:27978000","obo:DOID_3803 rdfs:subClassOf obo:DOID_2741","950169a5-47bc-439c-8160-28dee1848db5 rdf:type owl:Axiom","obo:DOID_9597 oboInOwl:hasDbXref SNOMEDCT_US_2015_03_01:359987004","obo:DOID_7531 rdfs:label anal gland adenocarcinoma","a5ea6a0f-b616-4cb4-bf5e-9d2b48b1247f owl:annotatedTarget endometrial stromal sarcoma, high grade","obo:DOID_3042 rdf:type owl:Class","a0b76d2d-8d67-4bb2-b8c5-595d9d932ad5 owl:annotatedTarget nerve fiber bundle defect disorder","obo:DOID_0060083 oboInOwl:created_by lschriml","obo:DOID_12508 rdfs:label simple type schizophrenia chronic state with acute exacerbation","obo:DOID_6759 oboInOwl:hasDbXref UMLS_CUI:C1332582","obo:DOID_9861 oboInOwl:hasDbXref ICD10CM:A19.9","2f98321d-4029-4d86-886f-62aa03efde11 owl:annotatedSource obo:DOID_8533","f62b336a-0de7-4055-bea8-5cb447307e24 owl:annotatedTarget Seborrheic dermatitis of scalp","obo:DOID_7531 oboInOwl:hasExactSynonym adenocarcinoma of anal ducts","d9f386ec-68cf-4b0d-be15-4aed01c78294 rdf:type owl:Axiom","2b56d74b-fae8-4976-a711-a01da9f80d6a owl:annotatedProperty oboInOwl:hasExactSynonym","f62b336a-0de7-4055-bea8-5cb447307e24 owl:annotatedProperty oboInOwl:hasExactSynonym","obo:DOID_9861 oboInOwl:inSubset doid:gram-positive_bacterial_infectious_disease","28a5e6de-568e-4432-84c6-34eb6584ce4e owl:annotatedTarget disorder of optic chiasm associated with non-pituitary neoplasm disorder","obo:DOID_83 oboInOwl:hasDbXref OMIM:615188","0b61ca48-da5f-468d-b3e4-a0da6a4fb9bb oboInOwl:hasDbXref ICD9CM_2006:742.1","ad1e1bad-1279-4294-82ed-40bfe1a25b2a owl:annotatedProperty oboInOwl:hasExactSynonym","b5cc24f3-f637-4fbb-9613-e8275514814e rdf:type owl:Axiom","56e515f0-c989-4a36-a8c3-8f08c727765b rdf:type owl:Axiom","cba43ddc-7dce-41b0-9a45-94fd83ec4eef rdf:type owl:Axiom","obo:DOID_83 oboInOwl:hasDbXref OMIM:610202","obo:DOID_4650 obo:IAO_0000115 A retinoblastoma that develops in both eyes.","933fa2a3-0904-4826-bc0a-519ff78a051b oboInOwl:hasDbXref SNOMEDCT_2005_07_31:154852003","2a847de1-adba-493a-870a-420de73dc6d8 owl:annotatedSource obo:DOID_3544","02f84c95-dee2-4954-adb4-6e8e6e38d817 owl:annotatedTarget progressive myoclonic epilepsy","f62b336a-0de7-4055-bea8-5cb447307e24 oboInOwl:hasDbXref MTH:NOCODE","obo:DOID_10127 oboInOwl:hasDbXref SNOMEDCT_US_2015_03_01:20059004","bfa4fd87-6986-4d8b-adde-da33ae0476ca owl:annotatedSource obo:DOID_11836","62b40489-d45e-4855-9f70-d6bf4988949f owl:annotatedSource obo:DOID_11164","obo:DOID_8838 oboInOwl:hasExactSynonym Hodgkins disease, nodular sclerosis disorder","obo:DOID_1761 oboInOwl:id DOID:1761","de352ea6-dfa8-4389-8c8a-b476e1a54289 owl:annotatedTarget A Varicellovirus infectious disease that results_in infection located_in skin of eyelid, has_material_basis_in Human herpesvirus 3 and has_symptom rash after the reactivation of latent virus years after the primary infection.","62b40489-d45e-4855-9f70-d6bf4988949f owl:annotatedProperty oboInOwl:hasExactSynonym","obo:DOID_4562 oboInOwl:hasExactSynonym Subacute endocarditis, lenta","11d89e50-852c-46e2-8919-059eff397198 owl:annotatedProperty oboInOwl:hasExactSynonym","obo:DOID_83 oboInOwl:hasDbXref OMIM:616279","obo:DOID_12721 oboInOwl:hasDbXref OMIM:607078","obo:DOID_0060083 oboInOwl:hasOBONamespace disease_ontology","c8d25564-8d07-429f-b4d2-035c86c4647e owl:annotatedProperty obo:IAO_0000115","86810fd1-a77b-4a5a-8432-c66f6b709298 owl:annotatedTarget A mesenchymal cell neoplasm that has_material_basis_in myofibroblastic cells admixed with inflammatory cells.","obo:DOID_7531 rdf:type owl:Class","obo:DOID_1724 oboInOwl:hasDbXref SNOMEDCT_US_2015_03_01:553009","obo:DOID_3042 oboInOwl:hasDbXref UMLS_CUI:C0162820","obo:DOID_83 oboInOwl:hasDbXref OMIM:604307","obo:DOID_3803 oboInOwl:id DOID:3803","obo:DOID_12633 oboInOwl:hasExactSynonym Lumpy jaw","obo:DOID_10127 rdfs:subClassOf obo:DOID_6713","f3aa1a18-2841-456e-a10a-33240fa13ff7 owl:annotatedTarget Bloch-Siemans syndrome","obo:DOID_851 rdfs:label Bartholins duct cyst","obo:DOID_14699 oboInOwl:hasDbXref SNOMEDCT_US_2015_03_01:85589009","obo:DOID_83 oboInOwl:hasDbXref OMIM:611544","obo:DOID_83 oboInOwl:hasDbXref UMLS_CUI:C0029531","obo:DOID_83 oboInOwl:hasDbXref OMIM:115665","ecb8c786-f7c9-4807-85fa-63237e3be2df owl:annotatedProperty obo:IAO_0000115","obo:DOID_2320 oboInOwl:hasExactSynonym respiratory airway obstruction","obo:DOID_3878 rdf:type owl:Class","obo:DOID_4613 oboInOwl:hasExactSynonym Ulnar neuropathy disorder","obo:DOID_3878 rdfs:subClassOf obo:DOID_8440","ccd16941-25f2-4db0-8af0-b3b971277306 owl:annotatedProperty obo:IAO_0000115","obo:DOID_83 oboInOwl:hasDbXref OMIM:610019","obo:DOID_902 oboInOwl:id DOID:902","obo:DOID_0050104 oboInOwl:hasOBONamespace disease_ontology","obo:DOID_6759 oboInOwl:hasOBONamespace disease_ontology","7bed227c-ff16-4d78-bc5e-d85e0b78645d oboInOwl:hasDbXref CSP2005:0571-6915","b3cbff35-06c4-4749-8c05-a4a6d21b331c oboInOwl:hasDbXref NCI2004_11_17:C6720","obo:DOID_8838 oboInOwl:hasExactSynonym Classical Hodgkin lymphoma, nodular sclerosis","9f98a973-b3e9-4a4f-b3a8-7525478a1f3e owl:annotatedProperty oboInOwl:hasExactSynonym","77d5c89d-b072-458a-a43a-30182a25b793 owl:annotatedTarget Vermis Medulloblastoma","obo:DOID_12582 rdfs:label enthesopathy of elbow","obo:DOID_1724 oboInOwl:hasDbXref ICD10CM:K26","obo:DOID_83 rdfs:subClassOf obo:DOID_110","obo:DOID_4650 rdf:type owl:Class","obo:DOID_4613 oboInOwl:hasDbXref UMLS_CUI:C0154743","obo:DOID_83 oboInOwl:hasDbXref OMIM:601371","obo:DOID_9597 oboInOwl:hasDbXref NCI:C3153","obo:DOID_1724 oboInOwl:hasDbXref UMLS_CUI:C0013295","4d19a931-2765-4255-9e2d-4353c430fd20 owl:annotatedProperty oboInOwl:hasExactSynonym","ad1e1bad-1279-4294-82ed-40bfe1a25b2a oboInOwl:hasDbXref SNOMEDCT_2005_07_31:25859000","obo:DOID_0050104 rdfs:label Trichophyton verrucosum tinea capitis","obo:DOID_0050104 oboInOwl:id DOID:0050104","obo:DOID_3878 rdfs:label intestinal pseudo-obstruction","obo:DOID_4349 rdf:type owl:Class","dfe8e07c-1258-4af3-9d47-a6a9e11c4ae1 owl:annotatedTarget A coccidioidomycosis that results_in pneumonia located_in lungs, has_material_basis_in Coccidioides immitis, transmitted_by airborne spores and has_symptom pleuritic chest pain, has_symptom respiratory failure, has_symptom pleural effusion, and results_in_formation_of pulmonary nodules.","obo:DOID_12721 oboInOwl:id DOID:12721","b5cc24f3-f637-4fbb-9613-e8275514814e oboInOwl:hasDbXref SNOMEDCT_2005_07_31:8654005","b3cbff35-06c4-4749-8c05-a4a6d21b331c rdf:type owl:Axiom","obo:DOID_3042 oboInOwl:hasExactSynonym Allergic Contact Dermatitis","1e1d44d7-2b53-4d4d-8be7-00ec5bdd5824 owl:annotatedSource obo:DOID_12918","a86f111a-b107-4e0d-a9cf-e60cae0faa46 owl:annotatedSource obo:DOID_9206","d9f386ec-68cf-4b0d-be15-4aed01c78294 owl:annotatedProperty obo:IAO_0000115","obo:DOID_4562 oboInOwl:id DOID:4562","obo:DOID_12633 rdf:type owl:Class","a86f111a-b107-4e0d-a9cf-e60cae0faa46 owl:annotatedProperty oboInOwl:hasExactSynonym","5f8b99f6-d052-4bd4-934f-1bcfe1e46f2b owl:annotatedProperty oboInOwl:hasExactSynonym","obo:DOID_1673 oboInOwl:id DOID:1673","obo:DOID_1724 rdfs:subClassOf obo:DOID_750","obo:DOID_0050889 rdfs:label non-syndromic intellectual disability","1e1d44d7-2b53-4d4d-8be7-00ec5bdd5824 rdf:type owl:Axiom","obo:DOID_3042 rdfs:label allergic contact dermatitis","obo:DOID_1724 oboInOwl:hasDbXref SNOMEDCT_US_2015_03_01:39755000","0b61ca48-da5f-468d-b3e4-a0da6a4fb9bb owl:annotatedTarget Microcephalus","2a847de1-adba-493a-870a-420de73dc6d8 oboInOwl:hasDbXref NCI2004_11_17:C8382","obo:DOID_851 oboInOwl:hasDbXref ICD9CM:616.2","obo:DOID_14787 oboInOwl:hasOBONamespace disease_ontology","obo:DOID_12721 oboInOwl:hasDbXref MSH:D010009","96eb3f45-25f4-4a4c-9ae9-19805d5afab3 oboInOwl:hasDbXref MTHICD9_2006:060.0","obo:DOID_3042 rdfs:subClassOf obo:DOID_2773","obo:DOID_0050977 oboInOwl:created_by lschriml","obo:DOID_10127 oboInOwl:hasDbXref SNOMEDCT_US_2015_03_01:155403004","obo:DOID_4562 rdf:type owl:Class","097959d5-ac42-4dec-ae9c-6206db8adec9 owl:annotatedSource obo:DOID_3908","3f632958-9f65-4d00-bcdb-d0f404dae406 owl:annotatedSource obo:DOID_5875","e8a3dbb5-4101-423b-96e4-6e274cba67a7 owl:annotatedProperty oboInOwl:hasExactSynonym","obo:DOID_1673 oboInOwl:hasDbXref ICD10CM:J93.1","obo:DOID_12721 rdf:type owl:Class","obo:DOID_14699 oboInOwl:hasDbXref MSH:C536940","obo:DOID_4562 oboInOwl:hasDbXref SNOMEDCT_US_2015_03_01:50194006","96eb3f45-25f4-4a4c-9ae9-19805d5afab3 rdf:type owl:Axiom","obo:DOID_10303 oboInOwl:hasDbXref SNOMEDCT_US_2015_03_01:196481002","b7337a4c-e730-4425-9867-8b4e0543e856 owl:annotatedSource obo:DOID_8990","obo:DOID_5957 oboInOwl:hasOBONamespace disease_ontology","56e515f0-c989-4a36-a8c3-8f08c727765b owl:annotatedSource obo:DOID_10069","9791f210-6e2b-480b-a18d-2c3e5be82db9 rdf:type owl:Axiom","26af81d1-8d64-47a7-a270-bd40925cbf74 owl:annotatedSource obo:DOID_11578","obo:DOID_8838 oboInOwl:hasDbXref ICD10CM:C81.1","obo:DOID_3042 obo:IAO_0000115 A contact dermititis that is an allergic skin reaction to foreign chemical or substances leading to red, itchy, weepy reaction where the skin has come into contact with a substance that the immune system recognizes as foreign.","obo:DOID_1585 rdf:type owl:Class","7e58fe2c-89f3-497e-b6ae-a3155e90e6b8 owl:annotatedSource obo:DOID_13195","obo:DOID_3803 obo:IAO_0000115 A bilirubin metabolic disorder that involves a build up of bilirubin as bilirubin is not being broken down as a result of a lack or deficiency of the enzyme uridine diphosphate glycosyltransferase UGT.","f3aa1a18-2841-456e-a10a-33240fa13ff7 oboInOwl:hasDbXref SNOMEDCT_2005_07_31:367520004","obo:DOID_14699 oboInOwl:hasOBONamespace disease_ontology","obo:DOID_4562 oboInOwl:hasDbXref NCI:C34583","obo:DOID_4349 rdfs:label complications occurring mainly in the course of labor and delivery","obo:DOID_0060083 obo:IAO_0000115 An organ system cancer located_in the immune system that is characterized by uncontrolled cellular proliferation in organs of the immune system.","obo:DOID_9861 oboInOwl:hasDbXref MSH:D014391","obo:DOID_4525 oboInOwl:hasDbXref UMLS_CUI:C1334649","60fe0e7f-5b63-4518-bde3-8f2f5ff42db2 rdf:type owl:Axiom","c0fe42da-4114-4ce4-b5bd-88e13444f1c1 owl:annotatedSource obo:DOID_11569","4240f275-37cb-43f7-8031-d78d976e2a5f owl:annotatedSource obo:DOID_6457","62b40489-d45e-4855-9f70-d6bf4988949f oboInOwl:hasDbXref SNOMEDCT_2005_07_31:35055000","obo:DOID_4613 oboInOwl:id DOID:4613","2a847de1-adba-493a-870a-420de73dc6d8 owl:annotatedTarget Atypical Choroid Plexus papilloma","3d7e7f13-715e-4333-b9d5-28ce82f1abf4 owl:annotatedProperty oboInOwl:hasRelatedSynonym","obo:DOID_3042 oboInOwl:hasDbXref NCI:C26998","obo:DOID_4525 rdf:type owl:Class","15bf67a7-5981-4a01-8ad9-60e7d364c098 owl:annotatedProperty oboInOwl:hasExactSynonym","91ba6d8e-5cbc-4859-b2df-8c4b91348090 owl:annotatedSource obo:DOID_6801","obo:DOID_1724 oboInOwl:hasAlternativeId DOID:13836","obo:DOID_83 oboInOwl:hasDbXref OMIM:613887","de352ea6-dfa8-4389-8c8a-b476e1a54289 owl:annotatedSource obo:DOID_9217","e5b3c48e-972d-4759-9b4f-ddd8d743a3a1 owl:annotatedTarget Pneumonia, eosinophilic","3048787a-d8d3-4d80-a0ca-f70da3306075 rdf:type owl:Axiom","ecb8c786-f7c9-4807-85fa-63237e3be2df rdf:type owl:Axiom","2f98321d-4029-4d86-886f-62aa03efde11 owl:annotatedProperty oboInOwl:hasExactSynonym","obo:DOID_0060083 rdfs:subClassOf obo:DOID_0050686","obo:DOID_1761 oboInOwl:hasExactSynonym Cheilitis granulomatosa of Miescher-Melkersson-Rosenthal disorder","d4577d87-0e09-420b-93d5-af6ee29f2e2e owl:annotatedTarget Immunosuppressive measles encephalitis","obo:DOID_9861 oboInOwl:hasExactSynonym Disseminated tuberculosis disorder","obo:DOID_5196 oboInOwl:id DOID:5196","4af6ef8e-cd86-468e-b2f7-6152127422c6 owl:annotatedSource obo:DOID_4064","obo:DOID_12508 rdf:type owl:Class","obo:DOID_9597 rdf:type owl:Class","a8ba4f83-ce56-4fef-9672-5d943df6f6da rdf:type owl:Axiom","obo:DOID_9597 oboInOwl:hasDbXref UMLS_CUI:C0022790","ccd16941-25f2-4db0-8af0-b3b971277306 rdf:type owl:Axiom","e19e9128-3747-482c-b2bc-ff39e9745860 owl:annotatedProperty oboInOwl:hasExactSynonym","77d5c89d-b072-458a-a43a-30182a25b793 rdf:type owl:Axiom","obo:DOID_14787 rdfs:label Fryns syndrome","obo:DOID_8838 oboInOwl:hasDbXref SNOMEDCT_US_2015_03_01:188564003","311f7307-04c9-4ad9-9c6c-0d1dcc7f4834 oboInOwl:hasDbXref SNOMEDCT_2005_07_31:11455007","obo:DOID_4650 oboInOwl:id DOID:4650","obo:DOID_4562 oboInOwl:hasExactSynonym SBE - Subacute bacterial endocarditis","obo:DOID_9773 oboInOwl:id DOID:9773","obo:DOID_0050977 oboInOwl:hasOBONamespace disease_ontology","obo:DOID_3878 oboInOwl:hasDbXref SNOMEDCT_US_2015_03_01:235825006","obo:DOID_4650 oboInOwl:hasDbXref NCI:C8713","obo:DOID_13480 rdf:type owl:Class","60fe0e7f-5b63-4518-bde3-8f2f5ff42db2 oboInOwl:hasDbXref url:http://www.ninds.nih.gov/disorders/amyotrophiclateralsclerosis/detail_ALS.htm","obo:DOID_10303 oboInOwl:hasDbXref SNOMEDCT_US_2015_03_01:196490009","226c9511-49c4-42bf-abcb-ab48798977da owl:annotatedSource obo:DOID_8533","obo:DOID_1761 oboInOwl:hasExactSynonym Melkerssons syndrome disorder","obo:DOID_4437 rdf:type owl:Class","obo:DOID_9773 rdfs:subClassOf obo:DOID_0050671","obo:DOID_4562 oboInOwl:hasDbXref UMLS_CUI:C0014122","obo:DOID_13480 rdfs:label paranoid type schizophrenia chronic state with acute exacerbation","b7337a4c-e730-4425-9867-8b4e0543e856 owl:annotatedProperty oboInOwl:hasExactSynonym","obo:DOID_83 oboInOwl:hasDbXref OMIM:212500","obo:DOID_9861 rdfs:subClassOf obo:DOID_0050598","9d39dbb5-2179-468d-b4d2-8e2de8eb2a19 oboInOwl:hasDbXref SNOMEDCT_2005_07_31:238113006","dfe8e07c-1258-4af3-9d47-a6a9e11c4ae1 owl:annotatedSource obo:DOID_13979","60fe0e7f-5b63-4518-bde3-8f2f5ff42db2 owl:annotatedSource obo:DOID_332","ac3dabc9-9a53-4c2c-8fb0-2829d9219e41 owl:annotatedProperty oboInOwl:hasExactSynonym","ad1e1bad-1279-4294-82ed-40bfe1a25b2a owl:annotatedSource obo:DOID_11005","c8d25564-8d07-429f-b4d2-035c86c4647e rdf:type owl:Axiom","obo:DOID_83 oboInOwl:hasDbXref ICD10CM:H26","obo:DOID_3878 oboInOwl:hasExactSynonym Pseudo-obstruction of intestine disorder","cba43ddc-7dce-41b0-9a45-94fd83ec4eef oboInOwl:hasDbXref SNOMEDCT_2005_07_31:188515006","1b79ed5e-efa1-475f-9902-b3366a533cbf oboInOwl:hasDbXref url:http://en.wikipedia.org/wiki/Myeloid_leukemia","bfa4fd87-6986-4d8b-adde-da33ae0476ca oboInOwl:hasDbXref MTHICD9_2006:754.51","obo:DOID_8838 rdf:type owl:Class","obo:DOID_8838 oboInOwl:hasDbXref SNOMEDCT_US_2015_03_01:188573006","obo:DOID_14699 oboInOwl:hasDbXref NCI:C99038","2f98321d-4029-4d86-886f-62aa03efde11 rdf:type owl:Axiom","obo:DOID_2320 oboInOwl:hasOBONamespace disease_ontology","obo:DOID_3803 oboInOwl:hasDbXref SNOMEDCT_US_2015_03_01:28259009","3048787a-d8d3-4d80-a0ca-f70da3306075 owl:annotatedProperty oboInOwl:hasExactSynonym","obo:DOID_10127 oboInOwl:hasOBONamespace disease_ontology","62b40489-d45e-4855-9f70-d6bf4988949f owl:annotatedTarget Band-shaped keratopathy disorder","3048787a-d8d3-4d80-a0ca-f70da3306075 oboInOwl:hasDbXref ICD9CM_2006:296.06","15bf67a7-5981-4a01-8ad9-60e7d364c098 rdf:type owl:Axiom","obo:DOID_10127 rdfs:label cerebral artery occlusion","obo:DOID_4562 oboInOwl:hasDbXref SNOMEDCT_US_2015_03_01:155334001","obo:DOID_4349 oboInOwl:id DOID:4349","obo:DOID_0060083 oboInOwl:creation_date 2011-06-08T01:11:18Z","47b9ad2b-2c5e-4d7b-ae1a-ebe1b51a1601 oboInOwl:hasDbXref MTHICD9_2006:063.0","obo:DOID_638 rdfs:label demyelinating disease of central nervous system","obo:DOID_83 oboInOwl:hasDbXref OMIM:116700","obo:DOID_0050977 rdfs:subClassOf obo:DOID_1441","obo:DOID_3803 oboInOwl:hasExactSynonym Crigler Najjar syndrome","2f98321d-4029-4d86-886f-62aa03efde11 oboInOwl:hasDbXref ICD9CM_2006:148","obo:DOID_9861 oboInOwl:hasExactSynonym acute miliary tuberculosis","50237568-ad1e-420b-aca1-9c2acb2de81e owl:annotatedSource obo:DOID_8604","cef29a82-7d2b-4a8e-8f25-4cb1291d064b oboInOwl:hasDbXref SNOMEDCT_2005_07_31:230510002","3d7e7f13-715e-4333-b9d5-28ce82f1abf4 rdf:type owl:Axiom","obo:DOID_10127 oboInOwl:hasDbXref ICD9CM:434","77d5c89d-b072-458a-a43a-30182a25b793 owl:annotatedProperty oboInOwl:hasExactSynonym","e19e9128-3747-482c-b2bc-ff39e9745860 rdf:type owl:Axiom","4af6ef8e-cd86-468e-b2f7-6152127422c6 owl:annotatedProperty obo:IAO_0000115","a8ba4f83-ce56-4fef-9672-5d943df6f6da owl:annotatedProperty oboInOwl:hasExactSynonym","86810fd1-a77b-4a5a-8432-c66f6b709298 owl:annotatedProperty obo:IAO_0000115","obo:DOID_3042 oboInOwl:id DOID:3042","obo:DOID_9736 oboInOwl:hasDbXref ICD9CM:381.02","obo:DOID_1673 oboInOwl:hasDbXref SNOMEDCT_US_2015_03_01:196103008","obo:DOID_4613 rdfs:subClassOf obo:DOID_1188","obo:DOID_1761 oboInOwl:hasDbXref SNOMEDCT_US_2015_03_01:215617000","obo:DOID_3803 rdf:type owl:Class","obo:DOID_12721 oboInOwl:hasDbXref OMIM:600959","obo:DOID_9773 oboInOwl:hasDbXref ICD9CM:174.4","b7337a4c-e730-4425-9867-8b4e0543e856 rdf:type owl:Axiom","26af81d1-8d64-47a7-a270-bd40925cbf74 owl:annotatedTarget Escherichia coli meningitis disorder","obo:DOID_12582 rdf:type owl:Class","obo:DOID_12633 oboInOwl:hasExactSynonym Cervicofacial actinomycotic infection","obo:DOID_14699 oboInOwl:hasDbXref UMLS_CUI:C0175703","obo:DOID_0050889 oboInOwl:hasOBONamespace disease_ontology","950169a5-47bc-439c-8160-28dee1848db5 owl:annotatedTarget oat cell carcinoma","obo:DOID_3803 oboInOwl:hasDbXref MSH:D003414","obo:DOID_14699 oboInOwl:id DOID:14699","1b79ed5e-efa1-475f-9902-b3366a533cbf owl:annotatedProperty obo:IAO_0000115","obo:DOID_0050889 rdfs:subClassOf obo:DOID_1059","4240f275-37cb-43f7-8031-d78d976e2a5f owl:annotatedTarget dysplastic Gangliocytoma of Cerebellum","obo:DOID_14787 owl:deprecated true^^http://www.w3.org/2001/XMLSchema#boolean","obo:DOID_14699 oboInOwl:hasDbXref OMIM:274000","obo:DOID_10303 oboInOwl:hasDbXref MSH:D012793","edce8b99-4a57-413d-addf-2c6e1145b348 owl:annotatedTarget Endogenous hyperlipidaemia","obo:DOID_10303 oboInOwl:hasOBONamespace disease_ontology","bb86dccd-6b8f-4329-959c-480a65dae51b owl:annotatedProperty obo:IAO_0000115","ecb8c786-f7c9-4807-85fa-63237e3be2df oboInOwl:hasDbXref url:http://ghr.nlm.nih.gov/condition/limb-girdle-muscular-dystrophy","ac3dabc9-9a53-4c2c-8fb0-2829d9219e41 rdf:type owl:Axiom","15bf67a7-5981-4a01-8ad9-60e7d364c098 oboInOwl:hasDbXref MTHICD9_2006:334.2","obo:DOID_12670 rdf:type owl:Class","4d19a931-2765-4255-9e2d-4353c430fd20 oboInOwl:hasDbXref SNOMEDCT_2005_07_31:192761004","obo:DOID_83 oboInOwl:hasDbXref OMIM:616509","obo:DOID_5196 oboInOwl:hasDbXref UMLS_CUI:C1517110","95f77d3c-8840-45c5-95f5-515197354059 owl:annotatedSource obo:DOID_9039","b3cbff35-06c4-4749-8c05-a4a6d21b331c owl:annotatedTarget Parachordoma of the Chest Wall","obo:DOID_3803 oboInOwl:hasDbXref NCI:C84656","50237568-ad1e-420b-aca1-9c2acb2de81e oboInOwl:hasDbXref SNOMEDCT_2005_07_31:93494007","obo:DOID_12369 rdf:type owl:Class","4d19a931-2765-4255-9e2d-4353c430fd20 rdf:type owl:Axiom","obo:DOID_3878 oboInOwl:hasDbXref UMLS_CUI:C0021847","obo:DOID_12633 oboInOwl:id DOID:12633","obo:DOID_3803 oboInOwl:hasExactSynonym Crigler-Najjar syndrome, type I disorder","obo:DOID_6759 oboInOwl:hasExactSynonym Lymphoma of the bone","ad1e1bad-1279-4294-82ed-40bfe1a25b2a owl:annotatedTarget degeneration of pupillary margin disorder","1e1d44d7-2b53-4d4d-8be7-00ec5bdd5824 owl:annotatedProperty oboInOwl:hasExactSynonym","e0694077-542d-4e38-98f8-be33c92d6017 owl:annotatedTarget Rheumatic myocarditis disorder","d9f386ec-68cf-4b0d-be15-4aed01c78294 oboInOwl:hasDbXref url:http://www.virtualmedicalcentre.com/diseases.asp?did\u003d696","obo:DOID_7531 oboInOwl:hasExactSynonym anal glands adenocarcinoma","obo:DOID_4613 oboInOwl:hasDbXref SNOMEDCT_US_2015_03_01:367399005","a86f111a-b107-4e0d-a9cf-e60cae0faa46 rdf:type owl:Axiom","obo:DOID_9597 oboInOwl:hasExactSynonym Krukenberg neoplasm","5f8b99f6-d052-4bd4-934f-1bcfe1e46f2b rdf:type owl:Axiom","obo:DOID_3042 oboInOwl:hasDbXref MSH:D017449","e8a3dbb5-4101-423b-96e4-6e274cba67a7 owl:annotatedSource obo:DOID_2725","56e515f0-c989-4a36-a8c3-8f08c727765b owl:annotatedTarget Subglottic tumor","2f98321d-4029-4d86-886f-62aa03efde11 owl:annotatedTarget malignant neoplasm of hypopharynx","bb39b169-c6e5-415a-88b3-ca20ec8ca59f oboInOwl:hasDbXref SNOMEDCT_2005_07_31:186771002","obo:DOID_9736 rdfs:label blue drum syndrome","obo:DOID_7531 oboInOwl:hasDbXref SNOMEDCT_US_2015_03_01:128655006","b3cbff35-06c4-4749-8c05-a4a6d21b331c owl:annotatedProperty oboInOwl:hasExactSynonym","38ef373a-e3d0-4311-9842-958c7ab38031 oboInOwl:hasDbXref url:http://allpsych.com/disorders/somatoform/index.html","obo:DOID_0050889 oboInOwl:created_by lschriml","0cd286bf-bb0a-43f1-a461-6d2d477c55b8 owl:annotatedSource obo:DOID_0050541","c8d25564-8d07-429f-b4d2-035c86c4647e oboInOwl:hasDbXref url:http://en.wikipedia.org/wiki/Mesoblastic_nephroma","obo:DOID_9861 oboInOwl:id DOID:9861","e8a3dbb5-4101-423b-96e4-6e274cba67a7 rdf:type owl:Axiom","obo:DOID_1585 oboInOwl:hasExactSynonym Rheumatic pneumonia disorder","obo:DOID_9773 rdfs:label female breast upper-outer quadrant cancer","ae48e36d-aaa4-4838-a6e2-1e078e82e314 owl:annotatedSource obo:DOID_8997","de352ea6-dfa8-4389-8c8a-b476e1a54289 rdf:type owl:Axiom","8bd4f26a-2255-40c7-bc87-2eeebda51e65 oboInOwl:hasDbXref SNOMEDCT_2005_07_31:190196003","e4aa8fe8-063b-4390-9b61-252406c72a20 oboInOwl:hasDbXref NCI2004_11_17:C8384","obo:DOID_83 rdf:type owl:Class","obo:DOID_12369 oboInOwl:hasDbXref ICD10CM:N81.0","obo:DOID_83 oboInOwl:hasDbXref OMIM:116800","obo:DOID_9861 oboInOwl:hasDbXref SNOMEDCT_US_2015_03_01:186280001","obo:DOID_12670 rdfs:label fusion with defective stereopsis","obo:DOID_0050977 oboInOwl:creation_date 2015-10-06T16:11:07Z","obo:DOID_851 oboInOwl:hasDbXref SNOMEDCT_US_2015_03_01:155982004","ac3dabc9-9a53-4c2c-8fb0-2829d9219e41 oboInOwl:hasDbXref CSP2005:1849-5422","obo:DOID_83 oboInOwl:hasDbXref OMIM:611597","obo:DOID_902 rdf:type owl:Class","c0fe42da-4114-4ce4-b5bd-88e13444f1c1 oboInOwl:hasDbXref MTHICD9_2006:306.2","ecb8c786-f7c9-4807-85fa-63237e3be2df owl:annotatedTarget A muscular dystrophy that is characterized by weakening of the muscles of the hip and shoulders which comprise the limb girdle muscles.","9791f210-6e2b-480b-a18d-2c3e5be82db9 owl:annotatedProperty oboInOwl:hasExactSynonym","ac3dabc9-9a53-4c2c-8fb0-2829d9219e41 owl:annotatedTarget lecithin acyltransferase deficiency","11d89e50-852c-46e2-8919-059eff397198 oboInOwl:hasDbXref CSP2005:2012-7338","96eb3f45-25f4-4a4c-9ae9-19805d5afab3 owl:annotatedProperty oboInOwl:hasExactSynonym","obo:DOID_4525 rdfs:subClassOf obo:DOID_0001816"],"InferredAxioms":["obo:DOID_2320 rdf:type rdfs:Class","obo:DOID_732 rdf:type rdfs:Class","obo:DOID_768 rdf:type rdfs:Class","rdf:object rdfs:domain rdf:Statement","rdf:Bag rdfs:subClassOf rdf:Bag","obo:DOID_10127 rdf:type rdfs:Class","obo:DOID_2773 rdf:type rdfs:Resource","obo:DOID_184 rdfs:subClassOf obo:DOID_184","obo:DOID_10854 rdfs:subClassOf obo:DOID_10854","obo:DOID_12369 rdf:type rdfs:Resource","obo:DOID_0060111 rdf:type rdfs:Resource","obo:DOID_1673 rdf:type rdfs:Resource","obo:DOID_0050977 rdf:type rdfs:Resource","rdfs:Resource rdf:type rdfs:Class","obo:DOID_4650 rdf:type rdfs:Class","rdf:XMLLiteral rdf:type rdfs:Datatype","rdf:XMLLiteral rdf:type rdfs:Class","obo:DOID_7531 rdfs:subClassOf obo:DOID_7531","rdfs:domain rdfs:domain rdf:Property","rdf:first rdfs:domain rdf:List","obo:DOID_3697 rdf:type rdfs:Class","rdf:predicate rdfs:domain rdf:Statement","obo:DOID_7531 rdf:type rdfs:Resource","obo:DOID_9736 rdf:type rdfs:Resource","obo:DOID_2256 rdf:type rdfs:Class","obo:DOID_1059 rdf:type rdfs:Class","obo:DOID_3447 rdfs:subClassOf obo:DOID_3447","obo:DOID_9736 rdfs:subClassOf obo:DOID_9736","obo:DOID_10303 rdfs:subClassOf obo:DOID_10303","rdfs:domain rdf:type rdfs:Resource","rdfs:subPropertyOf rdfs:range rdf:Property","obo:DOID_4050 rdf:type rdfs:Resource","rdf:Seq rdf:type rdfs:Class","obo:DOID_1761 rdf:type rdfs:Resource","rdf:predicate rdfs:subPropertyOf rdf:predicate","obo:DOID_0050889 rdf:type rdfs:Class","obo:DOID_2741 rdf:type rdfs:Resource","obo:DOID_4562 rdfs:subClassOf obo:DOID_4562","rdf:Alt rdfs:subClassOf rdf:Alt","obo:DOID_3878 rdf:type rdfs:Resource","obo:DOID_8838 rdfs:subClassOf obo:DOID_8838","owl:Class rdf:type rdfs:Resource","obo:DOID_3842 rdf:type rdfs:Resource","obo:DOID_1532 rdf:type rdfs:Resource","obo:DOID_1762 rdf:type rdfs:Resource","obo:DOID_9773 rdfs:subClassOf obo:DOID_9773","obo:DOID_1441 rdf:type rdfs:Class","rdfs:domain rdf:type rdf:Property","obo:DOID_83 rdf:type rdfs:Resource","obo:DOID_184 rdf:type rdfs:Class","rdfs:subClassOf rdf:type rdfs:Resource","obo:DOID_12721 rdfs:subClassOf obo:DOID_12721","obo:DOID_0060388 rdf:type rdfs:Resource","rdf:rest rdfs:range rdf:List","obo:DOID_3447 rdf:type rdfs:Class","obo:DOID_10303 rdf:type rdfs:Class","rdf:first rdfs:subPropertyOf rdf:first","obo:DOID_0001816 rdfs:subClassOf obo:DOID_0001816","obo:DOID_4562 rdf:type rdfs:Class","rdf:Alt rdf:type rdfs:Class","rdf:List rdf:type rdfs:Class","rdfs:subClassOf rdf:type rdf:Property","obo:DOID_0060000 rdf:type rdfs:Resource","obo:DOID_8567 rdf:type rdfs:Resource","obo:DOID_12721 rdf:type rdfs:Class","rdf:Bag rdfs:subClassOf rdfs:Container","rdf:Property rdfs:subClassOf rdfs:Resource","obo:DOID_9773 rdf:type rdfs:Resource","obo:DOID_1756 rdfs:subClassOf obo:DOID_1756","obo:DOID_9597 rdf:type rdfs:Class","obo:DOID_2773 rdfs:subClassOf obo:DOID_2773","obo:DOID_0050889 rdfs:subClassOf obo:DOID_0050889","obo:DOID_851 rdfs:subClassOf obo:DOID_851","obo:DOID_0050598 rdf:type rdfs:Class","rdf:predicate rdf:type rdf:Property","obo:DOID_0050671 rdf:type rdfs:Class","obo:DOID_6713 rdf:type rdfs:Class","obo:DOID_0001816 rdf:type rdfs:Resource","rdf:Statement rdf:type rdfs:Resource","rdf:Bag rdf:type rdfs:Resource","rdf:object rdfs:subPropertyOf rdf:object","rdf:nil rdf:type rdf:List","obo:DOID_12369 rdfs:subClassOf obo:DOID_12369","rdfs:comment rdfs:range rdfs:Literal","owl:Axiom rdf:type rdfs:Class","rdf:predicate rdf:type rdfs:Resource","rdf:Property rdfs:subClassOf rdf:Property","obo:DOID_0060111 rdfs:subClassOf obo:DOID_0060111","obo:DOID_750 rdf:type rdfs:Class","obo:DOID_2152 rdf:type rdfs:Class","obo:DOID_110 rdf:type rdfs:Resource","obo:DOID_229 rdf:type rdfs:Class","rdf:object rdf:type rdfs:Resource","obo:DOID_5284 rdf:type rdfs:Resource","obo:DOID_6759 rdfs:subClassOf obo:DOID_6759","obo:DOID_1284 rdfs:subClassOf obo:DOID_1284","obo:DOID_4525 rdf:type rdfs:Class","rdfs:Container rdf:type rdfs:Class","obo:DOID_0060083 rdf:type rdfs:Class","obo:DOID_9861 rdfs:subClassOf obo:DOID_9861","obo:DOID_1673 rdfs:subClassOf obo:DOID_1673","rdf:Statement rdfs:subClassOf rdfs:Resource","obo:DOID_9861 rdf:type rdfs:Resource","obo:DOID_0050977 rdfs:subClassOf obo:DOID_0050977","rdfs:isDefinedBy rdfs:subPropertyOf rdfs:seeAlso","rdf:Seq rdfs:subClassOf rdf:Seq","obo:DOID_1756 rdf:type rdfs:Resource","rdf:object rdf:type rdf:Property","rdf:Property rdf:type rdfs:Resource","rdfs:Literal rdf:type rdfs:Class","obo:DOID_4437 rdfs:subClassOf obo:DOID_4437","obo:DOID_0050686 rdfs:subClassOf obo:DOID_0050686","obo:DOID_3803 rdf:type rdfs:Resource","rdfs:Class rdfs:subClassOf rdfs:Class","obo:DOID_5957 rdf:type rdfs:Resource","rdfs:subClassOf rdfs:range rdfs:Class","obo:DOID_1441 rdfs:subClassOf obo:DOID_1441","obo:DOID_10854 rdf:type rdfs:Class","obo:DOID_12341 rdf:type rdfs:Resource","rdfs:Datatype rdf:type rdfs:Resource","obo:DOID_850 rdfs:subClassOf obo:DOID_850","obo:DOID_14699 rdf:type rdfs:Resource","obo:DOID_8838 rdf:type rdfs:Class","obo:DOID_8440 rdf:type rdfs:Resource","obo:DOID_5958 rdf:type rdfs:Resource","obo:DOID_3042 rdf:type rdfs:Resource","rdfs:ContainerMembershipProperty rdf:type rdfs:Resource","rdf:rest rdf:type rdf:Property","obo:DOID_851 rdf:type rdfs:Class","rdfs:seeAlso rdf:type rdfs:Resource","rdfs:comment rdf:type rdfs:Resource","rdfs:domain rdfs:range rdfs:Class","obo:DOID_1188 rdfs:subClassOf obo:DOID_1188","obo:DOID_1284 rdf:type rdfs:Class","obo:DOID_6759 rdf:type rdfs:Class","obo:DOID_850 rdf:type rdfs:Class","obo:DOID_5284 rdfs:subClassOf obo:DOID_5284","obo:DOID_4613 rdf:type rdfs:Resource","obo:DOID_5196 rdf:type rdfs:Resource","obo:DOID_0050686 rdf:type rdfs:Class","obo:DOID_4437 rdf:type rdfs:Class","obo:DOID_1724 rdf:type rdfs:Resource","rdfs:Class rdf:type rdfs:Class","obo:DOID_110 rdfs:subClassOf obo:DOID_110","rdf:rest rdf:type rdfs:Resource","obo:DOID_1188 rdf:type rdfs:Class","rdfs:seeAlso rdf:type rdf:Property","rdfs:ContainerMembershipProperty rdfs:subClassOf rdf:Property","rdfs:comment rdf:type rdf:Property","obo:DOID_4525 rdf:type rdfs:Resource","obo:DOID_229 rdf:type rdfs:Resource","obo:DOID_5284 rdf:type rdfs:Class","obo:DOID_110 rdf:type rdfs:Class","obo:DOID_750 rdf:type rdfs:Resource","obo:DOID_2152 rdf:type rdfs:Resource","obo:DOID_3803 rdfs:subClassOf obo:DOID_3803","obo:DOID_2256 rdfs:subClassOf obo:DOID_2256","rdf:nil rdf:type rdfs:Resource","rdfs:Container rdf:type rdfs:Resource","obo:DOID_0060083 rdf:type rdfs:Resource","rdf:subject rdf:type rdf:Property","rdf:Seq rdfs:subClassOf rdfs:Container","rdf:rest rdfs:domain rdf:List","obo:DOID_0060388 rdfs:subClassOf obo:DOID_0060388","rdf:subject rdf:type rdfs:Resource","obo:DOID_9861 rdf:type rdfs:Class","rdfs:isDefinedBy rdfs:subPropertyOf rdfs:isDefinedBy","rdf:Property rdf:type rdfs:Class","obo:DOID_1756 rdf:type rdfs:Class","obo:DOID_0050671 rdf:type rdfs:Resource","obo:DOID_0050598 rdf:type rdfs:Resource","obo:DOID_9773 rdf:type rdfs:Class","obo:DOID_9597 rdf:type rdfs:Resource","rdf:Statement rdf:type rdfs:Class","obo:DOID_1059 rdfs:subClassOf obo:DOID_1059","rdfs:label rdf:type rdf:Property","obo:DOID_6713 rdf:type rdfs:Resource","obo:DOID_0001816 rdf:type rdfs:Class","rdfs:label rdf:type rdfs:Resource","rdf:Bag rdf:type rdfs:Class","rdf:Alt rdfs:subClassOf rdfs:Container","rdfs:subPropertyOf rdfs:domain rdf:Property","owl:Axiom rdf:type rdfs:Resource","obo:DOID_5957 rdfs:subClassOf obo:DOID_5957","obo:DOID_0060000 rdfs:subClassOf obo:DOID_0060000","rdfs:label rdfs:range rdfs:Literal","obo:DOID_4650 rdfs:subClassOf obo:DOID_4650","obo:DOID_851 rdf:type rdfs:Resource","rdfs:Datatype rdfs:subClassOf rdfs:Datatype","rdfs:Datatype rdfs:subClassOf rdfs:Class","obo:DOID_6713 rdfs:subClassOf obo:DOID_6713","rdfs:subPropertyOf rdf:type rdf:Property","obo:DOID_8567 rdfs:subClassOf obo:DOID_8567","obo:DOID_12341 rdfs:subClassOf obo:DOID_12341","obo:DOID_1284 rdf:type rdfs:Resource","obo:DOID_6759 rdf:type rdfs:Resource","obo:DOID_1724 rdf:type rdfs:Class","rdfs:Class rdf:type rdfs:Resource","obo:DOID_0050686 rdf:type rdfs:Resource","obo:DOID_4437 rdf:type rdfs:Resource","rdfs:range rdfs:range rdfs:Class","obo:DOID_4613 rdf:type rdfs:Class","obo:DOID_5196 rdf:type rdfs:Class","obo:DOID_850 rdf:type rdfs:Resource","obo:DOID_14699 rdfs:subClassOf obo:DOID_14699","rdfs:subPropertyOf rdf:type rdfs:Resource","rdfs:Literal rdfs:subClassOf rdfs:Resource","obo:DOID_1188 rdf:type rdfs:Resource","obo:DOID_8440 rdfs:subClassOf obo:DOID_8440","obo:DOID_3803 rdf:type rdfs:Class","obo:DOID_9597 rdfs:subClassOf obo:DOID_9597","rdfs:Literal rdf:type rdfs:Resource","rdf:type rdf:type rdf:Property","obo:DOID_10854 rdf:type rdfs:Resource","obo:DOID_5957 rdf:type rdfs:Class","obo:DOID_5958 rdfs:subClassOf obo:DOID_5958","rdfs:Class rdfs:subClassOf rdfs:Resource","obo:DOID_0050598 rdfs:subClassOf obo:DOID_0050598","obo:DOID_14699 rdf:type rdfs:Class","obo:DOID_3042 rdfs:subClassOf obo:DOID_3042","rdfs:ContainerMembershipProperty rdfs:subClassOf rdfs:ContainerMembershipProperty","obo:DOID_3697 rdfs:subClassOf obo:DOID_3697","obo:DOID_12341 rdf:type rdfs:Class","rdfs:Datatype rdf:type rdfs:Class","obo:DOID_0050671 rdfs:subClassOf obo:DOID_0050671","obo:DOID_3042 rdf:type rdfs:Class","rdfs:ContainerMembershipProperty rdf:type rdfs:Class","rdf:type rdf:type rdfs:Resource","obo:DOID_5958 rdf:type rdfs:Class","obo:DOID_8838 rdf:type rdfs:Resource","obo:DOID_8440 rdf:type rdfs:Class","rdf:XMLLiteral rdf:type rdfs:Resource","obo:DOID_4650 rdf:type rdfs:Resource","obo:DOID_3697 rdf:type rdfs:Resource","rdfs:isDefinedBy rdf:type rdfs:Resource","obo:DOID_4050 rdfs:subClassOf obo:DOID_4050","obo:DOID_2256 rdf:type rdfs:Resource","obo:DOID_9736 rdf:type rdfs:Class","obo:DOID_7531 rdf:type rdfs:Class","rdfs:range rdfs:domain rdf:Property","rdfs:isDefinedBy rdf:type rdf:Property","obo:DOID_1059 rdf:type rdfs:Resource","obo:DOID_732 rdf:type rdfs:Resource","obo:DOID_768 rdf:type rdfs:Resource","obo:DOID_2320 rdf:type rdfs:Resource","obo:DOID_10127 rdf:type rdfs:Resource","obo:DOID_12369 rdf:type rdfs:Class","rdfs:subClassOf rdfs:domain rdfs:Class","rdf:rest rdfs:subPropertyOf rdf:rest","obo:DOID_2773 rdf:type rdfs:Class","rdfs:Resource rdf:type rdfs:Resource","rdf:subject rdfs:domain rdf:Statement","obo:DOID_0050977 rdf:type rdfs:Class","obo:DOID_1673 rdf:type rdfs:Class","obo:DOID_1761 rdfs:subClassOf obo:DOID_1761","obo:DOID_0060111 rdf:type rdfs:Class","obo:DOID_184 rdf:type rdfs:Resource","obo:DOID_2152 rdfs:subClassOf obo:DOID_2152","obo:DOID_750 rdfs:subClassOf obo:DOID_750","rdf:first rdf:type rdfs:Resource","obo:DOID_2741 rdfs:subClassOf obo:DOID_2741","obo:DOID_229 rdfs:subClassOf obo:DOID_229","obo:DOID_3447 rdf:type rdfs:Resource","obo:DOID_10303 rdf:type rdfs:Resource","obo:DOID_0060388 rdf:type rdfs:Class","rdfs:seeAlso rdfs:subPropertyOf rdfs:seeAlso","obo:DOID_4525 rdfs:subClassOf obo:DOID_4525","rdf:type rdfs:range rdfs:Class","obo:DOID_4562 rdf:type rdfs:Resource","rdf:Alt rdf:type rdfs:Resource","rdf:first rdf:type rdf:Property","obo:DOID_12721 rdf:type rdfs:Resource","obo:DOID_8567 rdf:type rdfs:Class","obo:DOID_10127 rdfs:subClassOf obo:DOID_10127","rdf:List rdf:type rdfs:Resource","obo:DOID_0060000 rdf:type rdfs:Class","obo:DOID_0060083 rdfs:subClassOf obo:DOID_0060083","rdfs:range rdf:type rdf:Property","obo:DOID_4613 rdfs:subClassOf obo:DOID_4613","rdf:subject rdfs:subPropertyOf rdf:subject","rdf:List rdfs:subClassOf rdfs:Resource","rdf:Seq rdf:type rdfs:Resource","rdfs:Container rdfs:subClassOf rdfs:Container","obo:DOID_5196 rdfs:subClassOf obo:DOID_5196","obo:DOID_4050 rdf:type rdfs:Class","obo:DOID_3878 rdfs:subClassOf obo:DOID_3878","obo:DOID_2320 rdfs:subClassOf obo:DOID_2320","obo:DOID_1532 rdfs:subClassOf obo:DOID_1532","obo:DOID_732 rdfs:subClassOf obo:DOID_732","obo:DOID_1762 rdfs:subClassOf obo:DOID_1762","obo:DOID_3842 rdfs:subClassOf obo:DOID_3842","obo:DOID_1761 rdf:type rdfs:Class","obo:DOID_0050889 rdf:type rdfs:Resource","obo:DOID_768 rdfs:subClassOf obo:DOID_768","obo:DOID_1724 rdfs:subClassOf obo:DOID_1724","obo:DOID_2741 rdf:type rdfs:Class","obo:DOID_83 rdfs:subClassOf obo:DOID_83","obo:DOID_1441 rdf:type rdfs:Resource","obo:DOID_83 rdf:type rdfs:Class","obo:DOID_3842 rdf:type rdfs:Class","rdfs:range rdf:type rdfs:Resource","obo:DOID_1532 rdf:type rdfs:Class","obo:DOID_1762 rdf:type rdfs:Class","obo:DOID_3878 rdf:type rdfs:Class","owl:Class rdf:type rdfs:Class"],"InvalidAxioms":["obo:DOID_2152 rdfs:subClassOf obo:DOID_1724","obo:DOID_83 rdfs:subClassOf obo:DOID_110","rdfs:isDefinedBy rdfs:subClassOf rdf:Alt","rdf:object rdfs:range rdfs:Class","obo:DOID_5196 rdfs:subClassOf obo:DOID_0001816","obo:DOID_732 rdfs:subPropertyOf rdf:first","obo:DOID_2773 rdfs:subClassOf obo:DOID_9861","obo:DOID_5957 rdfs:subClassOf obo:DOID_750","obo:DOID_1532 rdfs:subClassOf obo:DOID_768","rdfs:seeAlso rdfs:subPropertyOf rdf:subject","rdf:rest rdfs:subClassOf rdfs:Container","rdfs:Resource rdfs:subClassOf rdfs:ContainerMembershipProperty","obo:DOID_9736 rdfs:subClassOf rdf:Property","rdf:Property rdfs:range rdfs:Class","obo:DOID_0050889 rdfs:subClassOf obo:DOID_10303","obo:DOID_110 rdfs:subClassOf obo:DOID_0060111","obo:DOID_1724 rdfs:subClassOf obo:DOID_0060083","obo:DOID_2320 rdfs:subClassOf obo:DOID_3878","obo:DOID_12369 rdfs:subClassOf obo:DOID_9736","obo:DOID_184 rdfs:subClassOf obo:DOID_1284","rdfs:isDefinedBy rdf:type rdfs:Class","owl:Axiom rdfs:range rdf:Property","obo:DOID_9861 rdfs:subClassOf obo:DOID_12369","rdf:predicate rdfs:range rdfs:Class","obo:DOID_0050671 rdfs:subClassOf obo:DOID_4613","obo:DOID_5958 rdfs:subClassOf obo:DOID_0060083","obo:DOID_14699 rdfs:subClassOf rdfs:Container","obo:DOID_10127 rdfs:subClassOf obo:DOID_0050686","obo:DOID_851 rdfs:subClassOf obo:DOID_0060388","rdfs:Datatype rdfs:subClassOf rdfs:Container","obo:DOID_10127 rdfs:subClassOf obo:DOID_6759","owl:Class rdf:type rdf:Property","obo:DOID_3842 rdf:type rdf:Property","obo:DOID_7531 rdfs:range rdfs:Literal","obo:DOID_9861 rdfs:subClassOf obo:DOID_0001816","rdfs:seeAlso rdfs:domain rdf:Statement","obo:DOID_2320 rdfs:domain rdf:List","obo:DOID_1188 rdfs:subClassOf obo:DOID_5196","obo:DOID_14699 rdfs:subClassOf rdf:Bag","obo:DOID_3042 rdfs:subPropertyOf rdfs:isDefinedBy","obo:DOID_2320 rdfs:subClassOf obo:DOID_6759","rdf:Seq rdfs:subClassOf rdfs:ContainerMembershipProperty","rdfs:subPropertyOf rdfs:subClassOf obo:DOID_1724","rdf:Property rdfs:subClassOf rdfs:Container","rdf:Alt rdfs:subClassOf obo:DOID_850","rdfs:seeAlso rdfs:subClassOf obo:DOID_1059","rdfs:comment rdfs:subClassOf obo:DOID_1059","obo:DOID_1761 rdf:type rdf:Property","rdfs:Resource rdfs:domain rdf:List","obo:DOID_4050 rdf:type rdf:Property","obo:DOID_0050671 rdfs:subClassOf obo:DOID_0060388","rdfs:range rdf:type rdfs:Class","obo:DOID_12369 rdfs:subClassOf obo:DOID_732","obo:DOID_2773 rdfs:subClassOf obo:DOID_732","rdf:predicate rdfs:subClassOf obo:DOID_2152","obo:DOID_110 rdfs:subClassOf obo:DOID_4650","rdf:first rdf:type rdfs:Class","obo:DOID_1441 rdfs:subClassOf rdfs:Datatype","obo:DOID_0060083 rdfs:subClassOf obo:DOID_0050889","rdfs:range rdfs:subClassOf rdfs:Class","obo:DOID_3697 rdfs:domain rdf:List","rdf:predicate rdfs:subClassOf obo:DOID_3697","obo:DOID_1724 rdfs:subClassOf rdf:Bag","obo:DOID_1188 rdfs:subClassOf obo:DOID_8567","obo:DOID_9736 rdfs:subClassOf obo:DOID_0050671","obo:DOID_0050889 rdfs:subClassOf obo:DOID_12341","rdfs:Resource rdfs:subClassOf obo:DOID_3803","rdf:Seq rdfs:subClassOf obo:DOID_12341","obo:DOID_4050 rdfs:subClassOf obo:DOID_1756","obo:DOID_83 rdfs:subClassOf rdf:Property","rdfs:Resource rdfs:subClassOf obo:DOID_0060000","rdfs:label rdfs:subClassOf obo:DOID_3842","rdfs:subClassOf rdfs:subClassOf rdfs:Container","obo:DOID_5958 rdfs:subClassOf obo:DOID_5284","obo:DOID_3042 rdfs:subClassOf obo:DOID_5284","obo:DOID_2741 rdfs:subClassOf obo:DOID_4650","obo:DOID_4050 rdfs:subClassOf obo:DOID_4525","obo:DOID_0001816 rdf:type rdf:Property","obo:DOID_9597 rdfs:subClassOf obo:DOID_1188","rdfs:label rdf:type rdfs:Class","rdfs:label rdf:type rdfs:Datatype","rdfs:subPropertyOf rdfs:subClassOf obo:DOID_3803","obo:DOID_5958 rdfs:subClassOf obo:DOID_9597","obo:DOID_0050686 rdfs:subClassOf obo:DOID_4050","obo:DOID_8440 rdfs:subClassOf obo:DOID_9597","obo:DOID_4525 rdfs:subClassOf obo:DOID_12341","obo:DOID_6759 rdfs:subClassOf obo:DOID_1284","obo:DOID_1756 rdf:type rdf:Property","obo:DOID_2773 rdfs:subClassOf obo:DOID_1673","rdf:nil rdf:type rdfs:Class","rdf:Alt rdfs:subClassOf obo:DOID_0060388","obo:DOID_0060388 rdfs:subClassOf obo:DOID_750","obo:DOID_9736 rdfs:subClassOf rdf:Bag","obo:DOID_750 rdfs:subPropertyOf rdf:first","rdf:nil rdfs:subClassOf obo:DOID_3878","obo:DOID_10303 rdfs:subClassOf obo:DOID_0060388","obo:DOID_0050671 rdfs:subClassOf obo:DOID_0050686","rdf:Bag rdfs:subClassOf rdf:Property","rdf:subject rdf:type rdfs:Class","obo:DOID_1761 rdfs:subClassOf obo:DOID_3697","obo:DOID_1724 rdfs:subClassOf obo:DOID_2320","rdf:subject rdfs:subClassOf obo:DOID_83","obo:DOID_229 rdfs:subClassOf obo:DOID_3878","obo:DOID_2773 rdfs:subClassOf obo:DOID_0050977","rdfs:comment rdfs:subClassOf obo:DOID_0050671","obo:DOID_0050671 rdfs:subClassOf obo:DOID_12341","obo:DOID_9597 rdfs:subClassOf rdfs:Datatype","obo:DOID_9773 rdfs:subClassOf rdfs:Resource","obo:DOID_3042 rdf:type rdf:Property","obo:DOID_0060388 rdfs:range rdfs:Class","rdf:rest rdfs:subClassOf obo:DOID_1756","rdfs:Datatype rdfs:subClassOf obo:DOID_7531","rdf:object rdfs:domain rdf:Property","owl:Axiom rdfs:subClassOf obo:DOID_3447","obo:DOID_3042 rdfs:subClassOf obo:DOID_7531","obo:DOID_1756 rdfs:range rdfs:Literal","rdfs:subPropertyOf rdfs:subClassOf rdfs:Class","rdfs:subClassOf rdfs:domain rdf:Statement","rdf:predicate rdfs:subClassOf obo:DOID_768","obo:DOID_8440 rdfs:subClassOf obo:DOID_9736","obo:DOID_10127 rdfs:subClassOf obo:DOID_10854","obo:DOID_5957 rdf:type rdf:Property","obo:DOID_10303 rdfs:range rdf:Property","rdf:type rdf:type rdfs:Class","rdfs:seeAlso rdfs:subClassOf rdfs:Resource","rdf:rest rdfs:subClassOf rdf:Property","obo:DOID_850 rdfs:subClassOf obo:DOID_5958","rdf:object rdfs:subClassOf obo:DOID_9597","obo:DOID_1761 rdfs:range rdfs:Class","rdf:type rdfs:subClassOf rdfs:Class","rdf:subject rdfs:subClassOf obo:DOID_3447","rdfs:seeAlso rdfs:subClassOf obo:DOID_9736","rdfs:domain rdfs:domain rdf:Statement","obo:DOID_10854 rdfs:subClassOf rdf:Alt","obo:DOID_1532 rdfs:subClassOf obo:DOID_1059","obo:DOID_4613 rdf:type rdf:Property","rdfs:subPropertyOf rdf:type rdfs:Class","obo:DOID_3842 rdfs:domain rdf:Statement","rdfs:subClassOf rdfs:range rdf:List","obo:DOID_1756 rdfs:subClassOf obo:DOID_732","obo:DOID_14699 rdfs:subClassOf rdf:Property","obo:DOID_5957 rdfs:subClassOf rdfs:Resource","obo:DOID_83 rdfs:domain rdf:Statement","obo:DOID_7531 rdfs:subClassOf obo:DOID_2152","rdf:List rdfs:subClassOf obo:DOID_8838","obo:DOID_0060083 rdfs:subClassOf obo:DOID_5957","obo:DOID_8838 rdfs:subClassOf obo:DOID_850","rdf:subject rdfs:subClassOf obo:DOID_1284","rdf:subject rdfs:domain rdf:List","obo:DOID_1761 rdfs:subClassOf obo:DOID_1059","rdf:Property rdfs:subClassOf obo:DOID_9597","obo:DOID_0001816 rdfs:subClassOf obo:DOID_10127","owl:Axiom rdfs:subClassOf rdfs:Resource","obo:DOID_5957 rdfs:subClassOf obo:DOID_4050","rdf:object rdf:type rdfs:Class","obo:DOID_0060083 rdfs:subClassOf obo:DOID_9736","obo:DOID_1188 rdfs:subClassOf obo:DOID_110","rdf:object rdfs:subPropertyOf rdf:first","rdfs:subClassOf rdfs:subClassOf obo:DOID_0050889","rdf:subject rdfs:subClassOf obo:DOID_9861","obo:DOID_0060083 rdf:type rdf:Property","obo:DOID_732 rdfs:subClassOf obo:DOID_1673","rdf:type rdfs:domain rdf:Property","obo:DOID_14699 rdfs:subClassOf obo:DOID_851","rdf:object rdfs:subClassOf obo:DOID_3842","obo:DOID_12721 rdfs:subClassOf obo:DOID_229","obo:DOID_2152 rdf:type rdf:Property","rdfs:isDefinedBy rdfs:range rdf:List","rdfs:subClassOf rdfs:subClassOf obo:DOID_0060388","obo:DOID_4525 rdf:type rdf:Property","rdfs:isDefinedBy rdfs:domain rdf:Statement","owl:Axiom rdf:type rdf:Property","rdfs:Datatype rdfs:subClassOf obo:DOID_10303","obo:DOID_2152 rdfs:subClassOf rdf:Property","obo:DOID_1724 rdfs:domain rdfs:Class","obo:DOID_3447 rdfs:subClassOf obo:DOID_0060083","rdf:type rdfs:subClassOf obo:DOID_0050598","obo:DOID_3803 rdfs:domain rdf:List","obo:DOID_8440 rdfs:subClassOf obo:DOID_5957","rdf:predicate rdfs:subClassOf obo:DOID_83","obo:DOID_8440 rdfs:subClassOf obo:DOID_1284","obo:DOID_9597 rdfs:subClassOf obo:DOID_9861","rdf:object rdfs:subClassOf rdfs:Class","rdf:Property rdfs:subClassOf obo:DOID_850","obo:DOID_9597 rdf:type rdf:Property","rdf:predicate rdf:type rdfs:Class","obo:DOID_3697 rdfs:subClassOf obo:DOID_1673","obo:DOID_0050598 rdf:type rdf:Property","rdfs:seeAlso rdf:type rdfs:Class","obo:DOID_3803 rdfs:subClassOf obo:DOID_4562","rdfs:comment rdf:type rdfs:Class","obo:DOID_1724 rdfs:subClassOf obo:DOID_1532","rdfs:label rdfs:subClassOf obo:DOID_10127","rdfs:range rdfs:subClassOf obo:DOID_1059","obo:DOID_10303 rdfs:subClassOf obo:DOID_12369","obo:DOID_9773 rdfs:subClassOf obo:DOID_4050","obo:DOID_1756 rdfs:subClassOf obo:DOID_1761","obo:DOID_4437 rdf:type rdf:Property","obo:DOID_1284 rdf:type rdf:Property","obo:DOID_6759 rdf:type rdf:Property","obo:DOID_10854 rdfs:subClassOf rdfs:Resource","rdf:Statement rdfs:subClassOf obo:DOID_184","rdf:rest rdf:type rdfs:Class","obo:DOID_5958 rdfs:subClassOf obo:DOID_14699","rdfs:label rdfs:domain rdf:Property","obo:DOID_851 rdf:type rdf:Property","obo:DOID_2320 rdfs:subClassOf obo:DOID_750","owl:Axiom rdfs:subClassOf obo:DOID_110","obo:DOID_750 rdfs:subClassOf obo:DOID_6713","obo:DOID_1724 rdfs:subClassOf obo:DOID_0050686","obo:DOID_83 rdfs:subClassOf obo:DOID_1441","obo:DOID_4613 rdf:type rdf:List","rdf:first rdfs:range rdfs:Class","rdfs:label rdfs:subClassOf obo:DOID_110","obo:DOID_4562 rdfs:subClassOf obo:DOID_0060111","rdf:predicate rdfs:subClassOf obo:DOID_3447","obo:DOID_3878 rdfs:subClassOf obo:DOID_8567","obo:DOID_10127 rdfs:subClassOf obo:DOID_750","obo:DOID_3803 rdfs:subClassOf obo:DOID_5958","rdfs:isDefinedBy rdfs:subClassOf obo:DOID_0001816","rdf:predicate rdfs:domain rdf:List","rdfs:domain rdfs:subClassOf obo:DOID_1441","rdfs:subClassOf rdfs:subClassOf obo:DOID_4613","rdfs:Container rdfs:range rdfs:Literal","obo:DOID_851 rdfs:subClassOf rdfs:Resource","rdfs:Literal rdf:type rdf:Property","rdfs:domain rdfs:subClassOf obo:DOID_0060000","rdf:rest rdfs:subClassOf obo:DOID_4562","obo:DOID_0050977 rdfs:subClassOf obo:DOID_12341","obo:DOID_2741 rdfs:domain rdfs:Class","obo:DOID_750 rdfs:subClassOf obo:DOID_12369","obo:DOID_5196 rdfs:subClassOf obo:DOID_0060388","obo:DOID_0050671 rdfs:range rdfs:Class","obo:DOID_2256 rdf:type rdf:Property","obo:DOID_9597 rdfs:subClassOf obo:DOID_0050977","obo:DOID_1756 rdfs:subClassOf obo:DOID_8567","rdfs:subClassOf rdfs:subClassOf obo:DOID_3447","obo:DOID_5284 rdfs:subPropertyOf rdfs:seeAlso","obo:DOID_4650 rdfs:subClassOf obo:DOID_7531","rdfs:subClassOf rdfs:subClassOf obo:DOID_10303","obo:DOID_768 rdfs:subPropertyOf rdf:object","rdf:rest rdfs:subClassOf obo:DOID_0050889","rdf:Seq rdfs:range rdfs:Literal","rdfs:comment rdfs:subClassOf obo:DOID_0060388","obo:DOID_2320 rdfs:subClassOf rdfs:Resource","rdfs:range rdfs:subClassOf obo:DOID_6713","obo:DOID_1188 rdfs:subClassOf obo:DOID_4650","obo:DOID_4650 rdf:type rdf:Property","obo:DOID_4437 rdfs:subClassOf obo:DOID_229","obo:DOID_9861 rdfs:range rdf:Property","rdf:Seq rdfs:subClassOf obo:DOID_9597","obo:DOID_4562 rdfs:range rdfs:Literal","rdfs:subClassOf rdfs:subClassOf obo:DOID_3803","rdfs:Resource rdf:type rdf:Property","rdf:nil rdfs:domain rdf:Statement","obo:DOID_184 rdfs:domain rdf:Property","owl:Class rdfs:subClassOf obo:DOID_10303","obo:DOID_1762 rdfs:subClassOf obo:DOID_10303","rdf:first rdfs:domain rdf:Property","rdfs:range rdfs:subClassOf obo:DOID_0050598","obo:DOID_8567 rdfs:subClassOf obo:DOID_4050","obo:DOID_12721 rdfs:domain rdf:Property","rdfs:subPropertyOf rdfs:subClassOf rdfs:Container","rdf:type rdfs:subClassOf obo:DOID_4650","obo:DOID_2320 rdf:type rdf:Property","obo:DOID_0050889 rdfs:subClassOf obo:DOID_0050598","obo:DOID_0060111 rdf:type rdfs:Datatype","obo:DOID_1756 rdfs:subClassOf obo:DOID_1724","rdfs:subClassOf rdf:type rdfs:Class","rdf:List rdf:type rdf:Property","rdfs:range rdfs:subClassOf rdfs:Resource","owl:Class rdfs:subClassOf obo:DOID_12341","obo:DOID_8567 rdfs:subClassOf obo:DOID_1532","rdf:rest rdfs:subClassOf obo:DOID_8567","obo:DOID_5284 rdfs:subClassOf obo:DOID_0050889","obo:DOID_2320 rdfs:domain rdf:Property","rdf:first rdfs:subClassOf obo:DOID_9736","rdf:rest rdfs:subPropertyOf rdfs:seeAlso","obo:DOID_0050598 rdfs:subClassOf obo:DOID_0060083","owl:Axiom rdfs:subClassOf obo:DOID_0060083","rdfs:Datatype rdfs:subClassOf obo:DOID_1724","obo:DOID_9861 rdfs:subClassOf obo:DOID_0050889","obo:DOID_3878 rdfs:subClassOf obo:DOID_4562","obo:DOID_851 rdfs:subClassOf rdf:Bag","obo:DOID_3803 rdfs:subClassOf obo:DOID_8838","owl:Class rdfs:subClassOf obo:DOID_8440","obo:DOID_6713 rdfs:subClassOf obo:DOID_229","obo:DOID_0050686 rdfs:subClassOf obo:DOID_1059","rdf:predicate rdfs:subClassOf obo:DOID_10854","rdfs:domain rdf:type rdfs:Class","obo:DOID_1441 rdf:type rdf:Property","obo:DOID_4562 rdfs:subClassOf rdfs:Resource","obo:DOID_0050977 rdfs:subClassOf obo:DOID_3447","obo:DOID_2152 rdfs:subClassOf obo:DOID_0060083","rdfs:comment rdfs:range rdf:Property","obo:DOID_0060111 rdfs:subClassOf obo:DOID_1284","obo:DOID_0050889 rdf:type rdf:Property","rdf:first rdfs:subPropertyOf rdf:object","obo:DOID_2320 rdfs:subClassOf obo:DOID_0050598","rdfs:label rdfs:subClassOf obo:DOID_2152","rdfs:subPropertyOf rdfs:domain rdf:Statement","obo:DOID_0050671 rdfs:subClassOf obo:DOID_9773","rdf:Seq rdf:type rdf:Property","obo:DOID_9736 rdfs:subClassOf obo:DOID_4050","rdfs:isDefinedBy rdfs:range rdfs:Literal"]}