{"OntologyName":"http://purl.obolibrary.org/obo/doid.owl#","Prefixes":{"":"http://purl.obolibrary.org/obo/doid.owl#","owl":"http://www.w3.org/2002/07/owl#","rdf":"http://www.w3.org/1999/02/22-rdf-syntax-ns#","oboInOwl":"http://www.geneontology.org/formats/oboInOwl#","xsd":"http://www.w3.org/2001/XMLSchema#","doid":"http://purl.obolibrary.org/obo/doid#","rdfs":"http://www.w3.org/2000/01/rdf-schema#","obo":"http://purl.obolibrary.org/obo/"},"TotalBase Triples":1000,"Axiomatic Triples in Base":0,"rdf:TypeTriples in Base":146,"TotalUniqueSubjects in base":147,"TotalUniquePredicates in base":17,"TotalUniqueObjects in base":690,"TotalInferred Triples":302,"AxiomaticTriples in inferred":100,"rdf:TypeTriples in inferred":193,"TotalUniqueSubjects in inferred":96,"TotalUniquePredicates in inferred":5,"TotalUniqueObjects in inferred":85,"TotalInvalid Triples":302,"AxiomaticTriples in invalid":66,"rdf:TypeTriples in invalid":39,"fullRandomTriples in invalid":0,"trickyTriplesInInvalid in invalid":302,"TotalUniqueSubjects in invalid":93,"TotalUniquePredicates in invalid":5,"TotalUniqueObjects in invalid":75,"Inference_time (miliseconds)":5,"Invalid triples generation time (miliseconds)":44,"Output (json_format) writing time (miliseconds)":0,"OriginalAxioms":["obo:DOID_5421 oboInOwl:id DOID:5421","97808688-1339-49e7-9853-9a8197ef8f12 owl:annotatedProperty oboInOwl:hasExactSynonym","591ae107-8c9c-40db-a139-305add953bc5 oboInOwl:hasDbXref NCI2004_11_17:C5525","obo:DOID_14038 oboInOwl:hasExactSynonym Precocious true puberty","5a563e22-75c8-4abc-8965-ec58afe42e70 owl:annotatedProperty oboInOwl:hasExactSynonym","b6de978d-70be-419e-9b40-ba957ba33217 owl:annotatedSource obo:DOID_10294","13575719-8df4-4354-b30e-4587d43edd0d oboInOwl:hasDbXref PMID:9796078","obo:DOID_3254 rdfs:subClassOf obo:DOID_4064","1b5cf2a4-45fd-496b-a542-a8e57413746b owl:annotatedSource obo:DOID_1785","9a21190b-dba2-4714-a295-dc861a57685c oboInOwl:hasDbXref SNOMEDCT_2005_07_31:5299007","obo:DOID_10603 oboInOwl:hasExactSynonym Malabsorption of glucose disorder","02f978b2-d923-47b2-8bab-5d690744ac55 owl:annotatedProperty oboInOwl:hasExactSynonym","63a2f892-38f6-4e8a-8af4-a4aa01934dd4 owl:annotatedSource obo:DOID_6524","40bf6825-8793-4a8a-a9c7-5ca34da6a560 oboInOwl:hasDbXref ICD9CM_2006:425.9","593cbdc7-6c34-4857-a7aa-c07f8fa1a159 owl:annotatedSource obo:DOID_2800","5a6e46f1-2ec8-4975-bde9-8e884c3547a1 owl:annotatedSource obo:DOID_10007","3acd56fe-a2ea-44a6-bf06-14645e2bed56 oboInOwl:hasDbXref ICD9CM_2006:032.3","40bf6825-8793-4a8a-a9c7-5ca34da6a560 owl:annotatedTarget secondary cardiomyopathy, unspecified","42f23d9d-fd19-4dc1-be92-4bcc2a930e80 owl:annotatedSource obo:DOID_8413","obo:DOID_4737 oboInOwl:hasDbXref SNOMEDCT_US_2015_03_01:397826007","obo:DOID_8465 rdfs:label retinoschisis","593cbdc7-6c34-4857-a7aa-c07f8fa1a159 oboInOwl:hasDbXref NCI2004_11_17:C35806","6c51bfce-b05e-451d-a3a1-fdef9cc0ada9 rdf:type owl:Axiom","8c370e44-c6ed-4b37-ba6c-70c323917ab7 owl:annotatedProperty oboInOwl:hasExactSynonym","obo:DOID_8465 oboInOwl:hasExactSynonym Retinoschisis disorder","1d01aa35-9faa-42dd-8d09-799617ed9fd4 owl:annotatedTarget chronic Mucocutaneous Candidiasis","ecd718f7-cdd9-4e36-a4cb-e15bf38d2d2c owl:annotatedProperty oboInOwl:hasExactSynonym","a6b21e35-926b-4a6c-9463-1f9e474d02cb rdf:type owl:Axiom","39c7540f-b7a1-4594-99e5-30d06d5768d7 owl:annotatedTarget A nasopharyngeal disease which involves inflammation of the nasal passages and upper part of the pharynx.","96a6eb89-e668-4815-bd43-8004197d35e6 owl:annotatedSource obo:DOID_7843","obo:DOID_3166 oboInOwl:hasRelatedSynonym transient myeloproliferative disorder","obo:DOID_0060044 rdf:type owl:Class","obo:DOID_4737 oboInOwl:hasDbXref ICD9CM:300.81","obo:DOID_1100 oboInOwl:hasDbXref MSH:D010049","7f50962e-92fe-473f-a0f2-4c200c126fb4 owl:annotatedProperty oboInOwl:hasExactSynonym","obo:DOID_11149 rdfs:subClassOf obo:DOID_1686","obo:DOID_7479 rdfs:subClassOf obo:DOID_10021","obo:DOID_10339 owl:deprecated true^^http://www.w3.org/2001/XMLSchema#boolean","a036ea60-3770-4e6d-adc0-d107d298ecb1 owl:annotatedTarget A retinal artery occlusion characterized by blockage of blood flow through the central retinal artery.","obo:DOID_390 rdf:type owl:Class","obo:DOID_3078 oboInOwl:hasExactSynonym anaplastic astrocytoma","obo:DOID_14163 owl:deprecated true^^http://www.w3.org/2001/XMLSchema#boolean","50f8b868-ae30-4c75-b6fc-ef1d1bd8f246 oboInOwl:hasDbXref NCI2004_11_17:C27806","92405cf6-6813-4f3f-bd9c-e1facc5a764b oboInOwl:hasDbXref SNOMEDCT_2005_07_31:139559008","obo:DOID_1973 oboInOwl:hasDbXref NCI:C40125","obo:DOID_0050353 oboInOwl:hasOBONamespace disease_ontology","5aec8a2a-29c1-41e3-93b7-a521b1fe1e5c owl:annotatedSource obo:DOID_3127","obo:DOID_5421 rdf:type owl:Class","8e56ceb5-2727-46e3-b4e0-585044a2fe18 owl:annotatedTarget tumor of retroperitoneum disorder","d6505197-e024-4381-9104-11f6367e90b4 owl:annotatedTarget chronic angle-closure glaucoma","obo:DOID_4598 owl:deprecated true^^http://www.w3.org/2001/XMLSchema#boolean","obo:DOID_8590 oboInOwl:hasDbXref SNOMEDCT_US_2015_03_01:91489000","f503b48f-7480-4bf6-b7bc-152878efce5d oboInOwl:hasDbXref SNOMEDCT_2005_07_31:360367001","obo:DOID_13316 rdfs:label exocrine pancreatic insufficiency","obo:DOID_10339 oboInOwl:hasExactSynonym simple schizophrenia NOS disorder","f6a0e85c-bf0c-4279-bcaf-31f1c40f18f3 owl:annotatedSource obo:DOID_2910","c97f27cf-284e-46d5-acf4-1cccc94d0d6c rdf:type owl:Axiom","obo:DOID_8465 oboInOwl:hasDbXref SNOMEDCT_US_2015_03_01:389992006","obo:DOID_2444 oboInOwl:hasDbXref SNOMEDCT_US_2015_03_01:267480001","27647eba-ae97-4111-a240-3cf17d4240e5 rdf:type owl:Axiom","4dac30ec-5697-4f08-a9e9-45e7ab0ac503 owl:annotatedSource obo:DOID_10541","4a0b6961-2922-4ad2-abe6-432a1067c731 oboInOwl:hasDbXref url:http://rarediseases.about.com/cs/crouzonsyndrome/a/011804.htm","obo:DOID_1973 rdfs:label fallopian tube adenosarcoma","obo:DOID_8465 oboInOwl:hasOBONamespace disease_ontology","a6b21e35-926b-4a6c-9463-1f9e474d02cb owl:annotatedSource obo:DOID_11361","39b8a798-a5e5-48b7-afec-1e3e9d06be64 oboInOwl:hasDbXref SNOMEDCT_2005_07_31:128928004","obo:DOID_3166 oboInOwl:id DOID:3166","f6a0e85c-bf0c-4279-bcaf-31f1c40f18f3 oboInOwl:hasDbXref SNOMEDCT_2005_07_31:8272009","845412a7-500d-4920-afc6-700c5a511f23 owl:annotatedSource obo:DOID_9341","obo:DOID_2444 rdf:type owl:Class","40bf6825-8793-4a8a-a9c7-5ca34da6a560 owl:annotatedProperty oboInOwl:hasExactSynonym","591ae107-8c9c-40db-a139-305add953bc5 rdf:type owl:Axiom","obo:DOID_3166 oboInOwl:hasExactSynonym Leukemoid reaction","obo:DOID_11186 rdfs:subClassOf obo:DOID_0050292","d7d31f0f-8280-4537-9eaa-8610f4e2d5ba oboInOwl:hasDbXref SNOMEDCT_2005_07_31:271503005","8af7655c-fb82-4013-bb2d-0be6b1cad975 oboInOwl:hasDbXref SNOMEDCT_2005_07_31:42215000","obo:DOID_6084 rdfs:subClassOf obo:DOID_2156","e7d4fde9-3ea4-4072-8c87-9a5f2d172689 owl:annotatedTarget TSS","de8e7b74-e0c9-4f44-93f4-34e476df636f owl:annotatedSource obo:DOID_9310","obo:DOID_14163 rdfs:label metastatic malignant tumor to the anus","a036ea60-3770-4e6d-adc0-d107d298ecb1 oboInOwl:hasDbXref url:http://en.wikipedia.org/wiki/Central_retinal_artery_occlusion","obo:DOID_10603 oboInOwl:hasDbXref SNOMEDCT_US_2015_03_01:9414007","5aec8a2a-29c1-41e3-93b7-a521b1fe1e5c owl:annotatedTarget Proctitis NOS disorder","obo:DOID_3927 oboInOwl:hasDbXref SNOMEDCT_US_2015_03_01:190802005","87a2b081-07bd-427e-9875-9b052429aaff rdf:type owl:Axiom","obo:DOID_9024 oboInOwl:hasDbXref UMLS_CUI:C0154065","b6de978d-70be-419e-9b40-ba957ba33217 owl:annotatedProperty oboInOwl:hasExactSynonym","18ea78de-a750-41eb-94cf-4684a0e21f5e owl:annotatedTarget Bartholins gland carcinoma morphologic abnormality","50f8b868-ae30-4c75-b6fc-ef1d1bd8f246 owl:annotatedProperty oboInOwl:hasExactSynonym","4997bc04-fc5f-4b03-b630-51338a8974b6 owl:annotatedProperty oboInOwl:hasExactSynonym","4997bc04-fc5f-4b03-b630-51338a8974b6 oboInOwl:hasDbXref SNOMEDCT_2005_07_31:197312006","e84df0e6-7962-4e82-8cc3-2ff28095b36a owl:annotatedSource obo:DOID_12017","obo:DOID_4686 oboInOwl:hasDbXref UMLS_CUI:C1333461","50fc7dfd-44d4-4b68-b212-7e9611fa2b2f oboInOwl:hasDbXref SNOMEDCT_2005_07_31:157107007","e804e745-de92-41ae-ac53-fdea183b4daa rdf:type owl:Axiom","a6b21e35-926b-4a6c-9463-1f9e474d02cb oboInOwl:hasDbXref SNOMEDCT_2005_07_31:186608000","7f50962e-92fe-473f-a0f2-4c200c126fb4 owl:annotatedTarget Hypoglycemic coma","db553d4e-d440-4457-876e-9134432590f2 owl:annotatedSource obo:DOID_1187","845412a7-500d-4920-afc6-700c5a511f23 owl:annotatedTarget urethral diverticulum disorder","fef7aeb9-3fd8-47ac-85fc-def65ef2fd95 owl:annotatedTarget malignant tumor of Cerebellum","ecd718f7-cdd9-4e36-a4cb-e15bf38d2d2c oboInOwl:hasDbXref SNOMEDCT_2005_07_31:236407003","8af7655c-fb82-4013-bb2d-0be6b1cad975 owl:annotatedSource obo:DOID_3722","8c370e44-c6ed-4b37-ba6c-70c323917ab7 oboInOwl:hasDbXref MTH:NOCODE","obo:DOID_14038 owl:deprecated true^^http://www.w3.org/2001/XMLSchema#boolean","obo:DOID_9024 rdfs:subClassOf obo:DOID_8719","5a6e46f1-2ec8-4975-bde9-8e884c3547a1 owl:annotatedTarget A respiratory syncytial virus infectious disease that results_in inflammation located_in bronchiole, has_material_basis_in Human respiratory syncytial virus, which is transmitted_by droplet spread of nasal secretions from an infected person while coughing or sneezing, or transmitted_by contaminated fomites. Infection is characterized by inflammation, edema, and necrosis of the small airway epithelium with associated bronchospasm and increased mucous production.","591ae107-8c9c-40db-a139-305add953bc5 owl:annotatedSource obo:DOID_3251","obo:DOID_390 oboInOwl:hasExactSynonym Deep phlebothrombosis, antepartum, unspecified as to episode of care","1691ce77-afb8-4f81-b113-3307a36e4d81 owl:annotatedSource obo:DOID_12566","d6ae4b98-54ed-4326-8092-cda74819859a oboInOwl:hasDbXref SNOMEDCT_2005_07_31:126975006","obo:DOID_0050404 rdfs:label commensal Mycoplasmataceae infectious disease","obo:DOID_7479 oboInOwl:hasDbXref NCI:C27407","593cbdc7-6c34-4857-a7aa-c07f8fa1a159 rdf:type owl:Axiom","761391ee-5a97-49d2-8149-715c5bf6951f rdf:type owl:Axiom","obo:DOID_13404 oboInOwl:hasExactSynonym Uveoparotid fever","obo:DOID_7706 oboInOwl:hasExactSynonym CMV esophagitis","de8e7b74-e0c9-4f44-93f4-34e476df636f rdf:type owl:Axiom","obo:DOID_0050316 rdfs:label commensal Staphylococcaceae infectious disease","obo:DOID_5421 rdfs:label lung combined type small cell carcinoma","obo:DOID_13404 oboInOwl:hasOBONamespace disease_ontology","obo:DOID_5208 rdf:type owl:Class","87a2b081-07bd-427e-9875-9b052429aaff owl:annotatedTarget carcinoma of larynx disorder","df2afbc8-1858-4bfa-83b9-564735b612f3 rdf:type owl:Axiom","obo:DOID_3927 oboInOwl:hasExactSynonym pelvic lipomatosis morphologic abnormality","f6a0e85c-bf0c-4279-bcaf-31f1c40f18f3 rdf:type owl:Axiom","obo:DOID_13316 oboInOwl:hasOBONamespace disease_ontology","16cbff66-2d22-4d7e-a148-b1adafa2517d rdf:type owl:Axiom","5fad6363-3861-41a4-8945-3094a2cf469b rdf:type owl:Axiom","82702747-a4dd-4588-9ef6-3841cd8ad1f1 owl:annotatedTarget A cholesteatoma which involves invasion of the squamous tissue into a localized area of bony erosion of the ear canal. It may develop spontaneously or as a consequence of infection, trauma or surgery.","e84df0e6-7962-4e82-8cc3-2ff28095b36a owl:annotatedProperty obo:IAO_0000115","50f8b868-ae30-4c75-b6fc-ef1d1bd8f246 owl:annotatedSource obo:DOID_7486","c5dcf083-40c8-4963-bf5f-cd76b8a202a4 owl:annotatedSource obo:DOID_413","obo:DOID_1100 oboInOwl:id DOID:1100","807acf1b-5bef-43c4-8563-ec6103c163a0 owl:annotatedProperty oboInOwl:hasExactSynonym","4997bc04-fc5f-4b03-b630-51338a8974b6 owl:annotatedSource obo:DOID_12351","b6454213-fc4b-4ae9-bd28-6ff5cf606ea0 owl:annotatedSource obo:DOID_11612","obo:DOID_3078 oboInOwl:id DOID:3078","87a2b081-07bd-427e-9875-9b052429aaff owl:annotatedProperty oboInOwl:hasExactSynonym","obo:DOID_10603 rdfs:subClassOf obo:DOID_4195","4a0b6961-2922-4ad2-abe6-432a1067c731 oboInOwl:hasDbXref url:http://en.wikipedia.org/wiki/Crouzon_syndrome","obo:DOID_10603 oboInOwl:hasDbXref ICD10CM:R73.09","obo:DOID_0060007 rdfs:label CD3zeta deficiency","obo:DOID_14075 oboInOwl:hasOBONamespace disease_ontology","obo:DOID_4737 oboInOwl:hasDbXref SNOMEDCT_US_2015_03_01:397795007","obo:DOID_1100 rdfs:subClassOf obo:DOID_229","39c7540f-b7a1-4594-99e5-30d06d5768d7 rdf:type owl:Axiom","obo:DOID_11947 rdf:type owl:Class","a097cecd-fa5f-44f4-a158-2b80d78e6822 oboInOwl:hasDbXref SNOMEDCT_2005_07_31:36535003","obo:DOID_14251 oboInOwl:hasExactSynonym Vitreoretinal dystrophies","a036ea60-3770-4e6d-adc0-d107d298ecb1 owl:annotatedSource obo:DOID_13098","82702747-a4dd-4588-9ef6-3841cd8ad1f1 oboInOwl:hasDbXref url:http://www.ncbi.nlm.nih.gov/sites/entrez/10993445","obo:DOID_4686 oboInOwl:hasOBONamespace disease_ontology","9a21190b-dba2-4714-a295-dc861a57685c owl:annotatedSource obo:DOID_11594","obo:DOID_390 oboInOwl:id DOID:390","2204194d-2565-423f-9708-c4e5c634106f owl:annotatedTarget Pancoasts syndrome disorder","obo:DOID_1100 oboInOwl:hasDbXref UMLS_CUI:C0029928","e804e745-de92-41ae-ac53-fdea183b4daa owl:annotatedProperty oboInOwl:hasExactSynonym","obo:DOID_3342 oboInOwl:hasDbXref SNOMEDCT_US_2015_03_01:274144001","obo:DOID_0050353 oboInOwl:inSubset doid:gram-positive_bacterial_infectious_disease","a6b21e35-926b-4a6c-9463-1f9e474d02cb owl:annotatedTarget Tick-borne fever NOS disorder","4997bc04-fc5f-4b03-b630-51338a8974b6 rdf:type owl:Axiom","72f935e4-b8e1-47f7-b841-77e5d05d7c00 owl:annotatedSource obo:DOID_4699","obo:DOID_4737 obo:IAO_0000115 A disease of mental health that involves physical symptoms suggesting a physical illness where the biological or medical cause of the symptoms is indeterminate.","50f8b868-ae30-4c75-b6fc-ef1d1bd8f246 rdf:type owl:Axiom","b6de978d-70be-419e-9b40-ba957ba33217 rdf:type owl:Axiom","d3fc9d84-4080-45e1-8b4b-cc9c68002f4e oboInOwl:hasDbXref SNOMEDCT_2005_07_31:363351006","7a304bec-eac8-4b1c-9281-2893ff625ac1 owl:annotatedSource obo:DOID_9828","f36b283a-ec87-4060-bc18-87acb26990b1 oboInOwl:hasDbXref SNOMEDCT_2005_07_31:266288001","de8e7b74-e0c9-4f44-93f4-34e476df636f owl:annotatedProperty oboInOwl:hasExactSynonym","18ea78de-a750-41eb-94cf-4684a0e21f5e owl:annotatedSource obo:DOID_3999","761391ee-5a97-49d2-8149-715c5bf6951f owl:annotatedProperty oboInOwl:hasExactSynonym","obo:DOID_3342 oboInOwl:hasDbXref UMLS_CUI:C0029400","593cbdc7-6c34-4857-a7aa-c07f8fa1a159 owl:annotatedProperty oboInOwl:hasExactSynonym","obo:DOID_0050441 oboInOwl:hasDbXref UMLS_CUI:C0268263","33b7ad53-e32d-45f4-9893-4e06f486c00a owl:annotatedSource obo:DOID_2782","obo:DOID_0050441 oboInOwl:hasDbXref MSH:D052517","33b7ad53-e32d-45f4-9893-4e06f486c00a owl:annotatedTarget malignant neoplasm of rectosigmoid","obo:DOID_8302 rdfs:subClassOf obo:DOID_9460","522feee8-accd-4cf0-97a7-851cdf48131a oboInOwl:hasDbXref url:http://en.wikipedia.org/wiki/Pycnodysostosis","obo:DOID_390 oboInOwl:hasExactSynonym Deep phlebothrombosis, antepartum","50fc7dfd-44d4-4b68-b212-7e9611fa2b2f owl:annotatedSource obo:DOID_12716","807acf1b-5bef-43c4-8563-ec6103c163a0 rdf:type owl:Axiom","obo:DOID_3254 oboInOwl:id DOID:3254","obo:DOID_14163 oboInOwl:hasOBONamespace disease_ontology","obo:DOID_13404 rdfs:label uveoparotid fever","obo:DOID_10339 oboInOwl:hasOBONamespace disease_ontology","3acd56fe-a2ea-44a6-bf06-14645e2bed56 owl:annotatedSource obo:DOID_11404","obo:DOID_13316 oboInOwl:hasDbXref MSH:D010188","5fad6363-3861-41a4-8945-3094a2cf469b owl:annotatedProperty oboInOwl:hasExactSynonym","16cbff66-2d22-4d7e-a148-b1adafa2517d owl:annotatedProperty oboInOwl:hasExactSynonym","obo:DOID_14075 oboInOwl:hasDbXref SNOMEDCT_US_2015_03_01:267704007","f6a0e85c-bf0c-4279-bcaf-31f1c40f18f3 owl:annotatedProperty oboInOwl:hasExactSynonym","obo:DOID_4598 oboInOwl:hasOBONamespace disease_ontology","1506eb7d-b2de-43de-9bad-f0dc88c2ef26 owl:annotatedSource obo:DOID_8276","97a21723-3b4d-4d4e-99bc-ef4924a799c5 rdf:type owl:Axiom","obo:DOID_390 oboInOwl:hasExactSynonym Antepartum deep phlebothrombosis disorder","df2afbc8-1858-4bfa-83b9-564735b612f3 owl:annotatedProperty oboInOwl:hasExactSynonym","obo:DOID_9024 oboInOwl:hasExactSynonym carcinoma in situ of other and unspecified parts of intestine disorder","obo:DOID_4737 oboInOwl:hasDbXref SNOMEDCT_US_2015_03_01:60368009","16cbff66-2d22-4d7e-a148-b1adafa2517d oboInOwl:hasDbXref MTH:NOCODE","02f978b2-d923-47b2-8bab-5d690744ac55 rdf:type owl:Axiom","761391ee-5a97-49d2-8149-715c5bf6951f owl:annotatedSource obo:DOID_1427","e84df0e6-7962-4e82-8cc3-2ff28095b36a oboInOwl:hasDbXref url:http://www.ncbi.nlm.nih.gov/pubmed/11462195","obo:DOID_14075 rdfs:label geniculate ganglionitis","obo:DOID_8302 oboInOwl:id DOID:8302","16cbff66-2d22-4d7e-a148-b1adafa2517d owl:annotatedTarget Schinzel syndrome 1","obo:DOID_13316 oboInOwl:hasExactSynonym Exocrine pancreatic insufficiency disorder","75080634-1393-468c-8908-0b286d9b6745 oboInOwl:hasDbXref SNOMEDCT_2005_07_31:230533001","5a563e22-75c8-4abc-8965-ec58afe42e70 rdf:type owl:Axiom","obo:DOID_4737 oboInOwl:hasDbXref UMLS_CUI:C0029824","bab3005a-588b-422e-904b-675906bf5791 rdf:type owl:Axiom","obo:DOID_2444 oboInOwl:hasDbXref UMLS_CUI:C0020506","97808688-1339-49e7-9853-9a8197ef8f12 rdf:type owl:Axiom","obo:DOID_1973 oboInOwl:hasDbXref UMLS_CUI:C1517121","obo:DOID_390 oboInOwl:hasExactSynonym postpartum deep-vein thrombosis","f503b48f-7480-4bf6-b7bc-152878efce5d owl:annotatedSource obo:DOID_859","a6b21e35-926b-4a6c-9463-1f9e474d02cb owl:annotatedProperty oboInOwl:hasExactSynonym","ecd718f7-cdd9-4e36-a4cb-e15bf38d2d2c rdf:type owl:Axiom","02252c1f-e824-44fc-bb10-8ce10b8a4d30 owl:annotatedTarget Anomic aphasia finding","obo:DOID_3078 obo:IAO_0000115 An astrocytoma that is characterized by cells with regular, round to oval nuclei.","8c370e44-c6ed-4b37-ba6c-70c323917ab7 rdf:type owl:Axiom","6c51bfce-b05e-451d-a3a1-fdef9cc0ada9 owl:annotatedProperty oboInOwl:hasExactSynonym","obo:DOID_11450 rdfs:label allergic cutaneous vasculitis","f5164d8b-2df3-4d0f-b081-af66226acdc8 owl:annotatedSource obo:DOID_6214","obo:DOID_3166 oboInOwl:hasDbXref ICD10CM:D72.823","obo:DOID_14251 oboInOwl:hasOBONamespace disease_ontology","e804e745-de92-41ae-ac53-fdea183b4daa oboInOwl:hasDbXref SNOMEDCT_2005_07_31:190256007","obo:DOID_3927 oboInOwl:hasOBONamespace disease_ontology","d3fc9d84-4080-45e1-8b4b-cc9c68002f4e owl:annotatedSource obo:DOID_1993","de83d091-91cc-4f12-8a51-fb24676f9851 oboInOwl:hasDbXref SNOMEDCT_2005_07_31:400179000","obo:DOID_6084 oboInOwl:hasDbXref UMLS_CUI:C0796664","obo:DOID_11186 oboInOwl:hasExactSynonym Petriellidosis","obo:DOID_10339 oboInOwl:hasExactSynonym simple schizophrenia disorder","92405cf6-6813-4f3f-bd9c-e1facc5a764b owl:annotatedSource obo:DOID_13757","obo:DOID_9024 rdfs:label intestine carcinoma in situ","87a2b081-07bd-427e-9875-9b052429aaff owl:annotatedSource obo:DOID_2600","obo:DOID_4737 oboInOwl:hasDbXref UMLS_CUI:C0037650","7f50962e-92fe-473f-a0f2-4c200c126fb4 rdf:type owl:Axiom","845412a7-500d-4920-afc6-700c5a511f23 oboInOwl:hasDbXref SNOMEDCT_2005_07_31:90531003","obo:DOID_5208 oboInOwl:id DOID:5208","obo:DOID_14038 oboInOwl:hasExactSynonym Premature puberty","591ae107-8c9c-40db-a139-305add953bc5 owl:annotatedProperty oboInOwl:hasExactSynonym","40bf6825-8793-4a8a-a9c7-5ca34da6a560 rdf:type owl:Axiom","obo:DOID_14038 oboInOwl:hasOBONamespace disease_ontology","8936cc1c-ae59-4c74-b5a4-a86eeabecf3e owl:annotatedTarget puppetlike syndrome","a0cde619-e5df-49f1-9ad2-dc8fa8e335bb oboInOwl:hasDbXref SNOMEDCT_2005_07_31:268332003","obo:DOID_6084 oboInOwl:hasExactSynonym pediatric Ovarian germ cell neoplasm","fc65ef76-6713-4ea7-9462-369a6eee2e17 owl:annotatedProperty obo:IAO_0000115","obo:DOID_0050441 oboInOwl:hasDbXref SNOMEDCT_US_2015_03_01:254076009","obo:DOID_4737 oboInOwl:hasDbXref SNOMEDCT_US_2015_03_01:154892001","c97f27cf-284e-46d5-acf4-1cccc94d0d6c owl:annotatedProperty oboInOwl:hasExactSynonym","obo:DOID_4737 oboInOwl:hasOBONamespace disease_ontology","42f23d9d-fd19-4dc1-be92-4bcc2a930e80 rdf:type owl:Axiom","7372088d-1f3f-43c0-a6d1-afe5f193a685 oboInOwl:hasDbXref SNOMEDCT_2005_07_31:93781006","a8ef8e3b-e7e4-447e-bfc5-bbc5fabdba5f owl:annotatedTarget An oral cavity cancer that is located_in the salivary gland.","40dbdcda-a133-4a02-853c-18afe67658dd owl:annotatedProperty oboInOwl:hasExactSynonym","obo:DOID_3254 oboInOwl:hasExactSynonym rhabdomyosarcoma of the bile duct","obo:DOID_4737 oboInOwl:hasDbXref ICD9CM:300.8","obo:DOID_10603 oboInOwl:hasDbXref UMLS_CUI:C0271650","obo:DOID_1973 oboInOwl:hasOBONamespace disease_ontology","4a0b6961-2922-4ad2-abe6-432a1067c731 oboInOwl:hasDbXref url:http://www.faces-cranio.org/Disord/Crouzon.htm","8936cc1c-ae59-4c74-b5a4-a86eeabecf3e oboInOwl:hasDbXref CSP2005:4008-0043","obo:DOID_0060132 oboInOwl:created_by lschriml","obo:DOID_8590 oboInOwl:hasExactSynonym acute GIT vascular insuffic.","a0cde619-e5df-49f1-9ad2-dc8fa8e335bb rdf:type owl:Axiom","00a4c173-955b-402d-9c1f-5480cadfa11c rdf:type owl:Axiom","obo:DOID_0050316 rdf:type owl:Class","52816845-0123-4c83-9f27-c32fb1d2ad03 oboInOwl:hasDbXref SNOMEDCT_2005_07_31:193863004","39c7540f-b7a1-4594-99e5-30d06d5768d7 owl:annotatedSource obo:DOID_10460","obo:DOID_0060007 oboInOwl:id DOID:0060007","1b5cf2a4-45fd-496b-a542-a8e57413746b rdf:type owl:Axiom","9a21190b-dba2-4714-a295-dc861a57685c rdf:type owl:Axiom","obo:DOID_3166 rdfs:label leukemoid reaction","c97f27cf-284e-46d5-acf4-1cccc94d0d6c oboInOwl:hasDbXref CSP2005:4006-0067","97a21723-3b4d-4d4e-99bc-ef4924a799c5 owl:annotatedProperty obo:IAO_0000115","522feee8-accd-4cf0-97a7-851cdf48131a owl:annotatedSource obo:DOID_0080038","obo:DOID_13316 oboInOwl:hasDbXref SNOMEDCT_US_2015_03_01:47367009","a2b4ed69-6878-4137-af6e-2583a37f351c oboInOwl:hasDbXref SNOMEDCT_2005_07_31:186954006","obo:DOID_11149 oboInOwl:hasDbXref UMLS_CUI:C1135189","87a2b081-07bd-427e-9875-9b052429aaff oboInOwl:hasDbXref SNOMEDCT_2005_07_31:276975007","8bbf0e63-c8f9-4a81-bf8e-13367ce7a0cb owl:annotatedTarget Lymphocytic Gastritis","obo:DOID_9024 oboInOwl:hasDbXref SNOMEDCT_US_2015_03_01:190172008","522feee8-accd-4cf0-97a7-851cdf48131a oboInOwl:hasDbXref url:http://www.ncbi.nlm.nih.gov/omim/265800","d6ae4b98-54ed-4326-8092-cda74819859a owl:annotatedTarget neoplasm of glossopharyngeal nerve disorder","c6c8475c-eb43-42b6-aecc-4786d02a796e rdf:type owl:Axiom","97808688-1339-49e7-9853-9a8197ef8f12 oboInOwl:hasDbXref SNOMEDCT_2005_07_31:26726000","obo:DOID_9061 owl:deprecated true^^http://www.w3.org/2001/XMLSchema#boolean","f6a0e85c-bf0c-4279-bcaf-31f1c40f18f3 owl:annotatedTarget Septic abortion disorder","obo:DOID_3342 oboInOwl:id DOID:3342","4dac30ec-5697-4f08-a9e9-45e7ab0ac503 oboInOwl:hasDbXref SNOMEDCT_2005_07_31:276809004","obo:DOID_3927 oboInOwl:hasDbXref MSH:C535549","39c7540f-b7a1-4594-99e5-30d06d5768d7 owl:annotatedProperty obo:IAO_0000115","1b5cf2a4-45fd-496b-a542-a8e57413746b oboInOwl:hasDbXref SNOMEDCT_2005_07_31:363482009","obo:DOID_0050404 rdf:type owl:Class","fc65ef76-6713-4ea7-9462-369a6eee2e17 owl:annotatedSource obo:DOID_4254","fef7aeb9-3fd8-47ac-85fc-def65ef2fd95 rdf:type owl:Axiom","b63029ca-4d13-4625-9700-7f6d33253bd1 oboInOwl:hasDbXref url:http://en.wikipedia.org/wiki/East_Coast_fever","obo:DOID_10339 oboInOwl:hasExactSynonym simple type Schizophrenia","obo:DOID_0050441 oboInOwl:hasDbXref OMIM:272200","obo:DOID_0050353 oboInOwl:id DOID:0050353","1506eb7d-b2de-43de-9bad-f0dc88c2ef26 oboInOwl:hasDbXref NCI2004_11_17:C7239","938ce232-e9c8-4356-a545-a43da8b5b352 owl:annotatedTarget Covering disease","obo:DOID_0060007 oboInOwl:hasOBONamespace disease_ontology","obo:DOID_8590 oboInOwl:hasExactSynonym acute intestinal vascular insufficiency","b1d12d72-9209-47d0-84f4-c2b5f9aacebd oboInOwl:hasDbXref SNOMEDCT_2005_07_31:191197002","obo:DOID_390 oboInOwl:hasExactSynonym Deep phlebothrombosis, postpartum, with delivery","obo:DOID_10339 oboInOwl:hasExactSynonym simple type schizophrenia, unspecified state","obo:DOID_5496 oboInOwl:id DOID:5496","obo:DOID_0050316 oboInOwl:id DOID:0050316","d7d31f0f-8280-4537-9eaa-8610f4e2d5ba owl:annotatedTarget Pleural empyema with fistula disorder","9cb0c673-c20d-48b0-bc64-0e2dbeb7cddc owl:annotatedTarget malignant neoplasm of cornea primary","f503b48f-7480-4bf6-b7bc-152878efce5d owl:annotatedTarget Multiple carboxylase deficiency - neonatal onset disorder","obo:DOID_0050353 obo:IAO_0000115 A botulism that involves intoxication caused by botulinum neurotoxins BoNTA, B, E and F, has_material_basis_in Clostridium botulinum A, has_material_basis_in Clostridium botulinum B, has_material_basis_in Clostridium botulinum E and has_material_basis_in Clostridium botulinum F, which are transmitted_by contact of spores with the open wounds, which then reproduce in an anaerobic environment to produce toxins.","obo:DOID_7567 oboInOwl:id DOID:7567","7372088d-1f3f-43c0-a6d1-afe5f193a685 owl:annotatedProperty oboInOwl:hasExactSynonym","fc65ef76-6713-4ea7-9462-369a6eee2e17 oboInOwl:hasDbXref url:http://en.wikipedia.org/wiki/Osteosclerosis","c97f27cf-284e-46d5-acf4-1cccc94d0d6c owl:annotatedSource obo:DOID_3602","02252c1f-e824-44fc-bb10-8ce10b8a4d30 owl:annotatedSource obo:DOID_4541","obo:DOID_887 oboInOwl:hasExactSynonym Fluke infection","f5164d8b-2df3-4d0f-b081-af66226acdc8 rdf:type owl:Axiom","e84df0e6-7962-4e82-8cc3-2ff28095b36a oboInOwl:hasDbXref url:http://en.wikipedia.org/wiki/Streptococcus#Group_B","obo:DOID_0050228 oboInOwl:hasExactSynonym Entamoeba histolytica dysentery","obo:DOID_3254 rdfs:label bile duct rhabdomyosarcoma","obo:DOID_9948 rdfs:subClassOf obo:DOID_9946","8af7655c-fb82-4013-bb2d-0be6b1cad975 rdf:type owl:Axiom","a2b4ed69-6878-4137-af6e-2583a37f351c owl:annotatedSource obo:DOID_2297","d3fc9d84-4080-45e1-8b4b-cc9c68002f4e owl:annotatedProperty oboInOwl:hasExactSynonym","e804e745-de92-41ae-ac53-fdea183b4daa owl:annotatedTarget Thyrotoxicosis from ectopic thyroid nodule with crisis disorder","obo:DOID_7706 rdf:type owl:Class","obo:DOID_5421 obo:IAO_0000115 A lung small cell carcinoma that is characterized as a multiphasic lung cancer comprised of a mixture of small cell and non-small cell lung carcinoma cells.","obo:DOID_8590 rdfs:subClassOf obo:DOID_5295","1b5cf2a4-45fd-496b-a542-a8e57413746b owl:annotatedTarget malignant tumor of pituitary gland disorder","obo:DOID_14038 oboInOwl:hasExactSynonym Precocious puberty disorder","obo:DOID_0050441 rdf:type owl:Class","obo:DOID_8289 rdf:type owl:Class","obo:DOID_0060132 oboInOwl:creation_date 2011-08-22T12:04:56Z","obo:DOID_0050353 rdfs:subClassOf obo:DOID_11976","obo:DOID_8590 rdf:type owl:Class","fc65ef76-6713-4ea7-9462-369a6eee2e17 rdf:type owl:Axiom","18ea78de-a750-41eb-94cf-4684a0e21f5e owl:annotatedProperty oboInOwl:hasExactSynonym","obo:DOID_7567 oboInOwl:hasDbXref UMLS_CUI:C1520076","f5d6b0cc-4348-48a8-bd6c-8290b24d17b0 oboInOwl:hasDbXref url:http://en.wikipedia.org/wiki/Portal_vein_thrombosis","obo:DOID_5208 rdfs:label malignant struma ovarii","40dbdcda-a133-4a02-853c-18afe67658dd owl:annotatedTarget Pneumonia due to Klebsiella pneumoniae","obo:DOID_3254 rdf:type owl:Class","obo:DOID_0060220 oboInOwl:hasOBONamespace disease_ontology","8936cc1c-ae59-4c74-b5a4-a86eeabecf3e owl:annotatedProperty oboInOwl:hasExactSynonym","obo:DOID_10339 rdfs:label schizophrenia simplex","obo:DOID_11149 rdfs:label aqueous misdirection","obo:DOID_8302 oboInOwl:hasOBONamespace disease_ontology","6c51bfce-b05e-451d-a3a1-fdef9cc0ada9 oboInOwl:hasDbXref SNOMEDCT_2005_07_31:307602007","obo:DOID_3342 rdf:type owl:Class","obo:DOID_2444 oboInOwl:hasDbXref SNOMEDCT_US_2015_03_01:10649000","obo:DOID_1973 oboInOwl:id DOID:1973","6c51bfce-b05e-451d-a3a1-fdef9cc0ada9 owl:annotatedTarget regressing naevus","obo:DOID_5421 oboInOwl:hasExactSynonym Combined small cell carcinoma of the lung","bab3005a-588b-422e-904b-675906bf5791 owl:annotatedProperty obo:IAO_0000115","obo:DOID_14038 oboInOwl:hasExactSynonym Sexual precocity NOS or puberty - precocious","f36b283a-ec87-4060-bc18-87acb26990b1 owl:annotatedProperty oboInOwl:hasExactSynonym","obo:DOID_3166 oboInOwl:hasDbXref NCI:C3185","obo:DOID_0050404 oboInOwl:id DOID:0050404","1691ce77-afb8-4f81-b113-3307a36e4d81 rdf:type owl:Axiom","obo:DOID_5496 oboInOwl:hasOBONamespace disease_ontology","de83d091-91cc-4f12-8a51-fb24676f9851 rdf:type owl:Axiom","obo:DOID_887 obo:IAO_0000115 A parasitic helminthiasis infectious disease that involves infection by parasitic worms known as flukes, which are carried to various organs through blood stream.","obo:DOID_0060132 oboInOwl:hasOBONamespace disease_ontology","d7d31f0f-8280-4537-9eaa-8610f4e2d5ba rdf:type owl:Axiom","obo:DOID_0060220 oboInOwl:created_by emitraka","obo:DOID_1100 oboInOwl:hasExactSynonym ovary disorder","8e56ceb5-2727-46e3-b4e0-585044a2fe18 owl:annotatedSource obo:DOID_5875","1d01aa35-9faa-42dd-8d09-799617ed9fd4 owl:annotatedProperty oboInOwl:hasExactSynonym","obo:DOID_4737 oboInOwl:hasDbXref SNOMEDCT_US_2015_03_01:397923000","75080634-1393-468c-8908-0b286d9b6745 rdf:type owl:Axiom","obo:DOID_0050228 rdf:type owl:Class","obo:DOID_14038 rdfs:label precocious puberty","obo:DOID_390 rdfs:label obstetric venous problem","obo:DOID_14075 oboInOwl:hasExactSynonym Geniculate ganglionitis disorder","obo:DOID_0060220 obo:IAO_0000115 An urticaria induced by external physical influences.","96a6eb89-e668-4815-bd43-8004197d35e6 owl:annotatedTarget A breast carcinoma that is manifested in the female breast.","d3fc9d84-4080-45e1-8b4b-cc9c68002f4e rdf:type owl:Axiom","obo:DOID_11186 rdf:type owl:Class","obo:DOID_3078 oboInOwl:hasExactSynonym grade III Astrocytic tumor","8af7655c-fb82-4013-bb2d-0be6b1cad975 owl:annotatedProperty oboInOwl:hasExactSynonym","obo:DOID_4686 rdfs:label mucoepidermoid esophageal carcinoma","obo:DOID_6808 rdf:type owl:Class","97a21723-3b4d-4d4e-99bc-ef4924a799c5 oboInOwl:hasDbXref url:http://www.aafp.org/afp/2001/0701/p91.html","2204194d-2565-423f-9708-c4e5c634106f oboInOwl:hasDbXref SNOMEDCT_2005_07_31:278065000","obo:DOID_4737 oboInOwl:id DOID:4737","df2afbc8-1858-4bfa-83b9-564735b612f3 oboInOwl:hasDbXref ICD9CM_2006:366.12","obo:DOID_7479 oboInOwl:hasExactSynonym duodenal delta cell somatostatin producing tumor","f5164d8b-2df3-4d0f-b081-af66226acdc8 owl:annotatedProperty oboInOwl:hasExactSynonym","4997bc04-fc5f-4b03-b630-51338a8974b6 owl:annotatedTarget Alcoholic hepatitis","obo:DOID_9948 oboInOwl:hasDbXref SNOMEDCT_US_2015_03_01:193549003","obo:DOID_11186 obo:IAO_0000115 A primary systemic mycosis that results_in systemic fungal infection, has_material_basis_in Pseudallescheria boydii, which results_in_formation_of abscesses.","761391ee-5a97-49d2-8149-715c5bf6951f oboInOwl:hasDbXref ICD9CM_2006:251.9","8936cc1c-ae59-4c74-b5a4-a86eeabecf3e rdf:type owl:Axiom","obo:DOID_4737 oboInOwl:hasExactSynonym physiological malfunction arising from mental factor","obo:DOID_5208 oboInOwl:hasExactSynonym Struma ovarii, malignant morphologic abnormality","27647eba-ae97-4111-a240-3cf17d4240e5 owl:annotatedProperty obo:IAO_0000115","obo:DOID_6808 rdfs:label Basaloid follicular hamartoma","obo:DOID_14038 oboInOwl:hasExactSynonym Precocious sexual development disorder","52816845-0123-4c83-9f27-c32fb1d2ad03 owl:annotatedSource obo:DOID_11203","18ea78de-a750-41eb-94cf-4684a0e21f5e rdf:type owl:Axiom","obo:DOID_887 oboInOwl:hasExactSynonym Trematode infestation","ecd718f7-cdd9-4e36-a4cb-e15bf38d2d2c owl:annotatedSource obo:DOID_2986","obo:DOID_4737 oboInOwl:hasAlternativeId DOID:144","obo:DOID_10603 rdf:type owl:Class","obo:DOID_9948 oboInOwl:hasOBONamespace disease_ontology","39c7540f-b7a1-4594-99e5-30d06d5768d7 oboInOwl:hasDbXref url:http://www.merriam-webster.com/medical/nasopharyngitis","obo:DOID_4686 oboInOwl:hasExactSynonym Mucoepidermoid carcinoma of the esophagus","78b05297-a572-4fb6-bcba-157254a57c2e oboInOwl:hasDbXref SNOMEDCT_2005_07_31:230333002","obo:DOID_0060220 rdfs:label physical urticaria","7a77c4cc-6e99-4e9a-9f4f-ed3b2b9bfc15 oboInOwl:hasDbXref ICD9CM_2006:750.12","c6c8475c-eb43-42b6-aecc-4786d02a796e owl:annotatedTarget Seminoma of testis disorder","f36b283a-ec87-4060-bc18-87acb26990b1 rdf:type owl:Axiom","a0cde619-e5df-49f1-9ad2-dc8fa8e335bb owl:annotatedSource obo:DOID_2975","a097cecd-fa5f-44f4-a158-2b80d78e6822 owl:annotatedSource obo:DOID_13962","obo:DOID_3078 rdf:type owl:Class","522feee8-accd-4cf0-97a7-851cdf48131a owl:annotatedTarget An osteochondrodysplasia that has_material_basis_in a mutation in the CTSK gene which results_in dwarfism, brittle bones, osteopetrosis, shortening of the distal phalanges.","82219c89-c3ab-46fe-9ed6-8218de9955ab oboInOwl:hasDbXref NCI2004_11_17:C4717","75080634-1393-468c-8908-0b286d9b6745 owl:annotatedProperty oboInOwl:hasExactSynonym","obo:DOID_8465 oboInOwl:hasDbXref ICD9CM:361.10","obo:DOID_9061 oboInOwl:hasOBONamespace disease_ontology","obo:DOID_8590 rdfs:label acute vascular insufficiency of intestine","obo:DOID_10603 oboInOwl:hasDbXref SNOMEDCT_US_2015_03_01:267426009","obo:DOID_3166 rdf:type owl:Class","obo:DOID_13404 oboInOwl:id DOID:13404","1d01aa35-9faa-42dd-8d09-799617ed9fd4 rdf:type owl:Axiom","82702747-a4dd-4588-9ef6-3841cd8ad1f1 owl:annotatedSource obo:DOID_9462","d7d31f0f-8280-4537-9eaa-8610f4e2d5ba owl:annotatedProperty oboInOwl:hasExactSynonym","ff01b80c-fd2e-40ae-bf1d-ceaccac6fa37 owl:annotatedSource obo:DOID_9263","9cb0c673-c20d-48b0-bc64-0e2dbeb7cddc oboInOwl:hasDbXref SNOMEDCT_2005_07_31:93766000","obo:DOID_7706 obo:IAO_0000115 A Cytomegalovirus infectious disease that results_in infection located_in esophagus, has_material_basis_in Human herpesvirus 5 and has_symptom odynophagia, has_symptom nausea and vomiting, has_symptom fever, has_symptom diarrhea, and has_symptom hemoptysis.","obo:DOID_14075 oboInOwl:hasDbXref SNOMEDCT_US_2015_03_01:155071009","b6454213-fc4b-4ae9-bd28-6ff5cf606ea0 oboInOwl:hasDbXref SNOMEDCT_2005_07_31:190549002","obo:DOID_1100 oboInOwl:hasOBONamespace disease_ontology","de83d091-91cc-4f12-8a51-fb24676f9851 owl:annotatedProperty oboInOwl:hasExactSynonym","b6454213-fc4b-4ae9-bd28-6ff5cf606ea0 owl:annotatedTarget Multicystic ovaries","1691ce77-afb8-4f81-b113-3307a36e4d81 owl:annotatedProperty oboInOwl:hasExactSynonym","obo:DOID_3927 rdfs:label pelvic lipomatosis","obo:DOID_0060044 oboInOwl:id DOID:0060044","a0cde619-e5df-49f1-9ad2-dc8fa8e335bb owl:annotatedProperty oboInOwl:hasExactSynonym","c5dcf083-40c8-4963-bf5f-cd76b8a202a4 owl:annotatedTarget Avian tuberculosis disorder","obo:DOID_0060132 rdfs:subClassOf obo:DOID_4090","obo:DOID_11450 rdf:type owl:Class","obo:DOID_0050228 rdfs:label amebic dysentery","40dbdcda-a133-4a02-853c-18afe67658dd rdf:type owl:Axiom","42f23d9d-fd19-4dc1-be92-4bcc2a930e80 owl:annotatedProperty oboInOwl:hasExactSynonym","obo:DOID_13316 oboInOwl:id DOID:13316","obo:DOID_14075 oboInOwl:hasDbXref ICD9CM:351.1","obo:DOID_11450 obo:IAO_0000115 A hypersensitivity vasculitis that results_in inflammation of small blood vessels, characterized clinically by palpable purpura, which is a slightly elevated purpuric rash over one or more areas of the skin.","obo:DOID_390 oboInOwl:hasExactSynonym Antenatal deep vein thrombosis unspecified disorder","obo:DOID_3078 rdfs:subClassOf obo:DOID_3069","78b05297-a572-4fb6-bcba-157254a57c2e owl:annotatedTarget Drug-induced akathisia disorder","obo:DOID_14251 oboInOwl:hasDbXref UMLS_CUI:C0154863","obo:DOID_6084 oboInOwl:hasDbXref NCI:C8588","3acd56fe-a2ea-44a6-bf06-14645e2bed56 owl:annotatedTarget laryngeal diphtheria","9a21190b-dba2-4714-a295-dc861a57685c owl:annotatedProperty oboInOwl:hasExactSynonym","1b5cf2a4-45fd-496b-a542-a8e57413746b owl:annotatedProperty oboInOwl:hasExactSynonym","obo:DOID_0060007 rdfs:subClassOf obo:DOID_627","de83d091-91cc-4f12-8a51-fb24676f9851 owl:annotatedTarget Precocious puberty disorder","obo:DOID_3342 oboInOwl:hasExactSynonym bone inflammatory disease","obo:DOID_11149 rdf:type owl:Class","obo:DOID_7567 rdf:type owl:Class","e84df0e6-7962-4e82-8cc3-2ff28095b36a rdf:type owl:Axiom","00a4c173-955b-402d-9c1f-5480cadfa11c owl:annotatedProperty oboInOwl:hasExactSynonym","obo:DOID_13316 rdfs:subClassOf obo:DOID_26","c5dcf083-40c8-4963-bf5f-cd76b8a202a4 oboInOwl:hasDbXref SNOMEDCT_2005_07_31:55356004","obo:DOID_9024 oboInOwl:hasOBONamespace disease_ontology","fef7aeb9-3fd8-47ac-85fc-def65ef2fd95 owl:annotatedProperty oboInOwl:hasExactSynonym","obo:DOID_5496 owl:deprecated true^^http://www.w3.org/2001/XMLSchema#boolean","807acf1b-5bef-43c4-8563-ec6103c163a0 oboInOwl:hasDbXref SNOMEDCT_2005_07_31:65295003","obo:DOID_14251 oboInOwl:hasDbXref ICD10CM:H35.51","obo:DOID_3254 oboInOwl:hasDbXref NCI:C5860","593cbdc7-6c34-4857-a7aa-c07f8fa1a159 owl:annotatedTarget AIP","c6c8475c-eb43-42b6-aecc-4786d02a796e owl:annotatedProperty oboInOwl:hasExactSynonym","obo:DOID_3927 oboInOwl:hasDbXref NCI:C27486","obo:DOID_2620 rdf:type owl:Class","obo:DOID_4737 oboInOwl:hasDbXref ICD10CM:F45.9","obo:DOID_2620 rdfs:label ductal, lobular, and medullary neoplasm","obo:DOID_9948 oboInOwl:hasDbXref UMLS_CUI:C0339580","7372088d-1f3f-43c0-a6d1-afe5f193a685 rdf:type owl:Axiom","obo:DOID_11186 oboInOwl:hasDbXref SNOMEDCT_US_2015_03_01:80936003","d3fc9d84-4080-45e1-8b4b-cc9c68002f4e owl:annotatedTarget malignant tumor of rectum disorder","obo:DOID_7479 rdf:type owl:Class","obo:DOID_6084 oboInOwl:hasOBONamespace disease_ontology","obo:DOID_7706 rdfs:label Cytomegalovirus esophagitis","obo:DOID_11186 rdfs:label allescheriosis","e7d4fde9-3ea4-4072-8c87-9a5f2d172689 oboInOwl:hasDbXref CSP2005:0368-3426","fef7aeb9-3fd8-47ac-85fc-def65ef2fd95 oboInOwl:hasDbXref NCI2004_11_17:C3569","obo:DOID_5208 rdfs:subClassOf obo:DOID_2640","de8e7b74-e0c9-4f44-93f4-34e476df636f oboInOwl:hasDbXref SNOMEDCT_2005_07_31:126670003","obo:DOID_0050228 oboInOwl:id DOID:0050228","82702747-a4dd-4588-9ef6-3841cd8ad1f1 rdf:type owl:Axiom","obo:DOID_3078 oboInOwl:hasDbXref MSH:D001254","obo:DOID_4686 rdf:type owl:Class","obo:DOID_3342 oboInOwl:hasDbXref SNOMEDCT_US_2015_03_01:44462005","obo:DOID_10603 oboInOwl:hasDbXref SNOMEDCT_US_2015_03_01:154720005","c6c8475c-eb43-42b6-aecc-4786d02a796e oboInOwl:hasDbXref SNOMEDCT_2005_07_31:255107005","9cb0c673-c20d-48b0-bc64-0e2dbeb7cddc owl:annotatedSource obo:DOID_6199","d6505197-e024-4381-9104-11f6367e90b4 owl:annotatedSource obo:DOID_14445","75080634-1393-468c-8908-0b286d9b6745 owl:annotatedSource obo:DOID_10865","7372088d-1f3f-43c0-a6d1-afe5f193a685 owl:annotatedSource obo:DOID_1380","5fad6363-3861-41a4-8945-3094a2cf469b oboInOwl:hasDbXref ICD9CM_2006:370.20","a2b4ed69-6878-4137-af6e-2583a37f351c owl:annotatedProperty oboInOwl:hasExactSynonym","f503b48f-7480-4bf6-b7bc-152878efce5d owl:annotatedProperty oboInOwl:hasExactSynonym","75080634-1393-468c-8908-0b286d9b6745 owl:annotatedTarget disorder of abducent nerve","8e56ceb5-2727-46e3-b4e0-585044a2fe18 rdf:type owl:Axiom","7a77c4cc-6e99-4e9a-9f4f-ed3b2b9bfc15 owl:annotatedProperty oboInOwl:hasExactSynonym","obo:DOID_3342 oboInOwl:hasExactSynonym osteitis","obo:DOID_14251 oboInOwl:hasExactSynonym Vitreoretinal dystrophy disorder","obo:DOID_11947 oboInOwl:hasExactSynonym Major depressive disorder, recurrent episode, in full remission","obo:DOID_14075 oboInOwl:hasDbXref SNOMEDCT_US_2015_03_01:72839009","obo:DOID_4598 oboInOwl:id DOID:4598","obo:DOID_9948 oboInOwl:hasDbXref SNOMEDCT_US_2015_03_01:52519003","3acd56fe-a2ea-44a6-bf06-14645e2bed56 owl:annotatedProperty oboInOwl:hasExactSynonym","obo:DOID_11186 oboInOwl:hasDbXref ICD9CM:117.6","82219c89-c3ab-46fe-9ed6-8218de9955ab owl:annotatedTarget anaplastic ganglioglioma","7f50962e-92fe-473f-a0f2-4c200c126fb4 oboInOwl:hasDbXref ICD9CM_2006:251.0","obo:DOID_14075 rdf:type owl:Class","obo:DOID_3927 rdfs:subClassOf obo:DOID_3153","obo:DOID_11450 oboInOwl:id DOID:11450","7a304bec-eac8-4b1c-9281-2893ff625ac1 owl:annotatedTarget A withdrawal disorder that is characterized by a group of problems that occur in a newborn who was exposed to addictive illegal or prescription drugs while in the mothers womb or postnatally following the discontinuance of drug treatment.","obo:DOID_5208 oboInOwl:hasDbXref SNOMEDCT_US_2015_03_01:18854008","obo:DOID_11947 oboInOwl:hasOBONamespace disease_ontology","937a9b66-832c-441e-9c3f-1c5c4311e752 owl:annotatedProperty obo:IAO_0000115","obo:DOID_10339 rdf:type owl:Class","obo:DOID_390 owl:deprecated true^^http://www.w3.org/2001/XMLSchema#boolean","obo:DOID_14163 rdf:type owl:Class","d6505197-e024-4381-9104-11f6367e90b4 rdf:type owl:Axiom","obo:DOID_0050441 rdfs:label mucosulfatidosis","6c51bfce-b05e-451d-a3a1-fdef9cc0ada9 owl:annotatedSource obo:DOID_6667","obo:DOID_13404 oboInOwl:hasDbXref ICD10CM:D86.89","96a6eb89-e668-4815-bd43-8004197d35e6 oboInOwl:hasDbXref url:http://en.wikipedia.org/wiki/Breast_cancer","e7d4fde9-3ea4-4072-8c87-9a5f2d172689 owl:annotatedProperty oboInOwl:hasExactSynonym","obo:DOID_8590 oboInOwl:hasExactSynonym acute gastrointestinal tract vascular insuffic. disorder","obo:DOID_1100 rdfs:label ovarian disease","f5d6b0cc-4348-48a8-bd6c-8290b24d17b0 owl:annotatedProperty obo:IAO_0000115","8936cc1c-ae59-4c74-b5a4-a86eeabecf3e owl:annotatedSource obo:DOID_1932","obo:DOID_4598 rdf:type owl:Class","obo:DOID_7567 rdfs:subClassOf obo:DOID_1294","obo:DOID_4737 oboInOwl:hasDbXref MSH:D013001","a8ef8e3b-e7e4-447e-bfc5-bbc5fabdba5f rdf:type owl:Axiom","27647eba-ae97-4111-a240-3cf17d4240e5 oboInOwl:hasDbXref url:http://www.malecare.com/new_page_91.htm","72f935e4-b8e1-47f7-b841-77e5d05d7c00 oboInOwl:hasDbXref NCI2004_11_17:C4568","obo:DOID_6808 oboInOwl:id DOID:6808","b63029ca-4d13-4625-9700-7f6d33253bd1 owl:annotatedProperty obo:IAO_0000115","obo:DOID_11149 oboInOwl:id DOID:11149","obo:DOID_11450 oboInOwl:hasExactSynonym Allergic Cutaneous Angiitis","f36b283a-ec87-4060-bc18-87acb26990b1 owl:annotatedSource obo:DOID_5844","obo:DOID_13404 oboInOwl:hasDbXref UMLS_CUI:C0042171","obo:DOID_0050228 oboInOwl:hasExactSynonym amebic dysentery","1691ce77-afb8-4f81-b113-3307a36e4d81 owl:annotatedTarget Ulceration of vulva in disease EC disorder","obo:DOID_11947 oboInOwl:id DOID:11947","63a2f892-38f6-4e8a-8af4-a4aa01934dd4 owl:annotatedProperty oboInOwl:hasExactSynonym","obo:DOID_9061 rdfs:label alcohol induced sleep disorder","97a21723-3b4d-4d4e-99bc-ef4924a799c5 oboInOwl:hasDbXref url:http://en.wikipedia.org/wiki/Epilepsy","8bbf0e63-c8f9-4a81-bf8e-13367ce7a0cb oboInOwl:hasDbXref NCI2004_11_17:C27051","obo:DOID_1100 oboInOwl:hasExactSynonym Ovarian disorder","72f935e4-b8e1-47f7-b841-77e5d05d7c00 rdf:type owl:Axiom","obo:DOID_11947 oboInOwl:hasExactSynonym recurrent major depression in complete remission disorder","obo:DOID_8590 oboInOwl:hasDbXref SNOMEDCT_US_2015_03_01:197004007","obo:DOID_14163 oboInOwl:id DOID:14163","obo:DOID_10339 oboInOwl:id DOID:10339","obo:DOID_6084 oboInOwl:id DOID:6084","obo:DOID_390 oboInOwl:hasExactSynonym antepartum deep-vein thrombosis","1691ce77-afb8-4f81-b113-3307a36e4d81 oboInOwl:hasDbXref SNOMEDCT_2005_07_31:198230004","obo:DOID_3927 rdf:type owl:Class","obo:DOID_14251 rdf:type owl:Class","obo:DOID_3166 oboInOwl:hasDbXref ICD9CM:288.62","40dbdcda-a133-4a02-853c-18afe67658dd oboInOwl:hasDbXref ICD9CM_2006:482.0","obo:DOID_3078 oboInOwl:hasDbXref NCI:C9477","obo:DOID_4737 oboInOwl:hasDbXref ICD10CM:F45","obo:DOID_9024 oboInOwl:hasDbXref ICD9CM:230.7","82219c89-c3ab-46fe-9ed6-8218de9955ab rdf:type owl:Axiom","5aec8a2a-29c1-41e3-93b7-a521b1fe1e5c owl:annotatedProperty oboInOwl:hasExactSynonym","7a304bec-eac8-4b1c-9281-2893ff625ac1 rdf:type owl:Axiom","bab3005a-588b-422e-904b-675906bf5791 owl:annotatedSource obo:DOID_407","obo:DOID_11149 oboInOwl:hasDbXref ICD9CM:365.83","obo:DOID_0060132 oboInOwl:id DOID:0060132","522feee8-accd-4cf0-97a7-851cdf48131a rdf:type owl:Axiom","obo:DOID_3342 oboInOwl:hasExactSynonym Inflammatory disorder of bone","8e56ceb5-2727-46e3-b4e0-585044a2fe18 oboInOwl:hasDbXref SNOMEDCT_2005_07_31:254617008","obo:DOID_13404 oboInOwl:hasDbXref SNOMEDCT_US_2015_03_01:4416007","92405cf6-6813-4f3f-bd9c-e1facc5a764b rdf:type owl:Axiom","761391ee-5a97-49d2-8149-715c5bf6951f owl:annotatedTarget Unspecified disorder of pancreatic internal secretion","obo:DOID_4686 oboInOwl:id DOID:4686","13575719-8df4-4354-b30e-4587d43edd0d owl:annotatedProperty obo:IAO_0000115","00a4c173-955b-402d-9c1f-5480cadfa11c owl:annotatedTarget Parakeratotic skin papilloma","937a9b66-832c-441e-9c3f-1c5c4311e752 oboInOwl:hasDbXref url:http://en.wikipedia.org/wiki/Histrionic_personality_disorder","97a21723-3b4d-4d4e-99bc-ef4924a799c5 owl:annotatedSource obo:DOID_2234","938ce232-e9c8-4356-a545-a43da8b5b352 owl:annotatedSource obo:DOID_13763","807acf1b-5bef-43c4-8563-ec6103c163a0 owl:annotatedSource obo:DOID_7527","9cb0c673-c20d-48b0-bc64-0e2dbeb7cddc rdf:type owl:Axiom","522feee8-accd-4cf0-97a7-851cdf48131a oboInOwl:hasDbXref url:http://www.orpha.net/consor/cgi-bin/Disease_Search.php?lng\u003dEN\u0026data_id\u003d571\u0026Disease_Disease_Search_diseaseGroup\u003dPycnodysostosis\u0026Disease_Disease_Search_diseaseType\u003dPat\u0026Disease%28s%29%20concerned\u003dPycnodysostosis\u0026title\u003dPycnodysostosis\u0026search\u003dDisease_Search_Simple","obo:DOID_0050228 oboInOwl:hasExactSynonym amoebic dysentery","obo:DOID_14038 rdf:type owl:Class","7a77c4cc-6e99-4e9a-9f4f-ed3b2b9bfc15 owl:annotatedSource obo:DOID_14114","52816845-0123-4c83-9f27-c32fb1d2ad03 owl:annotatedTarget acute atopic conjunctivitis","ff01b80c-fd2e-40ae-bf1d-ceaccac6fa37 owl:annotatedProperty oboInOwl:hasExactSynonym","33b7ad53-e32d-45f4-9893-4e06f486c00a owl:annotatedProperty oboInOwl:hasExactSynonym","97808688-1339-49e7-9853-9a8197ef8f12 owl:annotatedTarget Legionella infection disorder","5a563e22-75c8-4abc-8965-ec58afe42e70 owl:annotatedTarget tumor of Parietal Lobe","13575719-8df4-4354-b30e-4587d43edd0d oboInOwl:hasDbXref url:https://en.wikipedia.org/wiki/Lymphangiosarcoma","obo:DOID_9948 oboInOwl:hasDbXref ICD9CM:365.32","e7d4fde9-3ea4-4072-8c87-9a5f2d172689 owl:annotatedSource obo:DOID_14115","4b5738f9-f350-482d-b802-95a86d792585 owl:annotatedProperty obo:IAO_0000115","obo:DOID_4737 oboInOwl:hasDbXref NCI:C34956","4dac30ec-5697-4f08-a9e9-45e7ab0ac503 owl:annotatedProperty oboInOwl:hasExactSynonym","obo:DOID_11149 oboInOwl:hasDbXref ICD10CM:H40.83","obo:DOID_2444 rdfs:subClassOf obo:DOID_53","obo:DOID_8302 oboInOwl:hasExactSynonym Stromomyoma","obo:DOID_9024 oboInOwl:id DOID:9024","82219c89-c3ab-46fe-9ed6-8218de9955ab owl:annotatedSource obo:DOID_8016","8bbf0e63-c8f9-4a81-bf8e-13367ce7a0cb owl:annotatedSource obo:DOID_4035","obo:DOID_3342 oboInOwl:hasDbXref SNOMEDCT_US_2015_03_01:156780005","5a563e22-75c8-4abc-8965-ec58afe42e70 oboInOwl:hasDbXref NCI2004_11_17:C5573","obo:DOID_13316 oboInOwl:hasDbXref UMLS_CUI:C0267963","obo:DOID_3342 rdfs:subClassOf obo:DOID_0080001","obo:DOID_4737 rdfs:label somatoform disorder","522feee8-accd-4cf0-97a7-851cdf48131a oboInOwl:hasDbXref url:http://www.medicinenet.com/pycnodysostosis/article.htm","obo:DOID_0050441 oboInOwl:id DOID:0050441","obo:DOID_3166 oboInOwl:hasDbXref SNOMEDCT_US_2015_03_01:56478004","40dbdcda-a133-4a02-853c-18afe67658dd owl:annotatedSource obo:DOID_13272","13575719-8df4-4354-b30e-4587d43edd0d owl:annotatedSource obo:DOID_2689","obo:DOID_3342 obo:IAO_0000115 A bone disease that results_in inflammation of the located_in bone.","72f935e4-b8e1-47f7-b841-77e5d05d7c00 owl:annotatedTarget malignant Epicardial tumor","obo:DOID_4737 rdfs:subClassOf obo:DOID_150","8bbf0e63-c8f9-4a81-bf8e-13367ce7a0cb rdf:type owl:Axiom","obo:DOID_10603 oboInOwl:hasExactSynonym Glucose: [intolerance] or [malabsorption]","obo:DOID_8465 oboInOwl:hasDbXref SNOMEDCT_US_2015_03_01:44268007","de83d091-91cc-4f12-8a51-fb24676f9851 owl:annotatedSource obo:DOID_14038","obo:DOID_10603 oboInOwl:hasDbXref MSH:D018149","16cbff66-2d22-4d7e-a148-b1adafa2517d owl:annotatedSource obo:DOID_9250","7a304bec-eac8-4b1c-9281-2893ff625ac1 oboInOwl:hasDbXref url:http://en.wikipedia.org/wiki/Neonatal_abstinence_syndrome","obo:DOID_2444 rdfs:label hyperpituitarism","obo:DOID_13404 oboInOwl:hasDbXref SNOMEDCT_US_2015_03_01:31541009","obo:DOID_390 oboInOwl:hasAlternativeId DOID:13384","e84df0e6-7962-4e82-8cc3-2ff28095b36a owl:annotatedTarget A commensal streptococcal infectious disease that is caused by group B streptococci Streptococcus agalactiae usually infecting neonates and the elderly.","obo:DOID_390 oboInOwl:hasExactSynonym Deep phlebothrombosis, antepartum, with delivery","72d3b58d-be3e-4525-bdbd-a4f48bb7a5fb owl:annotatedSource obo:DOID_374","97a21723-3b4d-4d4e-99bc-ef4924a799c5 oboInOwl:hasDbXref url:http://en.wikipedia.org/wiki/Focal_epilepsy","obo:DOID_13404 oboInOwl:hasDbXref MSH:D014608","d6ae4b98-54ed-4326-8092-cda74819859a owl:annotatedSource obo:DOID_3417","obo:DOID_11947 owl:deprecated true^^http://www.w3.org/2001/XMLSchema#boolean","f5d6b0cc-4348-48a8-bd6c-8290b24d17b0 owl:annotatedSource obo:DOID_11695","obo:DOID_0060044 oboInOwl:hasOBONamespace disease_ontology","obo:DOID_14038 oboInOwl:hasExactSynonym precocious puberty","9cb0c673-c20d-48b0-bc64-0e2dbeb7cddc owl:annotatedProperty oboInOwl:hasExactSynonym","1d01aa35-9faa-42dd-8d09-799617ed9fd4 owl:annotatedSource obo:DOID_2058","92405cf6-6813-4f3f-bd9c-e1facc5a764b owl:annotatedProperty oboInOwl:hasExactSynonym","obo:DOID_11450 rdfs:subClassOf obo:DOID_9809","f5164d8b-2df3-4d0f-b081-af66226acdc8 owl:annotatedTarget Ovarian papillary tumour","97808688-1339-49e7-9853-9a8197ef8f12 owl:annotatedSource obo:DOID_10458","obo:DOID_3254 obo:IAO_0000115 A rhabdomyosarcoma and sarcoma of bile duct that is located_in the bile duct.","obo:DOID_10339 oboInOwl:hasExactSynonym simple type schizophrenia","obo:DOID_3927 oboInOwl:hasDbXref UMLS_CUI:C0406608","5aec8a2a-29c1-41e3-93b7-a521b1fe1e5c rdf:type owl:Axiom","82219c89-c3ab-46fe-9ed6-8218de9955ab owl:annotatedProperty oboInOwl:hasExactSynonym","97a21723-3b4d-4d4e-99bc-ef4924a799c5 owl:annotatedTarget An epilepsy syndrome that is characterised by seizures that are preceded by an isolated disturbance of a cerebral function and arise from an epileptic focus, a small portion of the brain that serves as the irritant driving the epileptic response.","obo:DOID_0050441 oboInOwl:hasDbXref UMLS_CUI:C1720864","071b03b7-4bcd-4ac1-94be-4a050c646098 oboInOwl:hasDbXref SNOMEDCT_2005_07_31:60548004","4a0b6961-2922-4ad2-abe6-432a1067c731 rdf:type owl:Axiom","obo:DOID_887 oboInOwl:id DOID:887","4dac30ec-5697-4f08-a9e9-45e7ab0ac503 rdf:type owl:Axiom","b63029ca-4d13-4625-9700-7f6d33253bd1 owl:annotatedSource obo:DOID_3733","obo:DOID_0060044 rdfs:subClassOf obo:DOID_0060043","obo:DOID_8465 rdf:type owl:Class","obo:DOID_2444 oboInOwl:hasOBONamespace disease_ontology","33b7ad53-e32d-45f4-9893-4e06f486c00a rdf:type owl:Axiom","obo:DOID_9948 oboInOwl:id DOID:9948","ff01b80c-fd2e-40ae-bf1d-ceaccac6fa37 rdf:type owl:Axiom","obo:DOID_0050228 obo:IAO_0000115 An amebiasis that involves infection of the intestine with Entamoeba histolytica trophozoites, which adhere to and kill colonic epithelial cells causing diarrhea with blood and mucus. The symptoms inlcude abdominal pain and fever.","obo:DOID_390 oboInOwl:hasExactSynonym Antenatal deep vein thrombosis","obo:DOID_390 oboInOwl:hasOBONamespace disease_ontology","obo:DOID_14075 oboInOwl:hasDbXref UMLS_CUI:C0017407","8bbf0e63-c8f9-4a81-bf8e-13367ce7a0cb owl:annotatedProperty oboInOwl:hasExactSynonym","obo:DOID_7567 rdfs:label vulvar clear cell hidradenocarcinoma","5fad6363-3861-41a4-8945-3094a2cf469b owl:annotatedTarget Superficial keratitis, unspecified","obo:DOID_2620 oboInOwl:hasExactSynonym ductal, lobular and medullary tumor qualifier value","obo:DOID_5421 oboInOwl:hasOBONamespace disease_ontology","33b7ad53-e32d-45f4-9893-4e06f486c00a oboInOwl:hasDbXref MTHICD9_2006:154.0","obo:DOID_0050353 rdf:type owl:Class","5a6e46f1-2ec8-4975-bde9-8e884c3547a1 rdf:type owl:Axiom","82702747-a4dd-4588-9ef6-3841cd8ad1f1 oboInOwl:hasDbXref url:http://www.ncbi.nlm.nih.gov/sites/entrez/15763298","a036ea60-3770-4e6d-adc0-d107d298ecb1 rdf:type owl:Axiom","7a77c4cc-6e99-4e9a-9f4f-ed3b2b9bfc15 rdf:type owl:Axiom","8e56ceb5-2727-46e3-b4e0-585044a2fe18 owl:annotatedProperty oboInOwl:hasExactSynonym","obo:DOID_5421 oboInOwl:hasDbXref UMLS_CUI:C1333125","obo:DOID_11450 oboInOwl:hasExactSynonym Autoimmune Hypersensitivity angiitis","f503b48f-7480-4bf6-b7bc-152878efce5d rdf:type owl:Axiom","obo:DOID_1973 rdfs:subClassOf obo:DOID_1970","obo:DOID_390 oboInOwl:hasAlternativeId DOID:11956","df2afbc8-1858-4bfa-83b9-564735b612f3 owl:annotatedTarget Incipient senile cataract","obo:DOID_14075 rdfs:subClassOf obo:DOID_1756","a2b4ed69-6878-4137-af6e-2583a37f351c rdf:type owl:Axiom","obo:DOID_1100 oboInOwl:hasDbXref NCI:C26841","obo:DOID_4737 oboInOwl:hasExactSynonym psychosomatic disorder","db553d4e-d440-4457-876e-9134432590f2 oboInOwl:hasDbXref SNOMEDCT_2005_07_31:399076001","obo:DOID_8465 oboInOwl:hasExactSynonym Retinoschisis, unspecified","obo:DOID_8302 oboInOwl:hasDbXref UMLS_CUI:C1513364","ff01b80c-fd2e-40ae-bf1d-ceaccac6fa37 owl:annotatedTarget cystathionine synthase deficiency","obo:DOID_0060220 oboInOwl:id DOID:0060220","obo:DOID_11947 rdfs:label recurrent major depression in complete remission","f5d6b0cc-4348-48a8-bd6c-8290b24d17b0 owl:annotatedTarget A vein disease that is characterized by a blood clot that forms within the hepatic portal vein.","72d3b58d-be3e-4525-bdbd-a4f48bb7a5fb owl:annotatedTarget Nutritional disorder","obo:DOID_0050404 oboInOwl:inSubset doid:gram-negative_bacterial_infectious_disease","96a6eb89-e668-4815-bd43-8004197d35e6 rdf:type owl:Axiom","obo:DOID_10603 rdfs:label glucose intolerance","071b03b7-4bcd-4ac1-94be-4a050c646098 owl:annotatedTarget EKC","3acd56fe-a2ea-44a6-bf06-14645e2bed56 rdf:type owl:Axiom","obo:DOID_8289 rdfs:label breast adenolipoma","obo:DOID_4737 oboInOwl:hasDbXref SNOMEDCT_US_2015_03_01:192430009","obo:DOID_14075 oboInOwl:id DOID:14075","obo:DOID_13404 oboInOwl:hasExactSynonym Heerfordts syndrome disorder","obo:DOID_390 oboInOwl:hasAlternativeId DOID:11957","39c7540f-b7a1-4594-99e5-30d06d5768d7 oboInOwl:hasDbXref url:http://medical-dictionary.thefreedictionary.com/nasopharyngitis","obo:DOID_13316 oboInOwl:hasDbXref NCI:C84316","obo:DOID_5208 oboInOwl:hasOBONamespace disease_ontology","obo:DOID_13316 rdf:type owl:Class","obo:DOID_390 oboInOwl:hasAlternativeId DOID:13385","a0cde619-e5df-49f1-9ad2-dc8fa8e335bb owl:annotatedTarget cystic kidney disease","obo:DOID_5208 oboInOwl:hasDbXref UMLS_CUI:C0334525","00a4c173-955b-402d-9c1f-5480cadfa11c owl:annotatedSource obo:DOID_7380","obo:DOID_0050441 oboInOwl:hasExactSynonym multiple sulfatase deficiency disease","e7d4fde9-3ea4-4072-8c87-9a5f2d172689 rdf:type owl:Axiom","63a2f892-38f6-4e8a-8af4-a4aa01934dd4 oboInOwl:hasDbXref SNOMEDCT_2005_07_31:255015006","d6505197-e024-4381-9104-11f6367e90b4 owl:annotatedProperty oboInOwl:hasExactSynonym","obo:DOID_8590 oboInOwl:hasDbXref NCI:C34356","a097cecd-fa5f-44f4-a158-2b80d78e6822 owl:annotatedTarget peripheral focal retinitis AND retinochoroiditis disorder","72f935e4-b8e1-47f7-b841-77e5d05d7c00 owl:annotatedProperty oboInOwl:hasExactSynonym","591ae107-8c9c-40db-a139-305add953bc5 owl:annotatedTarget Embryonal Rhabdomyosarcoma of the prostate","obo:DOID_11947 oboInOwl:hasExactSynonym recurrent major depressive episodes, in full remission disorder","obo:DOID_2620 oboInOwl:hasExactSynonym ductal, lobular and medullary neoplasm morphologic abnormality","obo:DOID_0060220 rdfs:subClassOf obo:DOID_1555","c6c8475c-eb43-42b6-aecc-4786d02a796e owl:annotatedSource obo:DOID_5842","obo:DOID_3166 oboInOwl:hasDbXref MSH:D007955","02252c1f-e824-44fc-bb10-8ce10b8a4d30 oboInOwl:hasDbXref SNOMEDCT_2005_07_31:10325006","63a2f892-38f6-4e8a-8af4-a4aa01934dd4 rdf:type owl:Axiom","obo:DOID_7479 oboInOwl:id DOID:7479","obo:DOID_0060220 oboInOwl:creation_date 2014-11-21T15:51:38Z","obo:DOID_3342 rdfs:label bone inflammation disease","42f23d9d-fd19-4dc1-be92-4bcc2a930e80 owl:annotatedTarget relapsed extraskeletal Osteosarcoma","fc65ef76-6713-4ea7-9462-369a6eee2e17 oboInOwl:hasDbXref url:http://www.medcyclopaedia.com/library/topics/volume_iii_1/o/osteosclerosis.aspx","obo:DOID_13404 rdf:type owl:Class","bab3005a-588b-422e-904b-675906bf5791 oboInOwl:hasDbXref url:http://lrsitbrd.nic.in/IJTB/Year%201994/July%201994/July%201994%20B.pdf","fc65ef76-6713-4ea7-9462-369a6eee2e17 oboInOwl:hasDbXref url:http://medical-dictionary.thefreedictionary.com/osteosclerosis","7f50962e-92fe-473f-a0f2-4c200c126fb4 owl:annotatedSource obo:DOID_1607","4a0b6961-2922-4ad2-abe6-432a1067c731 owl:annotatedProperty obo:IAO_0000115","02252c1f-e824-44fc-bb10-8ce10b8a4d30 owl:annotatedProperty oboInOwl:hasExactSynonym","obo:DOID_4737 oboInOwl:hasDbXref SNOMEDCT_US_2015_03_01:31297008","obo:DOID_4737 oboInOwl:hasDbXref ICD10CM:F45.0","obo:DOID_8302 rdfs:label mixed endometrial stromal and smooth muscle tumor","obo:DOID_9948 rdf:type owl:Class","obo:DOID_10603 oboInOwl:hasOBONamespace disease_ontology","obo:DOID_14038 oboInOwl:id DOID:14038","obo:DOID_9024 oboInOwl:hasDbXref ICD10CM:D01.4","obo:DOID_4737 oboInOwl:hasDbXref SNOMEDCT_US_2015_03_01:192035008","obo:DOID_14251 oboInOwl:hasDbXref SNOMEDCT_US_2015_03_01:79556007","92405cf6-6813-4f3f-bd9c-e1facc5a764b owl:annotatedTarget Has watering eyes","2204194d-2565-423f-9708-c4e5c634106f owl:annotatedProperty oboInOwl:hasExactSynonym","a097cecd-fa5f-44f4-a158-2b80d78e6822 rdf:type owl:Axiom","obo:DOID_6808 oboInOwl:hasOBONamespace disease_ontology","52816845-0123-4c83-9f27-c32fb1d2ad03 rdf:type owl:Axiom","obo:DOID_5496 oboInOwl:hasExactSynonym Non-metastatic Synovial sarcoma","f5164d8b-2df3-4d0f-b081-af66226acdc8 oboInOwl:hasDbXref SNOMEDCT_2005_07_31:189683008","938ce232-e9c8-4356-a545-a43da8b5b352 oboInOwl:hasDbXref MTH:NOCODE","obo:DOID_11186 oboInOwl:hasOBONamespace disease_ontology","obo:DOID_14038 oboInOwl:hasExactSynonym Sexual precocity NOS","e804e745-de92-41ae-ac53-fdea183b4daa owl:annotatedSource obo:DOID_12839","b6de978d-70be-419e-9b40-ba957ba33217 owl:annotatedTarget Intermittent esotropia, monocular","obo:DOID_0050316 owl:deprecated true^^http://www.w3.org/2001/XMLSchema#boolean","obo:DOID_8590 oboInOwl:hasDbXref ICD9CM:557.0","obo:DOID_3078 rdfs:label grade III astrocytoma","obo:DOID_6808 oboInOwl:hasExactSynonym Basal cell nevus with Comedones","obo:DOID_8590 oboInOwl:hasDbXref SNOMEDCT_US_2015_03_01:196998009","5a6e46f1-2ec8-4975-bde9-8e884c3547a1 owl:annotatedProperty obo:IAO_0000115","obo:DOID_7567 oboInOwl:hasDbXref NCI:C40307","obo:DOID_10603 oboInOwl:id DOID:10603","2204194d-2565-423f-9708-c4e5c634106f owl:annotatedSource obo:DOID_8007","a036ea60-3770-4e6d-adc0-d107d298ecb1 owl:annotatedProperty obo:IAO_0000115","obo:DOID_4737 oboInOwl:hasExactSynonym psychophysiologic disorder","b6454213-fc4b-4ae9-bd28-6ff5cf606ea0 rdf:type owl:Axiom","obo:DOID_7479 oboInOwl:hasDbXref UMLS_CUI:C1333320","obo:DOID_14075 oboInOwl:hasExactSynonym Geniculate ganglionitis","obo:DOID_3166 oboInOwl:hasOBONamespace disease_ontology","obo:DOID_9061 rdf:type owl:Class","78b05297-a572-4fb6-bcba-157254a57c2e rdf:type owl:Axiom","obo:DOID_2444 oboInOwl:hasDbXref MSH:D006964","obo:DOID_0050404 owl:deprecated true^^http://www.w3.org/2001/XMLSchema#boolean","4a0b6961-2922-4ad2-abe6-432a1067c731 oboInOwl:hasDbXref url:http://ghr.nlm.nih.gov/condition/crouzon-syndrome","1d01aa35-9faa-42dd-8d09-799617ed9fd4 oboInOwl:hasDbXref NCI2004_11_17:C34444","obo:DOID_1100 rdf:type owl:Class","obo:DOID_0060007 obo:IAO_0000115 A severe combined immunodeficiency that affects the development and function of T cells.","obo:DOID_14075 oboInOwl:hasDbXref MSH:D005155","7372088d-1f3f-43c0-a6d1-afe5f193a685 owl:annotatedTarget primary malignant neoplasm of endometrium","c5dcf083-40c8-4963-bf5f-cd76b8a202a4 rdf:type owl:Axiom","8c370e44-c6ed-4b37-ba6c-70c323917ab7 owl:annotatedTarget UREMIA OF renal ORIGIN","obo:DOID_11186 oboInOwl:id DOID:11186","4b5738f9-f350-482d-b802-95a86d792585 oboInOwl:hasDbXref url:http://www.cancer.gov/dictionary/?CdrID\u003d46027","obo:DOID_0050441 oboInOwl:hasDbXref SNOMEDCT_US_2015_03_01:54898003","obo:DOID_0050316 oboInOwl:inSubset doid:gram-positive_bacterial_infectious_disease","b1d12d72-9209-47d0-84f4-c2b5f9aacebd owl:annotatedSource obo:DOID_10922","obo:DOID_0060044 rdfs:label paraphilia disorder","obo:DOID_6084 rdfs:label pediatric ovarian germ cell tumor","7a304bec-eac8-4b1c-9281-2893ff625ac1 oboInOwl:hasDbXref url:http://www.ncbi.nlm.nih.gov/pubmedhealth/PMH0004566/","obo:DOID_4737 oboInOwl:hasDbXref ICD9CM:306.8","071b03b7-4bcd-4ac1-94be-4a050c646098 owl:annotatedProperty oboInOwl:hasExactSynonym","obo:DOID_3078 oboInOwl:hasOBONamespace disease_ontology","obo:DOID_4686 rdfs:subClassOf obo:DOID_1107","obo:DOID_8465 oboInOwl:hasDbXref NCI:C85046","obo:DOID_2444 oboInOwl:hasDbXref SNOMEDCT_US_2015_03_01:154698000","obo:DOID_2444 oboInOwl:id DOID:2444","42f23d9d-fd19-4dc1-be92-4bcc2a930e80 oboInOwl:hasDbXref NCI2004_11_17:C8811","4a0b6961-2922-4ad2-abe6-432a1067c731 owl:annotatedSource obo:DOID_2339","obo:DOID_3166 oboInOwl:hasDbXref UMLS_CUI:C0023501","db553d4e-d440-4457-876e-9134432590f2 rdf:type owl:Axiom","1506eb7d-b2de-43de-9bad-f0dc88c2ef26 rdf:type owl:Axiom","7a77c4cc-6e99-4e9a-9f4f-ed3b2b9bfc15 owl:annotatedTarget Congenital adhesions of tongue","obo:DOID_10603 oboInOwl:hasDbXref NCI:C34646","39b8a798-a5e5-48b7-afec-1e3e9d06be64 rdf:type owl:Axiom","845412a7-500d-4920-afc6-700c5a511f23 owl:annotatedProperty oboInOwl:hasExactSynonym","obo:DOID_4737 oboInOwl:hasDbXref SNOMEDCT_US_2015_03_01:192437007","obo:DOID_4737 oboInOwl:hasAlternativeId DOID:10133","4a0b6961-2922-4ad2-abe6-432a1067c731 owl:annotatedTarget A craniosynostosis that involves premature fusion of certain skull bones. This early fusion prevents the skull from growing normally and affects the shape of the head and face. The disease is associated with mutations in the FGFR2 gene.","obo:DOID_10339 oboInOwl:hasExactSynonym simple schizophrenia","071b03b7-4bcd-4ac1-94be-4a050c646098 owl:annotatedSource obo:DOID_13014","obo:DOID_11149 oboInOwl:hasOBONamespace disease_ontology","obo:DOID_7567 oboInOwl:hasOBONamespace disease_ontology","obo:DOID_8465 oboInOwl:hasDbXref ICD10CM:H33.10","8af7655c-fb82-4013-bb2d-0be6b1cad975 owl:annotatedTarget Solitary plasmacytoma of bone","obo:DOID_3342 oboInOwl:hasDbXref SNOMEDCT_US_2015_03_01:363172002","72d3b58d-be3e-4525-bdbd-a4f48bb7a5fb owl:annotatedProperty oboInOwl:hasExactSynonym","obo:DOID_7706 owl:deprecated true^^http://www.w3.org/2001/XMLSchema#boolean","b1d12d72-9209-47d0-84f4-c2b5f9aacebd rdf:type owl:Axiom","13575719-8df4-4354-b30e-4587d43edd0d owl:annotatedTarget A lymphatic system cancer that has_material_basis_in endothelial cells located_in lymphatic vessels.","obo:DOID_9061 oboInOwl:id DOID:9061","bab3005a-588b-422e-904b-675906bf5791 owl:annotatedTarget A gastrointestinal tuberculosis that involves infection located_in liver, which results in the formation of tuberculous granulomas. The infection has_symptom fever, has_symptom anorexia, has_symptom weight loss, has_symptom abdominal pain and has_symptom jaundice.","obo:DOID_8289 owl:deprecated true^^http://www.w3.org/2001/XMLSchema#boolean","obo:DOID_4737 oboInOwl:hasDbXref UMLS_CUI:C0520482","4b5738f9-f350-482d-b802-95a86d792585 owl:annotatedTarget A leiomyosarcoma and sarcoma of bile duct that is located_in the bile duct or located_in the outside of the liver.","d6ae4b98-54ed-4326-8092-cda74819859a rdf:type owl:Axiom","obo:DOID_11450 oboInOwl:hasOBONamespace disease_ontology","de8e7b74-e0c9-4f44-93f4-34e476df636f owl:annotatedTarget neoplasm of nasal cavity disorder","b63029ca-4d13-4625-9700-7f6d33253bd1 owl:annotatedTarget A parasitic protozoa infectious disease that involves infection of humans and cattle caused by a genus of parasitic protozoa Theileria, which is transmitted by ixodid ticks.","obo:DOID_7479 oboInOwl:hasOBONamespace disease_ontology","obo:DOID_0050441 oboInOwl:hasExactSynonym Sulfatidosis, Juvenile, Austin Type","ff01b80c-fd2e-40ae-bf1d-ceaccac6fa37 oboInOwl:hasDbXref CSP2005:1849-0835","d7d31f0f-8280-4537-9eaa-8610f4e2d5ba owl:annotatedSource obo:DOID_3798","obo:DOID_14075 oboInOwl:hasExactSynonym Geniculate ganglionitis NOS","obo:DOID_887 owl:deprecated true^^http://www.w3.org/2001/XMLSchema#boolean","02f978b2-d923-47b2-8bab-5d690744ac55 owl:annotatedSource obo:DOID_11612","5a6e46f1-2ec8-4975-bde9-8e884c3547a1 oboInOwl:hasDbXref url:http://www.pubmedcentral.nih.gov/picrender.fcgi?artid\u003d2621418\u0026blobtype\u003dpdf","obo:DOID_3078 oboInOwl:hasDbXref SNOMEDCT_US_2015_03_01:55353007","5aec8a2a-29c1-41e3-93b7-a521b1fe1e5c oboInOwl:hasDbXref SNOMEDCT_2005_07_31:197229007","obo:DOID_8302 oboInOwl:hasDbXref NCI:C40178","obo:DOID_0060132 oboInOwl:hasExactSynonym receptive amusia","938ce232-e9c8-4356-a545-a43da8b5b352 owl:annotatedProperty oboInOwl:hasExactSynonym","obo:DOID_6084 rdf:type owl:Class","obo:DOID_3078 oboInOwl:inSubset doid:DO_cancer_slim","02f978b2-d923-47b2-8bab-5d690744ac55 oboInOwl:hasDbXref NCI2004_11_17:C27086","obo:DOID_3166 oboInOwl:hasExactSynonym Leukemoid reaction disorder","5a563e22-75c8-4abc-8965-ec58afe42e70 owl:annotatedSource obo:DOID_14384","obo:DOID_4598 rdfs:label deletion of chromosome 3p associated meningioma","4a0b6961-2922-4ad2-abe6-432a1067c731 oboInOwl:hasDbXref url:http://emedicine.medscape.com/article/942989-overview","50fc7dfd-44d4-4b68-b212-7e9611fa2b2f owl:annotatedProperty oboInOwl:hasExactSynonym","ecd718f7-cdd9-4e36-a4cb-e15bf38d2d2c owl:annotatedTarget IgA nephropathy disorder","obo:DOID_10603 oboInOwl:hasDbXref SNOMEDCT_US_2015_03_01:190752008","obo:DOID_9024 rdf:type owl:Class","96a6eb89-e668-4815-bd43-8004197d35e6 owl:annotatedProperty obo:IAO_0000115","obo:DOID_2620 oboInOwl:hasOBONamespace disease_ontology","obo:DOID_8465 oboInOwl:hasDbXref MSH:D041441","obo:DOID_0050228 owl:deprecated true^^http://www.w3.org/2001/XMLSchema#boolean","obo:DOID_14163 oboInOwl:hasExactSynonym secondary malignant neoplasm of anus disorder","02f978b2-d923-47b2-8bab-5d690744ac55 owl:annotatedTarget Polycystic Ovarian disease","obo:DOID_6808 owl:deprecated true^^http://www.w3.org/2001/XMLSchema#boolean","72d3b58d-be3e-4525-bdbd-a4f48bb7a5fb rdf:type owl:Axiom","5a6e46f1-2ec8-4975-bde9-8e884c3547a1 oboInOwl:hasDbXref url:http://en.wikipedia.org/wiki/Bronchiolitis","50f8b868-ae30-4c75-b6fc-ef1d1bd8f246 owl:annotatedTarget metastatic renal cell cancer","obo:DOID_0050316 oboInOwl:hasOBONamespace disease_ontology","obo:DOID_3166 rdfs:subClassOf obo:DOID_0070004","f5d6b0cc-4348-48a8-bd6c-8290b24d17b0 rdf:type owl:Axiom","845412a7-500d-4920-afc6-700c5a511f23 rdf:type owl:Axiom","1506eb7d-b2de-43de-9bad-f0dc88c2ef26 owl:annotatedTarget Hodgkins-like PTLD","39b8a798-a5e5-48b7-afec-1e3e9d06be64 owl:annotatedProperty oboInOwl:hasExactSynonym","13575719-8df4-4354-b30e-4587d43edd0d oboInOwl:hasDbXref ISBN:0-7817-2229-2","a8ef8e3b-e7e4-447e-bfc5-bbc5fabdba5f owl:annotatedProperty obo:IAO_0000115","1506eb7d-b2de-43de-9bad-f0dc88c2ef26 owl:annotatedProperty oboInOwl:hasExactSynonym","72d3b58d-be3e-4525-bdbd-a4f48bb7a5fb oboInOwl:hasDbXref NCI2004_11_17:C26836","db553d4e-d440-4457-876e-9134432590f2 owl:annotatedProperty oboInOwl:hasExactSynonym","8c370e44-c6ed-4b37-ba6c-70c323917ab7 owl:annotatedSource obo:DOID_4676","obo:DOID_4737 rdf:type owl:Class","obo:DOID_1973 rdf:type owl:Class","d6ae4b98-54ed-4326-8092-cda74819859a owl:annotatedProperty oboInOwl:hasExactSynonym","obo:DOID_3342 oboInOwl:hasDbXref MSH:D010000","b63029ca-4d13-4625-9700-7f6d33253bd1 rdf:type owl:Axiom","obo:DOID_1100 oboInOwl:hasExactSynonym disorder of ovary disorder","obo:DOID_14038 oboInOwl:hasExactSynonym Precocious puberty","b6de978d-70be-419e-9b40-ba957ba33217 oboInOwl:hasDbXref ICD9CM_2006:378.21","obo:DOID_9948 rdfs:label residual stage corticosteroid-induced glaucoma","b1d12d72-9209-47d0-84f4-c2b5f9aacebd owl:annotatedProperty oboInOwl:hasExactSynonym","d6505197-e024-4381-9104-11f6367e90b4 oboInOwl:hasDbXref SNOMEDCT_2005_07_31:15417005","obo:DOID_0060007 rdf:type owl:Class","obo:DOID_4737 oboInOwl:hasDbXref SNOMEDCT_US_2015_03_01:9514005","82702747-a4dd-4588-9ef6-3841cd8ad1f1 owl:annotatedProperty obo:IAO_0000115","27647eba-ae97-4111-a240-3cf17d4240e5 owl:annotatedTarget A carcinoma of bladder that originates in the epithelial cells the internal lining of the bladder wall and is limited to this area.","50fc7dfd-44d4-4b68-b212-7e9611fa2b2f rdf:type owl:Axiom","obo:DOID_5496 rdfs:label nonmetastatic synovial sarcoma","obo:DOID_1973 oboInOwl:hasExactSynonym fallopian tube mullerian adenosarcoma","938ce232-e9c8-4356-a545-a43da8b5b352 rdf:type owl:Axiom","a2b4ed69-6878-4137-af6e-2583a37f351c owl:annotatedTarget Leptospirosis icterohaemorrhagica","27647eba-ae97-4111-a240-3cf17d4240e5 owl:annotatedSource obo:DOID_7371","obo:DOID_1100 oboInOwl:hasDbXref SNOMEDCT_US_2015_03_01:5552004","obo:DOID_5421 oboInOwl:hasDbXref NCI:C9137","39b8a798-a5e5-48b7-afec-1e3e9d06be64 owl:annotatedSource obo:DOID_169","obo:DOID_11186 oboInOwl:hasExactSynonym Allescheriosis [Petriellidosis]","a8ef8e3b-e7e4-447e-bfc5-bbc5fabdba5f oboInOwl:hasDbXref url:http://www.cancer.gov/dictionary?CdrID\u003d446528","obo:DOID_0050441 oboInOwl:hasDbXref NCI:C84908","522feee8-accd-4cf0-97a7-851cdf48131a oboInOwl:hasDbXref url:http://rarediseases.info.nih.gov/GARD/Condition/4611/Pycnodysostosis.aspx","obo:DOID_11186 oboInOwl:hasExactSynonym Allescheriosis disorder","obo:DOID_4737 oboInOwl:hasDbXref SNOMEDCT_US_2015_03_01:192431008","obo:DOID_14251 oboInOwl:hasDbXref ICD9CM:362.73","obo:DOID_13404 rdfs:subClassOf obo:DOID_11335","obo:DOID_5421 rdfs:subClassOf obo:DOID_5409","f36b283a-ec87-4060-bc18-87acb26990b1 owl:annotatedTarget Myocardial infarct","obo:DOID_4686 oboInOwl:hasDbXref NCI:C5343","807acf1b-5bef-43c4-8563-ec6103c163a0 owl:annotatedTarget acute gonococcal endometritis disorder","937a9b66-832c-441e-9c3f-1c5c4311e752 owl:annotatedSource obo:DOID_334","fef7aeb9-3fd8-47ac-85fc-def65ef2fd95 owl:annotatedSource obo:DOID_4205","obo:DOID_8590 oboInOwl:id DOID:8590","5fad6363-3861-41a4-8945-3094a2cf469b owl:annotatedSource obo:DOID_12196","40bf6825-8793-4a8a-a9c7-5ca34da6a560 owl:annotatedSource obo:DOID_12936","obo:DOID_7479 rdfs:label duodenal somatostatinoma","937a9b66-832c-441e-9c3f-1c5c4311e752 rdf:type owl:Axiom","obo:DOID_0050404 oboInOwl:hasOBONamespace disease_ontology","a097cecd-fa5f-44f4-a158-2b80d78e6822 owl:annotatedProperty oboInOwl:hasExactSynonym","obo:DOID_0050441 oboInOwl:hasOBONamespace disease_ontology","2204194d-2565-423f-9708-c4e5c634106f rdf:type owl:Axiom","obo:DOID_7706 oboInOwl:hasOBONamespace disease_ontology","obo:DOID_14251 oboInOwl:id DOID:14251","obo:DOID_8289 oboInOwl:hasOBONamespace disease_ontology","937a9b66-832c-441e-9c3f-1c5c4311e752 owl:annotatedTarget A personality disorder that is characterized by a pattern of excessive emotionality and attention-seeking, including an excessive need for approval and inappropriately seductive behavior, usually beginning in early adulthood.","4b5738f9-f350-482d-b802-95a86d792585 rdf:type owl:Axiom","obo:DOID_8590 oboInOwl:hasOBONamespace disease_ontology","02252c1f-e824-44fc-bb10-8ce10b8a4d30 rdf:type owl:Axiom","obo:DOID_3254 oboInOwl:hasOBONamespace disease_ontology","obo:DOID_0060220 rdf:type owl:Class","obo:DOID_2620 oboInOwl:id DOID:2620","obo:DOID_5421 oboInOwl:hasRelatedSynonym combined type small cell carcinoma of lung","obo:DOID_4737 oboInOwl:hasDbXref SNOMEDCT_US_2015_03_01:191743005","obo:DOID_3166 oboInOwl:hasExactSynonym LEUKEMOID REACTION","obo:DOID_14251 rdfs:subClassOf obo:DOID_8501","4b5738f9-f350-482d-b802-95a86d792585 owl:annotatedSource obo:DOID_5293","obo:DOID_3927 oboInOwl:id DOID:3927","obo:DOID_8590 oboInOwl:hasExactSynonym acute intestinal Ischemia","obo:DOID_3254 oboInOwl:hasDbXref UMLS_CUI:C2064434","a8ef8e3b-e7e4-447e-bfc5-bbc5fabdba5f owl:annotatedSource obo:DOID_8850","obo:DOID_390 oboInOwl:hasExactSynonym Antenatal deep vein thrombosis NOS disorder","obo:DOID_5208 oboInOwl:hasDbXref NCI:C4291","52816845-0123-4c83-9f27-c32fb1d2ad03 owl:annotatedProperty oboInOwl:hasExactSynonym","obo:DOID_7706 oboInOwl:id DOID:7706","18ea78de-a750-41eb-94cf-4684a0e21f5e oboInOwl:hasDbXref SNOMEDCT_2005_07_31:399533005","b1d12d72-9209-47d0-84f4-c2b5f9aacebd owl:annotatedTarget Sickle cell anemia with crisis disorder","4dac30ec-5697-4f08-a9e9-45e7ab0ac503 owl:annotatedTarget early gastric cancer disorder","obo:DOID_5496 rdf:type owl:Class","78b05297-a572-4fb6-bcba-157254a57c2e owl:annotatedProperty oboInOwl:hasExactSynonym","obo:DOID_11186 oboInOwl:hasDbXref ICD10CM:B48.2","df2afbc8-1858-4bfa-83b9-564735b612f3 owl:annotatedSource obo:DOID_10997","obo:DOID_0060132 rdf:type owl:Class","db553d4e-d440-4457-876e-9134432590f2 owl:annotatedTarget Tibial neuropathy disorder","obo:DOID_2620 owl:deprecated true^^http://www.w3.org/2001/XMLSchema#boolean","obo:DOID_0050353 rdfs:label wound botulism","b6454213-fc4b-4ae9-bd28-6ff5cf606ea0 owl:annotatedProperty oboInOwl:hasExactSynonym","obo:DOID_0050228 oboInOwl:hasOBONamespace disease_ontology","obo:DOID_14075 oboInOwl:hasDbXref ICD10CM:G51.1","39b8a798-a5e5-48b7-afec-1e3e9d06be64 owl:annotatedTarget neuroendocrine neoplasm","fc65ef76-6713-4ea7-9462-369a6eee2e17 owl:annotatedTarget A bone remodeling disease that results_in abnormal elevated bone density or mass.","071b03b7-4bcd-4ac1-94be-4a050c646098 rdf:type owl:Axiom","obo:DOID_887 oboInOwl:hasOBONamespace disease_ontology","obo:DOID_11186 oboInOwl:hasDbXref UMLS_CUI:C0153285","obo:DOID_3078 oboInOwl:hasDbXref UMLS_CUI:C0334579","obo:DOID_0060132 obo:IAO_0000115 An agnosia that is a loss of the ability to recognize musical notes, rhythms, and intervals.","obo:DOID_3342 oboInOwl:hasOBONamespace disease_ontology","7a304bec-eac8-4b1c-9281-2893ff625ac1 owl:annotatedProperty obo:IAO_0000115","obo:DOID_8302 rdf:type owl:Class","obo:DOID_0060132 rdfs:label amusia","obo:DOID_0050441 rdfs:subClassOf obo:DOID_1927","522feee8-accd-4cf0-97a7-851cdf48131a owl:annotatedProperty obo:IAO_0000115","c97f27cf-284e-46d5-acf4-1cccc94d0d6c owl:annotatedTarget neurotoxicity","78b05297-a572-4fb6-bcba-157254a57c2e owl:annotatedSource obo:DOID_4263","4b5738f9-f350-482d-b802-95a86d792585 oboInOwl:hasDbXref url:http://www.cancer.gov/dictionary/?CdrID\u003d44498","obo:DOID_8289 oboInOwl:id DOID:8289","9a21190b-dba2-4714-a295-dc861a57685c owl:annotatedTarget Ring staphyloma disorder","13575719-8df4-4354-b30e-4587d43edd0d rdf:type owl:Axiom","63a2f892-38f6-4e8a-8af4-a4aa01934dd4 owl:annotatedTarget malignant melanoma of ciliary body disorder","c5dcf083-40c8-4963-bf5f-cd76b8a202a4 owl:annotatedProperty oboInOwl:hasExactSynonym","obo:DOID_14251 rdfs:label vitreoretinal dystrophy","00a4c173-955b-402d-9c1f-5480cadfa11c oboInOwl:hasDbXref NCI2004_11_17:C4462","obo:DOID_8590 oboInOwl:hasDbXref UMLS_CUI:C0001363","50fc7dfd-44d4-4b68-b212-7e9611fa2b2f owl:annotatedTarget respiratory distress syndrome of newborn"],"InferredAxioms":["obo:DOID_4090 rdfs:subClassOf obo:DOID_4090","rdf:object rdfs:domain rdf:Statement","rdf:Bag rdfs:subClassOf rdf:Bag","obo:DOID_2640 rdf:type rdfs:Resource","obo:DOID_14075 rdf:type rdfs:Class","obo:DOID_11450 rdf:type rdfs:Resource","obo:DOID_0060220 rdf:type rdfs:Resource","obo:DOID_8501 rdf:type rdfs:Resource","rdfs:Resource rdf:type rdfs:Class","obo:DOID_10021 rdfs:subClassOf obo:DOID_10021","obo:DOID_0060044 rdf:type rdfs:Class","obo:DOID_11149 rdfs:subClassOf obo:DOID_11149","obo:DOID_150 rdf:type rdfs:Resource","rdf:XMLLiteral rdf:type rdfs:Datatype","obo:DOID_7567 rdfs:subClassOf obo:DOID_7567","rdf:XMLLiteral rdf:type rdfs:Class","obo:DOID_9024 rdfs:subClassOf obo:DOID_9024","obo:DOID_1927 rdf:type rdfs:Class","obo:DOID_4686 rdf:type rdfs:Class","rdfs:domain rdfs:domain rdf:Property","rdf:first rdfs:domain rdf:List","obo:DOID_1686 rdf:type rdfs:Resource","obo:DOID_0060043 rdf:type rdfs:Class","obo:DOID_5208 rdfs:subClassOf obo:DOID_5208","rdf:predicate rdfs:domain rdf:Statement","obo:DOID_0050292 rdfs:subClassOf obo:DOID_0050292","obo:DOID_9948 rdf:type rdfs:Class","obo:DOID_11149 rdf:type rdfs:Resource","obo:DOID_7567 rdf:type rdfs:Resource","obo:DOID_0070004 rdfs:subClassOf obo:DOID_0070004","obo:DOID_0050292 rdf:type rdfs:Resource","obo:DOID_10021 rdf:type rdfs:Resource","obo:DOID_9809 rdfs:subClassOf obo:DOID_9809","rdfs:domain rdf:type rdfs:Resource","obo:DOID_11186 rdfs:subClassOf obo:DOID_11186","rdfs:subPropertyOf rdfs:range rdf:Property","obo:DOID_9460 rdfs:subClassOf obo:DOID_9460","rdf:Seq rdf:type rdfs:Class","obo:DOID_1107 rdf:type rdfs:Resource","obo:DOID_1555 rdf:type rdfs:Resource","obo:DOID_5421 rdfs:subClassOf obo:DOID_5421","obo:DOID_0060132 rdf:type rdfs:Resource","rdf:predicate rdfs:subPropertyOf rdf:predicate","obo:DOID_627 rdf:type rdfs:Class","obo:DOID_13316 rdf:type rdfs:Resource","obo:DOID_9946 rdf:type rdfs:Class","rdf:Alt rdfs:subClassOf rdf:Alt","obo:DOID_2444 rdf:type rdfs:Class","obo:DOID_53 rdf:type rdfs:Class","owl:Class rdf:type rdfs:Resource","obo:DOID_4195 rdf:type rdfs:Resource","obo:DOID_1686 rdfs:subClassOf obo:DOID_1686","rdfs:domain rdf:type rdf:Property","obo:DOID_4090 rdf:type rdfs:Class","obo:DOID_7479 rdf:type rdfs:Resource","rdfs:subClassOf rdf:type rdfs:Resource","rdf:rest rdfs:range rdf:List","obo:DOID_1100 rdfs:subClassOf obo:DOID_1100","obo:DOID_8302 rdf:type rdfs:Resource","rdf:first rdfs:subPropertyOf rdf:first","obo:DOID_0070004 rdf:type rdfs:Class","obo:DOID_11335 rdf:type rdfs:Resource","rdf:Alt rdf:type rdfs:Class","obo:DOID_150 rdfs:subClassOf obo:DOID_150","obo:DOID_5421 rdf:type rdfs:Class","rdf:List rdf:type rdfs:Class","rdfs:subClassOf rdf:type rdf:Property","obo:DOID_4064 rdf:type rdfs:Resource","obo:DOID_13404 rdf:type rdfs:Resource","obo:DOID_1100 rdf:type rdfs:Class","obo:DOID_1970 rdf:type rdfs:Resource","rdf:Bag rdfs:subClassOf rdfs:Container","rdf:Property rdfs:subClassOf rdfs:Resource","obo:DOID_1756 rdfs:subClassOf obo:DOID_1756","obo:DOID_2640 rdfs:subClassOf obo:DOID_2640","obo:DOID_0050441 rdf:type rdfs:Class","rdf:predicate rdf:type rdf:Property","obo:DOID_11976 rdf:type rdfs:Class","obo:DOID_11186 rdf:type rdfs:Resource","obo:DOID_1294 rdf:type rdfs:Class","rdf:Statement rdf:type rdfs:Resource","obo:DOID_11450 rdfs:subClassOf obo:DOID_11450","obo:DOID_8590 rdf:type rdfs:Class","rdf:Bag rdf:type rdfs:Resource","rdf:object rdfs:subPropertyOf rdf:object","rdf:nil rdf:type rdf:List","rdfs:comment rdfs:range rdfs:Literal","obo:DOID_3254 rdf:type rdfs:Class","owl:Axiom rdf:type rdfs:Class","rdf:predicate rdf:type rdfs:Resource","obo:DOID_627 rdfs:subClassOf obo:DOID_627","rdf:Property rdfs:subClassOf rdf:Property","obo:DOID_2156 rdfs:subClassOf obo:DOID_2156","obo:DOID_229 rdf:type rdfs:Class","obo:DOID_4737 rdf:type rdfs:Resource","rdf:object rdf:type rdfs:Resource","obo:DOID_0060220 rdfs:subClassOf obo:DOID_0060220","obo:DOID_3342 rdfs:subClassOf obo:DOID_3342","rdfs:Container rdf:type rdfs:Class","obo:DOID_8501 rdfs:subClassOf obo:DOID_8501","obo:DOID_1973 rdf:type rdfs:Resource","rdf:Statement rdfs:subClassOf rdfs:Resource","obo:DOID_3927 rdf:type rdfs:Class","obo:DOID_10603 rdfs:subClassOf obo:DOID_10603","obo:DOID_14251 rdf:type rdfs:Class","obo:DOID_10603 rdf:type rdfs:Resource","obo:DOID_26 rdfs:subClassOf obo:DOID_26","rdfs:isDefinedBy rdfs:subPropertyOf rdfs:seeAlso","rdf:Seq rdfs:subClassOf rdf:Seq","obo:DOID_1756 rdf:type rdfs:Resource","obo:DOID_5409 rdf:type rdfs:Class","rdf:object rdf:type rdf:Property","rdf:Property rdf:type rdfs:Resource","rdfs:Literal rdf:type rdfs:Class","obo:DOID_9024 rdf:type rdfs:Class","obo:DOID_5208 rdf:type rdfs:Class","obo:DOID_0060007 rdf:type rdfs:Resource","rdfs:Class rdfs:subClassOf rdfs:Class","rdfs:subClassOf rdfs:range rdfs:Class","obo:DOID_1973 rdfs:subClassOf obo:DOID_1973","rdfs:Datatype rdf:type rdfs:Resource","obo:DOID_5295 rdf:type rdfs:Resource","obo:DOID_6084 rdfs:subClassOf obo:DOID_6084","obo:DOID_53 rdfs:subClassOf obo:DOID_53","rdfs:ContainerMembershipProperty rdf:type rdfs:Resource","obo:DOID_9460 rdf:type rdfs:Class","obo:DOID_3078 rdf:type rdfs:Resource","obo:DOID_9809 rdf:type rdfs:Class","rdf:rest rdf:type rdf:Property","rdfs:seeAlso rdf:type rdfs:Resource","rdfs:comment rdf:type rdfs:Resource","obo:DOID_2444 rdfs:subClassOf obo:DOID_2444","obo:DOID_2156 rdf:type rdfs:Class","rdfs:domain rdfs:range rdfs:Class","obo:DOID_3342 rdf:type rdfs:Class","obo:DOID_3069 rdf:type rdfs:Resource","obo:DOID_26 rdf:type rdfs:Class","obo:DOID_3166 rdf:type rdfs:Resource","obo:DOID_6084 rdf:type rdfs:Class","obo:DOID_0050353 rdf:type rdfs:Resource","obo:DOID_0080001 rdfs:subClassOf obo:DOID_0080001","rdfs:Class rdf:type rdfs:Class","obo:DOID_4737 rdfs:subClassOf obo:DOID_4737","obo:DOID_8719 rdf:type rdfs:Class","obo:DOID_9946 rdfs:subClassOf obo:DOID_9946","obo:DOID_0080001 rdf:type rdfs:Class","rdf:rest rdf:type rdfs:Resource","obo:DOID_8719 rdfs:subClassOf obo:DOID_8719","rdfs:seeAlso rdf:type rdf:Property","rdfs:ContainerMembershipProperty rdfs:subClassOf rdf:Property","rdfs:comment rdf:type rdf:Property","obo:DOID_3153 rdf:type rdfs:Resource","obo:DOID_0060007 rdfs:subClassOf obo:DOID_0060007","obo:DOID_4737 rdf:type rdfs:Class","obo:DOID_229 rdf:type rdfs:Resource","obo:DOID_1973 rdf:type rdfs:Class","rdf:nil rdf:type rdfs:Resource","rdfs:Container rdf:type rdfs:Resource","rdf:subject rdf:type rdf:Property","rdf:Seq rdfs:subClassOf rdfs:Container","obo:DOID_14251 rdf:type rdfs:Resource","obo:DOID_10603 rdf:type rdfs:Class","rdf:rest rdfs:domain rdf:List","rdf:subject rdf:type rdfs:Resource","obo:DOID_9948 rdfs:subClassOf obo:DOID_9948","obo:DOID_3927 rdf:type rdfs:Resource","obo:DOID_3254 rdfs:subClassOf obo:DOID_3254","rdfs:isDefinedBy rdfs:subPropertyOf rdfs:isDefinedBy","rdf:Property rdf:type rdfs:Class","obo:DOID_8302 rdfs:subClassOf obo:DOID_8302","obo:DOID_5409 rdf:type rdfs:Resource","obo:DOID_1756 rdf:type rdfs:Class","obo:DOID_11976 rdf:type rdfs:Resource","obo:DOID_11186 rdf:type rdfs:Class","obo:DOID_0050441 rdf:type rdfs:Resource","rdf:Statement rdf:type rdfs:Class","rdfs:label rdf:type rdf:Property","obo:DOID_1294 rdf:type rdfs:Resource","obo:DOID_7479 rdfs:subClassOf obo:DOID_7479","rdfs:label rdf:type rdfs:Resource","obo:DOID_8590 rdfs:subClassOf obo:DOID_8590","rdf:Bag rdf:type rdfs:Class","obo:DOID_8590 rdf:type rdfs:Resource","rdf:Alt rdfs:subClassOf rdfs:Container","rdfs:subPropertyOf rdfs:domain rdf:Property","obo:DOID_3254 rdf:type rdfs:Resource","owl:Axiom rdf:type rdfs:Resource","obo:DOID_2156 rdf:type rdfs:Resource","obo:DOID_5295 rdfs:subClassOf obo:DOID_5295","rdfs:label rdfs:range rdfs:Literal","obo:DOID_1294 rdfs:subClassOf obo:DOID_1294","rdfs:Datatype rdfs:subClassOf rdfs:Datatype","rdfs:Datatype rdfs:subClassOf rdfs:Class","obo:DOID_3166 rdf:type rdfs:Class","obo:DOID_4064 rdfs:subClassOf obo:DOID_4064","rdfs:subPropertyOf rdf:type rdf:Property","obo:DOID_26 rdf:type rdfs:Resource","obo:DOID_3342 rdf:type rdfs:Resource","obo:DOID_3069 rdf:type rdfs:Class","obo:DOID_13404 rdfs:subClassOf obo:DOID_13404","obo:DOID_1927 rdfs:subClassOf obo:DOID_1927","rdfs:Class rdf:type rdfs:Resource","rdfs:range rdfs:range rdfs:Class","obo:DOID_0050353 rdf:type rdfs:Class","obo:DOID_1970 rdfs:subClassOf obo:DOID_1970","rdfs:subPropertyOf rdf:type rdfs:Resource","obo:DOID_6084 rdf:type rdfs:Resource","rdfs:Literal rdfs:subClassOf rdfs:Resource","obo:DOID_3153 rdf:type rdfs:Class","obo:DOID_4686 rdfs:subClassOf obo:DOID_4686","obo:DOID_0080001 rdf:type rdfs:Resource","obo:DOID_8719 rdf:type rdfs:Resource","obo:DOID_0060007 rdf:type rdfs:Class","obo:DOID_5208 rdf:type rdfs:Resource","rdfs:Literal rdf:type rdfs:Resource","rdf:type rdf:type rdf:Property","obo:DOID_9024 rdf:type rdfs:Resource","obo:DOID_11335 rdfs:subClassOf obo:DOID_11335","rdfs:Class rdfs:subClassOf rdfs:Resource","rdfs:ContainerMembershipProperty rdfs:subClassOf rdfs:ContainerMembershipProperty","obo:DOID_5295 rdf:type rdfs:Class","obo:DOID_0050441 rdfs:subClassOf obo:DOID_0050441","rdfs:Datatype rdf:type rdfs:Class","obo:DOID_3078 rdf:type rdfs:Class","obo:DOID_9460 rdf:type rdfs:Resource","obo:DOID_9809 rdf:type rdfs:Resource","obo:DOID_3078 rdfs:subClassOf obo:DOID_3078","rdfs:ContainerMembershipProperty rdf:type rdfs:Class","rdf:type rdf:type rdfs:Resource","obo:DOID_11976 rdfs:subClassOf obo:DOID_11976","obo:DOID_0060043 rdfs:subClassOf obo:DOID_0060043","obo:DOID_4686 rdf:type rdfs:Resource","obo:DOID_0060044 rdfs:subClassOf obo:DOID_0060044","obo:DOID_1927 rdf:type rdfs:Resource","obo:DOID_150 rdf:type rdfs:Class","rdf:XMLLiteral rdf:type rdfs:Resource","rdfs:isDefinedBy rdf:type rdfs:Resource","obo:DOID_0060043 rdf:type rdfs:Resource","obo:DOID_3166 rdfs:subClassOf obo:DOID_3166","obo:DOID_14251 rdfs:subClassOf obo:DOID_14251","obo:DOID_1686 rdf:type rdfs:Class","obo:DOID_0050292 rdf:type rdfs:Class","obo:DOID_3927 rdfs:subClassOf obo:DOID_3927","obo:DOID_3069 rdfs:subClassOf obo:DOID_3069","obo:DOID_11149 rdf:type rdfs:Class","obo:DOID_7567 rdf:type rdfs:Class","rdfs:range rdfs:domain rdf:Property","rdfs:isDefinedBy rdf:type rdf:Property","obo:DOID_9948 rdf:type rdfs:Resource","obo:DOID_10021 rdf:type rdfs:Class","obo:DOID_13316 rdfs:subClassOf obo:DOID_13316","obo:DOID_5409 rdfs:subClassOf obo:DOID_5409","obo:DOID_14075 rdfs:subClassOf obo:DOID_14075","obo:DOID_11450 rdf:type rdfs:Class","obo:DOID_14075 rdf:type rdfs:Resource","obo:DOID_0060132 rdfs:subClassOf obo:DOID_0060132","rdf:rest rdfs:subPropertyOf rdf:rest","rdfs:subClassOf rdfs:domain rdfs:Class","obo:DOID_1555 rdfs:subClassOf obo:DOID_1555","obo:DOID_2640 rdf:type rdfs:Class","obo:DOID_1107 rdfs:subClassOf obo:DOID_1107","rdfs:Resource rdf:type rdfs:Resource","rdf:subject rdfs:domain rdf:Statement","obo:DOID_0060044 rdf:type rdfs:Resource","obo:DOID_8501 rdf:type rdfs:Class","obo:DOID_0060220 rdf:type rdfs:Class","rdf:first rdf:type rdfs:Resource","obo:DOID_7479 rdf:type rdfs:Class","obo:DOID_4090 rdf:type rdfs:Resource","obo:DOID_0070004 rdf:type rdfs:Resource","obo:DOID_229 rdfs:subClassOf obo:DOID_229","obo:DOID_8302 rdf:type rdfs:Class","rdfs:seeAlso rdfs:subPropertyOf rdfs:seeAlso","obo:DOID_5421 rdf:type rdfs:Resource","rdf:type rdfs:range rdfs:Class","obo:DOID_11335 rdf:type rdfs:Class","rdf:Alt rdf:type rdfs:Resource","rdf:first rdf:type rdf:Property","obo:DOID_13404 rdf:type rdfs:Class","obo:DOID_1970 rdf:type rdfs:Class","obo:DOID_1100 rdf:type rdfs:Resource","obo:DOID_4064 rdf:type rdfs:Class","obo:DOID_3153 rdfs:subClassOf obo:DOID_3153","rdf:List rdf:type rdfs:Resource","obo:DOID_0050353 rdfs:subClassOf obo:DOID_0050353","rdfs:range rdf:type rdf:Property","rdf:List rdfs:subClassOf rdfs:Resource","rdf:subject rdfs:subPropertyOf rdf:subject","rdf:Seq rdf:type rdfs:Resource","rdfs:Container rdfs:subClassOf rdfs:Container","obo:DOID_627 rdf:type rdfs:Resource","obo:DOID_13316 rdf:type rdfs:Class","obo:DOID_4195 rdfs:subClassOf obo:DOID_4195","obo:DOID_1107 rdf:type rdfs:Class","obo:DOID_1555 rdf:type rdfs:Class","obo:DOID_0060132 rdf:type rdfs:Class","obo:DOID_2444 rdf:type rdfs:Resource","obo:DOID_9946 rdf:type rdfs:Resource","obo:DOID_4195 rdf:type rdfs:Class","rdfs:range rdf:type rdfs:Resource","obo:DOID_53 rdf:type rdfs:Resource","owl:Class rdf:type rdfs:Class"],"InvalidAxioms":["rdfs:range rdfs:subClassOf obo:DOID_1555","rdf:subject rdfs:subClassOf obo:DOID_0050353","rdfs:Container rdfs:subClassOf obo:DOID_9946","rdfs:label rdfs:subPropertyOf rdfs:seeAlso","obo:DOID_11149 rdfs:subPropertyOf rdf:object","obo:DOID_8501 rdf:type rdf:Property","obo:DOID_3069 rdfs:subClassOf rdfs:Container","rdfs:range rdfs:subClassOf obo:DOID_0060132","obo:DOID_0050441 rdfs:subClassOf obo:DOID_1970","rdf:object rdfs:range rdfs:Class","rdfs:subClassOf rdfs:range rdfs:Literal","rdfs:seeAlso rdfs:subPropertyOf rdf:subject","rdfs:isDefinedBy rdfs:subClassOf obo:DOID_5421","obo:DOID_11976 rdfs:subPropertyOf rdfs:seeAlso","rdf:Alt rdfs:subClassOf obo:DOID_0060007","obo:DOID_9946 rdfs:subClassOf obo:DOID_3342","obo:DOID_1107 rdfs:subClassOf obo:DOID_11976","obo:DOID_229 rdfs:subClassOf obo:DOID_0050353","obo:DOID_8590 rdfs:subClassOf obo:DOID_13404","obo:DOID_1927 rdf:type rdf:List","obo:DOID_8719 rdfs:subClassOf obo:DOID_9024","rdf:subject rdfs:subClassOf obo:DOID_9946","rdf:Statement rdfs:subPropertyOf rdfs:isDefinedBy","obo:DOID_9460 rdfs:subClassOf rdf:Seq","obo:DOID_9948 rdfs:subClassOf obo:DOID_4195","obo:DOID_8590 rdfs:range rdf:Property","obo:DOID_11450 rdfs:subClassOf rdfs:Resource","rdfs:isDefinedBy rdf:type rdfs:Class","rdfs:isDefinedBy rdf:type rdfs:Datatype","obo:DOID_4064 rdfs:subClassOf obo:DOID_0050441","obo:DOID_0060220 rdfs:subPropertyOf rdf:object","obo:DOID_3078 rdfs:subClassOf rdfs:Container","obo:DOID_0070004 rdfs:subClassOf obo:DOID_1555","obo:DOID_2444 rdfs:subClassOf obo:DOID_0060007","rdf:subject rdfs:subClassOf obo:DOID_1970","rdfs:label rdfs:subClassOf obo:DOID_9946","obo:DOID_1973 rdfs:subClassOf rdfs:Container","obo:DOID_0060044 rdfs:subClassOf obo:DOID_0060132","obo:DOID_1100 rdfs:subClassOf rdfs:Class","obo:DOID_7479 rdfs:subClassOf obo:DOID_10021","obo:DOID_6084 rdfs:subClassOf obo:DOID_0050353","obo:DOID_4090 rdfs:subClassOf rdf:Alt","owl:Class rdfs:subClassOf obo:DOID_11149","obo:DOID_0060043 rdfs:subClassOf obo:DOID_4090","rdf:type rdfs:subPropertyOf rdfs:seeAlso","rdfs:seeAlso rdfs:range rdfs:Class","rdf:type rdfs:subClassOf obo:DOID_4064","obo:DOID_627 rdf:type rdfs:Datatype","rdf:List rdfs:subClassOf obo:DOID_5295","obo:DOID_8302 rdfs:subClassOf obo:DOID_0060044","rdf:type rdfs:subClassOf obo:DOID_1970","rdf:Bag rdfs:subClassOf obo:DOID_11186","rdf:predicate rdfs:subClassOf obo:DOID_229","obo:DOID_7567 rdfs:domain rdf:Property","rdfs:range rdf:type rdfs:Class","obo:DOID_3254 rdfs:subClassOf obo:DOID_3166","obo:DOID_8302 rdfs:subPropertyOf rdf:object","rdf:Statement rdfs:subClassOf obo:DOID_1927","obo:DOID_627 rdfs:subClassOf obo:DOID_4195","rdfs:Literal rdfs:subClassOf obo:DOID_9809","rdf:first rdf:type rdfs:Class","rdf:Alt rdfs:subClassOf obo:DOID_4195","rdfs:subClassOf rdfs:subClassOf obo:DOID_0050292","rdfs:range rdf:type rdf:List","obo:DOID_9809 rdfs:subClassOf obo:DOID_11335","obo:DOID_4195 rdfs:subClassOf rdfs:Resource","rdf:rest rdfs:subClassOf rdf:Bag","obo:DOID_11976 rdfs:subClassOf obo:DOID_5208","obo:DOID_13316 rdfs:subClassOf obo:DOID_3254","rdf:List rdfs:subClassOf obo:DOID_1100","obo:DOID_13316 rdfs:subClassOf rdfs:Resource","obo:DOID_3078 rdfs:domain rdf:Statement","obo:DOID_9946 rdfs:subClassOf rdf:Alt","obo:DOID_3153 rdfs:subClassOf obo:DOID_3927","rdf:nil rdfs:subClassOf obo:DOID_627","rdfs:domain rdfs:subClassOf obo:DOID_0060044","rdfs:domain rdfs:subClassOf rdfs:Resource","rdf:object rdfs:subClassOf obo:DOID_10021","obo:DOID_11335 rdfs:subClassOf obo:DOID_0060043","obo:DOID_9946 rdfs:subClassOf obo:DOID_8302","obo:DOID_229 rdfs:subClassOf rdf:Alt","rdfs:Literal rdfs:domain rdf:List","rdfs:ContainerMembershipProperty rdfs:subClassOf obo:DOID_150","obo:DOID_14251 rdfs:subClassOf rdfs:Class","obo:DOID_150 rdfs:range rdfs:Class","obo:DOID_11976 rdfs:subClassOf rdfs:ContainerMembershipProperty","rdfs:Container rdfs:subClassOf rdf:Alt","obo:DOID_1970 rdfs:subClassOf rdfs:Container","rdf:type rdfs:domain rdf:List","rdf:rest rdfs:domain rdf:Property","rdfs:label rdf:type rdfs:Class","rdfs:label rdf:type rdfs:Datatype","obo:DOID_11149 rdfs:domain rdf:Statement","obo:DOID_7567 rdfs:range rdfs:Class","obo:DOID_11186 rdf:type rdf:Property","obo:DOID_229 rdf:type rdfs:Datatype","obo:DOID_11976 rdfs:subClassOf rdf:Alt","rdfs:subPropertyOf rdfs:subClassOf obo:DOID_26","obo:DOID_9948 rdfs:subPropertyOf rdfs:seeAlso","obo:DOID_0060043 rdfs:subClassOf obo:DOID_13404","obo:DOID_5421 rdfs:subClassOf obo:DOID_627","rdf:rest rdfs:subClassOf obo:DOID_150","rdf:nil rdf:type rdfs:Class","rdfs:domain rdfs:subClassOf rdfs:Container","obo:DOID_1927 rdfs:subPropertyOf rdfs:seeAlso","rdf:subject rdf:type rdfs:Class","obo:DOID_3342 rdfs:subClassOf obo:DOID_0060132","rdf:subject rdfs:subClassOf obo:DOID_3078","rdf:XMLLiteral rdfs:subPropertyOf rdfs:seeAlso","obo:DOID_3927 rdfs:subClassOf rdfs:ContainerMembershipProperty","obo:DOID_6084 rdfs:domain rdf:List","obo:DOID_1555 rdfs:subClassOf obo:DOID_0060043","rdf:Property rdfs:subClassOf obo:DOID_8590","obo:DOID_0060132 rdfs:subClassOf obo:DOID_0060043","rdf:Property rdfs:subClassOf obo:DOID_10603","owl:Axiom rdfs:subClassOf obo:DOID_0070004","obo:DOID_4737 rdfs:subClassOf obo:DOID_1973","obo:DOID_3254 rdfs:subClassOf obo:DOID_1555","rdf:Alt rdfs:subClassOf obo:DOID_0050353","obo:DOID_0080001 rdf:type rdf:List","obo:DOID_7479 rdfs:domain rdf:Statement","obo:DOID_1100 rdfs:subClassOf obo:DOID_0050353","rdf:object rdfs:domain rdf:Property","obo:DOID_0060132 rdfs:subClassOf obo:DOID_9948","obo:DOID_13316 rdfs:subClassOf obo:DOID_11450","obo:DOID_14251 rdfs:subClassOf obo:DOID_2156","rdfs:ContainerMembershipProperty rdfs:subClassOf obo:DOID_11149","obo:DOID_3254 rdfs:subClassOf obo:DOID_26","rdfs:label rdfs:subClassOf obo:DOID_1107","rdfs:subPropertyOf rdfs:subClassOf rdfs:Class","rdfs:range rdfs:subPropertyOf rdfs:seeAlso","rdfs:subClassOf rdfs:domain rdf:Statement","obo:DOID_0060044 rdfs:subClassOf obo:DOID_627","rdf:first rdfs:subClassOf obo:DOID_2444","obo:DOID_9460 rdfs:subPropertyOf rdf:first","rdfs:domain rdfs:subClassOf obo:DOID_2640","obo:DOID_4686 rdfs:subClassOf obo:DOID_7479","rdfs:domain rdfs:subPropertyOf rdfs:isDefinedBy","rdf:object rdfs:subClassOf obo:DOID_1686","obo:DOID_4737 rdfs:range rdfs:Literal","obo:DOID_3342 rdfs:subClassOf rdfs:Datatype","rdfs:seeAlso rdfs:subClassOf obo:DOID_1756","rdf:rest rdfs:subClassOf obo:DOID_10021","rdf:type rdf:type rdfs:Class","obo:DOID_1555 rdfs:range rdf:List","obo:DOID_9460 rdfs:subClassOf rdfs:Datatype","obo:DOID_4064 rdfs:subClassOf rdf:Bag","obo:DOID_5421 rdfs:subPropertyOf rdfs:seeAlso","rdf:Statement rdfs:subClassOf obo:DOID_1294","obo:DOID_6084 rdfs:subClassOf obo:DOID_1100","rdf:type rdfs:subClassOf obo:DOID_5295","obo:DOID_2156 rdfs:subClassOf rdfs:ContainerMembershipProperty","rdfs:isDefinedBy rdfs:subClassOf obo:DOID_3166","rdfs:subPropertyOf rdf:type rdfs:Class","obo:DOID_3166 rdf:type rdf:Property","rdfs:range rdfs:subClassOf obo:DOID_9946","obo:DOID_2156 rdfs:subClassOf obo:DOID_4195","obo:DOID_6084 rdfs:subClassOf obo:DOID_8719","obo:DOID_2444 rdfs:subClassOf obo:DOID_9946","obo:DOID_2640 rdfs:subClassOf rdfs:Container","obo:DOID_0060132 rdfs:subClassOf obo:DOID_5409","obo:DOID_9024 rdfs:subClassOf rdfs:Datatype","obo:DOID_0080001 rdfs:subClassOf obo:DOID_11976","obo:DOID_0050353 rdfs:subClassOf obo:DOID_26","rdfs:subPropertyOf rdfs:subClassOf obo:DOID_150","obo:DOID_5421 rdfs:subClassOf obo:DOID_1927","rdf:object rdf:type rdfs:Class","rdf:Alt rdfs:subPropertyOf rdf:predicate","obo:DOID_7479 rdfs:subClassOf obo:DOID_3166","obo:DOID_8501 rdfs:subClassOf obo:DOID_11335","rdfs:label rdfs:subClassOf obo:DOID_1756","obo:DOID_13404 rdfs:subClassOf obo:DOID_627","rdfs:seeAlso rdfs:domain rdf:List","obo:DOID_9024 rdfs:subClassOf obo:DOID_1294","obo:DOID_9948 rdfs:subClassOf rdf:Bag","obo:DOID_9024 rdfs:domain rdf:Property","rdfs:range rdfs:subPropertyOf rdf:subject","rdfs:Container rdf:type rdf:Property","owl:Class rdfs:subClassOf obo:DOID_5208","rdf:type rdfs:domain rdf:Property","obo:DOID_1294 rdfs:subClassOf rdfs:Resource","obo:DOID_9809 rdfs:domain rdf:Property","obo:DOID_3342 rdfs:subClassOf obo:DOID_11976","rdf:subject rdfs:subClassOf obo:DOID_10603","rdf:predicate rdfs:subClassOf rdf:Alt","obo:DOID_9946 rdfs:subClassOf rdfs:Container","obo:DOID_3342 rdfs:subClassOf obo:DOID_0050441","rdfs:isDefinedBy rdfs:domain rdf:Statement","rdfs:ContainerMembershipProperty rdfs:subClassOf obo:DOID_1555","obo:DOID_3254 rdf:type rdf:Property","obo:DOID_4064 rdfs:subClassOf obo:DOID_7479","obo:DOID_3927 rdfs:subClassOf rdfs:Resource","obo:DOID_14251 rdfs:subClassOf rdfs:Resource","obo:DOID_10603 rdf:type rdf:List","rdfs:ContainerMembershipProperty rdfs:subClassOf obo:DOID_26","obo:DOID_1294 rdf:type rdf:Property","obo:DOID_0060220 rdfs:subClassOf obo:DOID_3153","rdf:object rdfs:subClassOf rdfs:Class","obo:DOID_8501 rdfs:subClassOf obo:DOID_3153","rdf:predicate rdf:type rdfs:Class","obo:DOID_2156 rdfs:subClassOf obo:DOID_8590","rdfs:seeAlso rdf:type rdfs:Class","rdfs:comment rdf:type rdfs:Class","obo:DOID_13404 rdfs:subClassOf obo:DOID_9809","rdf:object rdfs:subClassOf obo:DOID_13316","owl:Axiom rdfs:range rdfs:Literal","obo:DOID_3342 rdf:type rdf:Property","owl:Axiom rdfs:domain rdf:Property","rdfs:subClassOf rdfs:subPropertyOf rdfs:seeAlso","obo:DOID_26 rdf:type rdf:Property","obo:DOID_0060007 rdfs:subClassOf obo:DOID_5295","obo:DOID_9024 rdfs:subClassOf rdfs:Resource","rdfs:Container rdfs:subClassOf obo:DOID_150","rdf:rest rdf:type rdfs:Class","obo:DOID_2156 rdf:type rdf:Property","obo:DOID_4737 rdfs:subClassOf obo:DOID_1555","rdfs:comment rdfs:subClassOf rdf:Alt","obo:DOID_1555 rdfs:subClassOf obo:DOID_1970","obo:DOID_9809 rdf:type rdf:Property","rdfs:Container rdfs:subClassOf obo:DOID_1294","rdfs:range rdfs:subClassOf rdf:Bag","rdf:object rdfs:subClassOf obo:DOID_0060007","obo:DOID_1686 rdfs:subClassOf obo:DOID_9024","obo:DOID_6084 rdfs:subClassOf rdfs:Resource","rdfs:Resource rdfs:subPropertyOf rdf:predicate","rdfs:Class rdfs:subClassOf obo:DOID_0060044","rdf:first rdfs:range rdfs:Class","rdfs:domain rdfs:subPropertyOf rdfs:seeAlso","rdf:predicate rdfs:domain rdf:List","obo:DOID_5295 rdfs:subClassOf obo:DOID_3078","rdf:subject rdfs:domain rdf:Property","obo:DOID_5208 rdf:type rdf:Property","rdfs:Literal rdf:type rdf:Property","rdf:nil rdfs:subClassOf obo:DOID_1686","obo:DOID_0070004 rdfs:subClassOf obo:DOID_5409","obo:DOID_13316 rdfs:subPropertyOf rdfs:seeAlso","obo:DOID_2156 rdfs:subClassOf rdfs:Resource","obo:DOID_627 rdfs:domain rdf:Property","obo:DOID_1970 rdfs:subClassOf obo:DOID_0060132","obo:DOID_3254 rdfs:subClassOf obo:DOID_5409","obo:DOID_9948 rdf:type rdf:Property","rdf:predicate rdfs:subClassOf obo:DOID_2444","rdfs:label rdfs:range rdfs:Class","obo:DOID_1973 rdfs:subClassOf obo:DOID_4064","obo:DOID_1927 rdf:type rdf:Property","obo:DOID_7479 rdfs:subClassOf obo:DOID_4090","rdfs:subClassOf rdfs:subClassOf obo:DOID_0060007","obo:DOID_2640 rdfs:subClassOf obo:DOID_1100","rdf:nil rdfs:range rdfs:Class","rdfs:Resource rdfs:subClassOf obo:DOID_14075","obo:DOID_4090 rdfs:subClassOf obo:DOID_1973","obo:DOID_9948 rdfs:subClassOf rdfs:Resource","obo:DOID_0060043 rdfs:subClassOf obo:DOID_10021","obo:DOID_4737 rdfs:subClassOf obo:DOID_9946","rdf:first rdfs:domain rdf:Property","obo:DOID_5409 rdfs:range rdfs:Class","owl:Class rdfs:subClassOf obo:DOID_13316","obo:DOID_9460 rdfs:subClassOf obo:DOID_229","obo:DOID_5208 rdfs:subClassOf obo:DOID_1927","rdfs:subPropertyOf rdfs:subClassOf rdfs:Container","rdfs:seeAlso rdfs:subClassOf rdf:Seq","obo:DOID_3927 rdfs:domain rdf:Statement","rdfs:domain rdfs:subClassOf obo:DOID_0070004","obo:DOID_13404 rdfs:subClassOf obo:DOID_4090","rdfs:subClassOf rdf:type rdfs:Class","rdf:Alt rdfs:subClassOf obo:DOID_14075","rdf:predicate rdfs:subClassOf obo:DOID_7479","obo:DOID_0050441 rdfs:subClassOf rdfs:Container","obo:DOID_9024 rdfs:domain rdf:Statement","obo:DOID_0060044 rdfs:range rdfs:Literal","obo:DOID_5295 rdfs:subClassOf obo:DOID_11335","rdf:rest rdfs:subPropertyOf rdfs:seeAlso","rdf:type rdfs:domain rdf:Statement","obo:DOID_3254 rdfs:subClassOf rdfs:Container","obo:DOID_14075 rdfs:subClassOf obo:DOID_1973","obo:DOID_150 rdfs:subClassOf obo:DOID_26","obo:DOID_0050292 rdfs:subClassOf obo:DOID_3342","obo:DOID_9460 rdfs:domain rdf:Statement","rdf:first rdfs:subClassOf obo:DOID_7567","obo:DOID_4090 rdfs:subClassOf obo:DOID_11149","obo:DOID_1107 rdfs:subClassOf obo:DOID_5295","rdf:Seq rdfs:subClassOf rdfs:Resource","rdf:Seq rdfs:subClassOf obo:DOID_10603","rdfs:isDefinedBy rdfs:domain rdf:Property","obo:DOID_53 rdf:type rdf:Property","obo:DOID_1100 rdfs:subClassOf rdfs:Resource","obo:DOID_3342 rdfs:domain rdf:Statement","rdfs:domain rdf:type rdfs:Class","obo:DOID_1686 rdfs:subClassOf obo:DOID_4090","obo:DOID_229 rdfs:subClassOf rdfs:Container","obo:DOID_11450 rdfs:subClassOf obo:DOID_1555","obo:DOID_0060007 rdfs:subClassOf obo:DOID_1970","rdfs:Resource rdfs:subClassOf obo:DOID_0050441","obo:DOID_1294 rdfs:subClassOf obo:DOID_11186","obo:DOID_2444 rdf:type rdf:Property","obo:DOID_4737 rdfs:subClassOf obo:DOID_7479","obo:DOID_8302 rdfs:subClassOf rdfs:Class","obo:DOID_11976 rdfs:subClassOf obo:DOID_1927","obo:DOID_2640 rdfs:subClassOf obo:DOID_13316","obo:DOID_0060007 rdfs:subClassOf obo:DOID_9460","rdf:first rdfs:subClassOf rdfs:Resource","rdf:subject rdfs:subClassOf rdfs:Container"]}