{"OntologyName":"uba1.7_University0_0","Prefixes":{"xsd":"http://www.w3.org/2001/XMLSchema#","rdfs":"http://www.w3.org/2000/01/rdf-schema#","owl":"http://www.w3.org/2002/07/owl#","rdf":"http://www.w3.org/1999/02/22-rdf-syntax-ns#","ub":"http://www.lehigh.edu/~zhp2/2004/0401/univ-bench.owl#"},"TotalBase Triples":521,"Axiomatic Triples in Base":0,"rdf:TypeTriples in Base":96,"TotalUniqueSubjects in base":93,"TotalUniquePredicates in base":14,"TotalUniqueObjects in base":252,"TotalInferred Triples":124,"AxiomaticTriples in inferred":106,"rdf:TypeTriples in inferred":75,"TotalUniqueSubjects in inferred":37,"TotalUniquePredicates in inferred":5,"TotalUniqueObjects in inferred":19,"TotalInvalid Triples":124,"AxiomaticTriples in invalid":94,"rdf:TypeTriples in invalid":37,"fullRandomTriples in invalid":0,"trickyTriplesInInvalid in invalid":124,"TotalUniqueSubjects in invalid":34,"TotalUniquePredicates in invalid":5,"TotalUniqueObjects in invalid":18,"Inference_time (miliseconds)":3,"Invalid triples generation time (miliseconds)":5,"Output (json_format) writing time (miliseconds)":0,"OriginalAxioms":["http://www.Department0.University0.edu/GraduateStudent72 ub:takesCourse http://www.Department0.University0.edu/GraduateCourse6","http://www.University880.edu rdf:type ub:University","http://www.Department0.University0.edu/UndergraduateStudent388 ub:takesCourse http://www.Department0.University0.edu/Course16","http://www.Department0.University0.edu/UndergraduateStudent143 rdf:type ub:UndergraduateStudent","http://www.Department0.University0.edu/UndergraduateStudent290 ub:memberOf http://www.Department0.University0.edu","http://www.Department0.University0.edu/AssociateProfessor6/Publication10 ub:publicationAuthor http://www.Department0.University0.edu/AssociateProfessor6","http://www.Department0.University0.edu/Lecturer5 ub:name Lecturer5","http://www.Department0.University0.edu/UndergraduateStudent122 ub:takesCourse http://www.Department0.University0.edu/Course60","http://www.Department0.University0.edu/UndergraduateStudent28 rdf:type ub:UndergraduateStudent","http://www.Department0.University0.edu/UndergraduateStudent9 rdf:type ub:UndergraduateStudent","http://www.Department0.University0.edu/UndergraduateStudent135 ub:takesCourse http://www.Department0.University0.edu/Course56","http://www.Department0.University0.edu/FullProfessor5/Publication9 ub:name Publication9","http://www.Department0.University0.edu/UndergraduateStudent290 ub:telephone xxx-xxx-xxxx","http://www.Department0.University0.edu/UndergraduateStudent130 ub:takesCourse http://www.Department0.University0.edu/Course43","http://www.Department0.University0.edu/UndergraduateStudent527 ub:emailAddress UndergraduateStudent527@Department0.University0.edu","http://www.Department0.University0.edu/FullProfessor1/Publication18 rdf:type ub:Publication","http://www.Department0.University0.edu/GraduateStudent77 ub:advisor http://www.Department0.University0.edu/AssociateProfessor6","http://www.Department0.University0.edu/UndergraduateStudent148 ub:name UndergraduateStudent148","http://www.Department0.University0.edu/AssociateProfessor8/Publication14 ub:publicationAuthor http://www.Department0.University0.edu/AssociateProfessor8","http://www.Department0.University0.edu/UndergraduateStudent4 ub:name UndergraduateStudent4","http://www.Department0.University0.edu/UndergraduateStudent130 ub:takesCourse http://www.Department0.University0.edu/Course0","http://www.Department0.University0.edu/FullProfessor1/Publication3 ub:name Publication3","http://www.Department0.University0.edu/UndergraduateStudent169 rdf:type ub:UndergraduateStudent","http://www.Department0.University0.edu/FullProfessor6/Publication8 ub:publicationAuthor http://www.Department0.University0.edu/GraduateStudent64","http://www.Department0.University0.edu/UndergraduateStudent169 ub:name UndergraduateStudent169","http://www.Department0.University0.edu/UndergraduateStudent362 rdf:type ub:UndergraduateStudent","http://www.Department0.University0.edu/UndergraduateStudent15 ub:takesCourse http://www.Department0.University0.edu/Course42","http://www.Department0.University0.edu/FullProfessor1/Publication13 rdf:type ub:Publication","http://www.Department0.University0.edu/FullProfessor6/Publication8 ub:name Publication8","http://www.Department0.University0.edu/UndergraduateStudent23 rdf:type ub:UndergraduateStudent","http://www.Department0.University0.edu/UndergraduateStudent10 ub:telephone xxx-xxx-xxxx","http://www.Department0.University0.edu/GraduateStudent98 ub:name GraduateStudent98","http://www.Department0.University0.edu/UndergraduateStudent450 ub:name UndergraduateStudent450","http://www.Department0.University0.edu/FullProfessor2/Publication7 rdf:type ub:Publication","http://www.Department0.University0.edu/UndergraduateStudent522 ub:name UndergraduateStudent522","http://www.Department0.University0.edu/UndergraduateStudent28 ub:emailAddress UndergraduateStudent28@Department0.University0.edu","http://www.Department0.University0.edu/FullProfessor3/Publication6 ub:publicationAuthor http://www.Department0.University0.edu/FullProfessor3","http://www.Department0.University0.edu/UndergraduateStudent4 ub:takesCourse http://www.Department0.University0.edu/Course17","http://www.Department0.University0.edu/Lecturer5 rdf:type ub:Lecturer","http://www.Department0.University0.edu/UndergraduateStudent36 ub:takesCourse http://www.Department0.University0.edu/Course31","http://www.Department0.University0.edu/AssociateProfessor8 ub:mastersDegreeFrom http://www.University715.edu","http://www.Department0.University0.edu/UndergraduateStudent10 ub:memberOf http://www.Department0.University0.edu","http://www.Department0.University0.edu/GraduateStudent98 ub:advisor http://www.Department0.University0.edu/FullProfessor1","http://www.Department0.University0.edu/GraduateStudent64 ub:undergraduateDegreeFrom http://www.University528.edu","http://www.Department0.University0.edu/UndergraduateStudent210 ub:emailAddress UndergraduateStudent210@Department0.University0.edu","http://www.Department0.University0.edu/GraduateStudent98 rdf:type ub:ResearchAssistant","http://www.Department0.University0.edu/UndergraduateStudent463 ub:takesCourse http://www.Department0.University0.edu/Course45","http://www.Department0.University0.edu/UndergraduateStudent148 ub:emailAddress UndergraduateStudent148@Department0.University0.edu","http://www.Department0.University0.edu/UndergraduateStudent463 ub:emailAddress UndergraduateStudent463@Department0.University0.edu","http://www.Department0.University0.edu/UndergraduateStudent28 ub:name UndergraduateStudent28","http://www.Department0.University0.edu/UndergraduateStudent49 rdf:type ub:UndergraduateStudent","http://www.University628.edu rdf:type ub:University","http://www.Department0.University0.edu/UndergraduateStudent383 rdf:type ub:UndergraduateStudent","http://www.Department0.University0.edu/GraduateCourse33 ub:name GraduateCourse33","http://www.Department0.University0.edu/UndergraduateStudent388 ub:name UndergraduateStudent388","http://www.Department0.University0.edu/UndergraduateStudent28 ub:takesCourse http://www.Department0.University0.edu/Course17","http://www.Department0.University0.edu/UndergraduateStudent396 ub:takesCourse http://www.Department0.University0.edu/Course33","http://www.Department0.University0.edu/UndergraduateStudent215 ub:takesCourse http://www.Department0.University0.edu/Course12","http://www.Department0.University0.edu/UndergraduateStudent122 ub:emailAddress UndergraduateStudent122@Department0.University0.edu","http://www.Department0.University0.edu/GraduateStudent0 ub:emailAddress GraduateStudent0@Department0.University0.edu","http://www.Department0.University0.edu/UndergraduateStudent215 ub:takesCourse http://www.Department0.University0.edu/Course48","http://www.Department0.University0.edu/AssociateProfessor8 rdf:type ub:AssociateProfessor","http://www.Department0.University0.edu/Course15 ub:name Course15","http://www.Department0.University0.edu/UndergraduateStudent122 ub:name UndergraduateStudent122","http://www.Department0.University0.edu/UndergraduateStudent210 ub:advisor http://www.Department0.University0.edu/AssistantProfessor1","http://www.Department0.University0.edu/FullProfessor4/Publication0 rdf:type ub:Publication","http://www.Department0.University0.edu/FullProfessor5/Publication4 ub:name Publication4","http://www.Department0.University0.edu/FullProfessor1/Publication18 ub:publicationAuthor http://www.Department0.University0.edu/GraduateStudent10","http://www.Department0.University0.edu/FullProfessor2/Publication2 rdf:type ub:Publication","http://www.Department0.University0.edu/FullProfessor0/Publication4 rdf:type ub:Publication","http://www.Department0.University0.edu/GraduateStudent98 ub:undergraduateDegreeFrom http://www.University156.edu","http://www.Department0.University0.edu/UndergraduateStudent228 ub:telephone xxx-xxx-xxxx","http://www.Department0.University0.edu/UndergraduateStudent308 ub:emailAddress UndergraduateStudent308@Department0.University0.edu","http://www.Department0.University0.edu/AssistantProfessor6/Publication8 ub:name Publication8","http://www.Department0.University0.edu/UndergraduateStudent4 ub:emailAddress UndergraduateStudent4@Department0.University0.edu","http://www.Department0.University0.edu/AssociateProfessor8 ub:telephone xxx-xxx-xxxx","http://www.Department0.University0.edu/AssociateProfessor8 ub:teacherOf http://www.Department0.University0.edu/GraduateCourse30","http://www.Department0.University0.edu/UndergraduateStudent228 ub:memberOf http://www.Department0.University0.edu","http://www.Department0.University0.edu/GraduateStudent85 ub:emailAddress GraduateStudent85@Department0.University0.edu","http://www.Department0.University0.edu/UndergraduateStudent370 ub:name UndergraduateStudent370","http://www.Department0.University0.edu/GraduateStudent85 ub:takesCourse http://www.Department0.University0.edu/GraduateCourse62","http://www.Department0.University0.edu/UndergraduateStudent210 ub:takesCourse http://www.Department0.University0.edu/Course38","http://www.Department0.University0.edu/FullProfessor6/Publication3 rdf:type ub:Publication","http://www.Department0.University0.edu/UndergraduateStudent455 rdf:type ub:UndergraduateStudent","http://www.Department0.University0.edu/UndergraduateStudent308 ub:takesCourse http://www.Department0.University0.edu/Course25","http://www.Department0.University0.edu/FullProfessor1/Publication13 ub:name Publication13","http://www.Department0.University0.edu/GraduateStudent0 ub:takesCourse http://www.Department0.University0.edu/GraduateCourse16","http://www.Department0.University0.edu/FullProfessor3/Publication15 rdf:type ub:Publication","http://www.Department0.University0.edu/GraduateStudent0 ub:advisor http://www.Department0.University0.edu/AssistantProfessor3","http://www.Department0.University0.edu/UndergraduateStudent202 ub:name UndergraduateStudent202","http://www.Department0.University0.edu/UndergraduateStudent468 ub:name UndergraduateStudent468","http://www.Department0.University0.edu/UndergraduateStudent90 rdf:type ub:UndergraduateStudent","http://www.Department0.University0.edu/FullProfessor3/Publication15 ub:name Publication15","http://www.Department0.University0.edu/UndergraduateStudent514 ub:memberOf http://www.Department0.University0.edu","http://www.Department0.University0.edu/FullProfessor4/Publication5 rdf:type ub:Publication","http://www.Department0.University0.edu/UndergraduateStudent388 ub:takesCourse http://www.Department0.University0.edu/Course15","http://www.Department0.University0.edu/UndergraduateStudent450 rdf:type ub:UndergraduateStudent","http://www.Department0.University0.edu/UndergraduateStudent383 ub:emailAddress UndergraduateStudent383@Department0.University0.edu","http://www.Department0.University0.edu/FullProfessor5/Publication4 ub:publicationAuthor http://www.Department0.University0.edu/FullProfessor5","http://www.Department0.University0.edu/FullProfessor7/Publication16 ub:publicationAuthor http://www.Department0.University0.edu/FullProfessor7","http://www.Department0.University0.edu/UndergraduateStudent228 ub:takesCourse http://www.Department0.University0.edu/Course53","http://www.Department0.University0.edu/UndergraduateStudent514 ub:telephone xxx-xxx-xxxx","http://www.Department0.University0.edu/FullProfessor4/Publication0 ub:publicationAuthor http://www.Department0.University0.edu/GraduateStudent21","http://www.Department0.University0.edu/UndergraduateStudent148 ub:takesCourse http://www.Department0.University0.edu/Course8","http://www.Department0.University0.edu/UndergraduateStudent388 rdf:type ub:UndergraduateStudent","http://www.Department0.University0.edu/UndergraduateStudent4 rdf:type ub:UndergraduateStudent","http://www.Department0.University0.edu/UndergraduateStudent122 rdf:type ub:UndergraduateStudent","http://www.Department0.University0.edu/GraduateCourse54 ub:name GraduateCourse54","http://www.Department0.University0.edu/AssociateProfessor8 ub:researchInterest Research9","http://www.Department0.University0.edu/UndergraduateStudent295 ub:emailAddress UndergraduateStudent295@Department0.University0.edu","http://www.Department0.University0.edu/GraduateStudent64 ub:takesCourse http://www.Department0.University0.edu/GraduateCourse50","http://www.Department0.University0.edu/UndergraduateStudent210 rdf:type ub:UndergraduateStudent","http://www.Department0.University0.edu/FullProfessor1/Publication18 ub:publicationAuthor http://www.Department0.University0.edu/GraduateStudent5","http://www.Department0.University0.edu/GraduateStudent72 ub:name GraduateStudent72","http://www.Department0.University0.edu/UndergraduateStudent290 ub:name UndergraduateStudent290","http://www.Department0.University0.edu/UndergraduateStudent375 ub:takesCourse http://www.Department0.University0.edu/Course20","http://www.Department0.University0.edu/AssociateProfessor12/Publication10 rdf:type ub:Publication","http://www.Department0.University0.edu/FullProfessor3/Publication1 ub:publicationAuthor http://www.Department0.University0.edu/FullProfessor3","http://www.Department0.University0.edu/UndergraduateStudent148 rdf:type ub:UndergraduateStudent","http://www.Department0.University0.edu/UndergraduateStudent308 ub:takesCourse http://www.Department0.University0.edu/Course8","http://www.Department0.University0.edu/UndergraduateStudent308 ub:name UndergraduateStudent308","http://www.Department0.University0.edu/UndergraduateStudent527 ub:takesCourse http://www.Department0.University0.edu/Course28","http://www.Department0.University0.edu/AssociateProfessor8 ub:emailAddress AssociateProfessor8@Department0.University0.edu","http://www.Department0.University0.edu/UndergraduateStudent210 ub:takesCourse http://www.Department0.University0.edu/Course5","http://www.Department0.University0.edu/UndergraduateStudent463 ub:telephone xxx-xxx-xxxx","http://www.Department0.University0.edu/FullProfessor3/Publication6 ub:name Publication6","http://www.Department0.University0.edu/UndergraduateStudent23 ub:emailAddress UndergraduateStudent23@Department0.University0.edu","http://www.Department0.University0.edu/UndergraduateStudent442 ub:name UndergraduateStudent442","http://www.Department0.University0.edu/UndergraduateStudent522 rdf:type ub:UndergraduateStudent","http://www.Department0.University0.edu/UndergraduateStudent463 ub:memberOf http://www.Department0.University0.edu","http://www.University205.edu rdf:type ub:University","http://www.Department0.University0.edu/UndergraduateStudent23 ub:takesCourse http://www.Department0.University0.edu/Course34","http://www.University974.edu rdf:type ub:University","http://www.Department0.University0.edu/FullProfessor5/Publication9 ub:publicationAuthor http://www.Department0.University0.edu/FullProfessor5","http://www.Department0.University0.edu/UndergraduateStudent308 rdf:type ub:UndergraduateStudent","http://www.Department0.University0.edu/UndergraduateStudent468 ub:takesCourse http://www.Department0.University0.edu/Course41","http://www.Department0.University0.edu/UndergraduateStudent135 ub:memberOf http://www.Department0.University0.edu","http://www.Department0.University0.edu/Lecturer5 ub:teacherOf http://www.Department0.University0.edu/GraduateCourse64","http://www.Department0.University0.edu/GraduateStudent0 rdf:type ub:ResearchAssistant","http://www.Department0.University0.edu/UndergraduateStudent295 ub:takesCourse http://www.Department0.University0.edu/Course3","http://www.Department0.University0.edu/UndergraduateStudent135 ub:telephone xxx-xxx-xxxx","http://www.Department0.University0.edu/Course28 rdf:type ub:Course","http://www.Department0.University0.edu/GraduateCourse41 ub:name GraduateCourse41","http://www.Department0.University0.edu/UndergraduateStudent36 ub:takesCourse http://www.Department0.University0.edu/Course19","http://www.Department0.University0.edu/UndergraduateStudent514 ub:takesCourse http://www.Department0.University0.edu/Course55","http://www.Department0.University0.edu/UndergraduateStudent49 ub:takesCourse http://www.Department0.University0.edu/Course34","http://www.Department0.University0.edu/FullProfessor6/Publication8 ub:publicationAuthor http://www.Department0.University0.edu/FullProfessor6","http://www.Department0.University0.edu/AssociateProfessor12/Publication10 ub:name Publication10","http://www.Department0.University0.edu/AssociateProfessor6/Publication10 ub:publicationAuthor http://www.Department0.University0.edu/GraduateStudent97","http://www.Department0.University0.edu/Course23 rdf:type ub:Course","http://www.Department0.University0.edu/UndergraduateStudent468 ub:memberOf http://www.Department0.University0.edu","http://www.Department0.University0.edu/FullProfessor7/Publication16 ub:name Publication16","http://www.Department0.University0.edu/FullProfessor7/Publication16 rdf:type ub:Publication","http://www.Department0.University0.edu/UndergraduateStudent202 ub:memberOf http://www.Department0.University0.edu","http://www.Department0.University0.edu/FullProfessor1/Publication3 ub:publicationAuthor http://www.Department0.University0.edu/GraduateStudent132","http://www.Department0.University0.edu/UndergraduateStudent49 ub:name UndergraduateStudent49","http://www.Department0.University0.edu/UndergraduateStudent15 ub:takesCourse http://www.Department0.University0.edu/Course18","http://www.Department0.University0.edu/FullProfessor9/Publication18 ub:name Publication18","http://www.Department0.University0.edu/UndergraduateStudent215 rdf:type ub:UndergraduateStudent","http://www.Department0.University0.edu/UndergraduateStudent522 ub:advisor http://www.Department0.University0.edu/AssociateProfessor6","http://www.Department0.University0.edu/UndergraduateStudent468 ub:telephone xxx-xxx-xxxx","http://www.Department0.University0.edu/UndergraduateStudent148 ub:takesCourse http://www.Department0.University0.edu/Course6","http://www.Department0.University0.edu/UndergraduateStudent202 ub:telephone xxx-xxx-xxxx","http://www.Department0.University0.edu/FullProfessor9/Publication18 ub:publicationAuthor http://www.Department0.University0.edu/GraduateStudent1","http://www.Department0.University0.edu/UndergraduateStudent90 ub:takesCourse http://www.Department0.University0.edu/Course36","http://www.Department0.University0.edu/FullProfessor2/Publication2 ub:publicationAuthor http://www.Department0.University0.edu/GraduateStudent83","http://www.Department0.University0.edu/UndergraduateStudent442 ub:memberOf http://www.Department0.University0.edu","http://www.Department0.University0.edu/UndergraduateStudent455 ub:takesCourse http://www.Department0.University0.edu/Course48","http://www.Department0.University0.edu/UndergraduateStudent4 ub:advisor http://www.Department0.University0.edu/AssistantProfessor4","http://www.Department0.University0.edu/Course49 rdf:type ub:Course","http://www.Department0.University0.edu/UndergraduateStudent383 ub:name UndergraduateStudent383","http://www.Department0.University0.edu/FullProfessor5/Publication9 ub:publicationAuthor http://www.Department0.University0.edu/GraduateStudent97","http://www.Department0.University0.edu/UndergraduateStudent90 ub:name UndergraduateStudent90","http://www.Department0.University0.edu/GraduateStudent51 ub:advisor http://www.Department0.University0.edu/FullProfessor5","http://www.Department0.University0.edu/GraduateStudent77 ub:name GraduateStudent77","http://www.Department0.University0.edu/UndergraduateStudent49 ub:takesCourse http://www.Department0.University0.edu/Course11","http://www.Department0.University0.edu/UndergraduateStudent442 ub:telephone xxx-xxx-xxxx","http://www.Department0.University0.edu/FullProfessor8/Publication4 ub:name Publication4","http://www.Department0.University0.edu/FullProfessor9/Publication3 ub:name Publication3","http://www.Department0.University0.edu/UndergraduateStudent143 ub:name UndergraduateStudent143","http://www.Department0.University0.edu/UndergraduateStudent10 ub:takesCourse http://www.Department0.University0.edu/Course0","http://www.Department0.University0.edu/GraduateStudent77 ub:emailAddress GraduateStudent77@Department0.University0.edu","http://www.Department0.University0.edu/GraduateStudent64 rdf:type ub:GraduateStudent","http://www.Department0.University0.edu/GraduateStudent64 ub:telephone xxx-xxx-xxxx","http://www.Department0.University0.edu/UndergraduateStudent370 ub:telephone xxx-xxx-xxxx","http://www.Department0.University0.edu/FullProfessor1/Publication3 ub:publicationAuthor http://www.Department0.University0.edu/FullProfessor1","http://www.Department0.University0.edu/UndergraduateStudent450 ub:takesCourse http://www.Department0.University0.edu/Course34","http://www.Department0.University0.edu/GraduateStudent0 ub:undergraduateDegreeFrom http://www.University358.edu","http://www.Department0.University0.edu/GraduateStudent64 ub:takesCourse http://www.Department0.University0.edu/GraduateCourse20","http://www.Department0.University0.edu/UndergraduateStudent36 ub:takesCourse http://www.Department0.University0.edu/Course52","http://www.Department0.University0.edu/UndergraduateStudent375 ub:emailAddress UndergraduateStudent375@Department0.University0.edu","http://www.Department0.University0.edu/GraduateCourse54 rdf:type ub:GraduateCourse","http://www.Department0.University0.edu/UndergraduateStudent130 ub:emailAddress UndergraduateStudent130@Department0.University0.edu","http://www.Department0.University0.edu/GraduateStudent51 ub:name GraduateStudent51","http://www.Department0.University0.edu/GraduateStudent64 ub:memberOf http://www.Department0.University0.edu","http://www.Department0.University0.edu/UndergraduateStudent370 ub:memberOf http://www.Department0.University0.edu","http://www.Department0.University0.edu/UndergraduateStudent36 ub:telephone xxx-xxx-xxxx","http://www.Department0.University0.edu/AssistantProfessor6/Publication8 ub:publicationAuthor http://www.Department0.University0.edu/AssistantProfessor6","http://www.Department0.University0.edu/UndergraduateStudent375 ub:takesCourse http://www.Department0.University0.edu/Course41","http://www.Department0.University0.edu/Lecturer5 ub:telephone xxx-xxx-xxxx","http://www.Department0.University0.edu/UndergraduateStudent169 ub:takesCourse http://www.Department0.University0.edu/Course13","http://www.Department0.University0.edu/UndergraduateStudent36 ub:memberOf http://www.Department0.University0.edu","http://www.Department0.University0.edu/UndergraduateStudent383 ub:takesCourse http://www.Department0.University0.edu/Course12","http://www.Department0.University0.edu/UndergraduateStudent527 ub:name UndergraduateStudent527","http://www.Department0.University0.edu/Lecturer5 ub:undergraduateDegreeFrom http://www.University77.edu","http://www.Department0.University0.edu/UndergraduateStudent10 ub:emailAddress UndergraduateStudent10@Department0.University0.edu","http://www.Department0.University0.edu/UndergraduateStudent468 ub:takesCourse http://www.Department0.University0.edu/Course19","http://www.Department0.University0.edu/UndergraduateStudent295 ub:takesCourse http://www.Department0.University0.edu/Course13","http://www.Department0.University0.edu/UndergraduateStudent210 ub:takesCourse http://www.Department0.University0.edu/Course4","http://www.Department0.University0.edu/Course23 ub:name Course23","http://www.Department0.University0.edu/UndergraduateStudent4 ub:takesCourse http://www.Department0.University0.edu/Course47","http://www.Department0.University0.edu/GraduateCourse33 rdf:type ub:GraduateCourse","http://www.Department0.University0.edu/UndergraduateStudent156 ub:emailAddress UndergraduateStudent156@Department0.University0.edu","http://www.Department0.University0.edu/UndergraduateStudent375 ub:memberOf http://www.Department0.University0.edu","http://www.Department0.University0.edu/UndergraduateStudent156 ub:telephone xxx-xxx-xxxx","http://www.Department0.University0.edu/UndergraduateStudent228 ub:name UndergraduateStudent228","http://www.Department0.University0.edu/FullProfessor4/Publication0 ub:name Publication0","http://www.Department0.University0.edu/UndergraduateStudent228 ub:takesCourse http://www.Department0.University0.edu/Course33","http://www.Department0.University0.edu/GraduateStudent85 ub:memberOf http://www.Department0.University0.edu","http://www.Department0.University0.edu/UndergraduateStudent295 ub:takesCourse http://www.Department0.University0.edu/Course49","http://www.University232.edu rdf:type ub:University","http://www.Department0.University0.edu/UndergraduateStudent442 ub:emailAddress UndergraduateStudent442@Department0.University0.edu","http://www.Department0.University0.edu/UndergraduateStudent527 rdf:type ub:UndergraduateStudent","http://www.Department0.University0.edu/GraduateStudent85 rdf:type ub:GraduateStudent","http://www.Department0.University0.edu/UndergraduateStudent143 ub:takesCourse http://www.Department0.University0.edu/Course12","http://www.Department0.University0.edu/GraduateStudent85 ub:telephone xxx-xxx-xxxx","http://www.Department0.University0.edu/UndergraduateStudent375 ub:telephone xxx-xxx-xxxx","http://www.Department0.University0.edu/UndergraduateStudent290 ub:emailAddress UndergraduateStudent290@Department0.University0.edu","http://www.Department0.University0.edu/UndergraduateStudent9 ub:name UndergraduateStudent9","http://www.Department0.University0.edu/UndergraduateStudent156 ub:memberOf http://www.Department0.University0.edu","http://www.Department0.University0.edu/UndergraduateStudent49 ub:emailAddress UndergraduateStudent49@Department0.University0.edu","http://www.Department0.University0.edu/UndergraduateStudent15 ub:memberOf http://www.Department0.University0.edu","http://www.Department0.University0.edu/Lecturer5 ub:teacherOf http://www.Department0.University0.edu/GraduateCourse65","http://www.Department0.University0.edu/UndergraduateStudent130 ub:telephone xxx-xxx-xxxx","http://www.Department0.University0.edu/UndergraduateStudent396 ub:telephone xxx-xxx-xxxx","http://www.Department0.University0.edu/UndergraduateStudent169 ub:takesCourse http://www.Department0.University0.edu/Course36","http://www.Department0.University0.edu/UndergraduateStudent15 ub:telephone xxx-xxx-xxxx","http://www.Department0.University0.edu/UndergraduateStudent210 ub:takesCourse http://www.Department0.University0.edu/Course23","http://www.Department0.University0.edu/FullProfessor6/Publication8 ub:publicationAuthor http://www.Department0.University0.edu/GraduateStudent51","http://www.Department0.University0.edu/FullProfessor6/Publication3 ub:publicationAuthor http://www.Department0.University0.edu/GraduateStudent115","http://www.Department0.University0.edu/Lecturer5 ub:emailAddress Lecturer5@Department0.University0.edu","http://www.Department0.University0.edu/UndergraduateStudent130 ub:memberOf http://www.Department0.University0.edu","http://www.Department0.University0.edu/UndergraduateStudent396 ub:memberOf http://www.Department0.University0.edu","http://www.Department0.University0.edu/UndergraduateStudent362 ub:name UndergraduateStudent362","http://www.Department0.University0.edu/UndergraduateStudent23 ub:name UndergraduateStudent23","http://www.Department0.University0.edu/UndergraduateStudent383 ub:takesCourse http://www.Department0.University0.edu/Course49","http://www.Department0.University0.edu/GraduateCourse9 ub:name GraduateCourse9","http://www.Department0.University0.edu/UndergraduateStudent23 ub:takesCourse http://www.Department0.University0.edu/Course30","http://www.Department0.University0.edu/UndergraduateStudent15 rdf:type ub:UndergraduateStudent","http://www.Department0.University0.edu/FullProfessor1/Publication3 ub:publicationAuthor http://www.Department0.University0.edu/GraduateStudent111","http://www.Department0.University0.edu/FullProfessor4/Publication5 ub:publicationAuthor http://www.Department0.University0.edu/FullProfessor4","http://www.Department0.University0.edu/GraduateCourse59 ub:name GraduateCourse59","http://www.Department0.University0.edu/GraduateCourse20 ub:name GraduateCourse20","http://www.Department0.University0.edu/GraduateStudent64 rdf:type ub:ResearchAssistant","http://www.Department0.University0.edu/UndergraduateStudent215 ub:takesCourse http://www.Department0.University0.edu/Course18","http://www.Department0.University0.edu/FullProfessor9/Publication3 ub:publicationAuthor http://www.Department0.University0.edu/FullProfessor9","http://www.Department0.University0.edu/AssociateProfessor8 ub:teacherOf http://www.Department0.University0.edu/Course28","http://www.Department0.University0.edu/UndergraduateStudent130 rdf:type ub:UndergraduateStudent","http://www.Department0.University0.edu/UndergraduateStudent396 rdf:type ub:UndergraduateStudent","http://www.Department0.University0.edu/UndergraduateStudent15 ub:takesCourse http://www.Department0.University0.edu/Course8","http://www.Department0.University0.edu/UndergraduateStudent527 ub:telephone xxx-xxx-xxxx","http://www.Department0.University0.edu/GraduateCourse4 rdf:type ub:GraduateCourse","http://www.Department0.University0.edu/UndergraduateStudent463 ub:name UndergraduateStudent463","http://www.Department0.University0.edu/FullProfessor6/Publication3 ub:name Publication3","http://www.Department0.University0.edu/GraduateCourse59 rdf:type ub:GraduateCourse","http://www.Department0.University0.edu/UndergraduateStudent375 rdf:type ub:UndergraduateStudent","http://www.Department0.University0.edu/GraduateStudent98 ub:emailAddress GraduateStudent98@Department0.University0.edu","http://www.Department0.University0.edu/UndergraduateStudent388 ub:takesCourse http://www.Department0.University0.edu/Course1","http://www.Department0.University0.edu/FullProfessor3/Publication15 ub:publicationAuthor http://www.Department0.University0.edu/FullProfessor3","http://www.Department0.University0.edu/GraduateStudent85 ub:name GraduateStudent85","http://www.Department0.University0.edu/UndergraduateStudent290 ub:takesCourse http://www.Department0.University0.edu/Course36","http://www.Department0.University0.edu/UndergraduateStudent527 ub:memberOf http://www.Department0.University0.edu","http://www.Department0.University0.edu/GraduateStudent51 ub:emailAddress GraduateStudent51@Department0.University0.edu","http://www.Department0.University0.edu/UndergraduateStudent375 ub:name UndergraduateStudent375","http://www.Department0.University0.edu/UndergraduateStudent156 rdf:type ub:UndergraduateStudent","http://www.Department0.University0.edu/UndergraduateStudent455 ub:takesCourse http://www.Department0.University0.edu/Course21","http://www.Department0.University0.edu/UndergraduateStudent122 ub:takesCourse http://www.Department0.University0.edu/Course57","http://www.Department0.University0.edu/UndergraduateStudent370 ub:emailAddress UndergraduateStudent370@Department0.University0.edu","http://www.Department0.University0.edu/UndergraduateStudent228 ub:takesCourse http://www.Department0.University0.edu/Course47","http://www.Department0.University0.edu/FullProfessor2/Publication2 ub:name Publication2","http://www.Department0.University0.edu/UndergraduateStudent143 ub:takesCourse http://www.Department0.University0.edu/Course54","http://www.Department0.University0.edu/UndergraduateStudent202 ub:takesCourse http://www.Department0.University0.edu/Course9","http://www.Department0.University0.edu/UndergraduateStudent10 ub:name UndergraduateStudent10","http://www.Department0.University0.edu/UndergraduateStudent36 rdf:type ub:UndergraduateStudent","http://www.Department0.University0.edu/UndergraduateStudent450 ub:takesCourse http://www.Department0.University0.edu/Course57","http://www.Department0.University0.edu/UndergraduateStudent442 ub:advisor http://www.Department0.University0.edu/AssociateProfessor8","http://www.Department0.University0.edu/UndergraduateStudent135 ub:name UndergraduateStudent135","http://www.Department0.University0.edu/FullProfessor4/Publication0 ub:publicationAuthor http://www.Department0.University0.edu/FullProfessor4","http://www.Department0.University0.edu/GraduateStudent85 rdf:type ub:ResearchAssistant","http://www.Department0.University0.edu/UndergraduateStudent514 ub:takesCourse http://www.Department0.University0.edu/Course10","http://www.Department0.University0.edu/UndergraduateStudent169 ub:takesCourse http://www.Department0.University0.edu/Course30","http://www.Department0.University0.edu/Course49 ub:name Course49","http://www.Department0.University0.edu/FullProfessor3/Publication1 rdf:type ub:Publication","http://www.Department0.University0.edu/GraduateStudent64 ub:advisor http://www.Department0.University0.edu/AssociateProfessor5","http://www.Department0.University0.edu/UndergraduateStudent202 ub:takesCourse http://www.Department0.University0.edu/Course16","http://www.Department0.University0.edu/UndergraduateStudent15 ub:emailAddress UndergraduateStudent15@Department0.University0.edu","http://www.Department0.University0.edu/UndergraduateStudent9 ub:emailAddress UndergraduateStudent9@Department0.University0.edu","http://www.Department0.University0.edu/UndergraduateStudent370 rdf:type ub:UndergraduateStudent","http://www.Department0.University0.edu/UndergraduateStudent468 ub:takesCourse http://www.Department0.University0.edu/Course28","http://www.Department0.University0.edu/GraduateStudent51 ub:undergraduateDegreeFrom http://www.University943.edu","http://www.Department0.University0.edu/UndergraduateStudent290 ub:takesCourse http://www.Department0.University0.edu/Course37","http://www.Department0.University0.edu/Course28 ub:name Course28","http://www.Department0.University0.edu/UndergraduateStudent10 ub:advisor http://www.Department0.University0.edu/AssistantProfessor6","http://www.Department0.University0.edu/UndergraduateStudent442 rdf:type ub:UndergraduateStudent","http://www.Department0.University0.edu/AssociateProfessor6/Publication10 ub:name Publication10","http://www.Department0.University0.edu/GraduateStudent72 ub:advisor http://www.Department0.University0.edu/AssistantProfessor8","http://www.Department0.University0.edu/UndergraduateStudent143 ub:takesCourse http://www.Department0.University0.edu/Course45","http://www.Department0.University0.edu/Course9 ub:name Course9","http://www.Department0.University0.edu/GraduateStudent0 ub:memberOf http://www.Department0.University0.edu","http://www.Department0.University0.edu/FullProfessor7/Publication0 rdf:type ub:Publication","http://www.Department0.University0.edu/UndergraduateStudent468 rdf:type ub:UndergraduateStudent","http://www.Department0.University0.edu/UndergraduateStudent202 rdf:type ub:UndergraduateStudent","http://www.Department0.University0.edu/UndergraduateStudent215 ub:telephone xxx-xxx-xxxx","http://www.Department0.University0.edu/GraduateStudent0 ub:telephone xxx-xxx-xxxx","http://www.Department0.University0.edu/AssociateProfessor12/Publication10 ub:publicationAuthor http://www.Department0.University0.edu/AssociateProfessor12","http://www.Department0.University0.edu/UndergraduateStudent290 ub:takesCourse http://www.Department0.University0.edu/Course34","http://www.Department0.University0.edu/UndergraduateStudent514 ub:takesCourse http://www.Department0.University0.edu/Course37","http://www.Department0.University0.edu/UndergraduateStudent90 ub:takesCourse http://www.Department0.University0.edu/Course43","http://www.Department0.University0.edu/GraduateStudent0 rdf:type ub:GraduateStudent","http://www.Department0.University0.edu/UndergraduateStudent215 ub:memberOf http://www.Department0.University0.edu","http://www.Department0.University0.edu/UndergraduateStudent468 ub:emailAddress UndergraduateStudent468@Department0.University0.edu","http://www.Department0.University0.edu/UndergraduateStudent9 ub:takesCourse http://www.Department0.University0.edu/Course2","http://www.Department0.University0.edu/UndergraduateStudent15 ub:name UndergraduateStudent15","http://www.Department0.University0.edu/FullProfessor1/Publication3 rdf:type ub:Publication","http://www.Department0.University0.edu/GraduateStudent72 ub:emailAddress GraduateStudent72@Department0.University0.edu","http://www.Department0.University0.edu/FullProfessor3/Publication6 rdf:type ub:Publication","http://www.Department0.University0.edu/Lecturer5 ub:worksFor http://www.Department0.University0.edu","http://www.Department0.University0.edu/UndergraduateStudent308 ub:memberOf http://www.Department0.University0.edu","http://www.Department0.University0.edu/FullProfessor5/Publication4 rdf:type ub:Publication","http://www.Department0.University0.edu/UndergraduateStudent15 ub:takesCourse http://www.Department0.University0.edu/Course60","http://www.Department0.University0.edu/FullProfessor4/Publication5 ub:name Publication5","http://www.Department0.University0.edu/UndergraduateStudent388 ub:emailAddress UndergraduateStudent388@Department0.University0.edu","http://www.Department0.University0.edu/FullProfessor0/Publication4 ub:name Publication4","http://www.Department0.University0.edu/UndergraduateStudent135 rdf:type ub:UndergraduateStudent","http://www.Department0.University0.edu/UndergraduateStudent514 ub:emailAddress UndergraduateStudent514@Department0.University0.edu","http://www.Department0.University0.edu/UndergraduateStudent375 ub:takesCourse http://www.Department0.University0.edu/Course9","http://www.Department0.University0.edu/UndergraduateStudent308 ub:telephone xxx-xxx-xxxx","http://www.Department0.University0.edu/UndergraduateStudent228 ub:emailAddress UndergraduateStudent228@Department0.University0.edu","http://www.Department0.University0.edu/FullProfessor9/Publication18 rdf:type ub:Publication","http://www.Department0.University0.edu/UndergraduateStudent9 ub:takesCourse http://www.Department0.University0.edu/Course32","http://www.Department0.University0.edu/Lecturer5 ub:teacherOf http://www.Department0.University0.edu/Course59","http://www.Department0.University0.edu/UndergraduateStudent49 ub:takesCourse http://www.Department0.University0.edu/Course21","http://www.Department0.University0.edu/GraduateStudent72 ub:takesCourse http://www.Department0.University0.edu/GraduateCourse51","http://www.Department0.University0.edu/AssistantProfessor6/Publication8 ub:publicationAuthor http://www.Department0.University0.edu/GraduateStudent114","http://www.Department0.University0.edu/FullProfessor8/Publication4 ub:publicationAuthor http://www.Department0.University0.edu/FullProfessor8","http://www.Department0.University0.edu/UndergraduateStudent463 ub:takesCourse http://www.Department0.University0.edu/Course15","http://www.University393.edu rdf:type ub:University","http://www.Department0.University0.edu/UndergraduateStudent522 ub:telephone xxx-xxx-xxxx","http://www.Department0.University0.edu/UndergraduateStudent156 ub:takesCourse http://www.Department0.University0.edu/Course60","http://www.Department0.University0.edu/UndergraduateStudent450 ub:emailAddress UndergraduateStudent450@Department0.University0.edu","http://www.Department0.University0.edu/FullProfessor6/Publication3 ub:publicationAuthor http://www.Department0.University0.edu/FullProfessor6","http://www.Department0.University0.edu/UndergraduateStudent135 ub:emailAddress UndergraduateStudent135@Department0.University0.edu","http://www.Department0.University0.edu/UndergraduateStudent522 ub:memberOf http://www.Department0.University0.edu","http://www.Department0.University0.edu/UndergraduateStudent463 rdf:type ub:UndergraduateStudent","http://www.Department0.University0.edu/AssociateProfessor8 ub:undergraduateDegreeFrom http://www.University778.edu","http://www.Department0.University0.edu/UndergraduateStudent455 ub:takesCourse http://www.Department0.University0.edu/Course30","http://www.Department0.University0.edu/GraduateStudent98 ub:takesCourse http://www.Department0.University0.edu/GraduateCourse64","http://www.Department0.University0.edu/UndergraduateStudent450 ub:takesCourse http://www.Department0.University0.edu/Course0","http://www.Department0.University0.edu/UndergraduateStudent455 ub:takesCourse http://www.Department0.University0.edu/Course42","http://www.Department0.University0.edu/GraduateCourse9 rdf:type ub:GraduateCourse","http://www.Department0.University0.edu/UndergraduateStudent375 ub:takesCourse http://www.Department0.University0.edu/Course28","http://www.Department0.University0.edu/UndergraduateStudent215 ub:name UndergraduateStudent215","http://www.Department0.University0.edu/FullProfessor3/Publication15 ub:publicationAuthor http://www.Department0.University0.edu/GraduateStudent30","http://www.Department0.University0.edu/UndergraduateStudent210 ub:memberOf http://www.Department0.University0.edu","http://www.Department0.University0.edu/UndergraduateStudent455 ub:emailAddress UndergraduateStudent455@Department0.University0.edu","http://www.Department0.University0.edu/FullProfessor6/Publication8 rdf:type ub:Publication","http://www.Department0.University0.edu/UndergraduateStudent148 ub:telephone xxx-xxx-xxxx","http://www.Department0.University0.edu/Course15 rdf:type ub:Course","http://www.Department0.University0.edu/FullProfessor9/Publication3 rdf:type ub:Publication","http://www.Department0.University0.edu/UndergraduateStudent156 ub:takesCourse http://www.Department0.University0.edu/Course4","http://www.Department0.University0.edu/FullProfessor5/Publication9 rdf:type ub:Publication","http://www.Department0.University0.edu/UndergraduateStudent135 ub:takesCourse http://www.Department0.University0.edu/Course24","http://www.Department0.University0.edu/Course10 ub:name Course10","http://www.Department0.University0.edu/UndergraduateStudent388 ub:takesCourse http://www.Department0.University0.edu/Course40","http://www.Department0.University0.edu/UndergraduateStudent148 ub:memberOf http://www.Department0.University0.edu","http://www.Department0.University0.edu/UndergraduateStudent362 ub:emailAddress UndergraduateStudent362@Department0.University0.edu","http://www.Department0.University0.edu/UndergraduateStudent210 ub:telephone xxx-xxx-xxxx","http://www.Department0.University0.edu/UndergraduateStudent143 ub:emailAddress UndergraduateStudent143@Department0.University0.edu","http://www.Department0.University0.edu/UndergraduateStudent522 ub:takesCourse http://www.Department0.University0.edu/Course43","http://www.Department0.University0.edu/FullProfessor7/Publication0 ub:publicationAuthor http://www.Department0.University0.edu/FullProfessor7","http://www.Department0.University0.edu/GraduateStudent51 ub:takesCourse http://www.Department0.University0.edu/GraduateCourse33","http://www.Department0.University0.edu/GraduateCourse4 ub:name GraduateCourse4","http://www.Department0.University0.edu/UndergraduateStudent156 ub:takesCourse http://www.Department0.University0.edu/Course47","http://www.Department0.University0.edu/UndergraduateStudent370 ub:takesCourse http://www.Department0.University0.edu/Course58","http://www.Department0.University0.edu/AssociateProfessor8 ub:name AssociateProfessor8","http://www.Department0.University0.edu/UndergraduateStudent370 ub:takesCourse http://www.Department0.University0.edu/Course22","http://www.Department0.University0.edu/GraduateStudent77 ub:undergraduateDegreeFrom http://www.University924.edu","http://www.Department0.University0.edu/UndergraduateStudent514 rdf:type ub:UndergraduateStudent","http://www.Department0.University0.edu/UndergraduateStudent450 ub:memberOf http://www.Department0.University0.edu","http://www.Department0.University0.edu/UndergraduateStudent122 ub:telephone xxx-xxx-xxxx","http://www.Department0.University0.edu/UndergraduateStudent36 ub:name UndergraduateStudent36","http://www.Department0.University0.edu/FullProfessor8/Publication4 rdf:type ub:Publication","http://www.Department0.University0.edu/UndergraduateStudent388 ub:telephone xxx-xxx-xxxx","http://www.Department0.University0.edu/UndergraduateStudent4 ub:telephone xxx-xxx-xxxx","http://www.Department0.University0.edu/FullProfessor1/Publication18 ub:publicationAuthor http://www.Department0.University0.edu/FullProfessor1","http://www.Department0.University0.edu/AssociateProfessor8/Publication14 ub:name Publication14","http://www.Department0.University0.edu/Lecturer5 ub:mastersDegreeFrom http://www.University149.edu","http://www.Department0.University0.edu/Course9 rdf:type ub:Course","http://www.Department0.University0.edu/UndergraduateStudent4 ub:memberOf http://www.Department0.University0.edu","http://www.Department0.University0.edu/FullProfessor2/Publication7 ub:publicationAuthor http://www.Department0.University0.edu/FullProfessor2","http://www.Department0.University0.edu/UndergraduateStudent290 ub:takesCourse http://www.Department0.University0.edu/Course28","http://www.Department0.University0.edu/UndergraduateStudent388 ub:memberOf http://www.Department0.University0.edu","http://www.Department0.University0.edu/AssociateProfessor6/Publication10 rdf:type ub:Publication","http://www.Department0.University0.edu/UndergraduateStudent450 ub:telephone xxx-xxx-xxxx","http://www.Department0.University0.edu/UndergraduateStudent122 ub:memberOf http://www.Department0.University0.edu","http://www.Department0.University0.edu/UndergraduateStudent396 ub:takesCourse http://www.Department0.University0.edu/Course46","http://www.Department0.University0.edu/UndergraduateStudent90 ub:emailAddress UndergraduateStudent90@Department0.University0.edu","http://www.University534.edu rdf:type ub:University","http://www.Department0.University0.edu/UndergraduateStudent36 ub:takesCourse http://www.Department0.University0.edu/Course47","http://www.Department0.University0.edu/UndergraduateStudent90 ub:telephone xxx-xxx-xxxx","http://www.Department0.University0.edu/AssociateProfessor8 ub:doctoralDegreeFrom http://www.University782.edu","http://www.Department0.University0.edu/GraduateStudent77 ub:takesCourse http://www.Department0.University0.edu/GraduateCourse21","http://www.Department0.University0.edu/UndergraduateStudent455 ub:telephone xxx-xxx-xxxx","http://www.Department0.University0.edu/FullProfessor6/Publication8 ub:publicationAuthor http://www.Department0.University0.edu/GraduateStudent57","http://www.Department0.University0.edu/UndergraduateStudent130 ub:name UndergraduateStudent130","http://www.Department0.University0.edu/GraduateStudent85 ub:advisor http://www.Department0.University0.edu/FullProfessor5","http://www.Department0.University0.edu/UndergraduateStudent228 rdf:type ub:UndergraduateStudent","http://www.Department0.University0.edu/UndergraduateStudent396 ub:name UndergraduateStudent396","http://www.Department0.University0.edu/UndergraduateStudent4 ub:takesCourse http://www.Department0.University0.edu/Course41","http://www.Department0.University0.edu/UndergraduateStudent455 ub:memberOf http://www.Department0.University0.edu","http://www.Department0.University0.edu/UndergraduateStudent90 ub:memberOf http://www.Department0.University0.edu","http://www.Department0.University0.edu/Course10 rdf:type ub:Course","http://www.Department0.University0.edu/UndergraduateStudent135 ub:takesCourse http://www.Department0.University0.edu/Course37","http://www.Department0.University0.edu/UndergraduateStudent455 ub:name UndergraduateStudent455","http://www.Department0.University0.edu/UndergraduateStudent215 ub:emailAddress UndergraduateStudent215@Department0.University0.edu","http://www.Department0.University0.edu/UndergraduateStudent370 ub:takesCourse http://www.Department0.University0.edu/Course11","http://www.Department0.University0.edu/UndergraduateStudent396 ub:emailAddress UndergraduateStudent396@Department0.University0.edu","http://www.Department0.University0.edu/UndergraduateStudent10 ub:takesCourse http://www.Department0.University0.edu/Course28","http://www.Department0.University0.edu/FullProfessor3/Publication1 ub:name Publication1","http://www.Department0.University0.edu/FullProfessor0/Publication4 ub:publicationAuthor http://www.Department0.University0.edu/FullProfessor0","http://www.Department0.University0.edu/FullProfessor2/Publication2 ub:publicationAuthor http://www.Department0.University0.edu/GraduateStudent144","http://www.Department0.University0.edu/GraduateStudent64 ub:takesCourse http://www.Department0.University0.edu/GraduateCourse60","http://www.Department0.University0.edu/FullProfessor0/Publication4 ub:publicationAuthor http://www.Department0.University0.edu/GraduateStudent132","http://www.Department0.University0.edu/FullProfessor1/Publication13 ub:publicationAuthor http://www.Department0.University0.edu/FullProfessor1","http://www.Department0.University0.edu/GraduateStudent0 ub:name GraduateStudent0","http://www.Department0.University0.edu/UndergraduateStudent396 ub:takesCourse http://www.Department0.University0.edu/Course3","http://www.Department0.University0.edu/UndergraduateStudent202 ub:emailAddress UndergraduateStudent202@Department0.University0.edu","http://www.Department0.University0.edu/UndergraduateStudent36 ub:emailAddress UndergraduateStudent36@Department0.University0.edu","http://www.Department0.University0.edu/UndergraduateStudent514 ub:name UndergraduateStudent514","http://www.Department0.University0.edu/Course36 rdf:type ub:Course","http://www.Department0.University0.edu/UndergraduateStudent28 ub:takesCourse http://www.Department0.University0.edu/Course19","http://www.Department0.University0.edu/GraduateStudent77 ub:memberOf http://www.Department0.University0.edu","http://www.Department0.University0.edu/Lecturer5 ub:doctoralDegreeFrom http://www.University428.edu","http://www.Department0.University0.edu/UndergraduateStudent49 ub:memberOf http://www.Department0.University0.edu","http://www.Department0.University0.edu/GraduateCourse41 rdf:type ub:GraduateCourse","http://www.Department0.University0.edu/UndergraduateStudent135 ub:takesCourse http://www.Department0.University0.edu/Course10","http://www.Department0.University0.edu/AssociateProfessor8/Publication14 rdf:type ub:Publication","http://www.Department0.University0.edu/UndergraduateStudent383 ub:memberOf http://www.Department0.University0.edu","http://www.Department0.University0.edu/UndergraduateStudent49 ub:telephone xxx-xxx-xxxx","http://www.Department0.University0.edu/UndergraduateStudent442 ub:takesCourse http://www.Department0.University0.edu/Course11","http://www.Department0.University0.edu/GraduateStudent72 ub:takesCourse http://www.Department0.University0.edu/GraduateCourse31","http://www.Department0.University0.edu/GraduateStudent77 ub:telephone xxx-xxx-xxxx","http://www.Department0.University0.edu/GraduateStudent77 rdf:type ub:GraduateStudent","http://www.Department0.University0.edu/UndergraduateStudent383 ub:telephone xxx-xxx-xxxx","http://www.Department0.University0.edu/FullProfessor1/Publication18 ub:name Publication18","http://www.Department0.University0.edu/FullProfessor9/Publication18 ub:publicationAuthor http://www.Department0.University0.edu/GraduateStudent49","http://www.Department0.University0.edu/UndergraduateStudent23 ub:memberOf http://www.Department0.University0.edu","http://www.Department0.University0.edu/UndergraduateStudent308 ub:takesCourse http://www.Department0.University0.edu/Course21","http://www.Department0.University0.edu/GraduateStudent51 ub:takesCourse http://www.Department0.University0.edu/GraduateCourse43","http://www.Department0.University0.edu/GraduateStudent64 ub:name GraduateStudent64","http://www.Department0.University0.edu/GraduateCourse46 ub:name GraduateCourse46","http://www.Department0.University0.edu/GraduateStudent64 ub:emailAddress GraduateStudent64@Department0.University0.edu","http://www.Department0.University0.edu/UndergraduateStudent295 ub:telephone xxx-xxx-xxxx","http://www.Department0.University0.edu/GraduateStudent0 ub:takesCourse http://www.Department0.University0.edu/GraduateCourse64","http://www.Department0.University0.edu/UndergraduateStudent370 ub:takesCourse http://www.Department0.University0.edu/Course48","http://www.Department0.University0.edu/UndergraduateStudent383 ub:takesCourse http://www.Department0.University0.edu/Course52","http://www.Department0.University0.edu/FullProfessor3/Publication1 ub:publicationAuthor http://www.Department0.University0.edu/GraduateStudent117","http://www.Department0.University0.edu/UndergraduateStudent522 ub:takesCourse http://www.Department0.University0.edu/Course2","http://www.Department0.University0.edu/UndergraduateStudent10 rdf:type ub:UndergraduateStudent","http://www.Department0.University0.edu/AssociateProfessor6/Publication10 ub:publicationAuthor http://www.Department0.University0.edu/GraduateStudent136","http://www.Department0.University0.edu/UndergraduateStudent23 ub:telephone xxx-xxx-xxxx","http://www.Department0.University0.edu/Course36 ub:name Course36","http://www.Department0.University0.edu/UndergraduateStudent308 ub:takesCourse http://www.Department0.University0.edu/Course57","http://www.Department0.University0.edu/UndergraduateStudent468 ub:takesCourse http://www.Department0.University0.edu/Course59","http://www.Department0.University0.edu/UndergraduateStudent362 ub:takesCourse http://www.Department0.University0.edu/Course53","http://www.Department0.University0.edu/UndergraduateStudent295 ub:memberOf http://www.Department0.University0.edu","http://www.Department0.University0.edu/FullProfessor6/Publication8 ub:publicationAuthor http://www.Department0.University0.edu/GraduateStudent47","http://www.Department0.University0.edu/FullProfessor2/Publication7 ub:name Publication7","http://www.University98.edu rdf:type ub:University","http://www.Department0.University0.edu/AssociateProfessor8 ub:worksFor http://www.Department0.University0.edu","http://www.Department0.University0.edu/GraduateStudent72 rdf:type ub:GraduateStudent","http://www.Department0.University0.edu/UndergraduateStudent396 ub:takesCourse http://www.Department0.University0.edu/Course24","http://www.Department0.University0.edu/GraduateStudent72 ub:telephone xxx-xxx-xxxx","http://www.Department0.University0.edu/UndergraduateStudent169 ub:memberOf http://www.Department0.University0.edu","http://www.Department0.University0.edu/UndergraduateStudent522 ub:emailAddress UndergraduateStudent522@Department0.University0.edu","http://www.Department0.University0.edu/UndergraduateStudent527 ub:takesCourse http://www.Department0.University0.edu/Course55","http://www.Department0.University0.edu/UndergraduateStudent362 ub:telephone xxx-xxx-xxxx","http://www.Department0.University0.edu/FullProfessor0/Publication4 ub:publicationAuthor http://www.Department0.University0.edu/GraduateStudent2","http://www.Department0.University0.edu/UndergraduateStudent442 ub:takesCourse http://www.Department0.University0.edu/Course34","http://www.Department0.University0.edu/FullProfessor9/Publication18 ub:publicationAuthor http://www.Department0.University0.edu/FullProfessor9","http://www.Department0.University0.edu/GraduateStudent0 ub:takesCourse http://www.Department0.University0.edu/GraduateCourse50","http://www.Department0.University0.edu/UndergraduateStudent362 ub:memberOf http://www.Department0.University0.edu","http://www.Department0.University0.edu/UndergraduateStudent169 ub:telephone xxx-xxx-xxxx","http://www.Department0.University0.edu/GraduateCourse46 rdf:type ub:GraduateCourse","http://www.Department0.University0.edu/GraduateStudent72 ub:memberOf http://www.Department0.University0.edu","http://www.Department0.University0.edu/UndergraduateStudent215 ub:takesCourse http://www.Department0.University0.edu/Course21","http://www.Department0.University0.edu/UndergraduateStudent28 ub:telephone xxx-xxx-xxxx","http://www.Department0.University0.edu/UndergraduateStudent9 ub:telephone xxx-xxx-xxxx","http://www.Department0.University0.edu/AssistantProfessor6/Publication8 rdf:type ub:Publication","http://www.Department0.University0.edu/GraduateStudent98 ub:telephone xxx-xxx-xxxx","http://www.Department0.University0.edu/GraduateStudent98 rdf:type ub:GraduateStudent","http://www.Department0.University0.edu/UndergraduateStudent383 ub:takesCourse http://www.Department0.University0.edu/Course53","http://www.Department0.University0.edu/UndergraduateStudent156 ub:name UndergraduateStudent156","http://www.Department0.University0.edu/GraduateStudent51 ub:memberOf http://www.Department0.University0.edu","http://www.Department0.University0.edu/UndergraduateStudent143 ub:memberOf http://www.Department0.University0.edu","http://www.Department0.University0.edu/UndergraduateStudent290 rdf:type ub:UndergraduateStudent","http://www.Department0.University0.edu/FullProfessor2/Publication2 ub:publicationAuthor http://www.Department0.University0.edu/FullProfessor2","http://www.Department0.University0.edu/GraduateStudent98 ub:memberOf http://www.Department0.University0.edu","http://www.Department0.University0.edu/GraduateStudent85 ub:undergraduateDegreeFrom http://www.University205.edu","http://www.Department0.University0.edu/UndergraduateStudent169 ub:emailAddress UndergraduateStudent169@Department0.University0.edu","http://www.Department0.University0.edu/GraduateStudent51 rdf:type ub:GraduateStudent","http://www.Department0.University0.edu/UndergraduateStudent28 ub:memberOf http://www.Department0.University0.edu","http://www.Department0.University0.edu/UndergraduateStudent9 ub:memberOf http://www.Department0.University0.edu","http://www.Department0.University0.edu/GraduateStudent51 ub:telephone xxx-xxx-xxxx","http://www.Department0.University0.edu/UndergraduateStudent210 ub:name UndergraduateStudent210","http://www.Department0.University0.edu/UndergraduateStudent143 ub:telephone xxx-xxx-xxxx","http://www.Department0.University0.edu/GraduateCourse20 rdf:type ub:GraduateCourse","http://www.Department0.University0.edu/GraduateStudent72 ub:undergraduateDegreeFrom http://www.University810.edu","http://www.Department0.University0.edu/UndergraduateStudent362 ub:takesCourse http://www.Department0.University0.edu/Course40","http://www.Department0.University0.edu/AssociateProfessor8 ub:teacherOf http://www.Department0.University0.edu/GraduateCourse29","http://www.Department0.University0.edu/FullProfessor7/Publication0 ub:name Publication0"],"InferredAxioms":["ub:GraduateStudent rdf:type rdfs:Class","rdf:object rdfs:domain rdf:Statement","ub:AssociateProfessor rdf:type rdfs:Class","rdf:Bag rdfs:subClassOf rdf:Bag","rdf:nil rdf:type rdfs:Resource","rdfs:Container rdf:type rdfs:Resource","rdf:subject rdf:type rdf:Property","rdf:Seq rdfs:subClassOf rdfs:Container","rdf:rest rdfs:domain rdf:List","rdf:subject rdf:type rdfs:Resource","ub:GraduateCourse rdf:type rdfs:Resource","rdfs:isDefinedBy rdfs:subPropertyOf rdfs:isDefinedBy","rdf:Property rdf:type rdfs:Class","rdfs:Resource rdf:type rdfs:Class","rdf:XMLLiteral rdf:type rdfs:Class","rdfs:Literal rdfs:subClassOf rdfs:Literal","rdf:XMLLiteral rdf:type rdfs:Datatype","rdf:Statement rdf:type rdfs:Class","rdf:first rdfs:domain rdf:List","rdfs:domain rdfs:domain rdf:Property","rdfs:label rdf:type rdf:Property","rdf:predicate rdfs:domain rdf:Statement","rdfs:label rdf:type rdfs:Resource","rdf:Bag rdf:type rdfs:Class","rdf:Alt rdfs:subClassOf rdfs:Container","ub:Publication rdf:type rdfs:Resource","rdfs:subPropertyOf rdfs:domain rdf:Property","rdfs:domain rdf:type rdfs:Resource","rdfs:label rdfs:range rdfs:Literal","rdfs:subPropertyOf rdfs:range rdf:Property","rdf:Seq rdf:type rdfs:Class","ub:ResearchAssistant rdf:type rdfs:Resource","rdfs:Datatype rdfs:subClassOf rdfs:Class","rdfs:Datatype rdfs:subClassOf rdfs:Datatype","rdf:predicate rdfs:subPropertyOf rdf:predicate","rdfs:subPropertyOf rdf:type rdf:Property","rdfs:Class rdf:type rdfs:Resource","rdfs:range rdfs:range rdfs:Class","rdf:Alt rdfs:subClassOf rdf:Alt","rdfs:subPropertyOf rdf:type rdfs:Resource","rdfs:Literal rdfs:subClassOf rdfs:Resource","ub:UndergraduateStudent rdf:type rdfs:Resource","rdfs:domain rdf:type rdf:Property","rdfs:subClassOf rdf:type rdfs:Resource","rdfs:Literal rdf:type rdfs:Resource","rdf:type rdf:type rdf:Property","rdf:rest rdfs:range rdf:List","rdf:first rdfs:subPropertyOf rdf:first","rdf:Statement rdfs:subClassOf rdf:Statement","rdfs:Class rdfs:subClassOf rdfs:Resource","rdf:Alt rdf:type rdfs:Class","rdfs:ContainerMembershipProperty rdfs:subClassOf rdfs:ContainerMembershipProperty","ub:Course rdf:type rdfs:Class","rdfs:Datatype rdf:type rdfs:Class","rdf:List rdf:type rdfs:Class","rdfs:subClassOf rdf:type rdf:Property","ub:Lecturer rdf:type rdfs:Class","rdf:List rdfs:subClassOf rdf:List","rdfs:ContainerMembershipProperty rdf:type rdfs:Class","rdf:type rdf:type rdfs:Resource","rdf:Bag rdfs:subClassOf rdfs:Container","ub:University rdf:type rdfs:Class","rdf:Property rdfs:subClassOf rdfs:Resource","rdf:XMLLiteral rdf:type rdfs:Resource","rdf:predicate rdf:type rdf:Property","rdfs:Resource rdfs:subClassOf rdfs:Resource","rdfs:isDefinedBy rdf:type rdfs:Resource","rdf:Statement rdf:type rdfs:Resource","rdf:Bag rdf:type rdfs:Resource","rdf:object rdfs:subPropertyOf rdf:object","rdf:nil rdf:type rdf:List","rdfs:range rdfs:domain rdf:Property","rdfs:isDefinedBy rdf:type rdf:Property","rdfs:comment rdfs:range rdfs:Literal","ub:Publication rdf:type rdfs:Class","rdf:predicate rdf:type rdfs:Resource","rdf:Property rdfs:subClassOf rdf:Property","rdf:object rdf:type rdfs:Resource","ub:GraduateStudent rdf:type rdfs:Resource","rdfs:Container rdf:type rdfs:Class","ub:AssociateProfessor rdf:type rdfs:Resource","rdf:Statement rdfs:subClassOf rdfs:Resource","rdf:rest rdfs:subPropertyOf rdf:rest","rdfs:subClassOf rdfs:domain rdfs:Class","ub:GraduateCourse rdf:type rdfs:Class","rdfs:isDefinedBy rdfs:subPropertyOf rdfs:seeAlso","rdfs:Resource rdf:type rdfs:Resource","rdf:Seq rdfs:subClassOf rdf:Seq","rdf:subject rdfs:domain rdf:Statement","rdf:object rdf:type rdf:Property","rdf:Property rdf:type rdfs:Resource","rdfs:Literal rdf:type rdfs:Class","rdf:first rdf:type rdfs:Resource","rdfs:Class rdfs:subClassOf rdfs:Class","rdfs:subClassOf rdfs:range rdfs:Class","rdfs:seeAlso rdfs:subPropertyOf rdfs:seeAlso","ub:Course rdf:type rdfs:Resource","rdfs:Datatype rdf:type rdfs:Resource","rdf:type rdfs:range rdfs:Class","rdf:Alt rdf:type rdfs:Resource","rdf:first rdf:type rdf:Property","ub:University rdf:type rdfs:Resource","rdfs:ContainerMembershipProperty rdf:type rdfs:Resource","rdf:List rdf:type rdfs:Resource","ub:Lecturer rdf:type rdfs:Resource","rdf:rest rdf:type rdf:Property","rdfs:range rdf:type rdf:Property","rdf:List rdfs:subClassOf rdfs:Resource","rdf:subject rdfs:subPropertyOf rdf:subject","ub:ResearchAssistant rdf:type rdfs:Class","rdf:Seq rdf:type rdfs:Resource","rdfs:Container rdfs:subClassOf rdfs:Container","rdfs:seeAlso rdf:type rdfs:Resource","rdfs:ContainerMembershipProperty rdfs:subClassOf rdfs:Resource","rdfs:comment rdf:type rdfs:Resource","rdfs:domain rdfs:range rdfs:Class","rdfs:Datatype rdfs:subClassOf rdfs:Resource","rdfs:Class rdf:type rdfs:Class","rdf:rest rdf:type rdfs:Resource","rdfs:range rdf:type rdfs:Resource","ub:UndergraduateStudent rdf:type rdfs:Class","rdfs:seeAlso rdf:type rdf:Property","rdfs:comment rdf:type rdf:Property","rdfs:ContainerMembershipProperty rdfs:subClassOf rdf:Property"],"InvalidAxioms":["ub:Publication rdfs:subClassOf rdfs:Resource","rdf:object rdf:type rdfs:Class","ub:University rdfs:subPropertyOf rdf:predicate","ub:AssociateProfessor rdf:type rdfs:Datatype","ub:GraduateStudent rdfs:subClassOf rdfs:ContainerMembershipProperty","rdfs:seeAlso rdfs:subClassOf rdfs:Container","rdfs:comment rdfs:domain rdf:List","rdfs:comment rdfs:subClassOf rdfs:Container","rdfs:label rdfs:subClassOf rdfs:Resource","ub:GraduateCourse rdf:type rdf:Property","rdf:type rdfs:range rdfs:Literal","rdfs:range rdfs:subPropertyOf rdf:subject","rdf:Seq rdfs:domain rdf:List","rdf:nil rdf:type rdf:Property","rdfs:seeAlso rdfs:subPropertyOf rdf:subject","rdfs:range rdfs:subClassOf rdfs:Container","rdf:rest rdfs:subClassOf rdfs:Container","rdf:XMLLiteral rdfs:subClassOf rdfs:Class","ub:Publication rdf:type rdf:Property","rdfs:isDefinedBy rdfs:domain rdf:Statement","rdfs:isDefinedBy rdfs:subPropertyOf rdf:first","rdf:Statement rdfs:range rdfs:Class","rdf:XMLLiteral rdfs:subClassOf rdfs:ContainerMembershipProperty","rdfs:isDefinedBy rdf:type rdfs:Class","rdf:XMLLiteral rdfs:range rdfs:Class","rdf:subject rdfs:subClassOf rdfs:Resource","rdf:XMLLiteral rdfs:domain rdf:Statement","ub:Publication rdfs:range rdf:Property","rdf:predicate rdf:type rdfs:Class","ub:AssociateProfessor rdfs:subClassOf rdfs:Container","rdf:Alt rdfs:range rdf:List","rdf:type rdfs:subClassOf rdfs:Resource","rdfs:seeAlso rdf:type rdfs:Class","rdfs:comment rdf:type rdfs:Class","ub:Course rdfs:range rdf:List","ub:UndergraduateStudent rdf:type rdf:Property","rdfs:comment rdfs:domain rdf:Statement","rdfs:comment rdfs:range rdfs:Class","ub:GraduateStudent rdfs:domain rdf:List","rdfs:Container rdfs:subClassOf rdf:Seq","rdf:rest rdfs:subPropertyOf rdf:first","rdf:first rdfs:subPropertyOf rdfs:isDefinedBy","rdfs:subClassOf rdfs:subPropertyOf rdfs:seeAlso","rdf:rest rdfs:domain rdf:Statement","rdf:rest rdf:type rdfs:Class","rdfs:range rdf:type rdfs:Class","ub:ResearchAssistant rdf:type rdf:Property","rdfs:label rdfs:domain rdf:Property","rdf:first rdfs:subClassOf rdfs:Datatype","rdf:Property rdfs:subClassOf rdf:Statement","rdf:List rdfs:subClassOf rdf:Alt","rdf:Statement rdfs:subClassOf rdfs:Container","rdf:first rdf:type rdfs:Class","ub:UndergraduateStudent rdfs:subClassOf rdfs:Resource","rdfs:isDefinedBy rdfs:subClassOf rdfs:Container","rdfs:subPropertyOf rdfs:subPropertyOf rdfs:seeAlso","ub:UndergraduateStudent rdfs:subPropertyOf rdf:object","rdfs:range rdfs:subPropertyOf rdfs:isDefinedBy","rdf:first rdfs:domain rdf:Statement","rdf:predicate rdfs:subClassOf rdfs:Container","rdfs:seeAlso rdfs:range rdf:List","rdfs:subPropertyOf rdfs:subClassOf rdf:Property","rdfs:ContainerMembershipProperty rdfs:range rdfs:Class","rdf:XMLLiteral rdfs:subPropertyOf rdf:subject","ub:ResearchAssistant rdfs:subClassOf rdfs:Resource","rdf:Alt rdfs:subClassOf rdfs:ContainerMembershipProperty","rdfs:Literal rdf:type rdf:Property","rdfs:comment rdf:type rdf:List","rdf:subject rdfs:range rdf:List","rdfs:ContainerMembershipProperty rdfs:subClassOf rdf:Seq","rdfs:Literal rdfs:domain rdf:List","rdfs:subClassOf rdfs:domain rdf:List","ub:AssociateProfessor rdfs:subClassOf rdfs:Resource","rdf:Statement rdf:type rdf:Property","ub:Publication rdfs:range rdfs:Class","rdfs:Datatype rdfs:subClassOf rdfs:Literal","rdfs:label rdf:type rdfs:Class","rdf:XMLLiteral rdf:type rdf:Property","rdfs:label rdfs:domain rdf:Statement","rdf:Property rdf:type rdf:Property","rdfs:Container rdfs:range rdfs:Class","rdfs:label rdfs:subClassOf rdfs:Datatype","ub:UndergraduateStudent rdfs:subPropertyOf rdf:subject","rdf:nil rdf:type rdfs:Class","rdf:nil rdfs:subClassOf rdf:List","rdfs:domain rdfs:subPropertyOf rdf:subject","ub:University rdfs:domain rdf:Property","ub:AssociateProfessor rdf:type rdf:Property","rdf:subject rdf:type rdfs:Class","rdf:subject rdf:type rdfs:Datatype","ub:GraduateStudent rdf:type rdf:Property","rdfs:subPropertyOf rdfs:domain rdf:List","rdfs:ContainerMembershipProperty rdf:type rdf:Property","rdf:List rdf:type rdf:Property","rdfs:subClassOf rdf:type rdfs:Class","ub:Lecturer rdf:type rdf:Property","ub:UndergraduateStudent rdfs:subClassOf rdfs:Class","ub:University rdf:type rdf:Property","rdf:Statement rdfs:subClassOf rdfs:Literal","rdf:Alt rdf:type rdf:Property","ub:Course rdf:type rdf:Property","rdfs:Literal rdfs:domain rdf:Statement","rdfs:Datatype rdf:type rdf:Property","rdfs:range rdfs:subPropertyOf rdfs:seeAlso","ub:Publication rdfs:subPropertyOf rdf:subject","rdf:first rdfs:range rdf:Property","rdf:type rdf:type rdfs:Class","rdf:XMLLiteral rdfs:subClassOf rdf:Seq","rdfs:seeAlso rdfs:subClassOf rdfs:Resource","rdfs:isDefinedBy rdfs:domain rdf:Property","rdf:Alt rdfs:subPropertyOf rdf:object","ub:Lecturer rdfs:subClassOf rdfs:Resource","rdfs:label rdfs:domain rdfs:Class","rdf:type rdfs:subClassOf rdf:Bag","rdf:nil rdfs:subClassOf rdfs:Container","ub:University rdfs:subClassOf rdfs:Resource","rdfs:domain rdf:type rdfs:Class","ub:Course rdfs:subClassOf rdfs:Resource","rdfs:subPropertyOf rdf:type rdfs:Class","rdf:first rdfs:subClassOf rdfs:Resource","rdf:subject rdfs:subClassOf rdfs:Container","rdfs:subPropertyOf rdfs:domain rdf:Statement","ub:GraduateCourse rdfs:subClassOf rdfs:Container","rdf:Seq rdf:type rdf:Property"]}