{"OntologyName":"http://www.hozo.jp/owl/YAMATO20120714.owl","Prefixes":{"":"http://www.hozo.jp/owl/YAMATO20120714.owl","xsd":"http://www.w3.org/2001/XMLSchema#","rdfs":"http://www.w3.org/2000/01/rdf-schema#","owl":"http://www.w3.org/2002/07/owl#","rdf":"http://www.w3.org/1999/02/22-rdf-syntax-ns#"},"TotalBase Triples":106,"Axiomatic Triples in Base":0,"rdf:TypeTriples in Base":25,"TotalUniqueSubjects in base":35,"TotalUniquePredicates in base":8,"TotalUniqueObjects in base":80,"TotalInferred Triples":256,"AxiomaticTriples in inferred":100,"rdf:TypeTriples in inferred":173,"TotalUniqueSubjects in inferred":86,"TotalUniquePredicates in inferred":5,"TotalUniqueObjects in inferred":59,"TotalInvalid Triples":256,"AxiomaticTriples in invalid":78,"rdf:TypeTriples in invalid":79,"fullRandomTriples in invalid":0,"trickyTriplesInInvalid in invalid":256,"TotalUniqueSubjects in invalid":84,"TotalUniquePredicates in invalid":5,"TotalUniqueObjects in invalid":52,"Inference_time (miliseconds)":3,"Invalid triples generation time (miliseconds)":21,"Output (json_format) writing time (miliseconds)":0,"OriginalAxioms":[":#shape rdfs:subClassOf :#genuine_qualitative_generic_quality","ef417d87-f5a7-4478-9bce-31f71e09a08a rdf:type owl:Restriction",":#m_length_form_standard_length_RH rdfs:subClassOf :#_1m_unit_length","fd0b120b-4f68-4068-b6a3-40af06605abf rdf:type owl:Restriction",":#action_behaviro_motion rdf:type owl:Class",":#realization-of rdfs:subClassOf :#basic_relation",":#detach rdf:type owl:Class",":#comparative_large_small rdfs:subClassOf 725f540e-c0f5-4155-afed-66bc34a24034","cc9eb85c-bd1e-49ea-bb2f-162025d44250 rdf:first :#process_1_participant_RH",":#comparative_large_small rdfs:subClassOf d900a185-799a-44e3-883f-80204c8fc41b","cb17e1c4-fbcd-4df8-bdac-9d7d88495f9c owl:onProperty :#has_doer",":#comparative_large_small rdfs:label comparative_large_small",":#obejct_action rdfs:subClassOf :#physical_action",":#obejct_action rdf:type owl:Class","b3403018-62c6-4bff-90fb-2a86b999b270 rdf:first :#process_1_participant_RH","feebc2da-143f-4dfc-92d8-314ad168c721 rdf:rest 561ab120-7c8c-4e3c-bd56-f110dbf5b1a4",":#quantity rdfs:subClassOf 39cbeca7-5bb4-4d17-b324-5a4607cf0d16",":#being_long rdfs:subClassOf e64cb06b-4427-4644-9395-9980f127f3d3",":#shape rdfs:label shape","b41ed7ba-78bf-4bdd-b77e-1762d589a697 owl:onProperty :#has_product",":#shape rdfs:subClassOf 0b85047a-d696-4f8e-bc7d-953d1c62586e",":#action_behaviro_motion rdfs:subClassOf :#process_1",":#realization-of rdf:type owl:Class",":#obejct_action rdfs:label obejct_action","bce82c1f-7bb1-4eb9-ac81-842e9733d061 owl:cardinality 1^^http://www.w3.org/2001/XMLSchema#nonNegativeInteger","b41ed7ba-78bf-4bdd-b77e-1762d589a697 owl:allValuesFrom :#Solution","171281c9-5c82-4d55-a3af-6557826dbc99 owl:onProperty :#has_role","171281c9-5c82-4d55-a3af-6557826dbc99 owl:allValuesFrom :#終了時刻",":#quantity rdfs:subClassOf :#quality_value","d6d6e0cb-c095-488c-8740-c00a8c38b798 owl:onProperty :#has_time",":#velocity_quantity rdfs:subClassOf f564d5e0-beef-4086-9e02-878b2b5fcf18","e1f78671-28b7-4c6b-b473-619d367437be rdf:first :#book_representation_media_RH_what_s_on_RH","cc9eb85c-bd1e-49ea-bb2f-162025d44250 rdf:rest 39e8604b-2ad1-4ece-93f6-ee31d1e77c88",":#quantity rdfs:subClassOf 5ae31e85-28a5-4054-9f53-fc22757ca42b","ef417d87-f5a7-4478-9bce-31f71e09a08a owl:allValuesFrom :#symbol","a8219114-6298-440b-b4ea-b381c260957d owl:onProperty :#has_large","e64cb06b-4427-4644-9395-9980f127f3d3 rdf:type owl:Restriction",":#m_length_form_standard_length_RH rdf:type owl:Class",":#topological_relation rdfs:label topological_relation","fd0b120b-4f68-4068-b6a3-40af06605abf owl:onProperty :#has_EP_2",":#comparative_large_small rdf:type owl:Class","08fc2cc8-f7dd-4fe4-a982-57b9a16b9af5 rdf:first :#book_of_the_first_printing","66e47fa8-f75c-4fe0-8c77-89917009b2a0 rdf:type owl:Restriction",":#topological_relation rdfs:subClassOf :#relation",":#detach rdfs:label detach","5434d6c3-c4a3-4516-893f-aa0c92d496f2 owl:allValuesFrom :#axis","016afdad-9e2e-44e5-865b-b50545158fe0 owl:allValuesFrom :#target-action",":#stative rdfs:label stative","66e47fa8-f75c-4fe0-8c77-89917009b2a0 owl:allValuesFrom :#single_mind","66e47fa8-f75c-4fe0-8c77-89917009b2a0 owl:onProperty :#has_mind","e81c2222-fc68-49ac-8be9-072cea3530ad rdf:rest ca7850e3-43ed-4cb1-917d-9ea74a46c746",":#quantity rdfs:label quantity","e81c2222-fc68-49ac-8be9-072cea3530ad rdf:first :#DNA","cc0279a8-4b51-4be1-9f1a-61d1d8d71b38 rdf:rest 190a5075-7eff-470f-a976-112fda657736",":#velocity_quantity rdfs:label velocity_quantity",":#shape rdfs:subClassOf d2aee752-c84c-469a-9ada-23cb0f3e6f52","c89cc586-f6c1-490a-a97a-c03098246e5d rdf:rest a3537967-7873-4b49-a777-a5502b55873b","a8219114-6298-440b-b4ea-b381c260957d rdf:type owl:Restriction","016afdad-9e2e-44e5-865b-b50545158fe0 owl:onProperty :#has_object",":#being_long rdfs:subClassOf a39034ef-c6a0-4456-893a-9f9604e7904a",":#being_long rdfs:subClassOf :#length_2",":#action_behaviro_motion rdfs:subClassOf 6eea35dc-c87b-4432-a344-9ca52a1fae03",":#comparative_large_small rdfs:subClassOf 82b87a32-7a8c-40b1-abf3-ba13dec2d806","bce82c1f-7bb1-4eb9-ac81-842e9733d061 rdf:type owl:Restriction","a8219114-6298-440b-b4ea-b381c260957d owl:allValuesFrom :#many_times",":#document_text rdfs:subClassOf :#text","c2c28005-568f-4e30-91da-a9b70994a058 owl:allValuesFrom :#designed_proposition",":#velocity_quantity rdfs:subClassOf :#quantity_per_time","fd0b120b-4f68-4068-b6a3-40af06605abf owl:cardinality 1^^http://www.w3.org/2001/XMLSchema#nonNegativeInteger",":#document_text rdf:type owl:Class","b41ed7ba-78bf-4bdd-b77e-1762d589a697 rdf:type owl:Restriction",":#comparative_large_small rdfs:subClassOf 15335944-391d-4214-824d-87911720d879",":#comparative_large_small rdfs:subClassOf :#special","feebc2da-143f-4dfc-92d8-314ad168c721 rdf:first :#group_like_thing","e68c0779-db64-4e8f-9e69-8eeb30077ce2 rdf:first :#problem",":#action_behaviro_motion rdfs:label action_behaviro_motion",":#shape rdf:type owl:Class","ef417d87-f5a7-4478-9bce-31f71e09a08a owl:onProperty :#has_content",":#action_behaviro_motion rdfs:subClassOf 30fb0058-232f-4d26-8820-13c28429f744",":#topological_relation rdf:type owl:Class",":#quantity rdf:type owl:Class","c2c28005-568f-4e30-91da-a9b70994a058 owl:onProperty :#has_input","cb17e1c4-fbcd-4df8-bdac-9d7d88495f9c rdf:type owl:Restriction",":#being_long rdf:type owl:Class",":#stative rdfs:subClassOf :#occurrent","d6d6e0cb-c095-488c-8740-c00a8c38b798 owl:allValuesFrom :#開始時刻","171281c9-5c82-4d55-a3af-6557826dbc99 rdf:type owl:Restriction","cb17e1c4-fbcd-4df8-bdac-9d7d88495f9c owl:allValuesFrom :#artifact",":#velocity_quantity rdf:type owl:Class","bce82c1f-7bb1-4eb9-ac81-842e9733d061 owl:onProperty :#has_value_of",":#being_long rdfs:label being_long","e64cb06b-4427-4644-9395-9980f127f3d3 owl:allValuesFrom :#long",":#detach rdfs:subClassOf :#result-centered","016afdad-9e2e-44e5-865b-b50545158fe0 rdf:type owl:Restriction",":#velocity_quantity rdfs:subClassOf 6a28330c-d8a8-48b4-ba96-6f6bc4319ef3","c2c28005-568f-4e30-91da-a9b70994a058 rdf:type owl:Restriction","b3403018-62c6-4bff-90fb-2a86b999b270 rdf:rest f53d569e-f753-49be-8a08-54a17c9c6438","c89cc586-f6c1-490a-a97a-c03098246e5d rdf:first :#number_of_objects","08fc2cc8-f7dd-4fe4-a982-57b9a16b9af5 rdf:rest rdf:nil","d6d6e0cb-c095-488c-8740-c00a8c38b798 rdf:type owl:Restriction","e64cb06b-4427-4644-9395-9980f127f3d3 owl:onProperty :#has_referring_to","e1f78671-28b7-4c6b-b473-619d367437be rdf:rest c57df460-4e81-46ac-8d11-f6150d6baa90","cc0279a8-4b51-4be1-9f1a-61d1d8d71b38 rdf:first :#being_many_referring_to_RH_value_of_RH","e68c0779-db64-4e8f-9e69-8eeb30077ce2 rdf:rest rdf:nil",":#stative rdf:type owl:Class",":#realization-of rdfs:label realization-of"],"InferredAxioms":[":#quantity_per_time rdfs:subClassOf :#quantity_per_time",":#obejct_action rdf:type rdfs:Class","rdf:object rdfs:domain rdf:Statement","39cbeca7-5bb4-4d17-b324-5a4607cf0d16 rdf:type rdfs:Class","rdf:Bag rdfs:subClassOf rdf:Bag","c57df460-4e81-46ac-8d11-f6150d6baa90 rdf:type rdf:List","15335944-391d-4214-824d-87911720d879 rdf:type rdfs:Class",":#quality_value rdf:type rdfs:Class","rdfs:Resource rdf:type rdfs:Class",":#result-centered rdfs:subClassOf :#result-centered","d2aee752-c84c-469a-9ada-23cb0f3e6f52 rdf:type rdfs:Class","e68c0779-db64-4e8f-9e69-8eeb30077ce2 rdf:type rdfs:Resource","cc0279a8-4b51-4be1-9f1a-61d1d8d71b38 rdf:type rdfs:Resource","rdf:XMLLiteral rdf:type rdfs:Datatype","725f540e-c0f5-4155-afed-66bc34a24034 rdf:type rdfs:Class","rdf:XMLLiteral rdf:type rdfs:Class","rdfs:domain rdfs:domain rdf:Property","rdf:first rdfs:domain rdf:List","82b87a32-7a8c-40b1-abf3-ba13dec2d806 rdfs:subClassOf 82b87a32-7a8c-40b1-abf3-ba13dec2d806","0b85047a-d696-4f8e-bc7d-953d1c62586e rdf:type rdfs:Resource","08fc2cc8-f7dd-4fe4-a982-57b9a16b9af5 rdf:type rdfs:Resource","a3537967-7873-4b49-a777-a5502b55873b rdf:type rdfs:Resource",":#physical_action rdf:type rdfs:Class","rdf:predicate rdfs:domain rdf:Statement","owl:Restriction rdf:type rdfs:Class",":#detach rdf:type rdfs:Class","rdfs:domain rdf:type rdfs:Resource","d900a185-799a-44e3-883f-80204c8fc41b rdfs:subClassOf d900a185-799a-44e3-883f-80204c8fc41b",":#shape rdf:type rdfs:Resource","rdfs:subPropertyOf rdfs:range rdf:Property","rdf:Seq rdf:type rdfs:Class",":#length_2 rdfs:subClassOf :#length_2","e64cb06b-4427-4644-9395-9980f127f3d3 rdf:type rdfs:Class","rdf:predicate rdfs:subPropertyOf rdf:predicate","c89cc586-f6c1-490a-a97a-c03098246e5d rdf:type rdf:List","cc9eb85c-bd1e-49ea-bb2f-162025d44250 rdf:type rdfs:Resource",":#_1m_unit_length rdfs:subClassOf :#_1m_unit_length","rdf:Alt rdfs:subClassOf rdf:Alt","e1f78671-28b7-4c6b-b473-619d367437be rdf:type rdfs:Resource",":#relation rdf:type rdfs:Class","owl:Class rdf:type rdfs:Resource","0b85047a-d696-4f8e-bc7d-953d1c62586e rdfs:subClassOf 0b85047a-d696-4f8e-bc7d-953d1c62586e","f53d569e-f753-49be-8a08-54a17c9c6438 rdf:type rdfs:Resource","rdfs:domain rdf:type rdf:Property",":#occurrent rdf:type rdfs:Resource",":#quantity_per_time rdf:type rdfs:Class","rdfs:subClassOf rdf:type rdfs:Resource","39e8604b-2ad1-4ece-93f6-ee31d1e77c88 rdf:type rdf:List","30fb0058-232f-4d26-8820-13c28429f744 rdf:type rdfs:Resource",":#genuine_qualitative_generic_quality rdf:type rdfs:Resource",":#velocity_quantity rdf:type rdfs:Resource",":#action_behaviro_motion rdfs:subClassOf :#action_behaviro_motion","rdf:rest rdfs:range rdf:List","rdf:first rdfs:subPropertyOf rdf:first",":#process_1 rdfs:subClassOf :#process_1","ca7850e3-43ed-4cb1-917d-9ea74a46c746 rdf:type rdf:List",":#text rdfs:subClassOf :#text","feebc2da-143f-4dfc-92d8-314ad168c721 rdf:type rdfs:Resource","rdf:Alt rdf:type rdfs:Class","rdf:List rdf:type rdfs:Class","rdfs:subClassOf rdf:type rdf:Property","5ae31e85-28a5-4054-9f53-fc22757ca42b rdfs:subClassOf 5ae31e85-28a5-4054-9f53-fc22757ca42b",":#stative rdf:type rdfs:Resource",":#text rdf:type rdfs:Class",":#process_1 rdf:type rdfs:Class","rdf:Bag rdfs:subClassOf rdfs:Container","rdf:Property rdfs:subClassOf rdfs:Resource",":#_1m_unit_length rdf:type rdfs:Resource",":#length_2 rdf:type rdfs:Resource",":#document_text rdf:type rdfs:Class","rdf:predicate rdf:type rdf:Property","d900a185-799a-44e3-883f-80204c8fc41b rdf:type rdfs:Resource","e64cb06b-4427-4644-9395-9980f127f3d3 rdfs:subClassOf e64cb06b-4427-4644-9395-9980f127f3d3",":#special rdf:type rdfs:Class",":#action_behaviro_motion rdf:type rdfs:Resource","rdf:Statement rdf:type rdfs:Resource",":#topological_relation rdfs:subClassOf :#topological_relation",":#realization-of rdfs:subClassOf :#realization-of","rdf:Bag rdf:type rdfs:Resource","rdf:object rdfs:subPropertyOf rdf:object","rdf:nil rdf:type rdf:List","rdfs:comment rdfs:range rdfs:Literal",":#quantity rdfs:subClassOf :#quantity","rdf:predicate rdf:type rdfs:Resource","rdf:Property rdfs:subClassOf rdf:Property","f564d5e0-beef-4086-9e02-878b2b5fcf18 rdfs:subClassOf f564d5e0-beef-4086-9e02-878b2b5fcf18","rdf:object rdf:type rdfs:Resource","rdfs:Container rdf:type rdfs:Class","rdf:Statement rdfs:subClassOf rdfs:Resource","6a28330c-d8a8-48b4-ba96-6f6bc4319ef3 rdf:type rdfs:Class","6eea35dc-c87b-4432-a344-9ca52a1fae03 rdfs:subClassOf 6eea35dc-c87b-4432-a344-9ca52a1fae03","561ab120-7c8c-4e3c-bd56-f110dbf5b1a4 rdf:type rdf:List","6eea35dc-c87b-4432-a344-9ca52a1fae03 rdf:type rdfs:Resource","rdfs:isDefinedBy rdfs:subPropertyOf rdfs:seeAlso","rdf:Seq rdfs:subClassOf rdf:Seq",":#being_long rdfs:subClassOf :#being_long",":#realization-of rdf:type rdfs:Resource","rdf:object rdf:type rdf:Property","rdf:Property rdf:type rdfs:Resource","f564d5e0-beef-4086-9e02-878b2b5fcf18 rdf:type rdfs:Resource","rdfs:Literal rdf:type rdfs:Class","82b87a32-7a8c-40b1-abf3-ba13dec2d806 rdf:type rdfs:Class","a39034ef-c6a0-4456-893a-9f9604e7904a rdf:type rdfs:Resource","rdfs:Class rdfs:subClassOf rdfs:Class","rdfs:subClassOf rdfs:range rdfs:Class",":#result-centered rdf:type rdfs:Class","rdfs:Datatype rdf:type rdfs:Resource","5ae31e85-28a5-4054-9f53-fc22757ca42b rdf:type rdfs:Class","190a5075-7eff-470f-a976-112fda657736 rdf:type rdfs:Resource",":#m_length_form_standard_length_RH rdf:type rdfs:Resource","e81c2222-fc68-49ac-8be9-072cea3530ad rdf:type rdf:List","rdfs:ContainerMembershipProperty rdf:type rdfs:Resource",":#basic_relation rdf:type rdfs:Resource",":#relation rdfs:subClassOf :#relation",":#comparative_large_small rdf:type rdfs:Resource","rdf:rest rdf:type rdf:Property","rdfs:seeAlso rdf:type rdfs:Resource","rdfs:comment rdf:type rdfs:Resource",":#quantity rdf:type rdfs:Class",":#topological_relation rdf:type rdfs:Class","rdfs:domain rdfs:range rdfs:Class",":#being_long rdf:type rdfs:Class","b3403018-62c6-4bff-90fb-2a86b999b270 rdf:type rdf:List","rdfs:Class rdf:type rdfs:Class","rdf:rest rdf:type rdfs:Resource","rdfs:seeAlso rdf:type rdf:Property","rdfs:comment rdf:type rdf:Property","rdfs:ContainerMembershipProperty rdfs:subClassOf rdf:Property",":#detach rdfs:subClassOf :#detach","a39034ef-c6a0-4456-893a-9f9604e7904a rdfs:subClassOf a39034ef-c6a0-4456-893a-9f9604e7904a","rdf:nil rdf:type rdfs:Resource","rdfs:Container rdf:type rdfs:Resource","rdf:subject rdf:type rdf:Property","rdf:Seq rdfs:subClassOf rdfs:Container","6eea35dc-c87b-4432-a344-9ca52a1fae03 rdf:type rdfs:Class","rdf:rest rdfs:domain rdf:List","rdf:subject rdf:type rdfs:Resource",":#physical_action rdfs:subClassOf :#physical_action","6a28330c-d8a8-48b4-ba96-6f6bc4319ef3 rdf:type rdfs:Resource","rdfs:isDefinedBy rdfs:subPropertyOf rdfs:isDefinedBy","rdf:Property rdf:type rdfs:Class","f564d5e0-beef-4086-9e02-878b2b5fcf18 rdf:type rdfs:Class",":#realization-of rdf:type rdfs:Class","d900a185-799a-44e3-883f-80204c8fc41b rdf:type rdfs:Class",":#length_2 rdf:type rdfs:Class",":#genuine_qualitative_generic_quality rdfs:subClassOf :#genuine_qualitative_generic_quality",":#document_text rdf:type rdfs:Resource",":#_1m_unit_length rdf:type rdfs:Class",":#velocity_quantity rdfs:subClassOf :#velocity_quantity",":#action_behaviro_motion rdf:type rdfs:Class","rdf:Statement rdf:type rdfs:Class",":#special rdf:type rdfs:Resource","rdfs:label rdf:type rdf:Property","30fb0058-232f-4d26-8820-13c28429f744 rdfs:subClassOf 30fb0058-232f-4d26-8820-13c28429f744","561ab120-7c8c-4e3c-bd56-f110dbf5b1a4 rdf:type rdfs:Resource","rdfs:label rdf:type rdfs:Resource","rdf:Bag rdf:type rdfs:Class","rdf:Alt rdfs:subClassOf rdfs:Container","rdfs:subPropertyOf rdfs:domain rdf:Property","d2aee752-c84c-469a-9ada-23cb0f3e6f52 rdfs:subClassOf d2aee752-c84c-469a-9ada-23cb0f3e6f52","e81c2222-fc68-49ac-8be9-072cea3530ad rdf:type rdfs:Resource",":#quantity rdf:type rdfs:Resource",":#topological_relation rdf:type rdfs:Resource","rdfs:label rdfs:range rdfs:Literal","rdfs:Datatype rdfs:subClassOf rdfs:Datatype","rdfs:Datatype rdfs:subClassOf rdfs:Class",":#stative rdfs:subClassOf :#stative","190a5075-7eff-470f-a976-112fda657736 rdf:type rdf:List","rdfs:subPropertyOf rdf:type rdf:Property",":#being_long rdf:type rdfs:Resource","725f540e-c0f5-4155-afed-66bc34a24034 rdfs:subClassOf 725f540e-c0f5-4155-afed-66bc34a24034","rdfs:Class rdf:type rdfs:Resource","rdfs:range rdfs:range rdfs:Class",":#m_length_form_standard_length_RH rdfs:subClassOf :#m_length_form_standard_length_RH","rdfs:subPropertyOf rdf:type rdfs:Resource","rdfs:Literal rdfs:subClassOf rdfs:Resource",":#special rdfs:subClassOf :#special","a39034ef-c6a0-4456-893a-9f9604e7904a rdf:type rdfs:Class","82b87a32-7a8c-40b1-abf3-ba13dec2d806 rdf:type rdfs:Resource","rdfs:Literal rdf:type rdfs:Resource","rdf:type rdf:type rdf:Property",":#result-centered rdf:type rdfs:Resource","rdfs:Class rdfs:subClassOf rdfs:Resource","b3403018-62c6-4bff-90fb-2a86b999b270 rdf:type rdfs:Resource",":#m_length_form_standard_length_RH rdf:type rdfs:Class",":#document_text rdfs:subClassOf :#document_text","rdfs:ContainerMembershipProperty rdfs:subClassOf rdfs:ContainerMembershipProperty","5ae31e85-28a5-4054-9f53-fc22757ca42b rdf:type rdfs:Resource",":#basic_relation rdfs:subClassOf :#basic_relation","rdfs:Datatype rdf:type rdfs:Class",":#comparative_large_small rdf:type rdfs:Class",":#comparative_large_small rdfs:subClassOf :#comparative_large_small","rdfs:ContainerMembershipProperty rdf:type rdfs:Class",":#basic_relation rdf:type rdfs:Class","rdf:type rdf:type rdfs:Resource","rdf:XMLLiteral rdf:type rdfs:Resource","725f540e-c0f5-4155-afed-66bc34a24034 rdf:type rdfs:Resource","d2aee752-c84c-469a-9ada-23cb0f3e6f52 rdf:type rdfs:Resource",":#shape rdfs:subClassOf :#shape","rdfs:isDefinedBy rdf:type rdfs:Resource","0b85047a-d696-4f8e-bc7d-953d1c62586e rdf:type rdfs:Class","c57df460-4e81-46ac-8d11-f6150d6baa90 rdf:type rdfs:Resource",":#detach rdf:type rdfs:Resource","rdfs:range rdfs:domain rdf:Property","rdfs:isDefinedBy rdf:type rdf:Property",":#physical_action rdf:type rdfs:Resource","owl:Restriction rdf:type rdfs:Resource","6a28330c-d8a8-48b4-ba96-6f6bc4319ef3 rdfs:subClassOf 6a28330c-d8a8-48b4-ba96-6f6bc4319ef3",":#obejct_action rdf:type rdfs:Resource","15335944-391d-4214-824d-87911720d879 rdf:type rdfs:Resource","39cbeca7-5bb4-4d17-b324-5a4607cf0d16 rdf:type rdfs:Resource",":#quality_value rdfs:subClassOf :#quality_value","rdfs:subClassOf rdfs:domain rdfs:Class","rdf:rest rdfs:subPropertyOf rdf:rest","08fc2cc8-f7dd-4fe4-a982-57b9a16b9af5 rdf:type rdf:List","a3537967-7873-4b49-a777-a5502b55873b rdf:type rdf:List",":#quality_value rdf:type rdfs:Resource","rdfs:Resource rdf:type rdfs:Resource","rdf:subject rdfs:domain rdf:Statement","e68c0779-db64-4e8f-9e69-8eeb30077ce2 rdf:type rdf:List","cc0279a8-4b51-4be1-9f1a-61d1d8d71b38 rdf:type rdf:List",":#genuine_qualitative_generic_quality rdf:type rdfs:Class",":#velocity_quantity rdf:type rdfs:Class","f53d569e-f753-49be-8a08-54a17c9c6438 rdf:type rdf:List","39cbeca7-5bb4-4d17-b324-5a4607cf0d16 rdfs:subClassOf 39cbeca7-5bb4-4d17-b324-5a4607cf0d16","30fb0058-232f-4d26-8820-13c28429f744 rdf:type rdfs:Class","rdf:first rdf:type rdfs:Resource",":#quantity_per_time rdf:type rdfs:Resource","cc9eb85c-bd1e-49ea-bb2f-162025d44250 rdf:type rdf:List","e1f78671-28b7-4c6b-b473-619d367437be rdf:type rdf:List","15335944-391d-4214-824d-87911720d879 rdfs:subClassOf 15335944-391d-4214-824d-87911720d879","rdfs:seeAlso rdfs:subPropertyOf rdfs:seeAlso","rdf:type rdfs:range rdfs:Class","c89cc586-f6c1-490a-a97a-c03098246e5d rdf:type rdfs:Resource","rdf:Alt rdf:type rdfs:Resource","rdf:first rdf:type rdf:Property",":#text rdf:type rdfs:Resource",":#process_1 rdf:type rdfs:Resource",":#stative rdf:type rdfs:Class","rdf:List rdf:type rdfs:Resource","rdfs:range rdf:type rdf:Property","rdf:List rdfs:subClassOf rdfs:Resource","rdf:subject rdfs:subPropertyOf rdf:subject","rdf:Seq rdf:type rdfs:Resource","rdfs:Container rdfs:subClassOf rdfs:Container",":#shape rdf:type rdfs:Class","feebc2da-143f-4dfc-92d8-314ad168c721 rdf:type rdf:List","e64cb06b-4427-4644-9395-9980f127f3d3 rdf:type rdfs:Resource",":#occurrent rdfs:subClassOf :#occurrent","ca7850e3-43ed-4cb1-917d-9ea74a46c746 rdf:type rdfs:Resource",":#occurrent rdf:type rdfs:Class","rdfs:range rdf:type rdfs:Resource",":#obejct_action rdfs:subClassOf :#obejct_action","39e8604b-2ad1-4ece-93f6-ee31d1e77c88 rdf:type rdfs:Resource","owl:Class rdf:type rdfs:Class",":#relation rdf:type rdfs:Resource"],"InvalidAxioms":[":#quality_value rdfs:subClassOf :#process_1","39cbeca7-5bb4-4d17-b324-5a4607cf0d16 rdfs:subClassOf rdfs:ContainerMembershipProperty","rdf:predicate rdfs:subPropertyOf rdfs:isDefinedBy","rdf:List rdfs:subClassOf :#quantity","rdf:object rdfs:range rdfs:Class","owl:Restriction rdf:type rdf:List","rdfs:Resource rdfs:subClassOf :#basic_relation","rdfs:subClassOf rdfs:range rdfs:Literal","rdfs:isDefinedBy rdf:type rdf:List",":#velocity_quantity rdfs:subClassOf :#special","0b85047a-d696-4f8e-bc7d-953d1c62586e rdfs:subClassOf rdfs:Resource",":#realization-of rdfs:range rdfs:Class",":#realization-of rdfs:domain rdf:Statement","rdfs:subPropertyOf rdfs:subClassOf :#velocity_quantity","rdfs:domain rdfs:subClassOf :#obejct_action","190a5075-7eff-470f-a976-112fda657736 rdfs:subClassOf :#length_2","rdfs:isDefinedBy rdfs:subClassOf :#occurrent",":#_1m_unit_length rdfs:domain rdf:Statement","rdfs:isDefinedBy rdf:type rdfs:Class","rdf:rest rdfs:subPropertyOf rdf:predicate","e1f78671-28b7-4c6b-b473-619d367437be rdfs:subClassOf 15335944-391d-4214-824d-87911720d879","rdf:rest rdfs:subClassOf 725f540e-c0f5-4155-afed-66bc34a24034","rdfs:domain rdfs:subClassOf :#special","c57df460-4e81-46ac-8d11-f6150d6baa90 rdf:type rdfs:Class","e68c0779-db64-4e8f-9e69-8eeb30077ce2 rdf:type rdf:Property","rdfs:isDefinedBy rdfs:subClassOf :#text","rdfs:Datatype rdfs:subClassOf rdfs:Container","0b85047a-d696-4f8e-bc7d-953d1c62586e rdfs:domain rdf:Property",":#text rdf:type rdf:List","30fb0058-232f-4d26-8820-13c28429f744 rdfs:subClassOf rdf:Property","rdfs:comment rdfs:range rdfs:Class","e68c0779-db64-4e8f-9e69-8eeb30077ce2 rdfs:subClassOf 39cbeca7-5bb4-4d17-b324-5a4607cf0d16","f564d5e0-beef-4086-9e02-878b2b5fcf18 rdfs:subPropertyOf rdf:subject","rdf:object rdfs:subClassOf rdfs:Container","rdf:Alt rdf:type rdf:List","e81c2222-fc68-49ac-8be9-072cea3530ad rdfs:range rdf:Property","ca7850e3-43ed-4cb1-917d-9ea74a46c746 rdf:type rdfs:Class","d2aee752-c84c-469a-9ada-23cb0f3e6f52 rdfs:subClassOf :#quantity","rdfs:range rdfs:subClassOf :#basic_relation","rdf:subject rdfs:subClassOf :#genuine_qualitative_generic_quality","rdf:Alt rdfs:subClassOf :#m_length_form_standard_length_RH",":#genuine_qualitative_generic_quality rdfs:subClassOf rdfs:Resource","rdfs:range rdf:type rdfs:Class","39e8604b-2ad1-4ece-93f6-ee31d1e77c88 rdf:type rdfs:Class",":#quantity_per_time rdf:type rdf:List","0b85047a-d696-4f8e-bc7d-953d1c62586e rdfs:subClassOf :#special","rdfs:domain rdfs:subClassOf f564d5e0-beef-4086-9e02-878b2b5fcf18","rdf:first rdf:type rdfs:Class",":#occurrent rdfs:subClassOf rdfs:Resource","b3403018-62c6-4bff-90fb-2a86b999b270 rdfs:subClassOf 5ae31e85-28a5-4054-9f53-fc22757ca42b","rdfs:range rdf:type rdf:List",":#obejct_action rdfs:subClassOf :#quantity_per_time",":#stative rdf:type rdf:Property","owl:Class rdfs:subPropertyOf rdf:object","rdfs:comment rdfs:subPropertyOf rdfs:isDefinedBy","rdfs:label rdfs:subClassOf :#velocity_quantity","rdfs:seeAlso rdfs:subClassOf :#detach","c89cc586-f6c1-490a-a97a-c03098246e5d rdf:type rdfs:Class","e68c0779-db64-4e8f-9e69-8eeb30077ce2 rdfs:subClassOf :#document_text","rdfs:comment rdfs:range rdf:List",":#comparative_large_small rdfs:domain rdf:Statement","rdf:rest rdfs:subClassOf :#physical_action",":#genuine_qualitative_generic_quality rdf:type rdf:Property",":#document_text rdfs:subClassOf rdf:Seq",":#velocity_quantity rdf:type rdf:Property",":#genuine_qualitative_generic_quality rdfs:subClassOf :#action_behaviro_motion",":#topological_relation rdfs:subClassOf :#quantity_per_time","rdfs:subPropertyOf rdfs:domain rdfs:Class","561ab120-7c8c-4e3c-bd56-f110dbf5b1a4 rdf:type rdfs:Class",":#quantity rdfs:subClassOf :#topological_relation","rdf:Statement rdf:type rdf:Property","rdfs:seeAlso rdfs:subClassOf :#special","rdfs:label rdf:type rdfs:Class",":#length_2 rdf:type rdf:Property","e1f78671-28b7-4c6b-b473-619d367437be rdfs:subClassOf :#length_2","rdf:object rdfs:subClassOf rdfs:Resource","rdfs:label rdfs:subClassOf rdfs:Class","rdf:nil rdf:type rdfs:Class","6eea35dc-c87b-4432-a344-9ca52a1fae03 rdf:type rdf:Property","d900a185-799a-44e3-883f-80204c8fc41b rdfs:subClassOf :#realization-of",":#result-centered rdfs:subClassOf :#quantity_per_time","rdfs:domain rdfs:subClassOf rdfs:Container","a39034ef-c6a0-4456-893a-9f9604e7904a rdfs:subClassOf :#special","rdfs:comment rdfs:subClassOf :#document_text","rdf:subject rdf:type rdfs:Class","rdf:type rdfs:subClassOf :#shape",":#action_behaviro_motion rdfs:subPropertyOf rdf:object","rdfs:range rdfs:subClassOf :#genuine_qualitative_generic_quality","rdfs:isDefinedBy rdfs:subClassOf :#stative",":#document_text rdf:type rdf:List","6a28330c-d8a8-48b4-ba96-6f6bc4319ef3 rdfs:subPropertyOf rdf:first",":#realization-of rdfs:subClassOf 6eea35dc-c87b-4432-a344-9ca52a1fae03","rdfs:ContainerMembershipProperty rdf:type rdf:Property",":#topological_relation rdfs:subClassOf :#m_length_form_standard_length_RH","b3403018-62c6-4bff-90fb-2a86b999b270 rdf:type rdfs:Class","rdfs:Class rdf:type rdf:List","725f540e-c0f5-4155-afed-66bc34a24034 rdfs:subClassOf 82b87a32-7a8c-40b1-abf3-ba13dec2d806","rdf:rest rdfs:subPropertyOf rdf:object","rdf:Property rdfs:subClassOf :#special",":#m_length_form_standard_length_RH rdf:type rdf:Property","rdfs:Datatype rdf:type rdf:Property","30fb0058-232f-4d26-8820-13c28429f744 rdfs:domain rdf:Statement","rdfs:subPropertyOf rdf:type rdf:List","rdf:type rdfs:subClassOf :#occurrent","rdf:type rdfs:subPropertyOf rdf:first",":#m_length_form_standard_length_RH rdfs:subClassOf 6eea35dc-c87b-4432-a344-9ca52a1fae03","f564d5e0-beef-4086-9e02-878b2b5fcf18 rdfs:domain rdf:Property","rdf:first rdfs:range rdf:Property","a39034ef-c6a0-4456-893a-9f9604e7904a rdf:type rdf:Property","rdf:type rdfs:subClassOf :#comparative_large_small","rdfs:comment rdfs:subClassOf rdfs:Resource","rdf:type rdf:type rdfs:Class","6eea35dc-c87b-4432-a344-9ca52a1fae03 rdfs:domain rdf:Property",":#basic_relation rdfs:subClassOf 6eea35dc-c87b-4432-a344-9ca52a1fae03","owl:Restriction rdfs:subClassOf :#result-centered","e81c2222-fc68-49ac-8be9-072cea3530ad rdf:type rdfs:Class","rdfs:Datatype rdfs:subPropertyOf rdf:object","rdfs:domain rdfs:domain rdf:Statement","5ae31e85-28a5-4054-9f53-fc22757ca42b rdf:type rdf:List","rdfs:subPropertyOf rdf:type rdfs:Class","rdfs:subPropertyOf rdfs:subClassOf :#occurrent","rdfs:Literal rdf:type rdf:List",":#being_long rdfs:subClassOf :#text","15335944-391d-4214-824d-87911720d879 rdfs:range rdfs:Class","rdf:object rdf:type rdfs:Class",":#length_2 rdfs:subClassOf rdf:Alt","39cbeca7-5bb4-4d17-b324-5a4607cf0d16 rdfs:domain rdf:Statement",":#obejct_action rdfs:range rdfs:Class","rdf:type rdfs:subClassOf :#special","rdfs:Container rdf:type rdf:Property","rdfs:range rdfs:subClassOf rdfs:Container","rdfs:Datatype rdfs:subClassOf :#quantity_per_time",":#m_length_form_standard_length_RH rdfs:subClassOf a39034ef-c6a0-4456-893a-9f9604e7904a","5ae31e85-28a5-4054-9f53-fc22757ca42b rdfs:domain rdf:Property","d900a185-799a-44e3-883f-80204c8fc41b rdf:type rdf:List","d900a185-799a-44e3-883f-80204c8fc41b rdf:type rdfs:Datatype","rdfs:isDefinedBy rdfs:domain rdf:Statement","rdfs:subPropertyOf rdfs:range rdfs:Literal","rdf:subject rdfs:subPropertyOf rdf:object","rdf:type rdfs:subClassOf :#obejct_action","30fb0058-232f-4d26-8820-13c28429f744 rdfs:subClassOf 82b87a32-7a8c-40b1-abf3-ba13dec2d806","rdf:List rdfs:subPropertyOf rdf:subject","6eea35dc-c87b-4432-a344-9ca52a1fae03 rdfs:subClassOf rdfs:Class",":#velocity_quantity rdfs:subPropertyOf rdf:rest","rdf:subject rdfs:subClassOf rdf:Property","rdf:Seq rdfs:subClassOf :#_1m_unit_length","rdfs:comment rdfs:domain rdfs:Class",":#basic_relation rdfs:domain rdf:List",":#special rdf:type rdf:Property","c57df460-4e81-46ac-8d11-f6150d6baa90 rdfs:range rdfs:Class","rdf:object rdf:type rdf:List","rdf:predicate rdf:type rdfs:Class",":#document_text rdf:type rdf:Property","rdf:Bag rdfs:subClassOf :#topological_relation","rdf:subject rdfs:subClassOf :#document_text","rdf:type rdfs:subClassOf rdfs:Resource","rdfs:seeAlso rdf:type rdfs:Class","rdfs:comment rdf:type rdfs:Class",":#_1m_unit_length rdfs:subClassOf :#quantity_per_time",":#basic_relation rdf:type rdf:List","rdfs:Literal rdfs:subClassOf f564d5e0-beef-4086-9e02-878b2b5fcf18","rdfs:Datatype rdf:type rdf:List","rdfs:comment rdfs:subClassOf :#occurrent","rdf:first rdfs:subClassOf :#detach",":#being_long rdf:type rdf:Property","rdf:rest rdf:type rdfs:Class","rdfs:subPropertyOf rdfs:subPropertyOf rdf:object","rdf:rest rdf:type rdf:List","rdfs:Literal rdfs:subClassOf 6eea35dc-c87b-4432-a344-9ca52a1fae03","5ae31e85-28a5-4054-9f53-fc22757ca42b rdf:type rdf:Property","f564d5e0-beef-4086-9e02-878b2b5fcf18 rdfs:subClassOf :#quantity","rdfs:range rdfs:range rdf:List","cc0279a8-4b51-4be1-9f1a-61d1d8d71b38 rdfs:subClassOf 82b87a32-7a8c-40b1-abf3-ba13dec2d806","rdfs:range rdfs:subPropertyOf rdfs:isDefinedBy",":#quantity_per_time rdfs:range rdfs:Class",":#occurrent rdfs:subPropertyOf rdfs:seeAlso",":#topological_relation rdfs:subClassOf :#realization-of",":#realization-of rdfs:subClassOf :#topological_relation","rdfs:domain rdfs:subPropertyOf rdfs:seeAlso","rdfs:Resource rdfs:subClassOf :#length_2","rdf:List rdfs:domain rdf:Statement","190a5075-7eff-470f-a976-112fda657736 rdf:type rdfs:Class","rdfs:comment rdf:type rdf:List","6eea35dc-c87b-4432-a344-9ca52a1fae03 rdfs:subClassOf a39034ef-c6a0-4456-893a-9f9604e7904a","rdf:rest rdfs:subClassOf :#m_length_form_standard_length_RH",":#detach rdfs:subClassOf rdfs:Container","e81c2222-fc68-49ac-8be9-072cea3530ad rdfs:subClassOf rdfs:Resource","rdfs:Datatype rdfs:subClassOf rdfs:ContainerMembershipProperty",":#special rdfs:domain rdf:Statement","cc0279a8-4b51-4be1-9f1a-61d1d8d71b38 rdf:type rdfs:Class","e68c0779-db64-4e8f-9e69-8eeb30077ce2 rdf:type rdfs:Class","5ae31e85-28a5-4054-9f53-fc22757ca42b rdfs:subPropertyOf rdf:subject","a3537967-7873-4b49-a777-a5502b55873b rdf:type rdfs:Class",":#physical_action rdf:type rdf:Property","08fc2cc8-f7dd-4fe4-a982-57b9a16b9af5 rdf:type rdfs:Class","owl:Restriction rdf:type rdf:Property",":#stative rdfs:subClassOf :#being_long","39cbeca7-5bb4-4d17-b324-5a4607cf0d16 rdfs:subClassOf f564d5e0-beef-4086-9e02-878b2b5fcf18","0b85047a-d696-4f8e-bc7d-953d1c62586e rdf:type rdfs:Datatype",":#detach rdf:type rdf:Property","15335944-391d-4214-824d-87911720d879 rdfs:subClassOf rdfs:Resource","e64cb06b-4427-4644-9395-9980f127f3d3 rdfs:subClassOf 15335944-391d-4214-824d-87911720d879",":#velocity_quantity rdfs:subClassOf :#being_long","725f540e-c0f5-4155-afed-66bc34a24034 rdf:type rdf:Property","rdfs:label rdfs:range rdfs:Class","rdf:XMLLiteral rdf:type rdf:Property",":#comparative_large_small rdfs:subClassOf :#genuine_qualitative_generic_quality","f53d569e-f753-49be-8a08-54a17c9c6438 rdfs:subClassOf :#quantity_per_time",":#m_length_form_standard_length_RH rdfs:subPropertyOf rdf:rest","rdfs:label rdfs:subClassOf :#detach","rdf:Bag rdfs:subPropertyOf rdfs:seeAlso","rdfs:Resource rdf:type rdf:Property","rdfs:Datatype rdfs:subClassOf :#result-centered",":#detach rdfs:subClassOf rdfs:Resource","rdf:first rdfs:domain rdf:Property","39cbeca7-5bb4-4d17-b324-5a4607cf0d16 rdf:type rdf:Property",":#quantity rdfs:subPropertyOf rdf:subject","rdf:List rdfs:domain rdf:Property","rdfs:subPropertyOf rdfs:subClassOf rdfs:Container","rdfs:subClassOf rdf:type rdfs:Class",":#special rdfs:subClassOf rdfs:Container",":#occurrent rdf:type rdf:List","cc0279a8-4b51-4be1-9f1a-61d1d8d71b38 rdfs:domain rdf:List",":#detach rdfs:subClassOf :#obejct_action",":#velocity_quantity rdfs:subClassOf :#process_1","e81c2222-fc68-49ac-8be9-072cea3530ad rdfs:subPropertyOf rdfs:isDefinedBy",":#genuine_qualitative_generic_quality rdfs:subClassOf :#process_1",":#obejct_action rdfs:subClassOf :#special","feebc2da-143f-4dfc-92d8-314ad168c721 rdf:type rdfs:Class","rdfs:label rdfs:subClassOf :#action_behaviro_motion","rdfs:domain rdf:type rdf:List",":#quantity_per_time rdf:type rdf:Property",":#m_length_form_standard_length_RH rdfs:subClassOf 5ae31e85-28a5-4054-9f53-fc22757ca42b","rdf:Seq rdfs:subClassOf rdfs:Resource","rdfs:label rdfs:subClassOf rdfs:Container","rdfs:label rdfs:subPropertyOf rdf:predicate",":#being_long rdfs:range rdfs:Class",":#relation rdf:type rdf:Property","rdfs:domain rdf:type rdfs:Class","c57df460-4e81-46ac-8d11-f6150d6baa90 rdfs:range rdfs:Literal",":#topological_relation rdfs:domain rdf:Statement","e1f78671-28b7-4c6b-b473-619d367437be rdf:type rdfs:Class","rdf:List rdfs:subClassOf :#realization-of","cc9eb85c-bd1e-49ea-bb2f-162025d44250 rdf:type rdfs:Class","rdf:Property rdfs:subPropertyOf rdf:rest",":#special rdfs:subClassOf :#_1m_unit_length","6a28330c-d8a8-48b4-ba96-6f6bc4319ef3 rdfs:subClassOf rdfs:Container","rdf:Alt rdfs:subClassOf :#realization-of",":#relation rdfs:subClassOf 6eea35dc-c87b-4432-a344-9ca52a1fae03","f53d569e-f753-49be-8a08-54a17c9c6438 rdf:type rdfs:Class","rdfs:subClassOf rdf:type rdf:List","rdfs:subPropertyOf rdfs:domain rdf:Statement","rdfs:ContainerMembershipProperty rdfs:subClassOf :#relation","rdf:Seq rdf:type rdf:Property","rdfs:isDefinedBy rdfs:range rdfs:Literal","82b87a32-7a8c-40b1-abf3-ba13dec2d806 rdfs:subClassOf rdf:Bag"]}